Reaction_No,substrate_pair,Ligand_Short_Hand,Catalyst_1_Short_Hand,Reagent_1_Short_Hand,Solvent_1_Short_Hand,Product_Yield_PCT_Area_UV,row_index,model,label,y_true,y_pred,y_std,lower_95,upper_95,incumbent_yield,expected_improvement,recommendation_number,best_yield_found,best_available_test_yield,simple_regret
103,1a_2a,SPhos,Pd(OAc)2,NaOH,THF,87.06,70,M0_vbur_vmin,%Vbur(min) + Vmin,87.06,80.04814502499288,13.000121125550855,54.567907618913196,105.52838243107256,93.67,0.9165158973107546,1,87.06,92.83,5.769999999999996
100,1a_2a,P(Cy)3,Pd(OAc)2,NaOH,THF,69.94,67,M0_vbur_vmin,%Vbur(min) + Vmin,69.94,77.96211884428968,14.20139396678203,50.1273866693969,105.79685101918245,93.67,0.8975423714891559,2,87.06,92.83,5.769999999999996
177,1a_2a,XPhos,Pd(OAc)2,Et3N,THF,88.93,119,M0_vbur_vmin,%Vbur(min) + Vmin,88.93,69.20225648764136,13.715549119681302,42.31978021306601,96.08473276221672,93.67,0.18596829361262968,3,88.93,92.83,3.8999999999999915
115,1a_2a,SPhos,Pd(OAc)2,NaHCO3,THF,79.85,78,M0_vbur_vmin,%Vbur(min) + Vmin,79.85,70.70749658097921,13.004102476272399,45.21945572748531,96.19553743447311,93.67,0.18366991302162483,4,88.93,92.83,3.8999999999999915
114,1a_2a,CataCXium A,Pd(OAc)2,NaHCO3,THF,70.45,77,M0_vbur_vmin,%Vbur(min) + Vmin,70.45,69.59481481677467,13.335806412174163,43.45663424891332,95.73299538463603,93.67,0.17080955917922558,5,88.93,92.83,3.8999999999999915
163,1a_2a,SPhos,Pd(OAc)2,LiOtBu,THF,85.95,110,M0_vbur_vmin,%Vbur(min) + Vmin,85.95,70.09199428757299,12.036062113496472,46.5013125451199,93.68267603002607,93.67,0.10206089707397314,6,88.93,92.83,3.8999999999999915
117,1a_2a,XPhos,Pd(OAc)2,NaHCO3,THF,80.77,79,M0_vbur_vmin,%Vbur(min) + Vmin,80.77,64.65273372490252,13.601580828448043,37.99363530114435,91.31183214866068,93.67,0.07233873435485483,7,88.93,92.83,3.8999999999999915
4,1a_2a,P(Cy)3,Pd(OAc)2,NaOH,MeCN,4.44,3,M0_vbur_vmin,%Vbur(min) + Vmin,4.44,63.83957245136429,13.467036931411435,37.44418006579788,90.2349648369307,93.67,0.05666661167513143,8,88.93,92.83,3.8999999999999915
171,1a_2a,AmPhos,Pd(OAc)2,Et3N,THF,48.8,114,M0_vbur_vmin,%Vbur(min) + Vmin,48.8,53.63578811482116,14.584768481733319,25.049641890623857,82.22193433901846,93.67,0.011900260804412935,9,88.93,92.83,3.8999999999999915
169,1a_2a,P(tBu)3,Pd(OAc)2,Et3N,THF,68.72,112,M0_vbur_vmin,%Vbur(min) + Vmin,68.72,46.178018840384276,15.253790270882716,16.280589909454154,76.0754477713144,93.67,0.0034449705922625987,10,88.93,92.83,3.8999999999999915
196,1a_2a,P(Cy)3,Pd(OAc)2,NaOH,DMF,12.74,131,M0_vbur_vmin,%Vbur(min) + Vmin,12.74,44.25421079063629,14.844977859594586,15.158054185830906,73.35036739544168,93.67,0.0014876228190796766,11,88.93,92.83,3.8999999999999915
123,1a_2a,AmPhos,Pd(OAc)2,CsF,THF,44.98,82,M0_vbur_vmin,%Vbur(min) + Vmin,44.98,46.638339602700455,14.126572026262838,18.950258431225294,74.32642077417562,93.67,0.0014035175427158549,12,88.93,92.83,3.8999999999999915
31,1a_2a,SPhos,Pd(OAc)2,CsF,MeCN,68.44,22,M0_vbur_vmin,%Vbur(min) + Vmin,68.44,48.691390709307086,13.39228511543199,22.442511883060387,74.94026953555378,93.67,0.0011792966280111568,13,88.93,92.83,3.8999999999999915
157,1a_2a,P(tBu)3,Pd(OAc)2,LiOtBu,THF,66.16,104,M0_vbur_vmin,%Vbur(min) + Vmin,66.16,40.23702991175757,14.51019075472726,11.797056032492137,68.677003791023,93.67,0.0003505453619588863,14,88.93,92.83,3.8999999999999915
30,1a_2a,CataCXium A,Pd(OAc)2,CsF,MeCN,3.32,21,M0_vbur_vmin,%Vbur(min) + Vmin,3.32,43.10541543346192,13.727000847162783,16.200493773022867,70.01033709390097,93.67,0.0003273495985110413,15,88.93,92.83,3.8999999999999915
19,1a_2a,SPhos,Pd(OAc)2,NaHCO3,MeCN,69.22,14,M0_vbur_vmin,%Vbur(min) + Vmin,69.22,41.818130604183196,14.051169384125664,14.277838611296893,69.3584225970695,93.67,0.00032706685510910244,16,88.93,92.83,3.8999999999999915
316,1a_2a,P(Cy)3,Pd(OAc)2,CsF,MeOH,30.94,211,M0_vbur_vmin,%Vbur(min) + Vmin,30.94,35.8466319888626,15.383352637973273,5.695260818434985,65.9980031592902,93.67,0.0002717115804168309,17,88.93,92.83,3.8999999999999915
353,1a_2a,P(o-Tol)3,Pd(OAc)2,LiOtBu,MeOH,11.64,236,M0_vbur_vmin,%Vbur(min) + Vmin,11.64,23.61292674952912,17.882046635776693,-11.435884656593199,58.661738155651435,93.67,0.00016232621029903813,18,88.93,92.83,3.8999999999999915
321,1a_2a,XPhos,Pd(OAc)2,CsF,MeOH,35.0,215,M0_vbur_vmin,%Vbur(min) + Vmin,35.0,36.06969072035427,14.678933078535234,7.2989818864252065,64.84039955428332,93.67,0.0001262029457629642,19,88.93,92.83,3.8999999999999915
87,1a_2a,AmPhos,Pd(OAc)2,None,MeCN,1.53,58,M0_vbur_vmin,%Vbur(min) + Vmin,1.53,35.8145958323496,14.712989363322974,6.977136680236576,64.65205498446264,93.67,0.00012202805215920072,20,88.93,92.83,3.8999999999999915
2836,1a_2b,P(Cy)3,Pd(OAc)2,KOH,THF,46.21,1891,M0_vbur_vmin,%Vbur(min) + Vmin,46.21,53.403236626723555,14.078985156266851,25.808425720440525,80.99804753300658,77.13,0.24472103910160414,1,46.21,92.16,45.949999999999996
2778,1a_2b,CataCXium A,Pd(OAc)2,None,MeCN,18.06,1853,M0_vbur_vmin,%Vbur(min) + Vmin,18.06,53.80252983435917,13.405491178766944,27.52776712397596,80.07729254474238,77.13,0.2025100194070708,2,46.21,92.16,45.949999999999996
2875,1a_2b,SPhos,Pd(OAc)2,None,THF,69.3,1918,M0_vbur_vmin,%Vbur(min) + Vmin,69.3,53.87288309195379,13.144185401544012,28.110279704927525,79.63548647898006,77.13,0.1841631976246254,3,69.3,92.16,22.86
2877,1a_2b,XPhos,Pd(OAc)2,None,THF,84.83,1919,M0_vbur_vmin,%Vbur(min) + Vmin,84.83,50.31922270531967,13.676013000849398,23.51423722365485,77.12420818698449,77.13,0.117060738215924,4,84.83,92.16,7.329999999999998
2793,1a_2b,XPhos,Pd(OAc)2,NaOH,THF,92.16,1863,M0_vbur_vmin,%Vbur(min) + Vmin,92.16,45.46430246401803,15.021664188990774,16.021840653596115,74.90676427443995,77.13,0.08663238766326464,5,92.16,92.16,0.0
2757,1a_2b,XPhos,Pd(OAc)2,LiOtBu,MeCN,76.56,1839,M0_vbur_vmin,%Vbur(min) + Vmin,76.56,49.85641977244956,13.104975035035483,24.170668703780017,75.54217084111912,77.13,0.08035109485940178,6,92.16,92.16,0.0
2694,1a_2b,CataCXium A,Pd(OAc)2,NaOH,MeCN,15.97,1797,M0_vbur_vmin,%Vbur(min) + Vmin,15.97,45.28073676920448,14.82337648643703,16.2269188557879,74.33455468262106,77.13,0.0761702782136478,7,92.16,92.16,0.0
2702,1a_2b,P(Ph)3,Pd(OAc)2,NaHCO3,MeCN,14.74,1801,M0_vbur_vmin,%Vbur(min) + Vmin,14.74,38.79539744700865,17.304503131958132,4.878571308370709,72.71222358564658,77.13,0.07451567640645235,8,92.16,92.16,0.0
2799,1a_2b,AmPhos,Pd(OAc)2,NaHCO3,THF,30.89,1866,M0_vbur_vmin,%Vbur(min) + Vmin,30.89,49.36077495435073,13.157071572092452,23.572914673049524,75.14863523565194,77.13,0.07434250759070915,9,92.16,92.16,0.0
2838,1a_2b,CataCXium A,Pd(OAc)2,KOH,THF,33.61,1893,M0_vbur_vmin,%Vbur(min) + Vmin,33.61,50.03426737595366,12.743448086173133,25.05710912705432,75.011425624853,77.13,0.06866901904440159,10,92.16,92.16,0.0
2781,1a_2b,XPhos,Pd(OAc)2,None,MeCN,66.37,1855,M0_vbur_vmin,%Vbur(min) + Vmin,66.37,47.9459299357845,13.215797168609553,22.042967485309774,73.84889238625922,77.13,0.05659588899491136,11,92.16,92.16,0.0
2871,1a_2b,AmPhos,Pd(OAc)2,None,THF,31.05,1914,M0_vbur_vmin,%Vbur(min) + Vmin,31.05,39.8427094530062,15.042243287922458,10.359912608678183,69.32550629733421,77.13,0.02903757215164851,12,92.16,92.16,0.0
2798,1a_2b,P(Ph)3,Pd(OAc)2,NaHCO3,THF,15.63,1865,M0_vbur_vmin,%Vbur(min) + Vmin,15.63,35.27994944317889,16.50290979930594,2.934246236539252,67.62565264981853,77.13,0.026888697343662393,13,92.16,92.16,0.0
3038,1a_2b,P(Ph)3,Pd(OAc)2,LiOtBu,MeOH,9.21,2025,M0_vbur_vmin,%Vbur(min) + Vmin,9.21,30.98852588214022,17.960373892374054,-4.2138069469129285,66.19085871119337,77.13,0.026551693236326473,14,92.16,92.16,0.0
2992,1a_2b,P(Cy)3,Pd(OAc)2,NaHCO3,MeOH,30.49,1995,M0_vbur_vmin,%Vbur(min) + Vmin,30.49,41.327112118961224,14.128186094867408,13.635867373021107,69.01835686490134,77.13,0.02277956795086486,15,92.16,92.16,0.0
2863,1a_2b,SPhos,Pd(OAc)2,Et3N,THF,76.22,1910,M0_vbur_vmin,%Vbur(min) + Vmin,76.22,43.836153769494686,13.123132354849737,18.114814353989203,69.55749318500017,77.13,0.020787936082693775,16,92.16,92.16,0.0
2766,1a_2b,CataCXium A,Pd(OAc)2,Et3N,MeCN,14.44,1845,M0_vbur_vmin,%Vbur(min) + Vmin,14.44,43.82769038178142,13.052231735733496,18.24531617974377,69.41006458381908,77.13,0.019738496475919576,17,92.16,92.16,0.0
2812,1a_2b,P(Cy)3,Pd(OAc)2,CsF,THF,43.78,1875,M0_vbur_vmin,%Vbur(min) + Vmin,43.78,40.16272107385726,13.647609801902282,13.41340586212879,66.91203628558574,77.13,0.01246312789337109,18,92.16,92.16,0.0
2738,1a_2b,P(Ph)3,Pd(OAc)2,KOH,MeCN,13.89,1825,M0_vbur_vmin,%Vbur(min) + Vmin,13.89,25.023813906749613,17.65841050673065,-9.586670686442464,59.63429849994169,77.13,0.007263864531622935,19,92.16,92.16,0.0
2773,1a_2b,P(tBu)3,Pd(OAc)2,None,MeCN,12.16,1848,M0_vbur_vmin,%Vbur(min) + Vmin,12.16,31.95900761717266,15.417051839893926,1.7415860109805656,62.17642922336475,77.13,0.006725099657350159,20,92.16,92.16,0.0
4544,1a_2c,SPhos,Pd(OAc)2,KOH,MeOH,41.19,3030,M0_vbur_vmin,%Vbur(min) + Vmin,41.19,40.43864279332257,13.175232223467658,14.615187635325963,66.26209795131918,49.99,1.689972075984596,1,41.19,59.08,17.89
4541,1a_2c,P(Cy)3,Pd(OAc)2,KOH,MeOH,18.12,3027,M0_vbur_vmin,%Vbur(min) + Vmin,18.12,39.187491623569315,14.077597157436674,11.595401194993435,66.7795820521452,49.99,1.6836803686677824,2,41.19,59.08,17.89
4601,1a_2c,P(Cy)3,Pd(OAc)2,K3PO4,MeOH,21.39,3067,M0_vbur_vmin,%Vbur(min) + Vmin,21.39,38.04416093825583,14.819542758184763,8.997857132213692,67.09046474429796,49.99,1.6597465259686865,3,41.19,59.08,17.89
4554,1a_2c,P(o-Tol)3,Pd(OAc)2,LiOtBu,MeOH,15.16,3036,M0_vbur_vmin,%Vbur(min) + Vmin,15.16,32.9220385670532,17.947028830425623,-2.2541379405810176,68.09821507468742,49.99,1.5563816703681619,4,41.19,59.08,17.89
4604,1a_2c,SPhos,Pd(OAc)2,K3PO4,MeOH,48.66,3070,M0_vbur_vmin,%Vbur(min) + Vmin,48.66,38.21069537726725,14.303539140160767,10.175758662552145,66.24563209198236,49.99,1.5491517453158026,5,48.66,59.08,10.420000000000002
4551,1a_2c,P(Ph)3,Pd(OAc)2,LiOtBu,MeOH,17.63,3033,M0_vbur_vmin,%Vbur(min) + Vmin,17.63,33.4574502813598,16.02287643297606,2.0526124727267216,64.86228808999287,49.99,1.1822994734980687,6,48.66,59.08,10.420000000000002
4602,1a_2c,P(o-Tol)3,Pd(OAc)2,K3PO4,MeOH,17.83,3068,M0_vbur_vmin,%Vbur(min) + Vmin,17.83,33.37450711821724,15.497657430986797,2.9990985534831154,63.74991568295136,49.99,1.0542394240706732,7,48.66,59.08,10.420000000000002
4558,1a_2c,XPhos,Pd(OAc)2,LiOtBu,MeOH,59.08,3039,M0_vbur_vmin,%Vbur(min) + Vmin,59.08,36.328958297901735,13.438483319054761,9.989530992554403,62.668385603249064,49.99,1.0096119910628345,8,59.08,59.08,0.0
4563,1a_2c,P(Ph)3,Pd(OAc)2,NaHCO3,MeOH,21.3,3041,M0_vbur_vmin,%Vbur(min) + Vmin,21.3,30.59427748300195,15.598816283696946,0.020597566955935065,61.167957399047964,49.99,0.7480448497458245,9,59.08,59.08,0.0
4598,1a_2c,P(tBu)3,Pd(OAc)2,K3PO4,MeOH,19.82,3064,M0_vbur_vmin,%Vbur(min) + Vmin,19.82,27.388521560540806,16.119534315301532,-4.205765697450197,58.98280881853181,49.99,0.5492434199008547,10,59.08,59.08,0.0
4567,1a_2c,CataCXium A,Pd(OAc)2,NaHCO3,MeOH,7.73,3045,M0_vbur_vmin,%Vbur(min) + Vmin,7.73,30.989565925127902,13.693108402376243,4.151073456470467,57.82805839378534,49.99,0.4760335163965512,11,59.08,59.08,0.0
4594,1a_2c,XPhos,Pd(OAc)2,CsF,MeOH,29.03,3063,M0_vbur_vmin,%Vbur(min) + Vmin,29.03,28.882557453176698,14.635099971849797,0.19776150835109618,57.5673533980023,49.99,0.45250375366060536,12,59.08,59.08,0.0
4555,1a_2c,CataCXium A,Pd(OAc)2,LiOtBu,MeOH,26.24,3037,M0_vbur_vmin,%Vbur(min) + Vmin,26.24,30.907124853845037,13.309549344310971,4.820408138995532,56.99384156869454,49.99,0.4162619133683203,13,59.08,59.08,0.0
4491,1a_2c,P(Ph)3,Pd(OAc)2,CsF,DMF,24.48,2993,M0_vbur_vmin,%Vbur(min) + Vmin,24.48,23.640036784389302,16.480642086083737,-8.662021704334819,55.942095273113424,49.99,0.35745394715035617,14,59.08,59.08,0.0
4538,1a_2c,P(tBu)3,Pd(OAc)2,KOH,MeOH,22.1,3024,M0_vbur_vmin,%Vbur(min) + Vmin,22.1,24.16561930111174,15.7330730650017,-6.671203906291591,55.002442508515074,49.99,0.30706281992591866,15,59.08,59.08,0.0
4287,1a_2c,P(Ph)3,Pd(OAc)2,Et3N,MeCN,14.61,2857,M0_vbur_vmin,%Vbur(min) + Vmin,14.61,21.161904694251128,16.798752621091698,-11.7636504430886,54.087459831590856,49.99,0.2745050788854755,16,59.08,59.08,0.0
4575,1a_2c,P(Ph)3,Pd(OAc)2,Et3N,MeOH,38.79,3049,M0_vbur_vmin,%Vbur(min) + Vmin,38.79,23.88901451057511,15.468467526611397,-6.42918184158323,54.20721086273345,49.99,0.26958878117048624,17,59.08,59.08,0.0
4385,1a_2c,P(Cy)3,Pd(OAc)2,Et3N,THF,16.8,2923,M0_vbur_vmin,%Vbur(min) + Vmin,16.8,23.802410167262774,15.162939905642583,-5.916952047796688,53.52177238232224,49.99,0.2392011830134686,18,59.08,59.08,0.0
4347,1a_2c,P(Ph)3,Pd(OAc)2,KOH,THF,20.73,2897,M0_vbur_vmin,%Vbur(min) + Vmin,20.73,22.101877172319217,15.944060286782236,-9.148480989773965,53.3522353344124,49.99,0.23903434863811857,19,59.08,59.08,0.0
4384,1a_2c,AmPhos,Pd(OAc)2,Et3N,THF,15.47,2922,M0_vbur_vmin,%Vbur(min) + Vmin,15.47,24.36502919539381,14.759767589866911,-4.564115280745334,53.29417367153295,49.99,0.22714091240742262,20,59.08,59.08,0.0
390,1b_2a,CataCXium A,Pd(OAc)2,NaOH,MeCN,96.38,261,M0_vbur_vmin,%Vbur(min) + Vmin,96.38,99.97944924546394,12.790415042001637,74.91023576314073,125.04866272778715,96.89,6.50157700969139,1,96.38,97.83,1.4500000000000028
387,1b_2a,AmPhos,Pd(OAc)2,NaOH,MeCN,86.82,258,M0_vbur_vmin,%Vbur(min) + Vmin,86.82,97.64579753882289,14.45929129598031,69.30558659870148,125.9860084789443,96.89,5.897224051778603,2,96.38,97.83,1.4500000000000028
722,1b_2a,P(Ph)3,Pd(OAc)2,KOH,MeOH,92.61,481,M0_vbur_vmin,%Vbur(min) + Vmin,92.61,91.77354892058653,16.156047936695824,60.10769496466272,123.43940287651034,96.89,4.022695071746251,3,96.38,97.83,1.4500000000000028
679,1b_2a,SPhos,Pd(OAc)2,NaOH,MeOH,92.88,454,M0_vbur_vmin,%Vbur(min) + Vmin,92.88,91.49973085976448,14.174111560271418,63.71847220163251,119.28098951789646,96.89,3.1908743846066336,4,96.38,97.83,1.4500000000000028
555,1b_2a,AmPhos,Pd(OAc)2,Et3N,THF,91.88,370,M0_vbur_vmin,%Vbur(min) + Vmin,91.88,89.95081153534181,15.3138800805273,59.93560657750831,119.96601649317532,96.89,3.096763623163202,5,96.38,97.83,1.4500000000000028
483,1b_2a,AmPhos,Pd(OAc)2,NaOH,THF,86.25,322,M0_vbur_vmin,%Vbur(min) + Vmin,86.25,91.53566150026604,13.6261021348514,64.8285013159573,118.24282168457479,96.89,3.0030044205418998,6,96.38,97.83,1.4500000000000028
746,1b_2a,P(Ph)3,Pd(OAc)2,Et3N,MeOH,82.99,497,M0_vbur_vmin,%Vbur(min) + Vmin,82.99,89.72792471388513,15.231815362664152,59.873566603063395,119.58228282470687,96.89,2.998580823042655,7,96.38,97.83,1.4500000000000028
690,1b_2a,CataCXium A,Pd(OAc)2,NaHCO3,MeOH,86.98,461,M0_vbur_vmin,%Vbur(min) + Vmin,86.98,91.18273363612488,13.549601730084834,64.6255142451586,117.73995302709116,96.89,2.8593835951018707,8,96.38,97.83,1.4500000000000028
726,1b_2a,CataCXium A,Pd(OAc)2,KOH,MeOH,85.46,485,M0_vbur_vmin,%Vbur(min) + Vmin,85.46,90.56790332459465,13.278285240915123,64.542464252401,116.5933423967883,96.89,2.570393637683476,9,96.38,97.83,1.4500000000000028
542,1b_2a,P(Ph)3,Pd(OAc)2,LiOtBu,THF,87.78,361,M0_vbur_vmin,%Vbur(min) + Vmin,87.78,86.1877236810486,16.595186920865626,53.66115731615197,118.71429004594522,96.89,2.472993317221968,10,96.38,97.83,1.4500000000000028
723,1b_2a,AmPhos,Pd(OAc)2,KOH,MeOH,71.62,482,M0_vbur_vmin,%Vbur(min) + Vmin,71.62,88.03904297890189,14.692877366830006,59.24100333991508,116.8370826178887,96.89,2.3347237100999583,11,96.38,97.83,1.4500000000000028
486,1b_2a,CataCXium A,Pd(OAc)2,NaOH,THF,96.57,325,M0_vbur_vmin,%Vbur(min) + Vmin,96.57,87.98639809951408,14.13323679454512,60.285253982205646,115.68754221682251,96.89,2.1404988921000907,12,96.57,97.83,1.2600000000000051
691,1b_2a,SPhos,Pd(OAc)2,NaHCO3,MeOH,85.69,462,M0_vbur_vmin,%Vbur(min) + Vmin,85.69,88.44113987666978,13.094651990506781,62.77562197527649,114.10665777806307,96.89,1.9241233800971553,13,96.57,97.83,1.2600000000000051
482,1b_2a,P(Ph)3,Pd(OAc)2,NaOH,THF,90.21,321,M0_vbur_vmin,%Vbur(min) + Vmin,90.21,83.54262722918483,16.688174147279,50.833805900517994,116.25144855785166,96.89,1.9029078285336318,14,96.57,97.83,1.2600000000000051
553,1b_2a,P(tBu)3,Pd(OAc)2,Et3N,THF,94.67,368,M0_vbur_vmin,%Vbur(min) + Vmin,94.67,82.82912990383724,15.639890331611687,52.17494485387834,113.48331495379614,96.89,1.4834506245636612,15,96.57,97.83,1.2600000000000051
558,1b_2a,CataCXium A,Pd(OAc)2,Et3N,THF,97.83,373,M0_vbur_vmin,%Vbur(min) + Vmin,97.83,84.18951011341191,14.514210187615918,55.74165814568471,112.63736208113912,96.89,1.4325067347741998,16,97.83,97.83,0.0
457,1b_2a,P(tBu)3,Pd(OAc)2,Et3N,MeCN,91.95,304,M0_vbur_vmin,%Vbur(min) + Vmin,91.95,81.7024278001241,15.552954352580292,51.218637269066726,112.18621833118146,96.89,1.27458444497032,17,97.83,97.83,0.0
736,1b_2a,P(Cy)3,Pd(OAc)2,LiOtBu,MeOH,89.34,491,M0_vbur_vmin,%Vbur(min) + Vmin,89.34,83.84316435405472,13.343664870961359,57.68958120697046,109.99674750113898,96.89,1.0798719735401292,18,97.83,97.83,0.0
759,1b_2a,AmPhos,Pd(OAc)2,None,MeOH,61.57,506,M0_vbur_vmin,%Vbur(min) + Vmin,61.57,78.1447344882507,15.062081125694146,48.62305548189018,107.66641349461123,96.89,0.7188629006900451,19,97.83,97.83,0.0
747,1b_2a,AmPhos,Pd(OAc)2,Et3N,MeOH,73.01,498,M0_vbur_vmin,%Vbur(min) + Vmin,73.01,76.99189249605988,15.60324314050611,46.4095359406679,107.57424905145186,96.89,0.6994301231654418,20,97.83,97.83,0.0
2391,1b_2b,AmPhos,Pd(OAc)2,None,MeCN,83.89,1594,M0_vbur_vmin,%Vbur(min) + Vmin,83.89,89.63947522351663,13.486604945362616,63.2057295306059,116.07322091642735,96.75,2.409742097957483,1,83.89,96.19,12.299999999999997
2365,1b_2b,P(tBu)3,Pd(OAc)2,LiOtBu,MeCN,92.06,1576,M0_vbur_vmin,%Vbur(min) + Vmin,92.06,83.85510072775645,15.485298992740073,53.503914701985906,114.206286753527,96.75,1.6574919171785707,2,92.06,96.19,4.1299999999999955
2366,1b_2b,P(Ph)3,Pd(OAc)2,LiOtBu,MeCN,73.07,1577,M0_vbur_vmin,%Vbur(min) + Vmin,73.07,80.1964693343605,15.636777718267105,49.54838500655698,110.84455366216403,96.75,1.0930716301489016,3,92.06,96.19,4.1299999999999955
2355,1b_2b,AmPhos,Pd(OAc)2,KOH,MeCN,81.7,1570,M0_vbur_vmin,%Vbur(min) + Vmin,81.7,81.24424582630807,14.723260116862168,52.38665599725823,110.10183565535792,96.75,1.0363245133364352,4,92.06,96.19,4.1299999999999955
2466,1b_2b,CataCXium A,Pd(OAc)2,LiOtBu,THF,96.19,1645,M0_vbur_vmin,%Vbur(min) + Vmin,96.19,83.99970316955105,12.75120380569876,59.00734371038149,108.99206262872062,96.75,0.985521424386951,5,96.19,96.19,0.0
2318,1b_2b,P(Ph)3,Pd(OAc)2,NaHCO3,MeCN,68.23,1545,M0_vbur_vmin,%Vbur(min) + Vmin,68.23,77.4370483058759,16.778458606619388,44.551269436901904,110.3228271748499,96.75,0.9788744598269177,6,96.19,96.19,0.0
2358,1b_2b,CataCXium A,Pd(OAc)2,KOH,MeCN,78.09,1573,M0_vbur_vmin,%Vbur(min) + Vmin,78.09,79.2490531746036,13.260004952688593,53.25944346733396,105.23866288187324,96.75,0.5335162667267352,7,96.19,96.19,0.0
2479,1b_2b,SPhos,Pd(OAc)2,Et3N,THF,87.02,1654,M0_vbur_vmin,%Vbur(min) + Vmin,87.02,79.35099844014033,13.050173707003307,53.772657974413846,104.92933890586681,96.75,0.5093070335308827,8,96.19,96.19,0.0
2594,1b_2b,P(Ph)3,Pd(OAc)2,NaOH,MeOH,79.1,1729,M0_vbur_vmin,%Vbur(min) + Vmin,79.1,74.465544515755,15.590085207171619,43.90897750969863,105.02211152181137,96.75,0.4985524889143085,9,96.19,96.19,0.0
2606,1b_2b,P(Ph)3,Pd(OAc)2,NaHCO3,MeOH,68.46,1737,M0_vbur_vmin,%Vbur(min) + Vmin,68.46,70.98739228832929,16.90411681253205,37.85532333576647,104.11946124089211,96.75,0.4379133920103624,10,96.19,96.19,0.0
2666,1b_2b,P(Ph)3,Pd(OAc)2,Et3N,MeOH,53.9,1777,M0_vbur_vmin,%Vbur(min) + Vmin,53.9,72.32888881294313,15.820287170507788,41.32112595874787,103.3366516671384,96.75,0.3896842452114597,11,96.19,96.19,0.0
2439,1b_2b,AmPhos,Pd(OAc)2,K3PO4,THF,69.6,1626,M0_vbur_vmin,%Vbur(min) + Vmin,69.6,73.54590884393146,14.620240485767942,44.89023749182629,102.20158019603662,96.75,0.32308627306841786,12,96.19,96.19,0.0
2437,1b_2b,P(tBu)3,Pd(OAc)2,K3PO4,THF,63.86,1624,M0_vbur_vmin,%Vbur(min) + Vmin,63.86,70.91928601958577,15.073321397183118,41.37557608110686,100.46299595806468,96.75,0.2457060502449706,13,96.19,96.19,0.0
2469,1b_2b,XPhos,Pd(OAc)2,LiOtBu,THF,62.77,1647,M0_vbur_vmin,%Vbur(min) + Vmin,62.77,75.13456722459307,12.976707591045395,49.70022034614409,100.56891410304205,96.75,0.23487382804576395,14,96.19,96.19,0.0
2490,1b_2b,CataCXium A,Pd(OAc)2,None,THF,93.15,1661,M0_vbur_vmin,%Vbur(min) + Vmin,93.15,74.15136539956451,13.400252400564543,47.88687069445801,100.41586010467101,96.75,0.23123061106049736,15,96.19,96.19,0.0
2330,1b_2b,P(Ph)3,Pd(OAc)2,CsF,MeCN,53.51,1553,M0_vbur_vmin,%Vbur(min) + Vmin,53.51,67.73821983697876,15.68321544114843,36.99911757232783,98.47732210162968,96.75,0.18176365879758338,16,96.19,96.19,0.0
2409,1b_2b,XPhos,Pd(OAc)2,NaOH,THF,79.27,1607,M0_vbur_vmin,%Vbur(min) + Vmin,79.27,71.33733618313393,13.634516306364405,44.61368422265969,98.06098814360817,96.75,0.15051745668474148,17,96.19,96.19,0.0
2359,1b_2b,SPhos,Pd(OAc)2,KOH,MeCN,89.93,1574,M0_vbur_vmin,%Vbur(min) + Vmin,89.93,73.56648957236085,12.51922102713247,49.02881635918121,98.1041627855405,96.75,0.1413778966260193,18,96.19,96.19,0.0
2331,1b_2b,AmPhos,Pd(OAc)2,CsF,MeCN,68.33,1554,M0_vbur_vmin,%Vbur(min) + Vmin,68.33,65.27836189175628,15.046411633483585,35.787395090128456,94.7693286933841,96.75,0.09084160698288879,19,96.19,96.19,0.0
2597,1b_2b,P(o-Tol)3,Pd(OAc)2,NaOH,MeOH,64.08,1732,M0_vbur_vmin,%Vbur(min) + Vmin,64.08,59.38229816864235,16.703553605760554,26.643333101351665,92.12126323593304,96.75,0.06732832516973702,20,96.19,96.19,0.0
4215,1b_2c,P(Ph)3,Pd(OAc)2,K3PO4,MeOH,72.19,2809,M0_vbur_vmin,%Vbur(min) + Vmin,72.19,66.62597785166744,16.109211064074653,35.05192416608112,98.20003153725376,74.84,2.9876103918585835,1,72.19,73.12,0.9300000000000068
4218,1b_2c,P(o-Tol)3,Pd(OAc)2,K3PO4,MeOH,68.86,2812,M0_vbur_vmin,%Vbur(min) + Vmin,68.86,65.91506036527592,16.694727046172506,33.193395354777806,98.63672537577403,74.84,2.981795651061512,2,72.19,73.12,0.9300000000000068
4179,1b_2c,P(Ph)3,Pd(OAc)2,NaHCO3,MeOH,40.92,2785,M0_vbur_vmin,%Vbur(min) + Vmin,40.92,60.3131189387127,16.299981464773783,28.365155267756084,92.26108260966932,74.84,1.5723678528727456,3,72.19,73.12,0.9300000000000068
4167,1b_2c,P(Ph)3,Pd(OAc)2,LiOtBu,MeOH,73.12,2777,M0_vbur_vmin,%Vbur(min) + Vmin,73.12,59.383018947283645,15.844213188197019,28.32836109841749,90.4376767961498,74.84,1.302273736365085,4,73.12,73.12,0.0
4146,1b_2c,P(o-Tol)3,Pd(OAc)2,NaOH,MeOH,51.26,2764,M0_vbur_vmin,%Vbur(min) + Vmin,51.26,58.76500261213423,15.985549365312881,27.433325856120987,90.09667936814748,74.84,1.2409218650098865,5,73.12,73.12,0.0
4204,1b_2c,AmPhos,Pd(OAc)2,CsF,MeOH,71.17,2802,M0_vbur_vmin,%Vbur(min) + Vmin,71.17,50.514283738732864,13.539567428304787,23.976731579255482,77.05183589821024,74.84,0.17754533026658714,6,73.12,73.12,0.0
4154,1b_2c,P(tBu)3,Pd(OAc)2,KOH,MeOH,46.83,2768,M0_vbur_vmin,%Vbur(min) + Vmin,46.83,41.8810229621931,15.59766049027662,11.309608401250923,72.45243752313527,74.84,0.08899286487490166,7,73.12,73.12,0.0
3938,1b_2c,P(tBu)3,Pd(OAc)2,None,THF,20.69,2624,M0_vbur_vmin,%Vbur(min) + Vmin,20.69,40.01192074922683,16.10231508792781,8.451383176888324,71.57245832156534,74.84,0.08005138927759065,8,73.12,73.12,0.0
4159,1b_2c,CataCXium A,Pd(OAc)2,KOH,MeOH,66.67,2773,M0_vbur_vmin,%Vbur(min) + Vmin,66.67,47.10023916730326,13.030229919327198,21.56098852542195,72.63948980918457,74.84,0.06986600549638561,9,73.12,73.12,0.0
4142,1b_2c,P(tBu)3,Pd(OAc)2,NaOH,MeOH,38.52,2760,M0_vbur_vmin,%Vbur(min) + Vmin,38.52,40.12612278130701,14.749614425887726,11.216878506567067,69.03536705604695,74.84,0.041669964339391186,10,73.12,73.12,0.0
4192,1b_2c,AmPhos,Pd(OAc)2,Et3N,MeOH,57.24,2794,M0_vbur_vmin,%Vbur(min) + Vmin,57.24,35.261699485312306,14.601719938233481,6.642328406374684,63.881070564249924,74.84,0.013359634193430142,11,73.12,73.12,0.0
3988,1b_2c,AmPhos,Pd(OAc)2,NaHCO3,THF,20.82,2658,M0_vbur_vmin,%Vbur(min) + Vmin,20.82,33.53564049588439,14.967772595764757,4.198806208185463,62.872474783583314,74.84,0.011664049419810488,12,73.12,73.12,0.0
3942,1b_2c,P(o-Tol)3,Pd(OAc)2,None,THF,20.14,2628,M0_vbur_vmin,%Vbur(min) + Vmin,20.14,29.85908213731017,15.904108315627772,-1.312970161320262,61.0311344359406,74.84,0.009890783668534256,13,73.12,73.12,0.0
4210,1b_2c,XPhos,Pd(OAc)2,CsF,MeOH,33.45,2807,M0_vbur_vmin,%Vbur(min) + Vmin,33.45,36.046350071116976,13.674460389252317,9.244407708182433,62.848292434051515,74.84,0.00811236514077153,14,73.12,73.12,0.0
4190,1b_2c,P(tBu)3,Pd(OAc)2,Et3N,MeOH,40.8,2792,M0_vbur_vmin,%Vbur(min) + Vmin,40.8,31.315072939521624,15.095062239717164,1.7287509496759839,60.901394929367264,74.84,0.007723608289169126,15,73.12,73.12,0.0
3847,1b_2c,CataCXium A,Pd(OAc)2,None,MeCN,14.79,2565,M0_vbur_vmin,%Vbur(min) + Vmin,14.79,32.38926229346223,14.510079542988873,3.9495063892040427,60.829018197720416,74.84,0.006380745798880441,16,73.12,73.12,0.0
4095,1b_2c,P(Ph)3,Pd(OAc)2,Et3N,DMF,15.71,2729,M0_vbur_vmin,%Vbur(min) + Vmin,15.71,25.594039744712703,16.28672677066837,-6.327944725797302,57.51602421522271,74.84,0.005129481142019103,17,73.12,73.12,0.0
4035,1b_2c,P(Ph)3,Pd(OAc)2,None,DMF,13.72,2689,M0_vbur_vmin,%Vbur(min) + Vmin,13.72,24.022048250978564,16.5935652923473,-8.501339722022145,56.54543622397927,74.84,0.0045542390598621516,18,73.12,73.12,0.0
3927,1b_2c,P(Ph)3,Pd(OAc)2,K3PO4,MeCN,17.77,2617,M0_vbur_vmin,%Vbur(min) + Vmin,17.77,26.116948422730786,15.66215905309125,-4.580883321328063,56.81478016678963,74.84,0.003581910346984428,19,73.12,73.12,0.0
4122,1b_2c,P(o-Tol)3,Pd(OAc)2,K3PO4,DMF,14.35,2748,M0_vbur_vmin,%Vbur(min) + Vmin,14.35,20.725696360323532,16.767377163708737,-12.138362880545593,53.58975560119266,74.84,0.0025088624636830856,20,73.12,73.12,0.0
842,1c_2a,P(Ph)3,Pd(OAc)2,Et3N,MeCN,97.45,561,M0_vbur_vmin,%Vbur(min) + Vmin,97.45,94.57938153184944,15.863455122985481,63.48700949079789,125.67175357290098,98.53,4.350743658249339,1,97.45,97.45,0.0
1106,1c_2a,P(Ph)3,Pd(OAc)2,KOH,MeOH,93.94,737,M0_vbur_vmin,%Vbur(min) + Vmin,93.94,93.93925864799837,15.700191112102061,63.166884068278335,124.71163322771841,98.53,4.04450331786048,2,97.45,97.45,0.0
1094,1c_2a,P(Ph)3,Pd(OAc)2,K3PO4,MeOH,94.15,729,M0_vbur_vmin,%Vbur(min) + Vmin,94.15,91.97191410194397,15.618117597381104,61.360403611077004,122.58342459281093,98.53,3.3273196570968713,3,97.45,97.45,0.0
794,1c_2a,P(Ph)3,Pd(OAc)2,CsF,MeCN,96.49,529,M0_vbur_vmin,%Vbur(min) + Vmin,96.49,89.01017606600047,16.196070182300623,57.265878508691245,120.75447362330969,98.53,2.649896943527529,4,97.45,97.45,0.0
878,1c_2a,P(Ph)3,Pd(OAc)2,NaHCO3,THF,87.25,585,M0_vbur_vmin,%Vbur(min) + Vmin,87.25,86.8156857806642,16.142651964927214,55.17608792940686,118.45528363192153,98.53,2.093166328926093,5,97.45,97.45,0.0
926,1c_2a,P(Ph)3,Pd(OAc)2,LiOtBu,THF,85.88,617,M0_vbur_vmin,%Vbur(min) + Vmin,85.88,86.3085154193405,16.309040121229195,54.34279678173127,118.27423405694972,98.53,2.0304233878644133,6,97.45,97.45,0.0
986,1c_2a,P(Ph)3,Pd(OAc)2,CsF,DMF,91.14,657,M0_vbur_vmin,%Vbur(min) + Vmin,91.14,85.64733476935959,16.184165540415847,53.92637031014453,117.36829922857464,98.53,1.8549100936787708,7,97.45,97.45,0.0
1072,1c_2a,P(Cy)3,Pd(OAc)2,NaHCO3,MeOH,89.13,715,M0_vbur_vmin,%Vbur(min) + Vmin,89.13,87.79001618588998,13.61914766304473,61.096486766322315,114.48354560545765,98.53,1.5653556650582443,8,97.45,97.45,0.0
846,1c_2a,CataCXium A,Pd(OAc)2,Et3N,MeCN,92.52,565,M0_vbur_vmin,%Vbur(min) + Vmin,92.52,84.66759369286146,14.485298838425456,56.27640796954756,113.05877941617535,98.53,1.226473532829528,9,97.45,97.45,0.0
1084,1c_2a,P(Cy)3,Pd(OAc)2,CsF,MeOH,89.81,723,M0_vbur_vmin,%Vbur(min) + Vmin,89.81,82.77221793405612,14.925757034560169,53.51773414631818,112.02670172179404,98.53,1.0461682669641457,10,97.45,97.45,0.0
1125,1c_2a,XPhos,Pd(OAc)2,LiOtBu,MeOH,82.88,751,M0_vbur_vmin,%Vbur(min) + Vmin,82.88,82.05665279068398,14.468760422575288,53.69788236243642,110.41542321893155,98.53,0.8575413086106516,11,97.45,97.45,0.0
1113,1c_2a,XPhos,Pd(OAc)2,KOH,MeOH,82.32,743,M0_vbur_vmin,%Vbur(min) + Vmin,82.32,83.77417700774777,13.422767747403356,57.46555222283719,110.08280179265834,98.53,0.8564102213145941,12,97.45,97.45,0.0
789,1c_2a,XPhos,Pd(OAc)2,NaHCO3,MeCN,78.08,527,M0_vbur_vmin,%Vbur(min) + Vmin,78.08,80.37519815505901,14.308006349523414,52.331505709993124,108.4188906001249,98.53,0.6461667336335468,13,97.45,97.45,0.0
787,1c_2a,SPhos,Pd(OAc)2,NaHCO3,MeCN,78.31,526,M0_vbur_vmin,%Vbur(min) + Vmin,78.31,79.33404283245008,14.233914061836996,51.43557127124957,107.23251439365059,98.53,0.5409122482261781,14,97.45,97.45,0.0
835,1c_2a,SPhos,Pd(OAc)2,LiOtBu,MeCN,90.89,558,M0_vbur_vmin,%Vbur(min) + Vmin,90.89,80.98475485442862,13.234671003083532,55.04479968838489,106.92471002047233,98.53,0.5256639295904948,15,97.45,97.45,0.0
784,1c_2a,P(Cy)3,Pd(OAc)2,NaHCO3,MeCN,93.05,523,M0_vbur_vmin,%Vbur(min) + Vmin,93.05,77.09294836430315,14.883193889221811,47.92188834142841,106.26400838717791,98.53,0.46274518870840264,16,97.45,97.45,0.0
786,1c_2a,CataCXium A,Pd(OAc)2,NaHCO3,MeCN,92.77,525,M0_vbur_vmin,%Vbur(min) + Vmin,92.77,77.83236256223212,14.40100307132063,49.60639654244369,106.05832858202055,98.53,0.4497722782167184,17,97.45,97.45,0.0
988,1c_2a,P(Cy)3,Pd(OAc)2,CsF,DMF,94.46,659,M0_vbur_vmin,%Vbur(min) + Vmin,94.46,79.72887565700431,13.238619936018075,53.78118058240888,105.67657073159974,98.53,0.4267288680740975,18,97.45,97.45,0.0
1121,1c_2a,P(o-Tol)3,Pd(OAc)2,LiOtBu,MeOH,48.82,748,M0_vbur_vmin,%Vbur(min) + Vmin,48.82,71.97062272626357,17.139017747312877,38.37814794153033,105.56309751099681,98.53,0.4186708025225281,19,97.45,97.45,0.0
1034,1c_2a,P(Ph)3,Pd(OAc)2,Et3N,DMF,60.18,689,M0_vbur_vmin,%Vbur(min) + Vmin,60.18,73.14285819561822,16.163125040609426,41.46313311602374,104.8225832752127,98.53,0.3742326284179036,20,97.45,97.45,0.0
1694,1c_2b,P(Ph)3,Pd(OAc)2,LiOtBu,THF,94.45,1129,M0_vbur_vmin,%Vbur(min) + Vmin,94.45,90.96142777149848,16.368593184770887,58.87898512934754,123.04387041364942,97.25,3.6895225206127242,1,94.45,98.61,4.159999999999997
1718,1c_2b,P(Ph)3,Pd(OAc)2,None,THF,96.15,1145,M0_vbur_vmin,%Vbur(min) + Vmin,96.15,89.01289437189035,16.74611140492759,56.19051601823228,121.83527272554844,97.25,3.2013881897403893,2,96.15,98.61,2.4599999999999937
1742,1c_2b,P(Ph)3,Pd(OAc)2,NaHCO3,DMF,90.99,1161,M0_vbur_vmin,%Vbur(min) + Vmin,90.99,87.87011800167197,16.92840766250867,54.690438983154976,121.04979702018896,97.25,2.932132011614863,3,96.15,98.61,2.4599999999999937
1646,1c_2b,P(Ph)3,Pd(OAc)2,NaHCO3,THF,96.16,1097,M0_vbur_vmin,%Vbur(min) + Vmin,96.16,87.81821490841821,16.404996910700763,55.66442096344472,119.97200885339171,97.25,2.742805530530356,4,96.16,98.61,2.450000000000003
1610,1c_2b,P(Ph)3,Pd(OAc)2,Et3N,MeCN,92.43,1073,M0_vbur_vmin,%Vbur(min) + Vmin,92.43,83.97045975629513,16.28877742988368,52.04445599372312,115.89646351886714,97.25,1.804372094349961,5,96.16,98.61,2.450000000000003
1802,1c_2b,P(Ph)3,Pd(OAc)2,Et3N,DMF,85.9,1201,M0_vbur_vmin,%Vbur(min) + Vmin,85.9,82.20414872604644,16.1361216638083,50.57735026498217,113.83094718711071,97.25,1.4406822942301756,6,96.16,98.61,2.450000000000003
1636,1c_2b,P(Cy)3,Pd(OAc)2,NaOH,THF,66.25,1091,M0_vbur_vmin,%Vbur(min) + Vmin,66.25,82.17763796086268,15.270912398036502,52.24664966071114,112.10862626101422,97.25,1.2251918881211457,7,96.16,98.61,2.450000000000003
1684,1c_2b,P(Cy)3,Pd(OAc)2,KOH,THF,75.02,1123,M0_vbur_vmin,%Vbur(min) + Vmin,75.02,84.26084022339285,13.83143418926363,57.151229212436135,111.37045123434956,97.25,1.2077092763847679,8,96.16,98.61,2.450000000000003
1778,1c_2b,P(Ph)3,Pd(OAc)2,KOH,DMF,83.87,1185,M0_vbur_vmin,%Vbur(min) + Vmin,83.87,77.9484935088221,16.36191934669672,45.87913158929653,110.01785542834767,97.25,0.8988689694074319,9,96.16,98.61,2.450000000000003
1850,1c_2b,P(Ph)3,Pd(OAc)2,CsF,MeOH,80.77,1233,M0_vbur_vmin,%Vbur(min) + Vmin,80.77,74.06381756804421,15.914542870270637,42.87131354231377,105.25632159377466,97.25,0.47894681133949657,10,96.16,98.61,2.450000000000003
1591,1c_2b,SPhos,Pd(OAc)2,KOH,MeCN,84.76,1062,M0_vbur_vmin,%Vbur(min) + Vmin,84.76,77.78834178719205,13.422045429527474,51.481132745318206,104.0955508290659,97.25,0.40495120211482694,11,96.16,98.61,2.450000000000003
1539,1c_2b,AmPhos,Pd(OAc)2,NaOH,MeCN,62.59,1026,M0_vbur_vmin,%Vbur(min) + Vmin,62.59,75.23544121041813,14.510367189206775,46.79512151957285,103.6757609012634,97.25,0.3776530539475764,12,96.16,98.61,2.450000000000003
1587,1c_2b,AmPhos,Pd(OAc)2,KOH,MeCN,90.4,1058,M0_vbur_vmin,%Vbur(min) + Vmin,90.4,72.40736877733949,15.498972704568617,42.02938227638499,102.78535527829398,97.25,0.3314410922436797,13,96.16,98.61,2.450000000000003
1828,1c_2b,P(Cy)3,Pd(OAc)2,NaOH,MeOH,62.34,1219,M0_vbur_vmin,%Vbur(min) + Vmin,62.34,75.2146798382073,13.98452610119343,47.80500867986818,102.62435099654643,97.25,0.31635673103442263,14,96.16,98.61,2.450000000000003
1768,1c_2b,P(Cy)3,Pd(OAc)2,K3PO4,DMF,52.88,1179,M0_vbur_vmin,%Vbur(min) + Vmin,52.88,73.33795163395703,14.331313382350864,45.24857740454934,101.42732586336473,97.25,0.2599203729024231,15,96.16,98.61,2.450000000000003
1648,1c_2b,P(Cy)3,Pd(OAc)2,NaHCO3,THF,95.29,1099,M0_vbur_vmin,%Vbur(min) + Vmin,95.29,74.46356876899577,13.795506796245284,47.424375448355015,101.50276208963652,97.25,0.2597785950248277,16,96.16,98.61,2.450000000000003
1734,1c_2b,CataCXium A,Pd(OAc)2,NaOH,DMF,23.29,1157,M0_vbur_vmin,%Vbur(min) + Vmin,23.29,72.20292430439522,14.628170050091878,43.53171100621515,100.8741376025753,97.25,0.2386930376529821,17,96.16,98.61,2.450000000000003
1879,1c_2b,SPhos,Pd(OAc)2,KOH,MeOH,73.51,1254,M0_vbur_vmin,%Vbur(min) + Vmin,73.51,69.49662040933539,14.538385506907764,41.00138481579617,97.99185600287461,97.25,0.14348080985411127,18,96.16,98.61,2.450000000000003
1881,1c_2b,XPhos,Pd(OAc)2,KOH,MeOH,71.6,1255,M0_vbur_vmin,%Vbur(min) + Vmin,71.6,68.33223962248681,14.679344776509067,39.56072386052904,97.10375538444458,97.25,0.12330048184398734,19,96.16,98.61,2.450000000000003
1759,1c_2b,SPhos,Pd(OAc)2,CsF,DMF,72.82,1174,M0_vbur_vmin,%Vbur(min) + Vmin,72.82,73.05126596188947,12.632568393029066,48.2914319115525,97.81110001222643,97.25,0.12085152511697461,20,96.16,98.61,2.450000000000003
3447,1c_2c,P(Ph)3,Pd(OAc)2,K3PO4,MeOH,84.54,2297,M0_vbur_vmin,%Vbur(min) + Vmin,84.54,67.11359197199695,15.34839172633226,37.030744188385725,97.19643975560818,83.66,1.0312497525408855,1,84.54,84.54,0.0
3423,1c_2c,P(Ph)3,Pd(OAc)2,Et3N,MeOH,71.31,2281,M0_vbur_vmin,%Vbur(min) + Vmin,71.31,60.42306405588108,16.01096350665995,29.041575582827573,91.80455252893458,83.66,0.48822199912945874,2,84.54,84.54,0.0
3171,1c_2c,P(Ph)3,Pd(OAc)2,None,THF,47.59,2113,M0_vbur_vmin,%Vbur(min) + Vmin,47.59,50.07399996174021,16.873230043558813,17.00246907636494,83.14553084711548,83.66,0.1357229922758847,3,84.54,84.54,0.0
3390,1c_2c,P(o-Tol)3,Pd(OAc)2,KOH,MeOH,37.72,2260,M0_vbur_vmin,%Vbur(min) + Vmin,37.72,46.22662241140498,15.92954361721082,15.004716921671776,77.44852790113819,83.66,0.04583758455467607,4,84.54,84.54,0.0
3389,1c_2c,P(Cy)3,Pd(OAc)2,KOH,MeOH,49.15,2259,M0_vbur_vmin,%Vbur(min) + Vmin,49.15,49.47690966729401,14.415000811755121,21.223508076253975,77.73031125833404,83.66,0.038507156401320575,5,84.54,84.54,0.0
3207,1c_2c,P(Ph)3,Pd(OAc)2,LiOtBu,THF,60.47,2137,M0_vbur_vmin,%Vbur(min) + Vmin,60.47,44.92195703522656,15.719727325895038,14.111291476472289,75.73262259398084,83.66,0.031887089533087276,6,84.54,84.54,0.0
3315,1c_2c,P(Ph)3,Pd(OAc)2,NaHCO3,DMF,14.49,2209,M0_vbur_vmin,%Vbur(min) + Vmin,14.49,41.318942655479844,16.612228672503306,8.758974457373363,73.87891085358632,83.66,0.02600439081710562,7,84.54,84.54,0.0
3378,1c_2c,P(o-Tol)3,Pd(OAc)2,NaOH,MeOH,35.64,2252,M0_vbur_vmin,%Vbur(min) + Vmin,35.64,42.380187058421185,15.698695782608624,11.610743324508285,73.14963079233408,83.66,0.018872069192607144,8,84.54,84.54,0.0
3425,1c_2c,P(Cy)3,Pd(OAc)2,Et3N,MeOH,69.26,2283,M0_vbur_vmin,%Vbur(min) + Vmin,69.26,40.61452284018779,15.830373432340838,9.586990912799745,71.64205476757583,83.66,0.014199319325513743,9,84.54,84.54,0.0
3366,1c_2c,P(o-Tol)3,Pd(OAc)2,None,MeOH,38.2,2244,M0_vbur_vmin,%Vbur(min) + Vmin,38.2,37.0727857510207,16.57731828346411,4.58124191543105,69.56432958661036,83.66,0.011006437072162353,10,84.54,84.54,0.0
3392,1c_2c,SPhos,Pd(OAc)2,KOH,MeOH,45.38,2262,M0_vbur_vmin,%Vbur(min) + Vmin,45.38,44.07858255098462,13.029778496407038,18.540216698026825,69.61694840394242,83.66,0.0037954409332948344,11,84.54,84.54,0.0
3430,1c_2c,XPhos,Pd(OAc)2,Et3N,MeOH,30.62,2287,M0_vbur_vmin,%Vbur(min) + Vmin,30.62,35.771851007446756,15.322042605260505,5.740647501136166,65.80305451375735,83.66,0.003313352981680562,12,84.54,84.54,0.0
3087,1c_2c,P(Ph)3,Pd(OAc)2,NaOH,MeCN,16.76,2057,M0_vbur_vmin,%Vbur(min) + Vmin,16.76,34.34250557286521,15.650778077608418,3.666980540752707,65.01803060497771,83.66,0.003086791267578756,13,84.54,84.54,0.0
3303,1c_2c,P(Ph)3,Pd(OAc)2,LiOtBu,DMF,13.1,2201,M0_vbur_vmin,%Vbur(min) + Vmin,13.1,31.486602532216054,15.997158939579792,0.13217101063966297,62.84103405379244,83.66,0.0020933629785993522,14,84.54,84.54,0.0
3365,1c_2c,P(Cy)3,Pd(OAc)2,None,MeOH,26.1,2243,M0_vbur_vmin,%Vbur(min) + Vmin,26.1,36.427357458748396,14.502585321159767,8.002290229275253,64.85242468822153,83.66,0.0019075414607360452,15,84.54,84.54,0.0
3099,1c_2c,P(Ph)3,Pd(OAc)2,KOH,MeCN,13.24,2065,M0_vbur_vmin,%Vbur(min) + Vmin,13.24,27.781612766938814,16.623159947117696,-4.7997807294118715,60.3630062632895,83.66,0.0014885848963611704,16,84.54,84.54,0.0
3376,1c_2c,AmPhos,Pd(OAc)2,NaOH,MeOH,39.11,2250,M0_vbur_vmin,%Vbur(min) + Vmin,39.11,35.0287551138834,14.585108817602988,6.441941831381545,63.61556839638526,83.66,0.00142748560863179,17,84.54,84.54,0.0
3074,1c_2c,P(tBu)3,Pd(OAc)2,None,MeCN,7.97,2048,M0_vbur_vmin,%Vbur(min) + Vmin,7.97,30.73691974116336,15.513315229942668,0.33082189047572896,61.14301759185099,83.66,0.0011333776046056222,18,84.54,84.54,0.0
3374,1c_2c,P(tBu)3,Pd(OAc)2,NaOH,MeOH,23.77,2248,M0_vbur_vmin,%Vbur(min) + Vmin,23.77,30.85743649176373,15.085430660157314,1.2899923978553929,60.424880585672064,83.66,0.000772124312342741,19,84.54,84.54,0.0
3434,1c_2c,P(tBu)3,Pd(OAc)2,CsF,MeOH,23.65,2288,M0_vbur_vmin,%Vbur(min) + Vmin,23.65,30.04952792799994,15.285393459778241,0.09015674683458741,60.00889910916529,83.66,0.0007618239951931657,20,84.54,84.54,0.0
1494,1d_2a,CataCXium A,Pd(OAc)2,KOH,MeOH,95.06,997,M0_vbur_vmin,%Vbur(min) + Vmin,95.06,99.27659387539778,13.86257867339784,72.10593967553801,126.44724807525755,98.69,5.5737735828133985,1,95.06,98.2,3.1400000000000006
1358,1d_2a,P(Ph)3,Pd(OAc)2,NaHCO3,DMF,89.45,905,M0_vbur_vmin,%Vbur(min) + Vmin,89.45,94.80776758271838,15.918460667531203,63.60758467435723,126.00795049107954,98.69,4.398563569445697,2,95.06,98.2,3.1400000000000006
1505,1d_2a,P(o-Tol)3,Pd(OAc)2,LiOtBu,MeOH,92.65,1004,M0_vbur_vmin,%Vbur(min) + Vmin,92.65,90.63194919098635,17.898549318160214,55.55079252739233,125.71310585458036,98.69,3.662489430337248,3,95.06,98.2,3.1400000000000006
1497,1d_2a,XPhos,Pd(OAc)2,KOH,MeOH,90.57,999,M0_vbur_vmin,%Vbur(min) + Vmin,90.57,94.37576083777222,13.670187971740118,67.5821924131616,121.16932926238285,98.69,3.38123405702275,4,95.06,98.2,3.1400000000000006
1166,1d_2a,P(Ph)3,Pd(OAc)2,NaHCO3,MeCN,93.27,777,M0_vbur_vmin,%Vbur(min) + Vmin,93.27,91.21200701429228,16.555138797797586,58.763934970609014,123.66007905797555,98.69,3.367937168747853,5,95.06,98.2,3.1400000000000006
1218,1d_2a,CataCXium A,Pd(OAc)2,LiOtBu,MeCN,94.64,813,M0_vbur_vmin,%Vbur(min) + Vmin,94.64,92.85923495682816,14.980234307149674,63.4979757148148,122.22049419884152,98.69,3.3367345532098396,6,95.06,98.2,3.1400000000000006
1206,1d_2a,CataCXium A,Pd(OAc)2,KOH,MeCN,93.12,805,M0_vbur_vmin,%Vbur(min) + Vmin,93.12,94.12527949166008,13.724268022004255,67.22571416853174,121.02484481478842,98.69,3.3114786279211166,7,95.06,98.2,3.1400000000000006
1298,1d_2a,P(Ph)3,Pd(OAc)2,KOH,THF,65.45,865,M0_vbur_vmin,%Vbur(min) + Vmin,65.45,88.30788699058901,16.77465635901069,55.42956052692806,121.18621345424997,98.69,2.61184424558443,8,95.06,98.2,3.1400000000000006
1202,1d_2a,P(Ph)3,Pd(OAc)2,KOH,MeCN,91.35,801,M0_vbur_vmin,%Vbur(min) + Vmin,91.35,86.96065343902944,17.471793101693837,52.715938959709526,121.20536791834937,98.69,2.496578768157393,9,95.06,98.2,3.1400000000000006
1214,1d_2a,P(Ph)3,Pd(OAc)2,LiOtBu,MeCN,98.2,809,M0_vbur_vmin,%Vbur(min) + Vmin,98.2,88.15265902579793,16.02179982810381,56.74993136271446,119.5553866888814,98.69,2.332543949137699,10,98.2,98.2,0.0
1418,1d_2a,P(Ph)3,Pd(OAc)2,Et3N,DMF,87.27,945,M0_vbur_vmin,%Vbur(min) + Vmin,87.27,85.72684083196597,16.607987547828472,53.17518523822217,118.27849642570978,98.69,1.9592224968896077,11,98.2,98.2,0.0
1213,1d_2a,P(tBu)3,Pd(OAc)2,LiOtBu,MeCN,92.92,808,M0_vbur_vmin,%Vbur(min) + Vmin,92.92,86.94003354032513,15.694138479481355,56.17952212054168,117.70054496010859,98.69,1.9521027673373244,12,98.2,98.2,0.0
1479,1d_2a,AmPhos,Pd(OAc)2,K3PO4,MeOH,92.82,986,M0_vbur_vmin,%Vbur(min) + Vmin,92.82,89.09403647006471,13.508492146979737,62.61739186198442,115.57068107814499,98.69,1.7799051345035615,13,98.2,98.2,0.0
1209,1d_2a,XPhos,Pd(OAc)2,KOH,MeCN,85.95,807,M0_vbur_vmin,%Vbur(min) + Vmin,85.95,86.91588363448068,14.68338669534956,58.13644571159554,115.69532155736582,98.69,1.6560328120845558,14,98.2,98.2,0.0
1483,1d_2a,SPhos,Pd(OAc)2,K3PO4,MeOH,91.37,990,M0_vbur_vmin,%Vbur(min) + Vmin,91.37,88.15286932065513,13.175772450642045,62.32835531739672,113.97738332391353,98.69,1.4813170481231763,15,98.2,98.2,0.0
1394,1d_2a,P(Ph)3,Pd(OAc)2,KOH,DMF,92.73,929,M0_vbur_vmin,%Vbur(min) + Vmin,92.73,83.80904274735823,16.019026952782156,52.411749919905205,115.20633557481126,98.69,1.4389816131198812,16,98.2,98.2,0.0
1456,1d_2a,P(Cy)3,Pd(OAc)2,NaHCO3,MeOH,92.43,971,M0_vbur_vmin,%Vbur(min) + Vmin,92.43,86.4708508614871,13.714066896406896,59.59127974452958,113.35042197844461,98.69,1.3093864752690214,17,98.2,98.2,0.0
1399,1d_2a,SPhos,Pd(OAc)2,KOH,DMF,85.37,934,M0_vbur_vmin,%Vbur(min) + Vmin,85.37,87.31295098510243,12.493213478487759,62.82625256726642,111.79964940293844,98.69,1.1423727659649465,18,98.2,98.2,0.0
1170,1d_2a,CataCXium A,Pd(OAc)2,NaHCO3,MeCN,92.01,781,M0_vbur_vmin,%Vbur(min) + Vmin,92.01,84.32861644567416,14.385767562121417,56.13251202391618,112.52472086743214,98.69,1.1249795020334483,19,98.2,98.2,0.0
1204,1d_2a,P(Cy)3,Pd(OAc)2,KOH,MeCN,83.91,803,M0_vbur_vmin,%Vbur(min) + Vmin,83.91,81.74239500253165,14.821684089973754,52.69189418618309,110.79289581888021,98.69,0.8712313001629166,20,98.2,98.2,0.0
1926,1d_2b,CataCXium A,Pd(OAc)2,NaOH,MeCN,94.39,1285,M0_vbur_vmin,%Vbur(min) + Vmin,94.39,98.75276582716285,12.987541901904196,73.29718369943062,124.20834795489507,98.42,5.098092030354821,1,94.39,100.0,5.609999999999999
1998,1d_2b,CataCXium A,Pd(OAc)2,Et3N,MeCN,94.32,1333,M0_vbur_vmin,%Vbur(min) + Vmin,94.32,98.02904200884765,12.631851236024206,73.27061358624022,122.78747043145509,98.42,4.606430440020563,2,94.39,100.0,5.609999999999999
1923,1d_2b,AmPhos,Pd(OAc)2,NaOH,MeCN,94.83,1282,M0_vbur_vmin,%Vbur(min) + Vmin,94.83,95.44549708768214,14.434752007060476,67.1533831538436,123.73761102152068,98.42,4.187403681434509,3,94.83,100.0,5.170000000000002
2261,1d_2b,P(o-Tol)3,Pd(OAc)2,KOH,MeOH,86.4,1508,M0_vbur_vmin,%Vbur(min) + Vmin,86.4,90.90512275077509,16.288897552973435,58.97888354694716,122.83136195460303,98.42,3.262047214627173,4,94.83,100.0,5.170000000000002
2078,1d_2b,P(Ph)3,Pd(OAc)2,LiOtBu,THF,94.71,1385,M0_vbur_vmin,%Vbur(min) + Vmin,94.71,88.47075055039878,17.068847884399595,55.01580869697557,121.92569240382198,98.42,2.82244185423779,5,94.83,100.0,5.170000000000002
2077,1d_2b,P(tBu)3,Pd(OAc)2,LiOtBu,THF,93.55,1384,M0_vbur_vmin,%Vbur(min) + Vmin,93.55,91.21552147471346,14.28985470585384,63.20740625123993,119.22363669818698,98.42,2.657672948888548,6,94.83,100.0,5.170000000000002
2079,1d_2b,AmPhos,Pd(OAc)2,LiOtBu,THF,95.53,1386,M0_vbur_vmin,%Vbur(min) + Vmin,95.53,91.67399406466492,13.824100215380941,64.57875764251828,118.76923048681157,98.42,2.632735904169864,7,95.53,100.0,4.469999999999999
1929,1d_2b,XPhos,Pd(OAc)2,NaOH,MeCN,90.64,1287,M0_vbur_vmin,%Vbur(min) + Vmin,90.64,92.38255134630613,13.12715754141304,66.65332256513658,118.11178012747568,98.42,2.604577851170285,8,95.53,100.0,4.469999999999999
2066,1d_2b,P(Ph)3,Pd(OAc)2,KOH,THF,77.32,1377,M0_vbur_vmin,%Vbur(min) + Vmin,77.32,86.14303007628023,17.576995338591125,51.69211921264162,120.59394093991884,98.42,2.398898959213849,9,95.53,100.0,4.469999999999999
2274,1d_2b,CataCXium A,Pd(OAc)2,LiOtBu,MeOH,86.19,1517,M0_vbur_vmin,%Vbur(min) + Vmin,86.19,90.37364449422716,13.954983889107044,63.02187607157736,117.72541291687696,98.42,2.306637267912614,10,95.53,100.0,4.469999999999999
2083,1d_2b,SPhos,Pd(OAc)2,LiOtBu,THF,95.34,1390,M0_vbur_vmin,%Vbur(min) + Vmin,95.34,91.3046833828188,12.913739519849301,65.99375392391417,116.61561284172342,98.42,2.2148798387568287,11,95.53,100.0,4.469999999999999
2222,1d_2b,P(Ph)3,Pd(OAc)2,NaHCO3,MeOH,87.84,1481,M0_vbur_vmin,%Vbur(min) + Vmin,87.84,87.11846760718507,16.076527496946248,55.608473713170426,118.62846150119971,98.42,2.167309740090488,12,95.53,100.0,4.469999999999999
2259,1d_2b,AmPhos,Pd(OAc)2,KOH,MeOH,83.8,1506,M0_vbur_vmin,%Vbur(min) + Vmin,83.8,88.19092784446437,15.12821387085322,58.53962865759206,117.84222703133668,98.42,2.127998694834556,13,95.53,100.0,4.469999999999999
1921,1d_2b,P(tBu)3,Pd(OAc)2,NaOH,MeCN,93.45,1280,M0_vbur_vmin,%Vbur(min) + Vmin,93.45,87.28766817596201,15.241403923215369,57.41451648645989,117.16081986546413,98.42,1.9539515795757505,14,95.53,100.0,4.469999999999999
2095,1d_2b,SPhos,Pd(OAc)2,Et3N,THF,85.37,1398,M0_vbur_vmin,%Vbur(min) + Vmin,85.37,88.15649996316482,14.129584744175618,60.46251386458061,115.85048606174902,98.42,1.8159372300927101,15,95.53,100.0,4.469999999999999
2114,1d_2b,P(Ph)3,Pd(OAc)2,NaOH,DMF,88.53,1409,M0_vbur_vmin,%Vbur(min) + Vmin,88.53,85.86802277524505,15.529499079082415,55.43020458024352,116.30584097024658,98.42,1.7372758548141705,16,95.53,100.0,4.469999999999999
2019,1d_2b,AmPhos,Pd(OAc)2,NaOH,THF,91.17,1346,M0_vbur_vmin,%Vbur(min) + Vmin,91.17,89.1080008090114,13.14345990954601,63.34681938630122,114.86918223172158,98.42,1.7343442055193785,17,95.53,100.0,4.469999999999999
1994,1d_2b,P(Ph)3,Pd(OAc)2,Et3N,MeCN,94.38,1329,M0_vbur_vmin,%Vbur(min) + Vmin,94.38,85.13007461538461,15.847034307077346,54.06988737351302,116.19026185725622,98.42,1.680376998475321,18,95.53,100.0,4.469999999999999
2271,1d_2b,AmPhos,Pd(OAc)2,LiOtBu,MeOH,100.0,1514,M0_vbur_vmin,%Vbur(min) + Vmin,100.0,85.84378302889544,15.126299490580896,56.19623602735689,115.491330030434,98.42,1.620642684154697,19,100.0,100.0,0.0
2215,1d_2b,SPhos,Pd(OAc)2,NaOH,MeOH,83.9,1478,M0_vbur_vmin,%Vbur(min) + Vmin,83.9,88.85269215099592,12.945280226078332,63.47994290788239,114.22544139410945,98.42,1.6182643390861453,20,100.0,100.0,0.0
3786,1d_2c,P(o-Tol)3,Pd(OAc)2,LiOtBu,MeOH,73.24,2524,M0_vbur_vmin,%Vbur(min) + Vmin,73.24,65.4510889740055,17.970090535931103,30.22971152358054,100.67246642443047,81.25,1.78171339926355,1,73.24,80.09,6.8500000000000085
3807,1d_2c,P(Ph)3,Pd(OAc)2,Et3N,MeOH,80.09,2537,M0_vbur_vmin,%Vbur(min) + Vmin,80.09,59.728633723680744,16.76467470030899,26.869871311075123,92.58739613628637,81.25,0.7415222606101,2,80.09,80.09,0.0
3790,1d_2c,XPhos,Pd(OAc)2,LiOtBu,MeOH,64.55,2527,M0_vbur_vmin,%Vbur(min) + Vmin,64.55,64.65583663915912,13.495699983006718,38.20426467246595,91.10740860585229,81.25,0.6593215797273357,3,80.09,80.09,0.0
3833,1d_2c,P(Cy)3,Pd(OAc)2,K3PO4,MeOH,78.59,2555,M0_vbur_vmin,%Vbur(min) + Vmin,78.59,61.42536636621277,15.20475770023078,31.62404127376044,91.2266914586651,81.25,0.6399131731548511,4,80.09,80.09,0.0
3810,1d_2c,P(o-Tol)3,Pd(OAc)2,Et3N,MeOH,79.4,2540,M0_vbur_vmin,%Vbur(min) + Vmin,79.4,57.40985864199858,16.906897715634862,24.27233911935425,90.54737816464291,81.25,0.5677524641067155,5,80.09,80.09,0.0
3788,1d_2c,SPhos,Pd(OAc)2,LiOtBu,MeOH,69.82,2526,M0_vbur_vmin,%Vbur(min) + Vmin,69.82,62.92233391312263,12.479200103131248,38.463101710985384,87.38156611525987,81.25,0.35851355068147006,6,80.09,80.09,0.0
3764,1d_2c,SPhos,Pd(OAc)2,NaOH,MeOH,62.57,2510,M0_vbur_vmin,%Vbur(min) + Vmin,62.57,59.86414457967325,13.954509799491499,32.51330537266992,87.21498378667658,81.25,0.3493038625543201,7,80.09,80.09,0.0
3812,1d_2c,SPhos,Pd(OAc)2,Et3N,MeOH,58.75,2542,M0_vbur_vmin,%Vbur(min) + Vmin,58.75,60.90864756682211,13.303333207917603,34.83411447930361,86.98318065434061,81.25,0.33436198865221356,8,80.09,80.09,0.0
3775,1d_2c,CataCXium A,Pd(OAc)2,KOH,MeOH,64.04,2517,M0_vbur_vmin,%Vbur(min) + Vmin,64.04,62.146532401535,12.50910731162718,37.628682070745725,86.66438273232427,81.25,0.314027031466104,9,80.09,80.09,0.0
3797,1d_2c,P(Cy)3,Pd(OAc)2,NaHCO3,MeOH,69.95,2531,M0_vbur_vmin,%Vbur(min) + Vmin,69.95,58.18011093952677,13.752536990774864,31.225138437608038,85.1350834414455,81.25,0.24313361878799022,10,80.09,80.09,0.0
3814,1d_2c,XPhos,Pd(OAc)2,Et3N,MeOH,44.35,2543,M0_vbur_vmin,%Vbur(min) + Vmin,44.35,55.929714610976404,14.027022138645954,28.436751219230334,83.42267800272248,81.25,0.18060194857545164,11,80.09,80.09,0.0
3820,1d_2c,AmPhos,Pd(OAc)2,CsF,MeOH,78.92,2546,M0_vbur_vmin,%Vbur(min) + Vmin,78.92,53.433135810161104,15.019472046105626,23.994970599794076,82.87130102052814,81.25,0.17245880949971437,12,80.09,80.09,0.0
3808,1d_2c,AmPhos,Pd(OAc)2,Et3N,MeOH,74.74,2538,M0_vbur_vmin,%Vbur(min) + Vmin,74.74,51.87502935015126,14.471928376139964,23.51004973291693,80.24000896738559,81.25,0.10324339214047973,13,80.09,80.09,0.0
3826,1d_2c,XPhos,Pd(OAc)2,CsF,MeOH,50.87,2551,M0_vbur_vmin,%Vbur(min) + Vmin,50.87,53.391661494321994,13.725506018333041,26.489669698389235,80.29365329025475,81.25,0.09744694981536006,14,80.09,80.09,0.0
3579,1d_2c,P(Ph)3,Pd(OAc)2,KOH,THF,42.44,2385,M0_vbur_vmin,%Vbur(min) + Vmin,42.44,47.04474400619954,15.629332732440256,16.411251850616637,77.67823616178244,81.25,0.07203650629023628,15,80.09,80.09,0.0
3619,1d_2c,CataCXium A,Pd(OAc)2,Et3N,THF,60.3,2413,M0_vbur_vmin,%Vbur(min) + Vmin,60.3,45.96220930319124,13.712549242298088,19.085612788286983,72.8388058180955,81.25,0.01945248436276928,16,80.09,80.09,0.0
3806,1d_2c,P(tBu)3,Pd(OAc)2,Et3N,MeOH,46.61,2536,M0_vbur_vmin,%Vbur(min) + Vmin,46.61,41.09090562461345,15.36765712143692,10.970297666597084,71.2115135826298,81.25,0.01942880356095414,17,80.09,80.09,0.0
3784,1d_2c,AmPhos,Pd(OAc)2,LiOtBu,MeOH,61.48,2522,M0_vbur_vmin,%Vbur(min) + Vmin,61.48,46.16856356514437,13.226118760579318,20.245370794408903,72.09175633587984,81.25,0.014475235778859508,18,80.09,80.09,0.0
3617,1d_2c,P(Cy)3,Pd(OAc)2,Et3N,THF,30.56,2411,M0_vbur_vmin,%Vbur(min) + Vmin,30.56,38.46308213180847,14.39993872420855,10.239202232359712,66.68696203125722,81.25,0.005386580782609569,19,80.09,80.09,0.0
3594,1d_2c,P(o-Tol)3,Pd(OAc)2,LiOtBu,THF,35.01,2396,M0_vbur_vmin,%Vbur(min) + Vmin,35.01,29.007344601159634,16.869659204304337,-4.05718743927687,62.071876641596134,81.25,0.004094963856417763,20,80.09,80.09,0.0
177,1a_2a,XPhos,Pd(OAc)2,Et3N,THF,88.93,119,M1_interpretable_5,Five interpretable Kraken descriptors,88.93,79.81357979092097,12.8653162287763,54.59755998251942,105.02959959932252,93.67,0.8554104332312547,1,88.93,92.83,3.8999999999999915
103,1a_2a,SPhos,Pd(OAc)2,NaOH,THF,87.06,70,M1_interpretable_5,Five interpretable Kraken descriptors,87.06,79.11808601153501,12.250375098882229,55.107350817725845,103.12882120534418,93.67,0.6478010675335599,2,88.93,92.83,3.8999999999999915
69,1a_2a,XPhos,Pd(OAc)2,LiOtBu,MeCN,92.83,47,M1_interpretable_5,Five interpretable Kraken descriptors,92.83,76.99772848369477,12.491944267160019,52.51351772006113,101.48193924732841,93.67,0.48421914261004684,3,92.83,92.83,0.0
163,1a_2a,SPhos,Pd(OAc)2,LiOtBu,THF,85.95,110,M1_interpretable_5,Five interpretable Kraken descriptors,85.95,76.15395319987799,11.225809372088829,54.15136683058388,98.1565395691721,93.67,0.2579243134012795,4,92.83,92.83,0.0
100,1a_2a,P(Cy)3,Pd(OAc)2,NaOH,THF,69.94,67,M1_interpretable_5,Five interpretable Kraken descriptors,69.94,70.39770880736805,11.573780662361354,47.71309870913979,93.08231890559631,93.67,0.08493507561782798,5,92.83,92.83,0.0
115,1a_2a,SPhos,Pd(OAc)2,NaHCO3,THF,79.85,78,M1_interpretable_5,Five interpretable Kraken descriptors,79.85,68.56569834454766,12.171265229834319,44.710018494072386,92.42137819502292,93.67,0.07793359155774388,6,92.83,92.83,0.0
117,1a_2a,XPhos,Pd(OAc)2,NaHCO3,THF,80.77,79,M1_interpretable_5,Five interpretable Kraken descriptors,80.77,64.4725381017452,12.895441512110391,39.197472738008834,89.74760346548157,93.67,0.04681238761058071,7,92.83,92.83,0.0
114,1a_2a,CataCXium A,Pd(OAc)2,NaHCO3,THF,70.45,77,M1_interpretable_5,Five interpretable Kraken descriptors,70.45,67.84046694361672,10.887901596673471,46.500179814136715,89.18075407309672,93.67,0.028032112814634247,8,92.83,92.83,0.0
19,1a_2a,SPhos,Pd(OAc)2,NaHCO3,MeCN,69.22,14,M1_interpretable_5,Five interpretable Kraken descriptors,69.22,58.7482753213201,12.648220285957917,33.95776356084258,83.53878708179762,93.67,0.009609266274314604,9,92.83,92.83,0.0
31,1a_2a,SPhos,Pd(OAc)2,CsF,MeCN,68.44,22,M1_interpretable_5,Five interpretable Kraken descriptors,68.44,54.532370302943264,11.894545526709416,31.219061070592808,77.84567953529373,93.67,0.0013377807787692507,10,92.83,92.83,0.0
157,1a_2a,P(tBu)3,Pd(OAc)2,LiOtBu,THF,66.16,104,M1_interpretable_5,Five interpretable Kraken descriptors,66.16,52.20950344893326,12.477121284973405,27.75434573038539,76.66466116748114,93.67,0.0012478098721002938,11,92.83,92.83,0.0
169,1a_2a,P(tBu)3,Pd(OAc)2,Et3N,THF,68.72,112,M1_interpretable_5,Five interpretable Kraken descriptors,68.72,48.78680595471887,13.157328154145274,22.998442772594135,74.57516913684361,93.67,0.0009404071823147352,12,92.83,92.83,0.0
249,1a_2a,XPhos,Pd(OAc)2,KOH,DMF,79.14,167,M1_interpretable_5,Five interpretable Kraken descriptors,79.14,41.20073490760456,14.733776455131114,12.32253305554758,70.07893675966154,93.67,0.0005878704394875079,13,92.83,92.83,0.0
247,1a_2a,SPhos,Pd(OAc)2,KOH,DMF,62.77,166,M1_interpretable_5,Five interpretable Kraken descriptors,62.77,41.29871374729184,14.311493083560197,13.248187303513856,69.34924019106982,93.67,0.00037982796852956136,14,92.83,92.83,0.0
375,1a_2a,AmPhos,Pd(OAc)2,None,MeOH,32.25,250,M1_interpretable_5,Five interpretable Kraken descriptors,32.25,37.192533783503414,13.892131824288931,9.96395540789711,64.42111215910973,93.67,6.302355377483604e-05,15,92.83,92.83,0.0
171,1a_2a,AmPhos,Pd(OAc)2,Et3N,THF,48.8,114,M1_interpretable_5,Five interpretable Kraken descriptors,48.8,38.98128963327765,13.353420735117677,12.808584992447003,65.1539942741083,93.67,5.2505262893430115e-05,16,92.83,92.83,0.0
261,1a_2a,XPhos,Pd(OAc)2,LiOtBu,DMF,61.47,175,M1_interpretable_5,Five interpretable Kraken descriptors,61.47,41.88613180851297,12.64731718173776,17.097390132306963,66.67487348471897,93.67,4.948888833992721e-05,17,92.83,92.83,0.0
316,1a_2a,P(Cy)3,Pd(OAc)2,CsF,MeOH,30.94,211,M1_interpretable_5,Five interpretable Kraken descriptors,30.94,33.250864782328264,13.72066618988035,6.358359050162779,60.14337051449375,93.67,1.2757628827201044e-05,18,92.83,92.83,0.0
133,1a_2a,P(tBu)3,Pd(OAc)2,K3PO4,THF,41.23,88,M1_interpretable_5,Five interpretable Kraken descriptors,41.23,38.07836939824894,12.639201659191269,13.305534146234052,62.851204650263824,93.67,1.1868927018941376e-05,19,92.83,92.83,0.0
357,1a_2a,XPhos,Pd(OAc)2,LiOtBu,MeOH,27.33,239,M1_interpretable_5,Five interpretable Kraken descriptors,27.33,42.02099682667694,11.76294877072811,18.965617236049845,65.07637641730403,93.67,1.1293488218082392e-05,20,92.83,92.83,0.0
2863,1a_2b,SPhos,Pd(OAc)2,Et3N,THF,76.22,1910,M1_interpretable_5,Five interpretable Kraken descriptors,76.22,69.10276940770478,12.668188624382083,44.2731197039159,93.93241911149366,77.13,1.8938496842858545,1,76.22,92.16,15.939999999999998
2757,1a_2b,XPhos,Pd(OAc)2,LiOtBu,MeCN,76.56,1839,M1_interpretable_5,Five interpretable Kraken descriptors,76.56,70.23243966959205,11.6826609011513,47.33442430333551,93.1304550358486,77.13,1.86627825697327,2,76.56,92.16,15.599999999999994
2875,1a_2b,SPhos,Pd(OAc)2,None,THF,69.3,1918,M1_interpretable_5,Five interpretable Kraken descriptors,69.3,69.6401987853632,12.09706170664941,45.92995784033036,93.35043973039603,77.13,1.8470912385114628,3,76.56,92.16,15.599999999999994
2793,1a_2b,XPhos,Pd(OAc)2,NaOH,THF,92.16,1863,M1_interpretable_5,Five interpretable Kraken descriptors,92.16,63.82827674861757,14.729314712271309,34.9588199125658,92.69773358466934,77.13,1.3815628126951554,4,92.16,92.16,0.0
2877,1a_2b,XPhos,Pd(OAc)2,None,THF,84.83,1919,M1_interpretable_5,Five interpretable Kraken descriptors,84.83,65.35787739340984,12.887696380285195,40.09799248805085,90.61776229876882,77.13,1.1750224037510768,5,92.16,92.16,0.0
2781,1a_2b,XPhos,Pd(OAc)2,None,MeCN,66.37,1855,M1_interpretable_5,Five interpretable Kraken descriptors,66.37,60.0916343440707,11.482461849171054,37.58600911969543,82.59725956844596,77.13,0.3160425661616424,6,92.16,92.16,0.0
2721,1a_2b,XPhos,Pd(OAc)2,CsF,MeCN,77.78,1815,M1_interpretable_5,Five interpretable Kraken descriptors,77.78,58.152519299974806,12.288996177139412,34.06608679278156,82.23895180716805,77.13,0.2959091227857953,7,92.16,92.16,0.0
2731,1a_2b,SPhos,Pd(OAc)2,K3PO4,MeCN,69.42,1822,M1_interpretable_5,Five interpretable Kraken descriptors,69.42,53.396478971360544,12.583514679069173,28.732790200384965,78.06016774233612,77.13,0.13004487506204332,8,92.16,92.16,0.0
2992,1a_2b,P(Cy)3,Pd(OAc)2,NaHCO3,MeOH,30.49,1995,M1_interpretable_5,Five interpretable Kraken descriptors,30.49,40.07531995169285,13.987403756138615,12.66000858966116,67.49063131372453,77.13,0.01557759237497297,9,92.16,92.16,0.0
2983,1a_2b,SPhos,Pd(OAc)2,NaOH,MeOH,63.06,1990,M1_interpretable_5,Five interpretable Kraken descriptors,63.06,37.87162425524551,13.877148180414773,10.672413821632553,65.07083468885847,77.13,0.008474738000402715,10,92.16,92.16,0.0
3021,1a_2b,XPhos,Pd(OAc)2,K3PO4,MeOH,51.75,2015,M1_interpretable_5,Five interpretable Kraken descriptors,51.75,37.912572311617865,12.630628555223087,13.156540343380616,62.66860427985512,77.13,0.0028703566452019033,11,92.16,92.16,0.0
2871,1a_2b,AmPhos,Pd(OAc)2,None,THF,31.05,1914,M1_interpretable_5,Five interpretable Kraken descriptors,31.05,31.15523738151646,14.347838306470871,3.0334743008335536,59.27700046219937,77.13,0.0022970863189263786,12,92.16,92.16,0.0
2845,1a_2b,P(tBu)3,Pd(OAc)2,LiOtBu,THF,52.95,1896,M1_interpretable_5,Five interpretable Kraken descriptors,52.95,38.6166721392898,12.145855304756731,14.810795741966604,62.42254853661299,77.13,0.002151334763113518,13,92.16,92.16,0.0
2836,1a_2b,P(Cy)3,Pd(OAc)2,KOH,THF,46.21,1891,M1_interpretable_5,Five interpretable Kraken descriptors,46.21,32.689553937936516,13.813567809673838,5.614961030975795,59.76414684489724,77.13,0.0020967873485121698,14,92.16,92.16,0.0
3038,1a_2b,P(Ph)3,Pd(OAc)2,LiOtBu,MeOH,9.21,2025,M1_interpretable_5,Five interpretable Kraken descriptors,9.21,25.851110279406807,15.686851418483904,-4.895118500821646,56.59733905963526,77.13,0.0019905259207624766,15,92.16,92.16,0.0
2994,1a_2b,CataCXium A,Pd(OAc)2,NaHCO3,MeOH,16.27,1997,M1_interpretable_5,Five interpretable Kraken descriptors,16.27,38.23556538515743,11.788990562832177,15.12914388200636,61.3419868883085,77.13,0.0012799432058810435,16,92.16,92.16,0.0
2838,1a_2b,CataCXium A,Pd(OAc)2,KOH,THF,33.61,1893,M1_interpretable_5,Five interpretable Kraken descriptors,33.61,36.33692033000496,12.289122211290843,12.250240795874905,60.423599864135014,77.13,0.0012426400428770246,17,92.16,92.16,0.0
2778,1a_2b,CataCXium A,Pd(OAc)2,None,MeCN,18.06,1853,M1_interpretable_5,Five interpretable Kraken descriptors,18.06,34.466838296285395,12.70441717290115,9.566180637399142,59.36749595517165,77.13,0.0011117433435172356,18,92.16,92.16,0.0
2812,1a_2b,P(Cy)3,Pd(OAc)2,CsF,THF,43.78,1875,M1_interpretable_5,Five interpretable Kraken descriptors,43.78,35.50919600931445,12.275648532859655,11.448924884909527,59.56946713371937,77.13,0.0009416878594218896,19,92.16,92.16,0.0
2798,1a_2b,P(Ph)3,Pd(OAc)2,NaHCO3,THF,15.63,1865,M1_interpretable_5,Five interpretable Kraken descriptors,15.63,28.84338813195975,13.79378066503958,1.8075780284821725,55.87919823543733,77.13,0.0006962433458575293,20,92.16,92.16,0.0
4558,1a_2c,XPhos,Pd(OAc)2,LiOtBu,MeOH,59.08,3039,M1_interpretable_5,Five interpretable Kraken descriptors,59.08,47.777131414876656,11.47153277187051,25.292927182010455,70.26133564774285,49.99,3.3474244002157905,1,59.08,59.08,0.0
4604,1a_2c,SPhos,Pd(OAc)2,K3PO4,MeOH,48.66,3070,M1_interpretable_5,Five interpretable Kraken descriptors,48.66,38.90829762383787,13.151961219700167,13.130453633225539,64.6861416144502,49.99,1.3684752251187917,2,59.08,59.08,0.0
4544,1a_2c,SPhos,Pd(OAc)2,KOH,MeOH,41.19,3030,M1_interpretable_5,Five interpretable Kraken descriptors,41.19,40.77168145960117,11.385688056677019,18.45573286851421,63.08763005068813,49.99,1.2441216276929121,3,59.08,59.08,0.0
4325,1a_2c,P(Cy)3,Pd(OAc)2,None,THF,18.72,2883,M1_interpretable_5,Five interpretable Kraken descriptors,18.72,36.75088259968315,12.432095028932725,12.38397634297501,61.11778885639129,49.99,0.8444626397127306,4,59.08,59.08,0.0
4602,1a_2c,P(o-Tol)3,Pd(OAc)2,K3PO4,MeOH,17.83,3068,M1_interpretable_5,Five interpretable Kraken descriptors,17.83,34.62391112065759,12.200784147995137,10.710374190587121,58.53744805072806,49.99,0.5549862897750935,5,59.08,59.08,0.0
4226,1a_2c,P(tBu)3,Pd(OAc)2,None,MeCN,16.56,2816,M1_interpretable_5,Five interpretable Kraken descriptors,16.56,32.904348415597724,12.86112186255296,7.696549564993923,58.112147266201525,49.99,0.5065468519896537,6,59.08,59.08,0.0
4370,1a_2c,P(tBu)3,Pd(OAc)2,NaHCO3,THF,15.38,2912,M1_interpretable_5,Five interpretable Kraken descriptors,15.38,30.330705852668505,14.068925060097179,2.755612734878035,57.905798970458974,49.99,0.4796295624497091,7,59.08,59.08,0.0
4322,1a_2c,P(tBu)3,Pd(OAc)2,None,THF,15.0,2880,M1_interpretable_5,Five interpretable Kraken descriptors,15.0,32.526302319083925,12.586797459481884,7.8561792984994305,57.19642533966842,49.99,0.434588693999566,8,59.08,59.08,0.0
4567,1a_2c,CataCXium A,Pd(OAc)2,NaHCO3,MeOH,7.73,3045,M1_interpretable_5,Five interpretable Kraken descriptors,7.73,29.799187774372935,13.354304999122583,3.624749976092673,55.9736255726532,49.99,0.3493789319367131,9,59.08,59.08,0.0
4601,1a_2c,P(Cy)3,Pd(OAc)2,K3PO4,MeOH,21.39,3067,M1_interpretable_5,Five interpretable Kraken descriptors,21.39,31.345549560424207,12.430154464232137,6.982446810529218,55.708652310319195,49.99,0.33220909968090506,10,59.08,59.08,0.0
4594,1a_2c,XPhos,Pd(OAc)2,CsF,MeOH,29.03,3063,M1_interpretable_5,Five interpretable Kraken descriptors,29.03,29.088646809704194,12.865298555971481,3.8726616400000893,54.3046319794083,49.99,0.2570313325032132,11,59.08,59.08,0.0
4580,1a_2c,SPhos,Pd(OAc)2,Et3N,MeOH,21.06,3054,M1_interpretable_5,Five interpretable Kraken descriptors,21.06,28.594995466227957,13.083467465828194,2.9513992332046968,54.23859169925122,49.99,0.25516608033310395,12,59.08,59.08,0.0
4551,1a_2c,P(Ph)3,Pd(OAc)2,LiOtBu,MeOH,17.63,3033,M1_interpretable_5,Five interpretable Kraken descriptors,17.63,27.937117522196676,13.153936556296376,2.15540187185578,53.71883317253757,49.99,0.23216555831938324,13,59.08,59.08,0.0
4598,1a_2c,P(tBu)3,Pd(OAc)2,K3PO4,MeOH,19.82,3064,M1_interpretable_5,Five interpretable Kraken descriptors,19.82,25.323431438383807,13.943432970233152,-2.0056971832731705,52.652560060040784,49.99,0.19660660319031087,14,59.08,59.08,0.0
4554,1a_2c,P(o-Tol)3,Pd(OAc)2,LiOtBu,MeOH,15.16,3036,M1_interpretable_5,Five interpretable Kraken descriptors,15.16,22.556862980617638,14.862468965924156,-6.573576192593709,51.68730215382898,49.99,0.17327820627533852,15,59.08,59.08,0.0
4541,1a_2c,P(Cy)3,Pd(OAc)2,KOH,MeOH,18.12,3027,M1_interpretable_5,Five interpretable Kraken descriptors,18.12,27.275633615602974,12.63095543418632,2.5189609645977846,52.03230626660816,49.99,0.16381625691053658,16,59.08,59.08,0.0
4563,1a_2c,P(Ph)3,Pd(OAc)2,NaHCO3,MeOH,21.3,3041,M1_interpretable_5,Five interpretable Kraken descriptors,21.3,27.08500482147029,12.52725864729125,2.5315778727794402,51.638431770161134,49.99,0.1502960430828144,17,59.08,59.08,0.0
4347,1a_2c,P(Ph)3,Pd(OAc)2,KOH,THF,20.73,2897,M1_interpretable_5,Five interpretable Kraken descriptors,20.73,25.514524079424906,13.219637824666647,-0.39596605692172204,51.42501421577153,49.99,0.15025782574934166,18,59.08,59.08,0.0
4420,1a_2c,AmPhos,Pd(OAc)2,None,DMF,15.57,2946,M1_interpretable_5,Five interpretable Kraken descriptors,15.57,22.955225558277217,14.186850291453277,-4.8510010129712064,50.76145212952564,49.99,0.14093520481994748,19,59.08,59.08,0.0
4491,1a_2c,P(Ph)3,Pd(OAc)2,CsF,DMF,24.48,2993,M1_interpretable_5,Five interpretable Kraken descriptors,24.48,21.57147128180857,14.07574242053699,-6.016983862443929,49.15992642606107,49.99,0.10315082386894836,20,59.08,59.08,0.0
690,1b_2a,CataCXium A,Pd(OAc)2,NaHCO3,MeOH,86.98,461,M1_interpretable_5,Five interpretable Kraken descriptors,86.98,105.36770216300486,11.174215993393089,83.46623881595441,127.26916551005532,96.89,9.536918942060876,1,86.98,97.83,10.849999999999994
390,1b_2a,CataCXium A,Pd(OAc)2,NaOH,MeCN,96.38,261,M1_interpretable_5,Five interpretable Kraken descriptors,96.38,100.1383611520072,11.520962753842232,77.55727415447643,122.71944814953798,96.89,6.100542314059883,2,96.38,97.83,1.4500000000000028
726,1b_2a,CataCXium A,Pd(OAc)2,KOH,MeOH,85.46,485,M1_interpretable_5,Five interpretable Kraken descriptors,85.46,95.91309229497523,12.771919556291518,70.88012996464386,120.9460546253066,96.89,4.390833692069332,3,96.38,97.83,1.4500000000000028
722,1b_2a,P(Ph)3,Pd(OAc)2,KOH,MeOH,92.61,481,M1_interpretable_5,Five interpretable Kraken descriptors,92.61,94.89089535040591,13.496999307000904,68.43677670868414,121.34501399212769,96.89,4.227010681065537,4,96.38,97.83,1.4500000000000028
679,1b_2a,SPhos,Pd(OAc)2,NaOH,MeOH,92.88,454,M1_interpretable_5,Five interpretable Kraken descriptors,92.88,95.26024862560854,12.423958132208464,70.90929068647995,119.61120656473713,96.89,3.96421325624354,5,96.38,97.83,1.4500000000000028
746,1b_2a,P(Ph)3,Pd(OAc)2,Et3N,MeOH,82.99,497,M1_interpretable_5,Five interpretable Kraken descriptors,82.99,93.97127521053002,12.416013714039666,69.63588833101228,118.30666209004777,96.89,3.4305030084091097,6,96.38,97.83,1.4500000000000028
486,1b_2a,CataCXium A,Pd(OAc)2,NaOH,THF,96.57,325,M1_interpretable_5,Five interpretable Kraken descriptors,96.57,94.27029643251288,11.836760142749746,71.07024655272338,117.47034631230238,96.89,3.3254007868577915,7,96.57,97.83,1.2600000000000051
558,1b_2a,CataCXium A,Pd(OAc)2,Et3N,THF,97.83,373,M1_interpretable_5,Five interpretable Kraken descriptors,97.83,92.85590626789026,11.952532454917067,69.42894265625281,116.28286987952771,96.89,2.8403525028995693,8,97.83,97.83,0.0
542,1b_2a,P(Ph)3,Pd(OAc)2,LiOtBu,THF,87.78,361,M1_interpretable_5,Five interpretable Kraken descriptors,87.78,88.90637131745304,13.636522833360253,62.17878656406694,115.63395607083913,96.89,2.218470576045861,9,97.83,97.83,0.0
482,1b_2a,P(Ph)3,Pd(OAc)2,NaOH,THF,90.21,321,M1_interpretable_5,Five interpretable Kraken descriptors,90.21,86.79747887576755,13.796760189851181,59.755828903659236,113.83912884787587,96.89,1.7548178154667013,10,97.83,97.83,0.0
759,1b_2a,AmPhos,Pd(OAc)2,None,MeOH,61.57,506,M1_interpretable_5,Five interpretable Kraken descriptors,61.57,85.32166896543474,14.696150345112457,56.51721428901432,114.12612364185516,96.89,1.7015599234001928,11,97.83,97.83,0.0
387,1b_2a,AmPhos,Pd(OAc)2,NaOH,MeCN,86.82,258,M1_interpretable_5,Five interpretable Kraken descriptors,86.82,85.48329460427983,13.990654112050043,58.06161254466175,112.90497666389791,96.89,1.5356828529009299,12,97.83,97.83,0.0
555,1b_2a,AmPhos,Pd(OAc)2,Et3N,THF,91.88,370,M1_interpretable_5,Five interpretable Kraken descriptors,91.88,83.96206338299135,14.549083175823569,55.44586035837715,112.47826640760553,96.89,1.4007603749845634,13,97.83,97.83,0.0
531,1b_2a,AmPhos,Pd(OAc)2,KOH,THF,75.63,354,M1_interpretable_5,Five interpretable Kraken descriptors,75.63,85.79512476031289,12.707746593305437,60.887941437434236,110.70230808319154,96.89,1.247449802813915,14,97.83,97.83,0.0
483,1b_2a,AmPhos,Pd(OAc)2,NaOH,THF,86.25,322,M1_interpretable_5,Five interpretable Kraken descriptors,86.25,82.40592447234229,14.597767036577366,53.794301080650655,111.01754786403393,96.89,1.156155892723287,15,97.83,97.83,0.0
553,1b_2a,P(tBu)3,Pd(OAc)2,Et3N,THF,94.67,368,M1_interpretable_5,Five interpretable Kraken descriptors,94.67,84.43968503943884,13.205876520142214,58.5561670599601,110.32320301891758,96.89,1.1414022124496443,16,97.83,97.83,0.0
638,1b_2a,P(Ph)3,Pd(OAc)2,LiOtBu,DMF,81.23,425,M1_interpretable_5,Five interpretable Kraken descriptors,81.23,84.41648763457631,12.789642398144538,59.348788534213014,109.48418673493961,96.89,1.0367214190730976,17,97.83,97.83,0.0
723,1b_2a,AmPhos,Pd(OAc)2,KOH,MeOH,71.62,482,M1_interpretable_5,Five interpretable Kraken descriptors,71.62,82.84306600767539,13.74273827888904,55.90729898105287,109.77883303429792,96.89,1.0229753602632004,18,97.83,97.83,0.0
714,1b_2a,CataCXium A,Pd(OAc)2,K3PO4,MeOH,89.42,477,M1_interpretable_5,Five interpretable Kraken descriptors,89.42,83.41446942082013,13.319867360737849,57.30752939377395,109.5214094478663,96.89,1.0095673104048792,19,97.83,97.83,0.0
457,1b_2a,P(tBu)3,Pd(OAc)2,Et3N,MeCN,91.95,304,M1_interpretable_5,Five interpretable Kraken descriptors,91.95,82.9130221804554,13.602489144068903,56.252143458080354,109.57390090283045,96.89,1.0012116450064896,20,97.83,97.83,0.0
2391,1b_2b,AmPhos,Pd(OAc)2,None,MeCN,83.89,1594,M1_interpretable_5,Five interpretable Kraken descriptors,83.89,83.44019873912737,13.683798549976023,56.619953581174364,110.26044389708036,96.75,1.1202210664276158,1,83.89,96.19,12.299999999999997
2366,1b_2b,P(Ph)3,Pd(OAc)2,LiOtBu,MeCN,73.07,1577,M1_interpretable_5,Five interpretable Kraken descriptors,73.07,84.35882055013262,12.685047675109653,59.4961271069177,109.22151399334754,96.75,1.0245598894089296,2,83.89,96.19,12.299999999999997
2355,1b_2b,AmPhos,Pd(OAc)2,KOH,MeCN,81.7,1570,M1_interpretable_5,Five interpretable Kraken descriptors,81.7,82.98473474680574,13.1391485848302,57.23200352053855,108.73746597307294,96.75,0.9273736915020887,3,83.89,96.19,12.299999999999997
2490,1b_2b,CataCXium A,Pd(OAc)2,None,THF,93.15,1661,M1_interpretable_5,Five interpretable Kraken descriptors,93.15,84.16016967987935,11.369852939208377,61.87525791903093,106.44508144072776,96.75,0.704296577893136,4,93.15,96.19,3.039999999999992
2358,1b_2b,CataCXium A,Pd(OAc)2,KOH,MeCN,78.09,1573,M1_interpretable_5,Five interpretable Kraken descriptors,78.09,83.25766810412105,11.422014329583789,60.87052001813683,105.64481619010527,96.75,0.6085908378344436,5,93.15,96.19,3.039999999999992
2365,1b_2b,P(tBu)3,Pd(OAc)2,LiOtBu,MeCN,92.06,1576,M1_interpretable_5,Five interpretable Kraken descriptors,92.06,78.159725635306,13.885990014856604,50.94318520618706,105.37626606442495,96.75,0.5381159777702091,6,93.15,96.19,3.039999999999992
2479,1b_2b,SPhos,Pd(OAc)2,Et3N,THF,87.02,1654,M1_interpretable_5,Five interpretable Kraken descriptors,87.02,77.83531186907892,12.96465330340933,52.424591394396636,103.24603234376121,96.75,0.382114962079219,7,93.15,96.19,3.039999999999992
2318,1b_2b,P(Ph)3,Pd(OAc)2,NaHCO3,MeCN,68.23,1545,M1_interpretable_5,Five interpretable Kraken descriptors,68.23,75.31914516203389,14.019522741065522,47.84088058954546,102.79740973452232,96.75,0.35427136635310696,8,93.15,96.19,3.039999999999992
2466,1b_2b,CataCXium A,Pd(OAc)2,LiOtBu,THF,96.19,1645,M1_interpretable_5,Five interpretable Kraken descriptors,96.19,79.22836630005635,10.974991019804435,57.71738390123966,100.73934869887304,96.75,0.2308354541087584,9,96.19,96.19,0.0
2594,1b_2b,P(Ph)3,Pd(OAc)2,NaOH,MeOH,79.1,1729,M1_interpretable_5,Five interpretable Kraken descriptors,79.1,74.59966765091772,12.632072839263861,49.84080488596055,99.3585304158749,96.75,0.18349445067656944,10,96.19,96.19,0.0
2583,1b_2b,AmPhos,Pd(OAc)2,None,DMF,57.76,1722,M1_interpretable_5,Five interpretable Kraken descriptors,57.76,71.17970367007035,13.95119199142236,43.83536736688252,98.52403997325818,96.75,0.1672276305854392,11,96.19,96.19,0.0
2666,1b_2b,P(Ph)3,Pd(OAc)2,Et3N,MeOH,53.9,1777,M1_interpretable_5,Five interpretable Kraken descriptors,53.9,73.22093376441966,12.928876688141614,47.88033545566209,98.56153207317722,96.75,0.15905454141755793,12,96.19,96.19,0.0
2439,1b_2b,AmPhos,Pd(OAc)2,K3PO4,THF,69.6,1626,M1_interpretable_5,Five interpretable Kraken descriptors,69.6,70.90931964364651,13.288419938911966,44.86401656337906,96.95462272391396,96.75,0.11831533323169174,13,96.19,96.19,0.0
2679,1b_2b,AmPhos,Pd(OAc)2,None,MeOH,42.55,1786,M1_interpretable_5,Five interpretable Kraken descriptors,42.55,68.578400185844,14.144386588363204,40.85540247265212,96.30139789903589,96.75,0.11166113980873427,14,96.19,96.19,0.0
2606,1b_2b,P(Ph)3,Pd(OAc)2,NaHCO3,MeOH,68.46,1737,M1_interpretable_5,Five interpretable Kraken descriptors,68.46,67.49964400345289,14.30743433811374,39.457072700749954,95.54221530615581,96.75,0.09795548949894928,15,96.19,96.19,0.0
2488,1b_2b,P(Cy)3,Pd(OAc)2,None,THF,68.94,1659,M1_interpretable_5,Five interpretable Kraken descriptors,68.94,73.00484346364094,11.966711873948729,49.55008819070143,96.45959873658045,96.75,0.09472928022253935,16,96.19,96.19,0.0
2331,1b_2b,AmPhos,Pd(OAc)2,CsF,MeCN,68.33,1554,M1_interpretable_5,Five interpretable Kraken descriptors,68.33,66.50930211628537,14.614654569088897,37.86457916087113,95.1540250716996,96.75,0.09364404802400039,17,96.19,96.19,0.0
2359,1b_2b,SPhos,Pd(OAc)2,KOH,MeCN,89.93,1574,M1_interpretable_5,Five interpretable Kraken descriptors,89.93,73.68737670102365,11.322614585143787,51.49505211414183,95.87970128790548,96.75,0.0771675651357448,18,96.19,96.19,0.0
2330,1b_2b,P(Ph)3,Pd(OAc)2,CsF,MeCN,53.51,1553,M1_interpretable_5,Five interpretable Kraken descriptors,53.51,69.1597056182245,12.622508887884116,44.419588197971635,93.89982303847738,96.75,0.05736835636217097,19,96.19,96.19,0.0
2502,1b_2b,CataCXium A,Pd(OAc)2,NaOH,DMF,65.95,1669,M1_interpretable_5,Five interpretable Kraken descriptors,65.95,68.50086909906847,12.515944580094727,43.9696177220828,93.03212047605413,96.75,0.04623239025726117,20,96.19,96.19,0.0
4215,1b_2c,P(Ph)3,Pd(OAc)2,K3PO4,MeOH,72.19,2809,M1_interpretable_5,Five interpretable Kraken descriptors,72.19,69.976994387187,13.212503461314837,44.08048760300993,95.87350117136408,74.84,3.0178801011072114,1,72.19,73.12,0.9300000000000068
4218,1b_2c,P(o-Tol)3,Pd(OAc)2,K3PO4,MeOH,68.86,2812,M1_interpretable_5,Five interpretable Kraken descriptors,68.86,69.28475176409987,13.602390749155655,42.62406589575478,95.94543763244495,74.84,2.927924214680976,2,72.19,73.12,0.9300000000000068
4146,1b_2c,P(o-Tol)3,Pd(OAc)2,NaOH,MeOH,51.26,2764,M1_interpretable_5,Five interpretable Kraken descriptors,51.26,61.816793817998914,12.620829522300873,37.0799679542892,86.55361968170862,74.84,0.9159634675136883,3,72.19,73.12,0.9300000000000068
4179,1b_2c,P(Ph)3,Pd(OAc)2,NaHCO3,MeOH,40.92,2785,M1_interpretable_5,Five interpretable Kraken descriptors,40.92,57.562565512750055,13.309242588055943,31.476450040160408,83.6486809853397,74.84,0.5613546030002283,4,72.19,73.12,0.9300000000000068
4167,1b_2c,P(Ph)3,Pd(OAc)2,LiOtBu,MeOH,73.12,2777,M1_interpretable_5,Five interpretable Kraken descriptors,73.12,52.88871490982405,12.914533836307575,27.576228590661206,78.2012012289869,74.84,0.21492661129997914,5,73.12,73.12,0.0
3938,1b_2c,P(tBu)3,Pd(OAc)2,None,THF,20.69,2624,M1_interpretable_5,Five interpretable Kraken descriptors,20.69,46.1181986587464,14.61564655114321,17.471531418505712,74.7648658989871,74.84,0.12431321371154136,6,73.12,73.12,0.0
4142,1b_2c,P(tBu)3,Pd(OAc)2,NaOH,MeOH,38.52,2760,M1_interpretable_5,Five interpretable Kraken descriptors,38.52,47.07525706824673,12.93708342437554,21.71857355647067,72.43194058002278,74.84,0.06601411667915813,7,73.12,73.12,0.0
3941,1b_2c,P(Cy)3,Pd(OAc)2,None,THF,18.38,2627,M1_interpretable_5,Five interpretable Kraken descriptors,18.38,46.941411091283385,12.85146528389757,21.75253913484415,72.13028304772263,74.84,0.06108374504892128,8,73.12,73.12,0.0
4154,1b_2c,P(tBu)3,Pd(OAc)2,KOH,MeOH,46.83,2768,M1_interpretable_5,Five interpretable Kraken descriptors,46.83,39.89889748619428,14.063429555031005,12.334575558333508,67.46321941405505,74.84,0.02647955408504965,9,73.12,73.12,0.0
4159,1b_2c,CataCXium A,Pd(OAc)2,KOH,MeOH,66.67,2773,M1_interpretable_5,Five interpretable Kraken descriptors,66.67,46.95424217501214,11.48716197402757,24.439404705918104,69.46907964410617,74.84,0.02517060011030922,10,73.12,73.12,0.0
4204,1b_2c,AmPhos,Pd(OAc)2,CsF,MeOH,71.17,2802,M1_interpretable_5,Five interpretable Kraken descriptors,71.17,37.62226239115371,14.501522191330865,9.199278896145216,66.0452458861622,74.84,0.021164351798254516,11,73.12,73.12,0.0
3847,1b_2c,CataCXium A,Pd(OAc)2,None,MeCN,14.79,2565,M1_interpretable_5,Five interpretable Kraken descriptors,14.79,38.662110910308165,12.340043685143497,14.475625287426912,62.84859653318942,74.84,0.005199420153205514,12,73.12,73.12,0.0
4190,1b_2c,P(tBu)3,Pd(OAc)2,Et3N,MeOH,40.8,2792,M1_interpretable_5,Five interpretable Kraken descriptors,40.8,33.88208940976918,12.516479793213323,9.349789015071067,58.41438980446729,74.84,0.0015203447041729455,13,73.12,73.12,0.0
3942,1b_2c,P(o-Tol)3,Pd(OAc)2,None,THF,20.14,2628,M1_interpretable_5,Five interpretable Kraken descriptors,20.14,33.04151627658807,12.71361905912023,8.12282292071242,57.960209632463716,74.84,0.0014597394591303499,14,73.12,73.12,0.0
4210,1b_2c,XPhos,Pd(OAc)2,CsF,MeOH,33.45,2807,M1_interpretable_5,Five interpretable Kraken descriptors,33.45,31.976705534482686,12.955314920356406,6.58428829058413,57.36912277838124,74.84,0.0013771168782421087,15,73.12,73.12,0.0
4192,1b_2c,AmPhos,Pd(OAc)2,Et3N,MeOH,57.24,2794,M1_interpretable_5,Five interpretable Kraken descriptors,57.24,28.248030504679164,13.977415571374493,0.8522959847851581,55.64376502457317,74.84,0.0013650677110348952,16,73.12,73.12,0.0
3964,1b_2c,AmPhos,Pd(OAc)2,KOH,THF,24.69,2642,M1_interpretable_5,Five interpretable Kraken descriptors,24.69,31.91549469108589,12.808482412167088,6.810869163238397,57.020120218933386,74.84,0.0011526227159741314,17,73.12,73.12,0.0
4012,1b_2c,AmPhos,Pd(OAc)2,CsF,THF,52.13,2674,M1_interpretable_5,Five interpretable Kraken descriptors,52.13,26.08552493199987,14.169829643477433,-1.6873411692158982,53.85839103321564,74.84,0.0009114017402405312,18,73.12,73.12,0.0
3927,1b_2c,P(Ph)3,Pd(OAc)2,K3PO4,MeCN,17.77,2617,M1_interpretable_5,Five interpretable Kraken descriptors,17.77,30.292627907282814,12.900542797992008,5.007564023218478,55.57769179134715,74.84,0.0007791248466631484,19,73.12,73.12,0.0
4035,1b_2c,P(Ph)3,Pd(OAc)2,None,DMF,13.72,2689,M1_interpretable_5,Five interpretable Kraken descriptors,13.72,25.228441387876156,14.02675961268026,-2.264007452977154,52.720890228729466,74.84,0.0006131599183150736,20,73.12,73.12,0.0
1072,1c_2a,P(Cy)3,Pd(OAc)2,NaHCO3,MeOH,89.13,715,M1_interpretable_5,Five interpretable Kraken descriptors,89.13,94.72255403809305,13.385603697383418,68.48677079122155,120.95833728496456,98.53,3.4604902961962436,1,89.13,97.45,8.320000000000007
1125,1c_2a,XPhos,Pd(OAc)2,LiOtBu,MeOH,82.88,751,M1_interpretable_5,Five interpretable Kraken descriptors,82.88,94.4774571742659,13.172461682740025,68.65943227609544,120.29548207243634,98.53,3.289542718082207,2,89.13,97.45,8.320000000000007
794,1c_2a,P(Ph)3,Pd(OAc)2,CsF,MeCN,96.49,529,M1_interpretable_5,Five interpretable Kraken descriptors,96.49,92.89821552090021,13.824198004286243,65.80278743249917,119.99364360930124,98.53,2.982959870821992,3,96.49,97.45,0.960000000000008
842,1c_2a,P(Ph)3,Pd(OAc)2,Et3N,MeCN,97.45,561,M1_interpretable_5,Five interpretable Kraken descriptors,97.45,93.8108735753612,12.850474125466096,68.62394428944765,118.99780286127475,98.53,2.9341376265785826,4,97.45,97.45,0.0
1084,1c_2a,P(Cy)3,Pd(OAc)2,CsF,MeOH,89.81,723,M1_interpretable_5,Five interpretable Kraken descriptors,89.81,92.68359509582673,13.315970984253555,66.58429196668976,118.7828982249637,98.53,2.7312758851566588,5,97.45,97.45,0.0
1106,1c_2a,P(Ph)3,Pd(OAc)2,KOH,MeOH,93.94,737,M1_interpretable_5,Five interpretable Kraken descriptors,93.94,92.81508166878945,12.861533322051558,67.6064763575684,118.0236869800105,98.53,2.611203771558089,6,97.45,97.45,0.0
1113,1c_2a,XPhos,Pd(OAc)2,KOH,MeOH,82.32,743,M1_interpretable_5,Five interpretable Kraken descriptors,82.32,90.3730990142157,11.751663604557267,67.33983834928345,113.40635967914794,98.53,1.5772915009227653,7,97.45,97.45,0.0
1094,1c_2a,P(Ph)3,Pd(OAc)2,K3PO4,MeOH,94.15,729,M1_interpretable_5,Five interpretable Kraken descriptors,94.15,89.0155908859098,12.746324870712622,64.03279413931307,113.99838763250654,98.53,1.5712765645083837,8,97.45,97.45,0.0
835,1c_2a,SPhos,Pd(OAc)2,LiOtBu,MeCN,90.89,558,M1_interpretable_5,Five interpretable Kraken descriptors,90.89,87.88484861423072,12.050866065341578,64.26515112616123,111.50454610230021,98.53,1.156161816061919,9,97.45,97.45,0.0
1123,1c_2a,SPhos,Pd(OAc)2,LiOtBu,MeOH,90.9,750,M1_interpretable_5,Five interpretable Kraken descriptors,90.9,85.27950331494469,13.316527132137564,59.17911013595507,111.37989649393431,98.53,1.04231363086241,10,97.45,97.45,0.0
846,1c_2a,CataCXium A,Pd(OAc)2,Et3N,MeCN,92.52,565,M1_interpretable_5,Five interpretable Kraken descriptors,92.52,86.80861365240513,12.295499462600574,62.709434705708006,110.90779259910225,98.53,1.0362179151579847,11,97.45,97.45,0.0
986,1c_2a,P(Ph)3,Pd(OAc)2,CsF,DMF,91.14,657,M1_interpretable_5,Five interpretable Kraken descriptors,91.14,84.00478020655568,13.79923728996255,56.95827511822908,111.05128529488228,98.53,0.9679693288332998,12,97.45,97.45,0.0
795,1c_2a,AmPhos,Pd(OAc)2,CsF,MeCN,93.69,530,M1_interpretable_5,Five interpretable Kraken descriptors,93.69,82.8913106916601,14.012548158065728,55.42671630185127,110.35590508146892,98.53,0.867199094050989,13,97.45,97.45,0.0
945,1c_2a,XPhos,Pd(OAc)2,Et3N,THF,95.85,631,M1_interpretable_5,Five interpretable Kraken descriptors,95.85,83.37611620533393,13.558750642466316,56.80096494609995,109.9512674645679,98.53,0.834405475751927,14,97.45,97.45,0.0
786,1c_2a,CataCXium A,Pd(OAc)2,NaHCO3,MeCN,92.77,525,M1_interpretable_5,Five interpretable Kraken descriptors,92.77,84.09145421989973,12.589336831200162,59.416354030747414,108.76655440905205,98.53,0.7259206767643276,15,97.45,97.45,0.0
855,1c_2a,AmPhos,Pd(OAc)2,None,MeCN,90.67,570,M1_interpretable_5,Five interpretable Kraken descriptors,90.67,79.6798146419474,14.51281881802098,51.23468975862628,108.12493952526853,98.53,0.6152944899979269,16,97.45,97.45,0.0
831,1c_2a,AmPhos,Pd(OAc)2,LiOtBu,MeCN,84.74,554,M1_interpretable_5,Five interpretable Kraken descriptors,84.74,78.12758306141535,14.567397739549495,49.57548349189834,106.67968263093236,98.53,0.49443526062368104,17,97.45,97.45,0.0
784,1c_2a,P(Cy)3,Pd(OAc)2,NaHCO3,MeCN,93.05,523,M1_interpretable_5,Five interpretable Kraken descriptors,93.05,80.50097164797445,12.861866257058017,55.29171378414074,105.71022951180817,98.53,0.4309908569251488,18,97.45,97.45,0.0
878,1c_2a,P(Ph)3,Pd(OAc)2,NaHCO3,THF,87.25,585,M1_interpretable_5,Five interpretable Kraken descriptors,87.25,79.47399229715694,13.29298169210896,53.41974818062338,105.52823641369051,98.53,0.41591963314485336,19,97.45,97.45,0.0
988,1c_2a,P(Cy)3,Pd(OAc)2,CsF,DMF,94.46,659,M1_interpretable_5,Five interpretable Kraken descriptors,94.46,80.33467385485436,12.308322589333189,56.21036157976131,104.4589861299474,98.53,0.34544449306553804,20,97.45,97.45,0.0
1610,1c_2b,P(Ph)3,Pd(OAc)2,Et3N,MeCN,92.43,1073,M1_interpretable_5,Five interpretable Kraken descriptors,92.43,88.6745185668504,13.26051616332467,62.68390688673404,114.66513024696675,97.25,1.9452174375300904,1,92.43,98.61,6.179999999999993
1742,1c_2b,P(Ph)3,Pd(OAc)2,NaHCO3,DMF,90.99,1161,M1_interpretable_5,Five interpretable Kraken descriptors,90.99,85.69792724037973,14.669706638450211,56.945302229017315,114.45055225174214,97.25,1.6973756006286265,2,92.43,98.61,6.179999999999993
1587,1c_2b,AmPhos,Pd(OAc)2,KOH,MeCN,90.4,1058,M1_interpretable_5,Five interpretable Kraken descriptors,90.4,83.14777634845319,14.659211967512157,54.415720892129364,111.87983180477701,97.25,1.2304074776365646,3,92.43,98.61,6.179999999999993
1802,1c_2b,P(Ph)3,Pd(OAc)2,Et3N,DMF,85.9,1201,M1_interpretable_5,Five interpretable Kraken descriptors,85.9,85.37629611783687,13.103230047488555,59.6939652247593,111.05862701091445,97.25,1.2124501164240256,4,92.43,98.61,6.179999999999993
1718,1c_2b,P(Ph)3,Pd(OAc)2,None,THF,96.15,1145,M1_interpretable_5,Five interpretable Kraken descriptors,96.15,83.44493474005792,14.336893202891448,55.34462406239068,111.54524541772516,97.25,1.199543229259532,5,96.15,98.61,2.4599999999999937
1539,1c_2b,AmPhos,Pd(OAc)2,NaOH,MeCN,62.59,1026,M1_interpretable_5,Five interpretable Kraken descriptors,62.59,80.32138463296042,14.330112899439033,52.23436335005991,108.40840591586093,97.25,0.7775668882599267,6,96.15,98.61,2.4599999999999937
1591,1c_2b,SPhos,Pd(OAc)2,KOH,MeCN,84.76,1062,M1_interpretable_5,Five interpretable Kraken descriptors,84.76,82.03146042409253,12.855022766590238,56.83561580157566,107.22730504660939,97.25,0.6881793768975368,7,96.15,98.61,2.4599999999999937
1694,1c_2b,P(Ph)3,Pd(OAc)2,LiOtBu,THF,94.45,1129,M1_interpretable_5,Five interpretable Kraken descriptors,94.45,80.35933177394325,13.700533488213264,53.50628613704526,107.21237741084124,97.25,0.6655340928366904,8,96.15,98.61,2.4599999999999937
1828,1c_2b,P(Cy)3,Pd(OAc)2,NaOH,MeOH,62.34,1219,M1_interpretable_5,Five interpretable Kraken descriptors,62.34,80.86558157894714,13.260748839860305,54.87451385282095,106.85664930507335,97.25,0.6388776874022097,9,96.15,98.61,2.4599999999999937
1646,1c_2b,P(Ph)3,Pd(OAc)2,NaHCO3,THF,96.16,1097,M1_interpretable_5,Five interpretable Kraken descriptors,96.16,79.60970560946076,13.714332290270542,52.7296143205305,106.48979689839102,97.25,0.5948174395775603,10,96.16,98.61,2.450000000000003
1636,1c_2b,P(Cy)3,Pd(OAc)2,NaOH,THF,66.25,1091,M1_interpretable_5,Five interpretable Kraken descriptors,66.25,79.85968838503814,13.479562448935367,53.43974598512482,106.27963078495145,97.25,0.5790283576516855,11,96.16,98.61,2.450000000000003
1778,1c_2b,P(Ph)3,Pd(OAc)2,KOH,DMF,83.87,1185,M1_interpretable_5,Five interpretable Kraken descriptors,83.87,78.60201345449512,13.417180425247638,52.30433982100975,104.8996870879805,97.25,0.463322704455712,12,96.16,98.61,2.450000000000003
1850,1c_2b,P(Ph)3,Pd(OAc)2,CsF,MeOH,80.77,1233,M1_interpretable_5,Five interpretable Kraken descriptors,80.77,77.51918707515794,13.160719687148672,51.724176488346544,103.31419766196935,97.25,0.35413914746253883,13,96.16,98.61,2.450000000000003
1795,1c_2b,SPhos,Pd(OAc)2,LiOtBu,DMF,77.06,1198,M1_interpretable_5,Five interpretable Kraken descriptors,77.06,80.19095812848255,11.399707408980273,57.84753160688122,102.53438465008388,97.25,0.30456761737618554,14,96.16,98.61,2.450000000000003
1768,1c_2b,P(Cy)3,Pd(OAc)2,K3PO4,DMF,52.88,1179,M1_interpretable_5,Five interpretable Kraken descriptors,52.88,77.55618439658747,11.978053497217333,54.07919954204149,101.03316925113344,97.25,0.22669100299123446,15,96.16,98.61,2.450000000000003
1564,1c_2b,P(Cy)3,Pd(OAc)2,CsF,MeCN,73.25,1043,M1_interpretable_5,Five interpretable Kraken descriptors,73.25,74.36807936869175,12.918671381706842,49.047483460546346,99.68867527683716,97.25,0.17986129040663212,16,96.16,98.61,2.450000000000003
1551,1c_2b,AmPhos,Pd(OAc)2,NaHCO3,MeCN,89.54,1034,M1_interpretable_5,Five interpretable Kraken descriptors,89.54,73.01888013954239,13.440296668374534,46.6758986695283,99.36186160955648,97.25,0.17334826110246937,17,96.16,98.61,2.450000000000003
1879,1c_2b,SPhos,Pd(OAc)2,KOH,MeOH,73.51,1254,M1_interpretable_5,Five interpretable Kraken descriptors,73.51,72.70926656818435,12.408091341713316,48.38940753842625,97.02912559794245,97.25,0.1003532420511356,18,96.16,98.61,2.450000000000003
1627,1c_2b,SPhos,Pd(OAc)2,None,MeCN,61.68,1086,M1_interpretable_5,Five interpretable Kraken descriptors,61.68,72.76048498224188,12.259678421568443,48.73151527596773,96.78945468851603,97.25,0.09387160012338236,19,96.16,98.61,2.450000000000003
1881,1c_2b,XPhos,Pd(OAc)2,KOH,MeOH,71.6,1255,M1_interpretable_5,Five interpretable Kraken descriptors,71.6,70.1171876048885,13.319481955559203,44.01100297199246,96.22337223778453,97.25,0.09238665899653942,20,96.16,98.61,2.450000000000003
3447,1c_2c,P(Ph)3,Pd(OAc)2,K3PO4,MeOH,84.54,2297,M1_interpretable_5,Five interpretable Kraken descriptors,84.54,69.89403982256499,12.399473012332402,45.591072718393484,94.19700692673649,83.66,0.7692303111051628,1,84.54,84.54,0.0
3423,1c_2c,P(Ph)3,Pd(OAc)2,Et3N,MeOH,71.31,2281,M1_interpretable_5,Five interpretable Kraken descriptors,71.31,63.03112176955504,13.068654816044836,37.416558330107165,88.64568520900292,83.66,0.2919403188876031,2,84.54,84.54,0.0
3171,1c_2c,P(Ph)3,Pd(OAc)2,None,THF,47.59,2113,M1_interpretable_5,Five interpretable Kraken descriptors,47.59,50.40359804120267,14.321855022442996,22.3327621972144,78.47443388519093,83.66,0.04431904800916581,3,84.54,84.54,0.0
3425,1c_2c,P(Cy)3,Pd(OAc)2,Et3N,MeOH,69.26,2283,M1_interpretable_5,Five interpretable Kraken descriptors,69.26,49.30387205389209,13.762773473099616,22.328836046616846,76.27890806116734,83.66,0.024918195334447557,4,84.54,84.54,0.0
3389,1c_2c,P(Cy)3,Pd(OAc)2,KOH,MeOH,49.15,2259,M1_interpretable_5,Five interpretable Kraken descriptors,49.15,53.926071401591976,11.909259062753318,30.583923638595472,77.26821916458849,83.66,0.021157804583100015,5,84.54,84.54,0.0
3392,1c_2c,SPhos,Pd(OAc)2,KOH,MeOH,45.38,2262,M1_interpretable_5,Five interpretable Kraken descriptors,45.38,44.96601196042393,13.613135368329019,18.28426663849905,71.6477572823488,83.66,0.007921973198365878,6,84.54,84.54,0.0
3315,1c_2c,P(Ph)3,Pd(OAc)2,NaHCO3,DMF,14.49,2209,M1_interpretable_5,Five interpretable Kraken descriptors,14.49,37.77934921037344,14.0810462278415,10.1804986038041,65.37819981694278,83.66,0.0018345105295453877,7,84.54,84.54,0.0
3207,1c_2c,P(Ph)3,Pd(OAc)2,LiOtBu,THF,60.47,2137,M1_interpretable_5,Five interpretable Kraken descriptors,60.47,41.790560574130055,12.848205562388749,16.608077671848108,66.973043476412,83.66,0.0016495689446273977,8,84.54,84.54,0.0
3448,1c_2c,AmPhos,Pd(OAc)2,K3PO4,MeOH,31.28,2298,M1_interpretable_5,Five interpretable Kraken descriptors,31.28,38.834057157812694,13.659838152000333,12.060774379892042,65.60733993573335,83.66,0.0016221739239657869,9,84.54,84.54,0.0
3390,1c_2c,P(o-Tol)3,Pd(OAc)2,KOH,MeOH,37.72,2260,M1_interpretable_5,Five interpretable Kraken descriptors,37.72,42.47521624539648,12.547770984636681,17.881585115508585,67.06884737528438,83.66,0.001468115742969501,10,84.54,84.54,0.0
3376,1c_2c,AmPhos,Pd(OAc)2,NaOH,MeOH,39.11,2250,M1_interpretable_5,Five interpretable Kraken descriptors,39.11,33.53314362715225,14.042775724289594,6.009303207544644,61.05698404675985,83.66,0.0005377487814957425,11,84.54,84.54,0.0
3378,1c_2c,P(o-Tol)3,Pd(OAc)2,NaOH,MeOH,35.64,2252,M1_interpretable_5,Five interpretable Kraken descriptors,35.64,39.55218584454526,12.422438458285782,15.204206466305124,63.90016522278539,83.66,0.0005041453923843751,12,84.54,84.54,0.0
3430,1c_2c,XPhos,Pd(OAc)2,Et3N,MeOH,30.62,2287,M1_interpretable_5,Five interpretable Kraken descriptors,30.62,33.64430462137201,13.901019282979194,6.398306826732789,60.890302416011224,83.66,0.00047328900775390516,13,84.54,84.54,0.0
3439,1c_2c,CataCXium A,Pd(OAc)2,CsF,MeOH,43.3,2293,M1_interpretable_5,Five interpretable Kraken descriptors,43.3,40.185365080173234,12.18108653067304,16.310435480054075,64.0602946802924,83.66,0.00045726194512101664,14,84.54,84.54,0.0
3341,1c_2c,P(Cy)3,Pd(OAc)2,CsF,DMF,13.65,2227,M1_interpretable_5,Five interpretable Kraken descriptors,13.65,33.89053941922031,13.514316162727125,7.402479740275147,60.37859909816547,83.66,0.00032266983657778994,15,84.54,84.54,0.0
3172,1c_2c,AmPhos,Pd(OAc)2,None,THF,23.86,2114,M1_interpretable_5,Five interpretable Kraken descriptors,23.86,35.37469395912888,12.989208265410934,9.915845758923446,60.83354215933431,83.66,0.00026655180067960017,16,84.54,84.54,0.0
3366,1c_2c,P(o-Tol)3,Pd(OAc)2,None,MeOH,38.2,2244,M1_interpretable_5,Five interpretable Kraken descriptors,38.2,30.35642438203034,13.555792385643093,3.787071306169878,56.9257774578908,83.66,0.00011105470736422467,17,84.54,84.54,0.0
3099,1c_2c,P(Ph)3,Pd(OAc)2,KOH,MeCN,13.24,2065,M1_interpretable_5,Five interpretable Kraken descriptors,13.24,27.495572040324983,14.112218007142843,-0.16437525367499006,55.15551933432496,83.66,9.422441475674627e-05,18,84.54,84.54,0.0
3365,1c_2c,P(Cy)3,Pd(OAc)2,None,MeOH,26.1,2243,M1_interpretable_5,Five interpretable Kraken descriptors,26.1,35.94132560855693,12.083684932745578,12.257303140375598,59.62534807673826,83.66,9.009254759716266e-05,19,84.54,84.54,0.0
3148,1c_2c,AmPhos,Pd(OAc)2,CsF,MeCN,13.25,2098,M1_interpretable_5,Five interpretable Kraken descriptors,13.25,17.933488538792,16.072391985716717,-13.568399753212763,49.43537683079677,83.66,6.68672860452725e-05,20,84.54,84.54,0.0
1206,1d_2a,CataCXium A,Pd(OAc)2,KOH,MeCN,93.12,805,M1_interpretable_5,Five interpretable Kraken descriptors,93.12,100.94317073968134,11.705815031697012,77.99977327755519,123.88656820180748,98.69,5.598807568080593,1,93.12,98.2,5.079999999999998
1298,1d_2a,P(Ph)3,Pd(OAc)2,KOH,THF,65.45,865,M1_interpretable_5,Five interpretable Kraken descriptors,65.45,97.41057390847939,13.972974247567691,70.02354438324672,124.79760343371207,98.69,4.72983749628343,2,93.12,98.2,5.079999999999998
1358,1d_2a,P(Ph)3,Pd(OAc)2,NaHCO3,DMF,89.45,905,M1_interpretable_5,Five interpretable Kraken descriptors,89.45,97.4888680429238,13.198683375211147,71.61944862750995,123.35828745833764,98.69,4.458621054505268,3,93.12,98.2,5.079999999999998
1202,1d_2a,P(Ph)3,Pd(OAc)2,KOH,MeCN,91.35,801,M1_interpretable_5,Five interpretable Kraken descriptors,91.35,95.71153274936962,14.92014512958765,66.46804829537783,124.95501720336142,98.69,4.374078717332651,4,93.12,98.2,5.079999999999998
1494,1d_2a,CataCXium A,Pd(OAc)2,KOH,MeOH,95.06,997,M1_interpretable_5,Five interpretable Kraken descriptors,95.06,97.29224292870524,11.287669947354644,75.16840983189013,119.41607602552034,98.69,3.617744692368137,5,95.06,98.2,3.1400000000000006
1214,1d_2a,P(Ph)3,Pd(OAc)2,LiOtBu,MeCN,98.2,809,M1_interpretable_5,Five interpretable Kraken descriptors,98.2,95.07136941832721,13.067860699124235,69.45836244804372,120.6843763886107,98.69,3.4108139257748746,6,98.2,98.2,0.0
1497,1d_2a,XPhos,Pd(OAc)2,KOH,MeOH,90.57,999,M1_interpretable_5,Five interpretable Kraken descriptors,90.57,93.79576892715835,14.098629287218523,66.16245552421005,121.42908233010665,98.69,3.3341566107421494,7,98.2,98.2,0.0
1218,1d_2a,CataCXium A,Pd(OAc)2,LiOtBu,MeCN,94.64,813,M1_interpretable_5,Five interpretable Kraken descriptors,94.64,93.37552632292366,13.802168000364071,66.32327704221008,120.42777560363724,98.69,3.0805318946276476,8,98.2,98.2,0.0
1166,1d_2a,P(Ph)3,Pd(OAc)2,NaHCO3,MeCN,93.27,777,M1_interpretable_5,Five interpretable Kraken descriptors,93.27,92.71996667883332,13.688511027470016,65.89048506499208,119.54944829267455,98.69,2.82481099927699,9,98.2,98.2,0.0
1518,1d_2a,CataCXium A,Pd(OAc)2,Et3N,MeOH,89.09,1013,M1_interpretable_5,Five interpretable Kraken descriptors,89.09,94.97836349366892,11.173136850695803,73.07901526630515,116.8777117210327,98.69,2.664591366048009,10,98.2,98.2,0.0
1242,1d_2a,CataCXium A,Pd(OAc)2,None,MeCN,80.77,829,M1_interpretable_5,Five interpretable Kraken descriptors,80.77,93.49093837484995,11.627933040866832,70.70018961475095,116.28168713494894,98.69,2.335617806015849,11,98.2,98.2,0.0
1418,1d_2a,P(Ph)3,Pd(OAc)2,Et3N,DMF,87.27,945,M1_interpretable_5,Five interpretable Kraken descriptors,87.27,89.67991394016522,13.772051705903294,62.68669259659477,116.67313528373568,98.69,1.9994752047453286,12,98.2,98.2,0.0
1456,1d_2a,P(Cy)3,Pd(OAc)2,NaHCO3,MeOH,92.43,971,M1_interpretable_5,Five interpretable Kraken descriptors,92.43,91.62086330165188,12.218265129099391,67.67306364861707,115.56866295468669,98.69,1.9963377456726397,13,98.2,98.2,0.0
1170,1d_2a,CataCXium A,Pd(OAc)2,NaHCO3,MeCN,92.01,781,M1_interpretable_5,Five interpretable Kraken descriptors,92.01,91.06998259717196,12.346959347053048,66.86994227694798,115.27002291739593,98.69,1.8941282777660682,14,98.2,98.2,0.0
1505,1d_2a,P(o-Tol)3,Pd(OAc)2,LiOtBu,MeOH,92.65,1004,M1_interpretable_5,Five interpretable Kraken descriptors,92.65,86.32110476739405,15.242635180096002,56.44553981440588,116.1966697203822,98.69,1.6935933260223641,15,98.2,98.2,0.0
1204,1d_2a,P(Cy)3,Pd(OAc)2,KOH,MeCN,83.91,803,M1_interpretable_5,Five interpretable Kraken descriptors,83.91,90.31359724345208,12.161996677429162,66.47608375569092,114.15111073121324,98.69,1.651544229812929,16,98.2,98.2,0.0
1394,1d_2a,P(Ph)3,Pd(OAc)2,KOH,DMF,92.73,929,M1_interpretable_5,Five interpretable Kraken descriptors,92.73,89.04145906076013,12.981978322294202,63.59678154906349,114.48613657245677,98.69,1.6113762420417634,17,98.2,98.2,0.0
1213,1d_2a,P(tBu)3,Pd(OAc)2,LiOtBu,MeCN,92.92,808,M1_interpretable_5,Five interpretable Kraken descriptors,92.92,86.2023324518726,14.150392458925584,58.46756323237847,113.93710167136675,98.69,1.3752943498821057,18,98.2,98.2,0.0
1527,1d_2a,AmPhos,Pd(OAc)2,None,MeOH,72.03,1018,M1_interpretable_5,Five interpretable Kraken descriptors,72.03,83.85709455916061,14.534296713526993,55.36987300064771,112.34431611767351,98.69,1.0894400222442826,19,98.2,98.2,0.0
1479,1d_2a,AmPhos,Pd(OAc)2,K3PO4,MeOH,92.82,986,M1_interpretable_5,Five interpretable Kraken descriptors,92.82,84.1781166822588,13.943847841443446,56.84817491302965,111.50805845148795,98.69,1.0019336621978927,20,98.2,98.2,0.0
1998,1d_2b,CataCXium A,Pd(OAc)2,Et3N,MeCN,94.32,1333,M1_interpretable_5,Five interpretable Kraken descriptors,94.32,104.28863631428041,11.446661549644528,81.85317967697713,126.72409295158369,98.42,7.744127735622067,1,94.32,100.0,5.680000000000007
1926,1d_2b,CataCXium A,Pd(OAc)2,NaOH,MeCN,94.39,1285,M1_interpretable_5,Five interpretable Kraken descriptors,94.39,101.42384798165654,11.57145043237068,78.74380513421,124.10389082910307,98.42,5.975915870347771,2,94.39,100.0,5.609999999999999
2066,1d_2b,P(Ph)3,Pd(OAc)2,KOH,THF,77.32,1377,M1_interpretable_5,Five interpretable Kraken descriptors,77.32,96.65257558328196,15.56557655442441,66.14404553661012,127.1611056299538,98.42,5.14182222408696,3,94.39,100.0,5.609999999999999
2077,1d_2b,P(tBu)3,Pd(OAc)2,LiOtBu,THF,93.55,1384,M1_interpretable_5,Five interpretable Kraken descriptors,93.55,98.76891225093716,11.635256644899913,75.96380922693334,121.57401527494099,98.42,4.566643286479067,4,94.39,100.0,5.609999999999999
1923,1d_2b,AmPhos,Pd(OAc)2,NaOH,MeCN,94.83,1282,M1_interpretable_5,Five interpretable Kraken descriptors,94.83,96.68657690088904,12.926492604086246,71.35065139688,122.02250240489808,98.42,4.116995494925884,5,94.83,100.0,5.170000000000002
2022,1d_2b,CataCXium A,Pd(OAc)2,NaOH,THF,92.59,1349,M1_interpretable_5,Five interpretable Kraken descriptors,92.59,96.47203188655506,11.354352481138154,74.21750102352428,118.72656274958584,98.42,3.410617274101847,6,94.83,100.0,5.170000000000002
2083,1d_2b,SPhos,Pd(OAc)2,LiOtBu,THF,95.34,1390,M1_interpretable_5,Five interpretable Kraken descriptors,95.34,93.46304508343292,11.876227168929063,70.18563983233196,116.74045033453388,98.42,2.500986732485471,7,95.34,100.0,4.659999999999997
2078,1d_2b,P(Ph)3,Pd(OAc)2,LiOtBu,THF,94.71,1385,M1_interpretable_5,Five interpretable Kraken descriptors,94.71,90.03074397077097,14.628742518539589,61.358408634433374,118.70307930710857,98.42,2.436893411993472,8,95.34,100.0,4.659999999999997
2095,1d_2b,SPhos,Pd(OAc)2,Et3N,THF,85.37,1398,M1_interpretable_5,Five interpretable Kraken descriptors,85.37,91.90092668913702,13.043796009695631,66.33508651013358,117.46676686814047,98.42,2.4299350749335975,9,95.34,100.0,4.659999999999997
2261,1d_2b,P(o-Tol)3,Pd(OAc)2,KOH,MeOH,86.4,1508,M1_interpretable_5,Five interpretable Kraken descriptors,86.4,91.07811819780552,13.297055269308087,65.01588986996167,117.14034652564938,98.42,2.2804788591013057,10,95.34,100.0,4.659999999999997
2295,1d_2b,AmPhos,Pd(OAc)2,None,MeOH,66.14,1530,M1_interpretable_5,Five interpretable Kraken descriptors,66.14,88.81443090915317,14.697534496559877,60.00726329589581,117.62159852241054,98.42,2.144538175114443,11,95.34,100.0,4.659999999999997
2259,1d_2b,AmPhos,Pd(OAc)2,KOH,MeOH,83.8,1506,M1_interpretable_5,Five interpretable Kraken descriptors,83.8,88.59482575288642,14.352079990399552,60.4647489717033,116.72490253406954,98.42,1.9840177880119976,12,95.34,100.0,4.659999999999997
2215,1d_2b,SPhos,Pd(OAc)2,NaOH,MeOH,83.9,1478,M1_interpretable_5,Five interpretable Kraken descriptors,83.9,89.4493205663213,12.94314442951922,64.08075748446363,114.81788364817898,98.42,1.7520048925939724,13,95.34,100.0,4.659999999999997
2163,1d_2b,AmPhos,Pd(OAc)2,KOH,DMF,91.35,1442,M1_interpretable_5,Five interpretable Kraken descriptors,91.35,89.56755378812709,12.752850308692462,64.57196718308987,114.5631403931643,98.42,1.7213742754491768,14,95.34,100.0,4.659999999999997
1921,1d_2b,P(tBu)3,Pd(OAc)2,NaOH,MeCN,93.45,1280,M1_interpretable_5,Five interpretable Kraken descriptors,93.45,87.93350750944526,13.472203602427687,61.527988448687,114.33902657020353,98.42,1.575702316339655,15,95.34,100.0,4.659999999999997
1959,1d_2b,AmPhos,Pd(OAc)2,K3PO4,MeCN,85.14,1306,M1_interpretable_5,Five interpretable Kraken descriptors,85.14,86.27572698877123,14.399458418430386,58.052788488647664,114.49866548889479,98.42,1.5051012156838994,16,95.34,100.0,4.659999999999997
2114,1d_2b,P(Ph)3,Pd(OAc)2,NaOH,DMF,88.53,1409,M1_interpretable_5,Five interpretable Kraken descriptors,88.53,89.0468385916663,12.382004107523802,64.77811054091964,113.31556664241296,98.42,1.4952917713169636,17,95.34,100.0,4.659999999999997
1929,1d_2b,XPhos,Pd(OAc)2,NaOH,MeCN,90.64,1287,M1_interpretable_5,Five interpretable Kraken descriptors,90.64,90.1609107999305,11.272293384280449,68.06721576674083,112.25460583312018,98.42,1.4106933706258669,18,95.34,100.0,4.659999999999997
2209,1d_2b,P(tBu)3,Pd(OAc)2,NaOH,MeOH,80.02,1472,M1_interpretable_5,Five interpretable Kraken descriptors,80.02,87.172402704627,13.139666001283201,61.41865734211193,112.92614806714208,98.42,1.3340689544392021,19,95.34,100.0,4.659999999999997
1924,1d_2b,P(Cy)3,Pd(OAc)2,NaOH,MeCN,85.66,1283,M1_interpretable_5,Five interpretable Kraken descriptors,85.66,87.94056895820113,12.518767754213805,63.40378415994207,112.47735375646019,98.42,1.311068215024961,20,95.34,100.0,4.659999999999997
3775,1d_2c,CataCXium A,Pd(OAc)2,KOH,MeOH,64.04,2517,M1_interpretable_5,Five interpretable Kraken descriptors,64.04,70.47900677191042,12.36645692994052,46.240751189227,94.71726235459384,81.25,1.2162050605151817,1,64.04,80.09,16.049999999999997
3833,1d_2c,P(Cy)3,Pd(OAc)2,K3PO4,MeOH,78.59,2555,M1_interpretable_5,Five interpretable Kraken descriptors,78.59,64.3636063770567,12.862568522904985,39.152972072162925,89.57424068195047,81.25,0.5241097549254619,2,78.59,80.09,1.5
3810,1d_2c,P(o-Tol)3,Pd(OAc)2,Et3N,MeOH,79.4,2540,M1_interpretable_5,Five interpretable Kraken descriptors,79.4,62.32495715128268,13.698147006701346,35.47658901814805,89.17332528441732,81.25,0.4826196018658211,3,79.4,80.09,0.6899999999999977
3786,1d_2c,P(o-Tol)3,Pd(OAc)2,LiOtBu,MeOH,73.24,2524,M1_interpretable_5,Five interpretable Kraken descriptors,73.24,59.055994984307816,14.769743758300885,30.10729721803808,88.00469275057755,81.25,0.3980712718530255,4,79.4,80.09,0.6899999999999977
3807,1d_2c,P(Ph)3,Pd(OAc)2,Et3N,MeOH,80.09,2537,M1_interpretable_5,Five interpretable Kraken descriptors,80.09,60.2209875659211,13.831829455808938,33.11060183253558,87.33137329930662,81.25,0.3559501989890028,5,80.09,80.09,0.0
3797,1d_2c,P(Cy)3,Pd(OAc)2,NaHCO3,MeOH,69.95,2531,M1_interpretable_5,Five interpretable Kraken descriptors,69.95,58.09425991216466,12.778720890578532,33.04796696663074,83.14055285769858,81.25,0.16020525153344212,6,80.09,80.09,0.0
3619,1d_2c,CataCXium A,Pd(OAc)2,Et3N,THF,60.3,2413,M1_interpretable_5,Five interpretable Kraken descriptors,60.3,59.189903274543035,12.225062083306005,35.228781591263264,83.15102495782281,81.25,0.15554697138966422,7,80.09,80.09,0.0
3579,1d_2c,P(Ph)3,Pd(OAc)2,KOH,THF,42.44,2385,M1_interpretable_5,Five interpretable Kraken descriptors,42.44,57.19829747731659,12.813495716604768,32.08384587277125,82.31274908186194,81.25,0.1358351442034873,8,80.09,80.09,0.0
3790,1d_2c,XPhos,Pd(OAc)2,LiOtBu,MeOH,64.55,2527,M1_interpretable_5,Five interpretable Kraken descriptors,64.55,52.152545444676136,14.01707042122458,24.679087419075962,79.62600347027632,81.25,0.08782043261627726,9,80.09,80.09,0.0
3764,1d_2c,SPhos,Pd(OAc)2,NaOH,MeOH,62.57,2510,M1_interpretable_5,Five interpretable Kraken descriptors,62.57,52.30250802237564,12.850880229243572,27.11478277305824,77.49023327169304,81.25,0.04824253502399106,10,80.09,80.09,0.0
3788,1d_2c,SPhos,Pd(OAc)2,LiOtBu,MeOH,69.82,2526,M1_interpretable_5,Five interpretable Kraken descriptors,69.82,50.09333599656973,13.06094166504949,24.493890333072727,75.69278166006673,81.25,0.03306806356572495,11,80.09,80.09,0.0
3617,1d_2c,P(Cy)3,Pd(OAc)2,Et3N,THF,30.56,2411,M1_interpretable_5,Five interpretable Kraken descriptors,30.56,46.771752718687544,13.293263961621323,20.716955353909754,72.82655008346534,81.25,0.017607767500680882,12,80.09,80.09,0.0
3820,1d_2c,AmPhos,Pd(OAc)2,CsF,MeOH,78.92,2546,M1_interpretable_5,Five interpretable Kraken descriptors,78.92,44.782386419110495,13.67261256091612,17.9840657997149,71.58070703850609,81.25,0.014316666047315324,13,80.09,80.09,0.0
3631,1d_2c,CataCXium A,Pd(OAc)2,CsF,THF,60.07,2421,M1_interpretable_5,Five interpretable Kraken descriptors,60.07,45.88929122241114,12.606898071491297,21.179771002288195,70.59881144253409,81.25,0.008255444659046374,14,80.09,80.09,0.0
3806,1d_2c,P(tBu)3,Pd(OAc)2,Et3N,MeOH,46.61,2536,M1_interpretable_5,Five interpretable Kraken descriptors,46.61,43.20736636215678,13.324910698475547,17.09054139314471,69.32419133116886,81.25,0.007405836646688618,15,80.09,80.09,0.0
3812,1d_2c,SPhos,Pd(OAc)2,Et3N,MeOH,58.75,2542,M1_interpretable_5,Five interpretable Kraken descriptors,58.75,41.75052192820016,13.681489181205578,14.934803133037224,68.5662407233631,81.25,0.00683015684231697,16,80.09,80.09,0.0
3808,1d_2c,AmPhos,Pd(OAc)2,Et3N,MeOH,74.74,2538,M1_interpretable_5,Five interpretable Kraken descriptors,74.74,38.81721344934839,14.033978034891831,11.3106165009604,66.32381039773637,81.25,0.004344373028307168,17,80.09,80.09,0.0
3784,1d_2c,AmPhos,Pd(OAc)2,LiOtBu,MeOH,61.48,2522,M1_interpretable_5,Five interpretable Kraken descriptors,61.48,34.19742698281992,15.000243769436954,4.796949194723489,63.59790477091635,81.25,0.003103211535387014,18,80.09,80.09,0.0
3557,1d_2c,P(Cy)3,Pd(OAc)2,None,THF,47.6,2371,M1_interpretable_5,Five interpretable Kraken descriptors,47.6,42.007108427733584,12.542426402210735,17.423952679400543,66.59026417606663,81.25,0.0026085731208314485,19,80.09,80.09,0.0
3581,1d_2c,P(Cy)3,Pd(OAc)2,KOH,THF,27.31,2387,M1_interpretable_5,Five interpretable Kraken descriptors,27.31,43.95233051655539,11.863221658057755,20.70041606676219,67.2042449663486,81.25,0.0023135185473688036,20,80.09,80.09,0.0
69,1a_2a,XPhos,Pd(OAc)2,LiOtBu,MeCN,92.83,47,M2_all_kraken,All cleaned Kraken descriptors,92.83,87.31270523785312,13.653047486589298,60.5527321641381,114.07267831156815,93.67,2.691043979954829,1,92.83,92.83,0.0
103,1a_2a,SPhos,Pd(OAc)2,NaOH,THF,87.06,70,M2_all_kraken,All cleaned Kraken descriptors,87.06,78.97525408507275,13.689754044230867,52.14333615838025,105.80717201176525,93.67,0.9210780640754379,2,92.83,92.83,0.0
357,1a_2a,XPhos,Pd(OAc)2,LiOtBu,MeOH,27.33,239,M2_all_kraken,All cleaned Kraken descriptors,27.33,70.62538190523541,14.16219498720209,42.86747973031932,98.38328408015151,93.67,0.2836213140348496,3,92.83,92.83,0.0
177,1a_2a,XPhos,Pd(OAc)2,Et3N,THF,88.93,119,M2_all_kraken,All cleaned Kraken descriptors,88.93,64.07884570048861,17.1178737493931,30.52781315167814,97.62987824929908,93.67,0.27150361446251514,4,92.83,92.83,0.0
114,1a_2a,CataCXium A,Pd(OAc)2,NaHCO3,THF,70.45,77,M2_all_kraken,All cleaned Kraken descriptors,70.45,69.10847677166049,14.52091058636395,40.647492022387155,97.56946152093383,93.67,0.24925096701849103,5,92.83,92.83,0.0
115,1a_2a,SPhos,Pd(OAc)2,NaHCO3,THF,79.85,78,M2_all_kraken,All cleaned Kraken descriptors,79.85,70.3217978174444,13.276557875625398,44.29974438121863,96.34385125367018,93.67,0.1913201630615352,6,92.83,92.83,0.0
163,1a_2a,SPhos,Pd(OAc)2,LiOtBu,THF,85.95,110,M2_all_kraken,All cleaned Kraken descriptors,85.95,65.50238553858547,13.606181281309906,38.834270227218056,92.17050084995289,93.67,0.08633286370768589,7,92.83,92.83,0.0
100,1a_2a,P(Cy)3,Pd(OAc)2,NaOH,THF,69.94,67,M2_all_kraken,All cleaned Kraken descriptors,69.94,61.77067992062334,13.492800979686328,35.324790000438135,88.21656984080855,93.67,0.03657057841012301,8,92.83,92.83,0.0
247,1a_2a,SPhos,Pd(OAc)2,KOH,DMF,62.77,166,M2_all_kraken,All cleaned Kraken descriptors,62.77,50.63693458614611,17.263791583185686,16.799903083102166,84.47396608919006,93.67,0.03234874903381657,9,92.83,92.83,0.0
31,1a_2a,SPhos,Pd(OAc)2,CsF,MeCN,68.44,22,M2_all_kraken,All cleaned Kraken descriptors,68.44,52.04389111937634,15.639707382290975,21.39006465008603,82.69771758866665,93.67,0.016933680452714872,10,92.83,92.83,0.0
117,1a_2a,XPhos,Pd(OAc)2,NaHCO3,THF,80.77,79,M2_all_kraken,All cleaned Kraken descriptors,80.77,54.88457961672004,14.393137357623447,26.674030395778082,83.095128837662,93.67,0.013851792601422996,11,92.83,92.83,0.0
306,1a_2a,CataCXium A,Pd(OAc)2,NaHCO3,MeOH,25.15,205,M2_all_kraken,All cleaned Kraken descriptors,25.15,40.65784120133284,18.48823415283378,4.420902261778636,76.89478014088705,93.67,0.010209856808467893,12,92.83,92.83,0.0
294,1a_2a,CataCXium A,Pd(OAc)2,NaOH,MeOH,14.91,197,M2_all_kraken,All cleaned Kraken descriptors,14.91,45.79561806269594,16.819009690994687,12.830359068346354,78.76087705704552,93.67,0.009887218957254945,13,92.83,92.83,0.0
249,1a_2a,XPhos,Pd(OAc)2,KOH,DMF,79.14,167,M2_all_kraken,All cleaned Kraken descriptors,79.14,42.5691652148994,17.076313083829827,9.099591570592942,76.03873885920586,93.67,0.006041327916244302,14,92.83,92.83,0.0
261,1a_2a,XPhos,Pd(OAc)2,LiOtBu,DMF,61.47,175,M2_all_kraken,All cleaned Kraken descriptors,61.47,53.226584579454986,13.802904268924863,26.172892212362257,80.28027694654772,93.67,0.005938899155396998,15,92.83,92.83,0.0
19,1a_2a,SPhos,Pd(OAc)2,NaHCO3,MeCN,69.22,14,M2_all_kraken,All cleaned Kraken descriptors,69.22,53.43746593047918,13.67475069073527,26.63495457663805,80.2399772843203,93.67,0.005633742894073111,16,92.83,92.83,0.0
316,1a_2a,P(Cy)3,Pd(OAc)2,CsF,MeOH,30.94,211,M2_all_kraken,All cleaned Kraken descriptors,30.94,43.498662401207255,15.900467201490724,12.333746686285437,74.66357811612907,93.67,0.003093276050383474,17,92.83,92.83,0.0
375,1a_2a,AmPhos,Pd(OAc)2,None,MeOH,32.25,250,M2_all_kraken,All cleaned Kraken descriptors,32.25,46.165041884416475,14.836966612002495,17.084587324891583,75.24549644394136,93.67,0.002408071742626309,18,92.83,92.83,0.0
366,1a_2a,CataCXium A,Pd(OAc)2,Et3N,MeOH,31.02,245,M2_all_kraken,All cleaned Kraken descriptors,31.02,37.17667203862683,16.504746198060285,4.827369490428673,69.52597458682499,93.67,0.001161807209447363,19,92.83,92.83,0.0
169,1a_2a,P(tBu)3,Pd(OAc)2,Et3N,THF,68.72,112,M2_all_kraken,All cleaned Kraken descriptors,68.72,43.353299414427646,13.995191037987299,15.92272497997254,70.78387384888275,93.67,0.0004822793751077083,20,92.83,92.83,0.0
2863,1a_2b,SPhos,Pd(OAc)2,Et3N,THF,76.22,1910,M2_all_kraken,All cleaned Kraken descriptors,76.22,71.9315889908484,14.277921224362412,43.94686339109807,99.91631459059872,77.13,3.2945856106101408,1,76.22,92.16,15.939999999999998
2875,1a_2b,SPhos,Pd(OAc)2,None,THF,69.3,1918,M2_all_kraken,All cleaned Kraken descriptors,69.3,69.62928665558775,13.275748642628304,43.608819316036275,95.64975399513922,77.13,2.2296010891487734,2,76.22,92.16,15.939999999999998
2793,1a_2b,XPhos,Pd(OAc)2,NaOH,THF,92.16,1863,M2_all_kraken,All cleaned Kraken descriptors,92.16,60.452075351450844,17.110720011827954,26.915064128268057,93.98908657463363,77.13,1.4149572140791848,3,92.16,92.16,0.0
2757,1a_2b,XPhos,Pd(OAc)2,LiOtBu,MeCN,76.56,1839,M2_all_kraken,All cleaned Kraken descriptors,76.56,60.48126585034012,13.943718704072676,33.15157719035768,87.81095451032257,77.13,0.7355687751523328,4,92.16,92.16,0.0
2721,1a_2b,XPhos,Pd(OAc)2,CsF,MeCN,77.78,1815,M2_all_kraken,All cleaned Kraken descriptors,77.78,59.1172646881735,13.27031518038373,33.10744693462139,85.1270824417256,77.13,0.4919284150470249,5,92.16,92.16,0.0
2983,1a_2b,SPhos,Pd(OAc)2,NaOH,MeOH,63.06,1990,M2_all_kraken,All cleaned Kraken descriptors,63.06,49.21283052413118,16.12824101113127,17.60147814231389,80.82418290594846,77.13,0.2532322224947292,6,92.16,92.16,0.0
2731,1a_2b,SPhos,Pd(OAc)2,K3PO4,MeCN,69.42,1822,M2_all_kraken,All cleaned Kraken descriptors,69.42,53.59028210329638,13.964449552559413,26.219960980279932,80.96060322631283,77.13,0.24230215148415502,7,92.16,92.16,0.0
3038,1a_2b,P(Ph)3,Pd(OAc)2,LiOtBu,MeOH,9.21,2025,M2_all_kraken,All cleaned Kraken descriptors,9.21,42.72705105166581,18.87418758231899,5.733643390320594,79.72045871301103,77.13,0.23780007775001266,8,92.16,92.16,0.0
2877,1a_2b,XPhos,Pd(OAc)2,None,THF,84.83,1919,M2_all_kraken,All cleaned Kraken descriptors,84.83,51.737203376772065,14.445483615758132,23.424055489886126,80.050351263658,77.13,0.21016943159598012,9,92.16,92.16,0.0
2781,1a_2b,XPhos,Pd(OAc)2,None,MeCN,66.37,1855,M2_all_kraken,All cleaned Kraken descriptors,66.37,52.13438315991632,13.451214126402675,25.770003472167076,78.49876284766556,77.13,0.1504752776889987,10,92.16,92.16,0.0
2935,1a_2b,SPhos,Pd(OAc)2,KOH,DMF,13.53,1958,M2_all_kraken,All cleaned Kraken descriptors,13.53,39.891314899192906,17.095001202673632,6.385112541952587,73.39751725643322,77.13,0.08175773250141916,11,92.16,92.16,0.0
2992,1a_2b,P(Cy)3,Pd(OAc)2,NaHCO3,MeOH,30.49,1995,M2_all_kraken,All cleaned Kraken descriptors,30.49,39.27214127195879,17.10596081116707,5.744458082071333,72.79982446184624,77.13,0.07404854860281085,12,92.16,92.16,0.0
2778,1a_2b,CataCXium A,Pd(OAc)2,None,MeCN,18.06,1853,M2_all_kraken,All cleaned Kraken descriptors,18.06,37.52053676976432,16.67739312339306,4.8328462479139205,70.20822729161472,77.13,0.0446883068082371,13,92.16,92.16,0.0
2838,1a_2b,CataCXium A,Pd(OAc)2,KOH,THF,33.61,1893,M2_all_kraken,All cleaned Kraken descriptors,33.61,42.40430711055222,14.802178707207593,13.392036844425334,71.4165773766791,77.13,0.04279293741473916,14,92.16,92.16,0.0
2959,1a_2b,SPhos,Pd(OAc)2,Et3N,DMF,10.75,1974,M2_all_kraken,All cleaned Kraken descriptors,10.75,32.64266461973941,17.13968889632437,-0.9511256170563485,66.23645485653518,77.13,0.023183213524385515,15,92.16,92.16,0.0
2694,1a_2b,CataCXium A,Pd(OAc)2,NaOH,MeCN,15.97,1797,M2_all_kraken,All cleaned Kraken descriptors,15.97,32.84294229006913,16.335635458074613,0.8250967922428885,64.86078778789538,77.13,0.015099477032196162,16,92.16,92.16,0.0
3021,1a_2b,XPhos,Pd(OAc)2,K3PO4,MeOH,51.75,2015,M2_all_kraken,All cleaned Kraken descriptors,51.75,41.261952450145316,13.501476580086488,14.799058353175802,67.72484654711482,77.13,0.014613805823805337,17,92.16,92.16,0.0
2994,1a_2b,CataCXium A,Pd(OAc)2,NaHCO3,MeOH,16.27,1997,M2_all_kraken,All cleaned Kraken descriptors,16.27,39.8885120958039,13.80011190616127,12.84029275972781,66.93673143187999,77.13,0.013046050107298632,18,92.16,92.16,0.0
3014,1a_2b,P(Ph)3,Pd(OAc)2,K3PO4,MeOH,12.04,2009,M2_all_kraken,All cleaned Kraken descriptors,12.04,31.90329687385646,15.901227081006466,0.7368917950837854,63.06970195262913,77.13,0.00936375958802936,19,92.16,92.16,0.0
2836,1a_2b,P(Cy)3,Pd(OAc)2,KOH,THF,46.21,1891,M2_all_kraken,All cleaned Kraken descriptors,46.21,29.797592421409455,16.304766419630703,-2.1597497610667205,61.75493460388563,77.13,0.007861494097161512,20,92.16,92.16,0.0
4558,1a_2c,XPhos,Pd(OAc)2,LiOtBu,MeOH,59.08,3039,M2_all_kraken,All cleaned Kraken descriptors,59.08,52.17096987475581,13.373376167986418,25.959152585502434,78.38278716400919,49.99,6.217780963297024,1,59.08,59.08,0.0
4544,1a_2c,SPhos,Pd(OAc)2,KOH,MeOH,41.19,3030,M2_all_kraken,All cleaned Kraken descriptors,41.19,49.65733460871371,13.939535378406493,22.335845267036984,76.97882395039044,49.99,5.154655783269801,2,59.08,59.08,0.0
4325,1a_2c,P(Cy)3,Pd(OAc)2,None,THF,18.72,2883,M2_all_kraken,All cleaned Kraken descriptors,18.72,41.3156439838298,13.237769503351688,15.369615757260494,67.26167221039911,49.99,1.9137850743468663,3,59.08,59.08,0.0
4364,1a_2c,SPhos,Pd(OAc)2,LiOtBu,THF,15.93,2910,M2_all_kraken,All cleaned Kraken descriptors,15.93,39.38662585137759,13.997216946467441,11.952080636301403,66.82117106645377,49.99,1.702658136638893,4,59.08,59.08,0.0
4370,1a_2c,P(tBu)3,Pd(OAc)2,NaHCO3,THF,15.38,2912,M2_all_kraken,All cleaned Kraken descriptors,15.38,34.51238941895417,15.792728936742584,3.558640702938707,65.46613813496964,49.99,1.286707033615547,5,59.08,59.08,0.0
4554,1a_2c,P(o-Tol)3,Pd(OAc)2,LiOtBu,MeOH,15.16,3036,M2_all_kraken,All cleaned Kraken descriptors,15.16,27.68176879710985,18.43804528693529,-8.456799965283313,63.82033755950302,49.99,0.9582928742807031,6,59.08,59.08,0.0
4580,1a_2c,SPhos,Pd(OAc)2,Et3N,MeOH,21.06,3054,M2_all_kraken,All cleaned Kraken descriptors,21.06,31.347530120792037,16.172455427855674,-0.35048251780508366,63.04554275938916,49.99,0.9381703132272259,7,59.08,59.08,0.0
4601,1a_2c,P(Cy)3,Pd(OAc)2,K3PO4,MeOH,21.39,3067,M2_all_kraken,All cleaned Kraken descriptors,21.39,34.496309150376874,13.84112166365508,7.367710689612917,61.62490761114083,49.99,0.8500704098305867,8,59.08,59.08,0.0
4551,1a_2c,P(Ph)3,Pd(OAc)2,LiOtBu,MeOH,17.63,3033,M2_all_kraken,All cleaned Kraken descriptors,17.63,34.152470630644885,13.996225281869776,6.719869078180125,61.585072183109645,49.99,0.8393915262950549,9,59.08,59.08,0.0
4567,1a_2c,CataCXium A,Pd(OAc)2,NaHCO3,MeOH,7.73,3045,M2_all_kraken,All cleaned Kraken descriptors,7.73,25.153162690549546,16.708206721928523,-7.594922484430359,57.901247865529456,49.99,0.47161328688896065,10,59.08,59.08,0.0
4598,1a_2c,P(tBu)3,Pd(OAc)2,K3PO4,MeOH,19.82,3064,M2_all_kraken,All cleaned Kraken descriptors,19.82,25.349300916389282,16.127132832196107,-6.259879434715089,56.95848126749365,49.99,0.4126863134466756,11,59.08,59.08,0.0
4322,1a_2c,P(tBu)3,Pd(OAc)2,None,THF,15.0,2880,M2_all_kraken,All cleaned Kraken descriptors,15.0,29.95284127862473,13.535098792810723,3.4240476447157135,56.48163491253375,49.99,0.38126421030691815,12,59.08,59.08,0.0
4340,1a_2c,SPhos,Pd(OAc)2,NaOH,THF,17.39,2894,M2_all_kraken,All cleaned Kraken descriptors,17.39,29.624350530593098,13.609949547323975,2.948849417838108,56.29985164334809,49.99,0.3697030459707964,13,59.08,59.08,0.0
4498,1a_2c,XPhos,Pd(OAc)2,CsF,DMF,20.83,2999,M2_all_kraken,All cleaned Kraken descriptors,20.83,29.400652806659927,13.563104925384343,2.816967152906617,55.98433846041324,49.99,0.35031645839695114,14,59.08,59.08,0.0
4562,1a_2c,P(tBu)3,Pd(OAc)2,NaHCO3,MeOH,23.23,3040,M2_all_kraken,All cleaned Kraken descriptors,23.23,24.3402605520624,15.971445691803472,-6.963773003872404,55.644294107997204,49.99,0.33978573705923965,15,59.08,59.08,0.0
4347,1a_2c,P(Ph)3,Pd(OAc)2,KOH,THF,20.73,2897,M2_all_kraken,All cleaned Kraken descriptors,20.73,27.79047295816391,14.212557199219582,-0.06613915230646938,55.64708506863429,49.99,0.33255713444018986,16,59.08,59.08,0.0
4604,1a_2c,SPhos,Pd(OAc)2,K3PO4,MeOH,48.66,3070,M2_all_kraken,All cleaned Kraken descriptors,48.66,24.90606683918721,15.474113832574929,-5.4231962726596485,55.235329951034075,49.99,0.3167931496742824,17,59.08,59.08,0.0
4226,1a_2c,P(tBu)3,Pd(OAc)2,None,MeCN,16.56,2816,M2_all_kraken,All cleaned Kraken descriptors,16.56,27.83099702246391,13.86141134229246,0.6626307915706917,54.99936325335713,49.99,0.29672975131049184,18,59.08,59.08,0.0
4376,1a_2c,SPhos,Pd(OAc)2,NaHCO3,THF,15.82,2918,M2_all_kraken,All cleaned Kraken descriptors,15.82,29.125617314288,13.150531600549446,3.3505753772110864,54.900659251364914,49.99,0.2883505884030517,19,59.08,59.08,0.0
4602,1a_2c,P(o-Tol)3,Pd(OAc)2,K3PO4,MeOH,17.83,3068,M2_all_kraken,All cleaned Kraken descriptors,17.83,30.012667852665885,12.599791047060316,5.317077400427667,54.708258304904106,49.99,0.27587428989173857,20,59.08,59.08,0.0
726,1b_2a,CataCXium A,Pd(OAc)2,KOH,MeOH,85.46,485,M2_all_kraken,All cleaned Kraken descriptors,85.46,91.05760551921732,16.95687895744164,57.82212276263171,124.29308827580293,96.89,4.064916863620566,1,85.46,97.83,12.370000000000005
390,1b_2a,CataCXium A,Pd(OAc)2,NaOH,MeCN,96.38,261,M2_all_kraken,All cleaned Kraken descriptors,96.38,95.12816890589396,12.800336054333172,70.03951023940094,120.21682757238698,96.89,4.055195079085758,2,96.38,97.83,1.4500000000000028
690,1b_2a,CataCXium A,Pd(OAc)2,NaHCO3,MeOH,86.98,461,M2_all_kraken,All cleaned Kraken descriptors,86.98,91.50094918068913,16.297626604808112,59.557601035265236,123.44429732611303,96.89,3.9771972830173343,3,96.38,97.83,1.4500000000000028
679,1b_2a,SPhos,Pd(OAc)2,NaOH,MeOH,92.88,454,M2_all_kraken,All cleaned Kraken descriptors,92.88,94.21043193943922,13.477332723412419,67.79485980155087,120.62600407732756,96.89,3.9358314915743082,4,96.38,97.83,1.4500000000000028
486,1b_2a,CataCXium A,Pd(OAc)2,NaOH,THF,96.57,325,M2_all_kraken,All cleaned Kraken descriptors,96.57,93.39263249722038,13.94598302660104,66.05850576508234,120.72675922935841,96.89,3.7919553993298893,5,96.57,97.83,1.2600000000000051
722,1b_2a,P(Ph)3,Pd(OAc)2,KOH,MeOH,92.61,481,M2_all_kraken,All cleaned Kraken descriptors,92.61,91.26229970757358,15.08192822542295,61.70172038574459,120.82287902940256,96.89,3.442861457763001,6,96.57,97.83,1.2600000000000051
746,1b_2a,P(Ph)3,Pd(OAc)2,Et3N,MeOH,82.99,497,M2_all_kraken,All cleaned Kraken descriptors,82.99,93.2467065983978,12.861194874578468,68.03876464422399,118.4546485525716,96.89,3.3231990020293236,7,96.57,97.83,1.2600000000000051
638,1b_2a,P(Ph)3,Pd(OAc)2,LiOtBu,DMF,81.23,425,M2_all_kraken,All cleaned Kraken descriptors,81.23,91.20841206916634,13.735580661766566,64.28667397210387,118.13015016622882,96.89,2.934653687101009,8,96.57,97.83,1.2600000000000051
759,1b_2a,AmPhos,Pd(OAc)2,None,MeOH,61.57,506,M2_all_kraken,All cleaned Kraken descriptors,61.57,88.453440829443,15.885701446975775,57.317465993370476,119.58941566551552,96.89,2.8463662110755936,9,96.57,97.83,1.2600000000000051
542,1b_2a,P(Ph)3,Pd(OAc)2,LiOtBu,THF,87.78,361,M2_all_kraken,All cleaned Kraken descriptors,87.78,89.9184637535299,14.400658338326302,61.69317341041035,118.14375409664946,96.89,2.765619347824424,10,96.57,97.83,1.2600000000000051
558,1b_2a,CataCXium A,Pd(OAc)2,Et3N,THF,97.83,373,M2_all_kraken,All cleaned Kraken descriptors,97.83,91.42947497373217,12.990711632450695,65.9676801741288,116.89126977333554,96.89,2.738435677908372,11,97.83,97.83,0.0
482,1b_2a,P(Ph)3,Pd(OAc)2,NaOH,THF,90.21,321,M2_all_kraken,All cleaned Kraken descriptors,90.21,88.47014409888291,14.573529660472712,59.9060259643564,117.03426223340942,96.89,2.410312569690425,12,97.83,97.83,0.0
531,1b_2a,AmPhos,Pd(OAc)2,KOH,THF,75.63,354,M2_all_kraken,All cleaned Kraken descriptors,75.63,87.96390176494504,12.818363817513312,62.83990868261894,113.08789484727113,96.89,1.7242927156989345,13,97.83,97.83,0.0
555,1b_2a,AmPhos,Pd(OAc)2,Et3N,THF,91.88,370,M2_all_kraken,All cleaned Kraken descriptors,91.88,82.72257432252974,15.780320917312578,51.79314532459709,113.65200332046238,96.89,1.501030321809874,14,97.83,97.83,0.0
553,1b_2a,P(tBu)3,Pd(OAc)2,Et3N,THF,94.67,368,M2_all_kraken,All cleaned Kraken descriptors,94.67,83.40374742930788,14.954967686566977,54.09201076363661,112.71548409497916,96.89,1.4074274705940804,15,97.83,97.83,0.0
457,1b_2a,P(tBu)3,Pd(OAc)2,Et3N,MeCN,91.95,304,M2_all_kraken,All cleaned Kraken descriptors,91.95,80.43878837908233,16.551483449953903,47.99788081717268,112.87969594099198,96.89,1.3167342095191965,16,97.83,97.83,0.0
711,1b_2a,AmPhos,Pd(OAc)2,K3PO4,MeOH,76.31,474,M2_all_kraken,All cleaned Kraken descriptors,76.31,82.40648933349799,14.927599101992499,53.14839509359269,111.66458357340329,96.89,1.2348545853020454,17,97.83,97.83,0.0
470,1b_2a,P(Ph)3,Pd(OAc)2,None,MeCN,83.34,313,M2_all_kraken,All cleaned Kraken descriptors,83.34,84.86758957634797,13.072942559947265,59.24462215885133,110.4905569938446,96.89,1.1793674925811937,18,97.83,97.83,0.0
691,1b_2a,SPhos,Pd(OAc)2,NaHCO3,MeOH,85.69,462,M2_all_kraken,All cleaned Kraken descriptors,85.69,83.33390281676955,13.65114270557402,56.57766311384447,110.09014251969464,96.89,1.074542223318304,19,97.83,97.83,0.0
387,1b_2a,AmPhos,Pd(OAc)2,NaOH,MeCN,86.82,258,M2_all_kraken,All cleaned Kraken descriptors,86.82,81.0081566844531,15.128829790879221,51.35565029432982,110.66066307457638,96.89,1.0738776417681852,20,97.83,97.83,0.0
2318,1b_2b,P(Ph)3,Pd(OAc)2,NaHCO3,MeCN,68.23,1545,M2_all_kraken,All cleaned Kraken descriptors,68.23,84.50834845692881,15.849335405136125,53.44365106286201,115.57304585099561,96.75,1.8920662184311356,1,68.23,96.19,27.959999999999994
2391,1b_2b,AmPhos,Pd(OAc)2,None,MeCN,83.89,1594,M2_all_kraken,All cleaned Kraken descriptors,83.89,79.89475843393218,14.558797206190599,51.35951590979861,108.43000095806576,96.75,0.8301424341693431,2,83.89,96.19,12.299999999999997
2355,1b_2b,AmPhos,Pd(OAc)2,KOH,MeCN,81.7,1570,M2_all_kraken,All cleaned Kraken descriptors,81.7,81.18560087793222,13.440179723890013,54.84284861910779,107.52835313675664,96.75,0.7613998459303324,3,83.89,96.19,12.299999999999997
2479,1b_2b,SPhos,Pd(OAc)2,Et3N,THF,87.02,1654,M2_all_kraken,All cleaned Kraken descriptors,87.02,79.21474870293295,14.342254795869314,51.1039293030291,107.3255681028368,96.75,0.7142527667832721,4,87.02,96.19,9.170000000000002
2666,1b_2b,P(Ph)3,Pd(OAc)2,Et3N,MeOH,53.9,1777,M2_all_kraken,All cleaned Kraken descriptors,53.9,79.62833084240062,13.67093109689874,52.83330589247909,106.42335579232214,96.75,0.6371248203509536,5,87.02,96.19,9.170000000000002
2366,1b_2b,P(Ph)3,Pd(OAc)2,LiOtBu,MeCN,73.07,1577,M2_all_kraken,All cleaned Kraken descriptors,73.07,80.61703443510211,13.098765760104321,54.94345354529764,106.29061532490658,96.75,0.6356741975644944,6,87.02,96.19,9.170000000000002
2606,1b_2b,P(Ph)3,Pd(OAc)2,NaHCO3,MeOH,68.46,1737,M2_all_kraken,All cleaned Kraken descriptors,68.46,74.25237460706363,15.994491909677496,42.90317046409574,105.60157875003152,96.75,0.5392883696279418,7,87.02,96.19,9.170000000000002
2365,1b_2b,P(tBu)3,Pd(OAc)2,LiOtBu,MeCN,92.06,1576,M2_all_kraken,All cleaned Kraken descriptors,92.06,74.81041752749121,15.325485194065177,44.772466547123464,104.84836850785896,96.75,0.4870891720343198,8,92.06,96.19,4.1299999999999955
2679,1b_2b,AmPhos,Pd(OAc)2,None,MeOH,42.55,1786,M2_all_kraken,All cleaned Kraken descriptors,42.55,73.94745756981791,15.21834525224647,44.11950087541483,103.775414264221,96.75,0.41521116087219,9,92.06,96.19,4.1299999999999955
2437,1b_2b,P(tBu)3,Pd(OAc)2,K3PO4,THF,63.86,1624,M2_all_kraken,All cleaned Kraken descriptors,63.86,74.69773941799784,14.748304723073538,45.791062160773706,103.60441667522197,96.75,0.40431095026216624,10,92.06,96.19,4.1299999999999955
2442,1b_2b,CataCXium A,Pd(OAc)2,K3PO4,THF,76.6,1629,M2_all_kraken,All cleaned Kraken descriptors,76.6,73.48651894970604,15.029891909518032,44.027930807050694,102.94510709236138,96.75,0.36520759694897875,11,92.06,96.19,4.1299999999999955
2466,1b_2b,CataCXium A,Pd(OAc)2,LiOtBu,THF,96.19,1645,M2_all_kraken,All cleaned Kraken descriptors,96.19,73.27032457675358,15.100025229561814,43.674275126812425,102.86637402669473,96.75,0.3609584211423098,12,96.19,96.19,0.0
2488,1b_2b,P(Cy)3,Pd(OAc)2,None,THF,68.94,1659,M2_all_kraken,All cleaned Kraken descriptors,68.94,77.33514205160229,12.992178005896163,51.87047316004581,102.79981094315877,96.75,0.35315201396334706,13,96.19,96.19,0.0
2594,1b_2b,P(Ph)3,Pd(OAc)2,NaOH,MeOH,79.1,1729,M2_all_kraken,All cleaned Kraken descriptors,79.1,77.11027201980633,13.08282113221152,51.46794260067175,102.75260143894091,96.75,0.3502663481653545,14,96.19,96.19,0.0
2583,1b_2b,AmPhos,Pd(OAc)2,None,DMF,57.76,1722,M2_all_kraken,All cleaned Kraken descriptors,57.76,72.8251102008654,14.704895640475083,44.00351474553423,101.64670565619656,96.75,0.2955503840488569,15,96.19,96.19,0.0
2426,1b_2b,P(Ph)3,Pd(OAc)2,CsF,THF,67.34,1617,M2_all_kraken,All cleaned Kraken descriptors,67.34,70.8004391673852,15.032262067286956,41.337205515502774,100.26367281926764,96.75,0.2374546024653168,16,96.19,96.19,0.0
2358,1b_2b,CataCXium A,Pd(OAc)2,KOH,MeCN,78.09,1573,M2_all_kraken,All cleaned Kraken descriptors,78.09,70.42005439815004,14.960545096450332,41.097386009107396,99.74272278719269,96.75,0.21715487900512154,17,96.19,96.19,0.0
2620,1b_2b,P(Cy)3,Pd(OAc)2,CsF,MeOH,24.51,1747,M2_all_kraken,All cleaned Kraken descriptors,24.51,64.76927378158197,16.56952668182778,32.29300148519952,97.24554607796443,96.75,0.15638903307555185,18,96.19,96.19,0.0
2330,1b_2b,P(Ph)3,Pd(OAc)2,CsF,MeCN,53.51,1553,M2_all_kraken,All cleaned Kraken descriptors,53.51,73.16309185289472,12.880788660723486,47.916746077876695,98.40943762791275,96.75,0.15387827543236943,19,96.19,96.19,0.0
2439,1b_2b,AmPhos,Pd(OAc)2,K3PO4,THF,69.6,1626,M2_all_kraken,All cleaned Kraken descriptors,69.6,70.69639689499473,13.81942683058346,43.610320307051154,97.78247348293831,96.75,0.14445097670217144,20,96.19,96.19,0.0
4215,1b_2c,P(Ph)3,Pd(OAc)2,K3PO4,MeOH,72.19,2809,M2_all_kraken,All cleaned Kraken descriptors,72.19,71.89238591410682,13.966328839737987,44.51838138822038,99.26639043999327,74.84,4.016855114933071,1,72.19,73.12,0.9300000000000068
4218,1b_2c,P(o-Tol)3,Pd(OAc)2,K3PO4,MeOH,68.86,2812,M2_all_kraken,All cleaned Kraken descriptors,68.86,64.50973593039156,15.419552734698081,34.28741257038332,94.7320592903998,74.84,2.1942992823073375,2,72.19,73.12,0.9300000000000068
4167,1b_2c,P(Ph)3,Pd(OAc)2,LiOtBu,MeOH,73.12,2777,M2_all_kraken,All cleaned Kraken descriptors,73.12,62.79749298000368,13.656159411429291,36.03142053360227,89.56356542640509,74.84,1.3257422457899501,3,73.12,73.12,0.0
4146,1b_2c,P(o-Tol)3,Pd(OAc)2,NaOH,MeOH,51.26,2764,M2_all_kraken,All cleaned Kraken descriptors,51.26,61.81763880206944,13.585957674286385,35.189161760468124,88.44611584367075,74.84,1.142046445416852,4,73.12,73.12,0.0
4179,1b_2c,P(Ph)3,Pd(OAc)2,NaHCO3,MeOH,40.92,2785,M2_all_kraken,All cleaned Kraken descriptors,40.92,57.464345759214424,14.185694901523032,29.660383752229283,85.26830776619957,74.84,0.7025774505595952,5,73.12,73.12,0.0
4142,1b_2c,P(tBu)3,Pd(OAc)2,NaOH,MeOH,38.52,2760,M2_all_kraken,All cleaned Kraken descriptors,38.52,52.300742383951444,15.22251700985238,22.46460904464078,82.13687572326211,74.84,0.43257389587673245,6,73.12,73.12,0.0
3941,1b_2c,P(Cy)3,Pd(OAc)2,None,THF,18.38,2627,M2_all_kraken,All cleaned Kraken descriptors,18.38,51.28618979258613,14.37208564826167,23.116901921993254,79.45547766317901,74.84,0.2801886000012348,7,73.12,73.12,0.0
3847,1b_2c,CataCXium A,Pd(OAc)2,None,MeCN,14.79,2565,M2_all_kraken,All cleaned Kraken descriptors,14.79,48.80097885781044,14.552532896705259,20.278014380268136,77.32394333535275,74.84,0.19568659972248037,8,73.12,73.12,0.0
4159,1b_2c,CataCXium A,Pd(OAc)2,KOH,MeOH,66.67,2773,M2_all_kraken,All cleaned Kraken descriptors,66.67,45.11473295199115,15.006574473636531,15.70184698366355,74.52761892031876,74.84,0.12267082801465412,9,73.12,73.12,0.0
4171,1b_2c,CataCXium A,Pd(OAc)2,LiOtBu,MeOH,61.84,2781,M2_all_kraken,All cleaned Kraken descriptors,61.84,44.56800997092773,14.294196596927684,16.551384640949472,72.584635300906,74.84,0.07982984324407,10,73.12,73.12,0.0
3938,1b_2c,P(tBu)3,Pd(OAc)2,None,THF,20.69,2624,M2_all_kraken,All cleaned Kraken descriptors,20.69,36.74010964765472,16.931928345659145,3.553530090162795,69.92668920514664,74.84,0.06578217867142017,11,73.12,73.12,0.0
4154,1b_2c,P(tBu)3,Pd(OAc)2,KOH,MeOH,46.83,2768,M2_all_kraken,All cleaned Kraken descriptors,46.83,36.063014660214634,16.631969823534778,3.4643538060864714,68.66167551434279,74.84,0.05077483187362564,12,73.12,73.12,0.0
4204,1b_2c,AmPhos,Pd(OAc)2,CsF,MeOH,71.17,2802,M2_all_kraken,All cleaned Kraken descriptors,71.17,34.288493274800835,15.797333828648727,3.32571897064933,65.25126757895234,74.84,0.023226107963236126,13,73.12,73.12,0.0
4004,1b_2c,SPhos,Pd(OAc)2,Et3N,THF,17.04,2670,M2_all_kraken,All cleaned Kraken descriptors,17.04,37.0435243516048,14.516021873023881,8.592121480477996,65.4949272227316,74.84,0.018802952789829602,14,73.12,73.12,0.0
4210,1b_2c,XPhos,Pd(OAc)2,CsF,MeOH,33.45,2807,M2_all_kraken,All cleaned Kraken descriptors,33.45,29.89928991621671,15.27801348953598,-0.04561652327381083,59.844196355707226,74.84,0.006392541416821676,15,73.12,73.12,0.0
4001,1b_2c,P(Cy)3,Pd(OAc)2,Et3N,THF,20.38,2667,M2_all_kraken,All cleaned Kraken descriptors,20.38,26.91773778102292,15.532898960915716,-3.526744182371882,57.36221974441773,74.84,0.0038971790177095775,16,73.12,73.12,0.0
3964,1b_2c,AmPhos,Pd(OAc)2,KOH,THF,24.69,2642,M2_all_kraken,All cleaned Kraken descriptors,24.69,35.628966303225894,12.900842123398268,10.343315741365288,60.9146168650865,74.84,0.003730461509868402,17,73.12,73.12,0.0
4012,1b_2c,AmPhos,Pd(OAc)2,CsF,THF,52.13,2674,M2_all_kraken,All cleaned Kraken descriptors,52.13,26.967840547682336,15.275950554691319,-2.973022539512648,56.90870363487732,74.84,0.0032019789179436597,18,73.12,73.12,0.0
4085,1b_2c,P(Cy)3,Pd(OAc)2,NaHCO3,DMF,13.09,2723,M2_all_kraken,All cleaned Kraken descriptors,13.09,24.154143695627937,15.852099002988169,-6.915970350228875,55.22425774148475,74.84,0.0026364311786081646,19,73.12,73.12,0.0
3848,1b_2c,SPhos,Pd(OAc)2,None,MeCN,13.01,2566,M2_all_kraken,All cleaned Kraken descriptors,13.01,24.937938652214935,15.578040162875713,-5.595020067021462,55.47089737145133,74.84,0.0025287368996358833,20,73.12,73.12,0.0
1072,1c_2a,P(Cy)3,Pd(OAc)2,NaHCO3,MeOH,89.13,715,M2_all_kraken,All cleaned Kraken descriptors,89.13,108.86410307569359,16.0094620876739,77.48555738385275,140.24264876753443,98.53,12.472357764253193,1,89.13,97.45,8.320000000000007
1125,1c_2a,XPhos,Pd(OAc)2,LiOtBu,MeOH,82.88,751,M2_all_kraken,All cleaned Kraken descriptors,82.88,109.06230172898108,14.068021383302492,81.4889798177082,136.63562364025398,98.53,11.998021755797206,2,89.13,97.45,8.320000000000007
1084,1c_2a,P(Cy)3,Pd(OAc)2,CsF,MeOH,89.81,723,M2_all_kraken,All cleaned Kraken descriptors,89.81,93.44469823611004,14.90536601675603,64.23018084326822,122.65921562895187,98.53,3.566387874151231,3,89.81,97.45,7.640000000000001
1113,1c_2a,XPhos,Pd(OAc)2,KOH,MeOH,82.32,743,M2_all_kraken,All cleaned Kraken descriptors,82.32,93.68923443420104,13.824728492608164,66.59276658868905,120.78570227971304,98.53,3.251400278025507,4,89.81,97.45,7.640000000000001
928,1c_2a,P(Cy)3,Pd(OAc)2,LiOtBu,THF,65.74,619,M2_all_kraken,All cleaned Kraken descriptors,65.74,92.2345148544822,13.701313704267767,65.37993999411738,119.08908971484702,98.53,2.7271343591977537,5,89.81,97.45,7.640000000000001
1094,1c_2a,P(Ph)3,Pd(OAc)2,K3PO4,MeOH,94.15,729,M2_all_kraken,All cleaned Kraken descriptors,94.15,91.60598215415482,13.536085924471148,65.07525374219136,118.13671056611827,98.53,2.4805482757458903,6,94.15,97.45,3.299999999999997
916,1c_2a,P(Cy)3,Pd(OAc)2,KOH,THF,65.64,611,M2_all_kraken,All cleaned Kraken descriptors,65.64,89.64616517036487,14.905471215632287,60.43144158772559,118.86088875300415,98.53,2.3954803255287227,7,94.15,97.45,3.299999999999997
846,1c_2a,CataCXium A,Pd(OAc)2,Et3N,MeCN,92.52,565,M2_all_kraken,All cleaned Kraken descriptors,92.52,89.86824089834529,14.088130915021056,62.25550430490402,117.48097749178656,98.53,2.187753161860402,8,94.15,97.45,3.299999999999997
842,1c_2a,P(Ph)3,Pd(OAc)2,Et3N,MeCN,97.45,561,M2_all_kraken,All cleaned Kraken descriptors,97.45,89.54757077292666,13.381390620417136,63.320045156909075,115.77509638894425,98.53,1.8841438616478463,9,97.45,97.45,0.0
794,1c_2a,P(Ph)3,Pd(OAc)2,CsF,MeCN,96.49,529,M2_all_kraken,All cleaned Kraken descriptors,96.49,85.54484815157568,15.295746953023448,55.56518412364972,115.52451217950164,98.53,1.5885845967360095,10,97.45,97.45,0.0
1106,1c_2a,P(Ph)3,Pd(OAc)2,KOH,MeOH,93.94,737,M2_all_kraken,All cleaned Kraken descriptors,93.94,87.23194324369496,13.896289236345318,59.995216340458136,114.46867014693177,98.53,1.5309263809819993,11,97.45,97.45,0.0
855,1c_2a,AmPhos,Pd(OAc)2,None,MeCN,90.67,570,M2_all_kraken,All cleaned Kraken descriptors,90.67,78.1233533208954,15.892783340251022,46.9734979740034,109.2732086677874,98.53,0.7000745314250951,12,97.45,97.45,0.0
795,1c_2a,AmPhos,Pd(OAc)2,CsF,MeCN,93.69,530,M2_all_kraken,All cleaned Kraken descriptors,93.69,79.63355662231854,14.967803985387759,50.29666081095853,108.97045243367855,98.53,0.6874482098752799,13,97.45,97.45,0.0
921,1c_2a,XPhos,Pd(OAc)2,KOH,THF,80.83,615,M2_all_kraken,All cleaned Kraken descriptors,80.83,76.01165038777239,16.559166405833146,43.55568423233942,108.46761654320537,98.53,0.6205998853819408,14,97.45,97.45,0.0
878,1c_2a,P(Ph)3,Pd(OAc)2,NaHCO3,THF,87.25,585,M2_all_kraken,All cleaned Kraken descriptors,87.25,79.03564670862269,14.525375038084722,50.56591163397664,107.50538178326875,98.53,0.5607769342801949,15,97.45,97.45,0.0
926,1c_2a,P(Ph)3,Pd(OAc)2,LiOtBu,THF,85.88,617,M2_all_kraken,All cleaned Kraken descriptors,85.88,78.413936073229,14.587203669632737,49.82301688074883,107.00485526570915,98.53,0.5194125026503638,16,97.45,97.45,0.0
945,1c_2a,XPhos,Pd(OAc)2,Et3N,THF,95.85,631,M2_all_kraken,All cleaned Kraken descriptors,95.85,67.65961404387923,19.620034617232413,29.2043461941037,106.11488189365477,98.53,0.4571970135565484,17,97.45,97.45,0.0
831,1c_2a,AmPhos,Pd(OAc)2,LiOtBu,MeCN,84.74,554,M2_all_kraken,All cleaned Kraken descriptors,84.74,74.16849077607364,15.95555851071464,42.895596095072946,105.44138545707433,98.53,0.4089938458411546,18,97.45,97.45,0.0
786,1c_2a,CataCXium A,Pd(OAc)2,NaHCO3,MeCN,92.77,525,M2_all_kraken,All cleaned Kraken descriptors,92.77,74.53368218727748,15.572213864416018,44.01214301302208,105.05522136153287,98.53,0.385537070282739,19,97.45,97.45,0.0
1144,1c_2a,P(Cy)3,Pd(OAc)2,None,MeOH,75.13,763,M2_all_kraken,All cleaned Kraken descriptors,75.13,72.80685242545366,16.15744331691333,41.138263524303525,104.47544132660379,98.53,0.35565448114000264,20,97.45,97.45,0.0
1636,1c_2b,P(Cy)3,Pd(OAc)2,NaOH,THF,66.25,1091,M2_all_kraken,All cleaned Kraken descriptors,66.25,89.18280748315473,15.73898031670718,58.33440606240866,120.0312089039008,97.25,2.9032523602190987,1,66.25,98.61,32.36
1587,1c_2b,AmPhos,Pd(OAc)2,KOH,MeCN,90.4,1058,M2_all_kraken,All cleaned Kraken descriptors,90.4,87.47751073122723,15.848042720741834,56.415346998573234,118.53967446388123,97.25,2.4697667663478065,2,90.4,98.61,8.209999999999994
1742,1c_2b,P(Ph)3,Pd(OAc)2,NaHCO3,DMF,90.99,1161,M2_all_kraken,All cleaned Kraken descriptors,90.99,85.22332847384206,16.345683216590224,53.18578936932522,117.2608675783589,97.25,2.08406666281746,3,90.99,98.61,7.6200000000000045
1646,1c_2b,P(Ph)3,Pd(OAc)2,NaHCO3,THF,96.16,1097,M2_all_kraken,All cleaned Kraken descriptors,96.16,83.19445272105646,15.240857676713796,53.32237167469742,113.0665337674155,97.25,1.3823113833080547,4,96.16,98.61,2.450000000000003
1610,1c_2b,P(Ph)3,Pd(OAc)2,Et3N,MeCN,92.43,1073,M2_all_kraken,All cleaned Kraken descriptors,92.43,84.44688471780971,13.915845873796737,57.17182680516811,111.72194263045131,97.25,1.259930164744031,5,96.16,98.61,2.450000000000003
1539,1c_2b,AmPhos,Pd(OAc)2,NaOH,MeCN,62.59,1026,M2_all_kraken,All cleaned Kraken descriptors,62.59,81.90501353253411,15.592997368648007,51.34273868998402,112.46728837508421,97.25,1.2596485473090908,6,96.16,98.61,2.450000000000003
1802,1c_2b,P(Ph)3,Pd(OAc)2,Et3N,DMF,85.9,1201,M2_all_kraken,All cleaned Kraken descriptors,85.9,84.5710000153685,13.694927286076092,57.72894253465935,111.41305749607764,97.25,1.2252349417206574,7,96.16,98.61,2.450000000000003
1807,1c_2b,SPhos,Pd(OAc)2,Et3N,DMF,75.33,1206,M2_all_kraken,All cleaned Kraken descriptors,75.33,75.75849041300435,18.91794392851878,38.67932031310754,112.83766051290117,97.25,1.1456714901176648,8,96.16,98.61,2.450000000000003
1684,1c_2b,P(Cy)3,Pd(OAc)2,KOH,THF,75.02,1123,M2_all_kraken,All cleaned Kraken descriptors,75.02,82.11379060885119,14.454461443198479,53.78304618018217,110.44453503752021,97.25,1.0281604809330842,9,96.16,98.61,2.450000000000003
1648,1c_2b,P(Cy)3,Pd(OAc)2,NaHCO3,THF,95.29,1099,M2_all_kraken,All cleaned Kraken descriptors,95.29,80.13574717673703,15.530197783784377,49.69655952051965,110.5749348329544,97.25,0.9955842325331918,10,96.16,98.61,2.450000000000003
1828,1c_2b,P(Cy)3,Pd(OAc)2,NaOH,MeOH,62.34,1219,M2_all_kraken,All cleaned Kraken descriptors,62.34,78.59904522666577,15.532001626751882,48.15632203823208,109.04176841509945,97.25,0.8140247063092425,11,96.16,98.61,2.450000000000003
1694,1c_2b,P(Ph)3,Pd(OAc)2,LiOtBu,THF,94.45,1129,M2_all_kraken,All cleaned Kraken descriptors,94.45,78.34333391483626,15.406477187825592,48.146638626698106,108.54002920297442,97.25,0.7637994038105229,12,96.16,98.61,2.450000000000003
1551,1c_2b,AmPhos,Pd(OAc)2,NaHCO3,MeCN,89.54,1034,M2_all_kraken,All cleaned Kraken descriptors,89.54,79.32682213225021,13.79344392361748,52.291672041959956,106.36197222254047,97.25,0.5818692944175456,13,96.16,98.61,2.450000000000003
1850,1c_2b,P(Ph)3,Pd(OAc)2,CsF,MeOH,80.77,1233,M2_all_kraken,All cleaned Kraken descriptors,80.77,78.45471439117026,13.696792055282991,51.6090019628156,105.30042681952492,97.25,0.49264125223011335,14,96.16,98.61,2.450000000000003
1718,1c_2b,P(Ph)3,Pd(OAc)2,None,THF,96.15,1145,M2_all_kraken,All cleaned Kraken descriptors,96.15,72.61512258816921,16.764871467140843,39.75597451257316,105.47427066376527,97.25,0.4921556269690184,15,96.16,98.61,2.450000000000003
1879,1c_2b,SPhos,Pd(OAc)2,KOH,MeOH,73.51,1254,M2_all_kraken,All cleaned Kraken descriptors,73.51,76.41108611873783,14.013446401532706,48.94473117173372,103.87744106574193,97.25,0.38985895949848204,16,96.16,98.61,2.450000000000003
1759,1c_2b,SPhos,Pd(OAc)2,CsF,DMF,72.82,1174,M2_all_kraken,All cleaned Kraken descriptors,72.82,77.43558011243098,13.438279722062283,51.09655185718891,103.77460836767305,97.25,0.383462232705561,17,96.16,98.61,2.450000000000003
1564,1c_2b,P(Cy)3,Pd(OAc)2,CsF,MeCN,73.25,1043,M2_all_kraken,All cleaned Kraken descriptors,73.25,73.21677498013796,14.64774056644669,44.50720346990245,101.92634649037346,97.25,0.2847127931707105,18,96.16,98.61,2.450000000000003
1566,1c_2b,CataCXium A,Pd(OAc)2,CsF,MeCN,98.61,1045,M2_all_kraken,All cleaned Kraken descriptors,98.61,69.00856845538357,16.06434251398054,37.52245712798171,100.49467978278543,97.25,0.2356687927923269,19,98.61,98.61,0.0
1768,1c_2b,P(Cy)3,Pd(OAc)2,K3PO4,DMF,52.88,1179,M2_all_kraken,All cleaned Kraken descriptors,52.88,75.12206991387328,13.122484429079394,49.402000432877664,100.8421393948689,97.25,0.22609463397586416,20,98.61,98.61,0.0
3447,1c_2c,P(Ph)3,Pd(OAc)2,K3PO4,MeOH,84.54,2297,M2_all_kraken,All cleaned Kraken descriptors,84.54,68.4420696843429,13.063681507736835,42.8372539291787,94.0468854395071,83.66,0.7281405092509086,1,84.54,84.54,0.0
3423,1c_2c,P(Ph)3,Pd(OAc)2,Et3N,MeOH,71.31,2281,M2_all_kraken,All cleaned Kraken descriptors,71.31,63.847539386688936,13.737958196580387,36.921141321391374,90.7739374519865,83.66,0.4227018404760259,2,84.54,84.54,0.0
3389,1c_2c,P(Cy)3,Pd(OAc)2,KOH,MeOH,49.15,2259,M2_all_kraken,All cleaned Kraken descriptors,49.15,57.505029142436385,14.319633866909417,29.438546763293928,85.57151152157884,83.66,0.17487163522650673,3,84.54,84.54,0.0
3392,1c_2c,SPhos,Pd(OAc)2,KOH,MeOH,45.38,2262,M2_all_kraken,All cleaned Kraken descriptors,45.38,47.485030169106295,15.919229999008964,16.283339371048726,78.68672096716386,83.66,0.05764149045008049,4,84.54,84.54,0.0
3425,1c_2c,P(Cy)3,Pd(OAc)2,Et3N,MeOH,69.26,2283,M2_all_kraken,All cleaned Kraken descriptors,69.26,47.7119830282357,15.661640852465611,17.015166957403103,78.40879909906829,83.66,0.052936266510066665,5,84.54,84.54,0.0
3171,1c_2c,P(Ph)3,Pd(OAc)2,None,THF,47.59,2113,M2_all_kraken,All cleaned Kraken descriptors,47.59,39.61269643750672,16.690880563318533,6.898570533402399,72.32682234161103,83.66,0.01957641517842376,6,84.54,84.54,0.0
3315,1c_2c,P(Ph)3,Pd(OAc)2,NaHCO3,DMF,14.49,2209,M2_all_kraken,All cleaned Kraken descriptors,14.49,39.12292900962168,15.386064720882429,8.966242156692118,69.27961586255124,83.66,0.007588128773294553,7,84.54,84.54,0.0
3207,1c_2c,P(Ph)3,Pd(OAc)2,LiOtBu,THF,60.47,2137,M2_all_kraken,All cleaned Kraken descriptors,60.47,43.356364458933434,13.805043640704232,16.29847892315314,70.41424999471373,83.66,0.006163873200336706,8,84.54,84.54,0.0
3390,1c_2c,P(o-Tol)3,Pd(OAc)2,KOH,MeOH,37.72,2260,M2_all_kraken,All cleaned Kraken descriptors,37.72,43.116737288539724,13.493787261362437,16.66891425626935,69.5645603208101,83.66,0.00444794887709378,9,84.54,84.54,0.0
3430,1c_2c,XPhos,Pd(OAc)2,Et3N,MeOH,30.62,2287,M2_all_kraken,All cleaned Kraken descriptors,30.62,37.57853767180504,15.061542154560252,8.057915048866946,67.09916029474313,83.66,0.004132266090723431,10,84.54,84.54,0.0
3202,1c_2c,XPhos,Pd(OAc)2,KOH,THF,18.41,2135,M2_all_kraken,All cleaned Kraken descriptors,18.41,31.418380522800042,16.712976270150627,-1.339052966695185,64.17581401229526,83.66,0.003645393263258495,11,84.54,84.54,0.0
3170,1c_2c,P(tBu)3,Pd(OAc)2,None,THF,14.0,2112,M2_all_kraken,All cleaned Kraken descriptors,14.0,35.47622688069786,15.425325684537183,5.242588539004981,65.70986522239073,83.66,0.003360030476740085,12,84.54,84.54,0.0
3366,1c_2c,P(o-Tol)3,Pd(OAc)2,None,MeOH,38.2,2244,M2_all_kraken,All cleaned Kraken descriptors,38.2,34.19017815746284,15.577737437748926,3.657812779474945,64.72254353545074,83.66,0.0028036519590617925,13,84.54,84.54,0.0
3346,1c_2c,XPhos,Pd(OAc)2,CsF,DMF,33.09,2231,M2_all_kraken,All cleaned Kraken descriptors,33.09,40.86793787207482,13.49323374298205,14.421199735830005,67.31467600831964,83.66,0.002422573226735069,14,84.54,84.54,0.0
3092,1c_2c,SPhos,Pd(OAc)2,NaOH,MeCN,15.62,2062,M2_all_kraken,All cleaned Kraken descriptors,15.62,41.26041030214957,13.071859256131775,15.639566160131295,66.88125444416785,83.66,0.0017822746689320212,15,84.54,84.54,0.0
3172,1c_2c,AmPhos,Pd(OAc)2,None,THF,23.86,2114,M2_all_kraken,All cleaned Kraken descriptors,23.86,39.039327996183836,13.621360692048995,12.341461039767808,65.73719495259986,83.66,0.0016531170034103614,16,84.54,84.54,0.0
3365,1c_2c,P(Cy)3,Pd(OAc)2,None,MeOH,26.1,2243,M2_all_kraken,All cleaned Kraken descriptors,26.1,41.464560530240234,12.905728294446057,16.169333073125962,66.75978798735451,83.66,0.0015917511072854502,17,84.54,84.54,0.0
3448,1c_2c,AmPhos,Pd(OAc)2,K3PO4,MeOH,31.28,2298,M2_all_kraken,All cleaned Kraken descriptors,31.28,35.937564433674865,14.43218288961301,7.650485970033365,64.22464289731636,83.66,0.0015688206211479684,18,84.54,84.54,0.0
3142,1c_2c,XPhos,Pd(OAc)2,Et3N,MeCN,12.12,2095,M2_all_kraken,All cleaned Kraken descriptors,12.12,29.525294397189946,15.921238064054462,-1.6803322083567984,60.73092100273669,83.66,0.0012198535688411304,19,84.54,84.54,0.0
3115,1c_2c,CataCXium A,Pd(OAc)2,LiOtBu,MeCN,10.18,2077,M2_all_kraken,All cleaned Kraken descriptors,10.18,23.43983938376362,17.440150540322982,-10.742855675269425,57.62253444279666,83.66,0.0010970662356133889,20,84.54,84.54,0.0
1298,1d_2a,P(Ph)3,Pd(OAc)2,KOH,THF,65.45,865,M2_all_kraken,All cleaned Kraken descriptors,65.45,102.23770990081317,15.28318374559417,72.2826697594486,132.19275004217775,98.69,7.7417939155136075,1,65.45,98.2,32.75
1494,1d_2a,CataCXium A,Pd(OAc)2,KOH,MeOH,95.06,997,M2_all_kraken,All cleaned Kraken descriptors,95.06,97.5273614197014,14.397444505755681,69.30837018842027,125.74635265098254,98.69,4.950686804831233,2,95.06,98.2,3.1400000000000006
1456,1d_2a,P(Cy)3,Pd(OAc)2,NaHCO3,MeOH,92.43,971,M2_all_kraken,All cleaned Kraken descriptors,92.43,96.46843352937839,15.105916878423935,66.86083644766748,126.0760306110893,98.69,4.7631491925702365,3,95.06,98.2,3.1400000000000006
1358,1d_2a,P(Ph)3,Pd(OAc)2,NaHCO3,DMF,89.45,905,M2_all_kraken,All cleaned Kraken descriptors,89.45,96.37394916947082,14.473703604012227,68.00549010560685,124.74240823333479,98.69,4.475093681952372,4,95.06,98.2,3.1400000000000006
1497,1d_2a,XPhos,Pd(OAc)2,KOH,MeOH,90.57,999,M2_all_kraken,All cleaned Kraken descriptors,90.57,94.96543373260502,15.877689836778679,63.84516165251881,126.08570581269123,98.69,4.444896298732604,5,95.06,98.2,3.1400000000000006
1202,1d_2a,P(Ph)3,Pd(OAc)2,KOH,MeCN,91.35,801,M2_all_kraken,All cleaned Kraken descriptors,91.35,92.314159609625,17.089414832177177,58.81890653855773,125.80941268069226,98.69,3.9242733897747617,6,95.06,98.2,3.1400000000000006
1166,1d_2a,P(Ph)3,Pd(OAc)2,NaHCO3,MeCN,93.27,777,M2_all_kraken,All cleaned Kraken descriptors,93.27,94.21461034681478,14.756214821147303,65.29242929736607,123.13679139626349,98.69,3.7306743779593505,7,95.06,98.2,3.1400000000000006
1206,1d_2a,CataCXium A,Pd(OAc)2,KOH,MeCN,93.12,805,M2_all_kraken,All cleaned Kraken descriptors,93.12,94.10118744396539,14.398498387411516,65.88013060463882,122.32224428329195,98.69,3.554828494590667,8,95.06,98.2,3.1400000000000006
1505,1d_2a,P(o-Tol)3,Pd(OAc)2,LiOtBu,MeOH,92.65,1004,M2_all_kraken,All cleaned Kraken descriptors,92.65,87.82871917881641,18.46125902843537,51.64465148308309,124.01278687454973,98.69,3.036607374313417,9,95.06,98.2,3.1400000000000006
1518,1d_2a,CataCXium A,Pd(OAc)2,Et3N,MeOH,89.09,1013,M2_all_kraken,All cleaned Kraken descriptors,89.09,93.42117567221322,13.345984602771924,67.26304585078026,119.57930549364619,98.69,2.9296611886704804,10,95.06,98.2,3.1400000000000006
1242,1d_2a,CataCXium A,Pd(OAc)2,None,MeCN,80.77,829,M2_all_kraken,All cleaned Kraken descriptors,80.77,92.31182061832266,14.18736646638144,64.50458234421504,120.11905889243027,98.69,2.873280961580421,11,95.06,98.2,3.1400000000000006
1527,1d_2a,AmPhos,Pd(OAc)2,None,MeOH,72.03,1018,M2_all_kraken,All cleaned Kraken descriptors,72.03,90.153116063868,15.692772476971609,59.395282009003644,120.91095011873236,98.69,2.752354870768686,12,95.06,98.2,3.1400000000000006
1214,1d_2a,P(Ph)3,Pd(OAc)2,LiOtBu,MeCN,98.2,809,M2_all_kraken,All cleaned Kraken descriptors,98.2,91.33137085800439,13.481482484860877,64.90766518767707,117.75507652833171,98.69,2.337765583055225,13,98.2,98.2,0.0
1418,1d_2a,P(Ph)3,Pd(OAc)2,Et3N,DMF,87.27,945,M2_all_kraken,All cleaned Kraken descriptors,87.27,87.85740358418056,15.384186797799488,57.70439746049357,118.01040970786755,98.69,2.06489305851874,14,98.2,98.2,0.0
1204,1d_2a,P(Cy)3,Pd(OAc)2,KOH,MeCN,83.91,803,M2_all_kraken,All cleaned Kraken descriptors,83.91,90.65060583512357,13.095707171606566,64.9830197787747,116.31819189147244,98.69,2.027710981326506,15,98.2,98.2,0.0
1218,1d_2a,CataCXium A,Pd(OAc)2,LiOtBu,MeCN,94.64,813,M2_all_kraken,All cleaned Kraken descriptors,94.64,84.49515847209057,17.603481712576578,49.99233431544047,118.99798262874066,98.69,1.9894521610635167,16,98.2,98.2,0.0
1261,1d_2a,P(tBu)3,Pd(OAc)2,NaHCO3,THF,83.82,840,M2_all_kraken,All cleaned Kraken descriptors,83.82,86.35618034785368,14.984921062567741,56.98573506522091,115.72662563048645,98.69,1.628902607115681,17,98.2,98.2,0.0
1372,1d_2a,P(Cy)3,Pd(OAc)2,CsF,DMF,89.78,915,M2_all_kraken,All cleaned Kraken descriptors,89.78,85.3503929585195,14.991571970949405,55.96691189545867,114.73387402158033,98.69,1.4427786799413251,18,98.2,98.2,0.0
1374,1d_2a,CataCXium A,Pd(OAc)2,CsF,DMF,90.18,917,M2_all_kraken,All cleaned Kraken descriptors,90.18,87.76835733333874,13.104761085550852,62.083025605659074,113.45368906101841,98.69,1.3861364172870303,19,98.2,98.2,0.0
1276,1d_2a,P(Cy)3,Pd(OAc)2,CsF,THF,62.81,851,M2_all_kraken,All cleaned Kraken descriptors,62.81,82.42342209519917,16.660957935282973,49.767944542044546,115.0788996483538,98.69,1.37143922400307,20,98.2,98.2,0.0
2209,1d_2b,P(tBu)3,Pd(OAc)2,NaOH,MeOH,80.02,1472,M2_all_kraken,All cleaned Kraken descriptors,80.02,100.3259494495907,14.210432324261973,72.47350209403723,128.17839680514416,98.42,6.39984114465161,1,80.02,100.0,19.980000000000004
1926,1d_2b,CataCXium A,Pd(OAc)2,NaOH,MeCN,94.39,1285,M2_all_kraken,All cleaned Kraken descriptors,94.39,99.56501651649417,13.38693758727652,73.3266188454322,125.80341418755614,98.42,5.669321737151262,2,94.39,100.0,5.609999999999999
2022,1d_2b,CataCXium A,Pd(OAc)2,NaOH,THF,92.59,1349,M2_all_kraken,All cleaned Kraken descriptors,92.59,97.60249690377717,13.764173949551553,70.62471596265613,124.5802778448982,98.42,4.857495720587964,3,94.39,100.0,5.609999999999999
2295,1d_2b,AmPhos,Pd(OAc)2,None,MeOH,66.14,1530,M2_all_kraken,All cleaned Kraken descriptors,66.14,95.33998319710079,15.8856603151069,64.20408897949127,126.47587741471031,98.42,4.707708408319049,4,94.39,100.0,5.609999999999999
2077,1d_2b,P(tBu)3,Pd(OAc)2,LiOtBu,THF,93.55,1384,M2_all_kraken,All cleaned Kraken descriptors,93.55,97.82495256360372,12.710187113642506,72.9129858208644,122.73691930634303,98.42,4.5419145707766635,5,94.39,100.0,5.609999999999999
1998,1d_2b,CataCXium A,Pd(OAc)2,Et3N,MeCN,94.32,1333,M2_all_kraken,All cleaned Kraken descriptors,94.32,95.47311197502754,15.15968843165975,65.76012264897443,125.18610130108064,98.42,4.480057281959467,6,94.39,100.0,5.609999999999999
2066,1d_2b,P(Ph)3,Pd(OAc)2,KOH,THF,77.32,1377,M2_all_kraken,All cleaned Kraken descriptors,77.32,91.11126719419556,18.544061518143636,54.764906618634036,127.4576277697571,98.42,4.1400191554347,7,94.39,100.0,5.609999999999999
1929,1d_2b,XPhos,Pd(OAc)2,NaOH,MeCN,90.64,1287,M2_all_kraken,All cleaned Kraken descriptors,90.64,94.99442249727332,13.16800168983193,69.18513918520273,120.80370580934391,98.42,3.52220599834407,8,94.39,100.0,5.609999999999999
2215,1d_2b,SPhos,Pd(OAc)2,NaOH,MeOH,83.9,1478,M2_all_kraken,All cleaned Kraken descriptors,83.9,91.64012679581379,15.742456781151159,60.78491150475752,122.49534208687005,98.42,3.3001935296888956,9,94.39,100.0,5.609999999999999
2010,1d_2b,CataCXium A,Pd(OAc)2,None,MeCN,71.98,1341,M2_all_kraken,All cleaned Kraken descriptors,71.98,93.99394337233517,13.281137917508715,67.96291305401809,120.02497369065225,98.42,3.1957124258194156,10,94.39,100.0,5.609999999999999
1923,1d_2b,AmPhos,Pd(OAc)2,NaOH,MeCN,94.83,1282,M2_all_kraken,All cleaned Kraken descriptors,94.83,93.39218051696771,13.236294308986492,67.44904367135419,119.33531736258124,98.42,2.970520948416957,11,94.83,100.0,5.170000000000002
2261,1d_2b,P(o-Tol)3,Pd(OAc)2,KOH,MeOH,86.4,1508,M2_all_kraken,All cleaned Kraken descriptors,86.4,91.5415116463821,14.413311398433477,63.29142130545249,119.79160198731172,98.42,2.798246443979352,12,94.83,100.0,5.170000000000002
2083,1d_2b,SPhos,Pd(OAc)2,LiOtBu,THF,95.34,1390,M2_all_kraken,All cleaned Kraken descriptors,95.34,92.53140149740824,12.951691502979967,67.1460861515675,117.91671684324898,98.42,2.588822618581969,13,95.34,100.0,4.659999999999997
2095,1d_2b,SPhos,Pd(OAc)2,Et3N,THF,85.37,1398,M2_all_kraken,All cleaned Kraken descriptors,85.37,89.52198734627498,14.772856276967088,60.56718904341949,118.47678564913048,98.42,2.3484410536981697,14,95.34,100.0,4.659999999999997
2281,1d_2b,P(tBu)3,Pd(OAc)2,Et3N,MeOH,70.65,1520,M2_all_kraken,All cleaned Kraken descriptors,70.65,88.9565540495166,14.37218199461291,60.78707734007529,117.12603075895791,98.42,2.0770811321041993,15,95.34,100.0,4.659999999999997
2259,1d_2b,AmPhos,Pd(OAc)2,KOH,MeOH,83.8,1506,M2_all_kraken,All cleaned Kraken descriptors,83.8,87.57431636465205,15.319420737101257,57.54825171993359,117.60038100937051,98.42,2.0422127288703575,16,95.34,100.0,4.659999999999997
2101,1d_2b,P(tBu)3,Pd(OAc)2,None,THF,89.61,1400,M2_all_kraken,All cleaned Kraken descriptors,89.61,87.37403581027998,15.417201675003684,57.156320527272754,117.5917510932872,98.42,2.0260680308347645,17,95.34,100.0,4.659999999999997
1972,1d_2b,P(Cy)3,Pd(OAc)2,KOH,MeCN,91.07,1315,M2_all_kraken,All cleaned Kraken descriptors,91.07,86.1263278149703,14.82893897442584,57.061607425095644,115.19104820484495,98.42,1.5937249978326644,18,95.34,100.0,4.659999999999997
2068,1d_2b,P(Cy)3,Pd(OAc)2,KOH,THF,68.45,1379,M2_all_kraken,All cleaned Kraken descriptors,68.45,84.90217875941872,15.653397074057878,54.22152049426528,115.58283702457216,98.42,1.585058121928908,19,95.34,100.0,4.659999999999997
1921,1d_2b,P(tBu)3,Pd(OAc)2,NaOH,MeCN,93.45,1280,M2_all_kraken,All cleaned Kraken descriptors,93.45,84.99470976353633,15.103983958468323,55.39090120493842,114.59851832213425,98.42,1.456819462839595,20,95.34,100.0,4.659999999999997
3775,1d_2c,CataCXium A,Pd(OAc)2,KOH,MeOH,64.04,2517,M2_all_kraken,All cleaned Kraken descriptors,64.04,70.7553335137743,15.178375832813234,41.005716881460366,100.50495014608825,81.25,2.0805965433624216,1,64.04,80.09,16.049999999999997
3786,1d_2c,P(o-Tol)3,Pd(OAc)2,LiOtBu,MeOH,73.24,2524,M2_all_kraken,All cleaned Kraken descriptors,73.24,64.32135327227189,18.514065682811125,28.033784533962084,100.6089220105817,81.25,1.7225647648971152,2,73.24,80.09,6.8500000000000085
3790,1d_2c,XPhos,Pd(OAc)2,LiOtBu,MeOH,64.55,2527,M2_all_kraken,All cleaned Kraken descriptors,64.55,62.403183661411255,16.49885161461982,30.06543449675641,94.7409328260661,81.25,0.9788295827559708,3,73.24,80.09,6.8500000000000085
3619,1d_2c,CataCXium A,Pd(OAc)2,Et3N,THF,60.3,2413,M2_all_kraken,All cleaned Kraken descriptors,60.3,66.12783420314784,13.584445325474515,39.502321365217796,92.75334704107789,81.25,0.8436354679237772,4,73.24,80.09,6.8500000000000085
3579,1d_2c,P(Ph)3,Pd(OAc)2,KOH,THF,42.44,2385,M2_all_kraken,All cleaned Kraken descriptors,42.44,62.52800529992926,13.954171879013117,35.17782841706355,89.87818218279497,81.25,0.5375527282034116,5,73.24,80.09,6.8500000000000085
3833,1d_2c,P(Cy)3,Pd(OAc)2,K3PO4,MeOH,78.59,2555,M2_all_kraken,All cleaned Kraken descriptors,78.59,61.22766954233683,14.24294678392162,33.31149384585045,89.1438452388232,81.25,0.4769933864983038,6,78.59,80.09,1.5
3810,1d_2c,P(o-Tol)3,Pd(OAc)2,Et3N,MeOH,79.4,2540,M2_all_kraken,All cleaned Kraken descriptors,79.4,57.43623619229714,15.80807523484734,26.45240873199635,88.42006365259792,81.25,0.42454428049684445,7,79.4,80.09,0.6899999999999977
3807,1d_2c,P(Ph)3,Pd(OAc)2,Et3N,MeOH,80.09,2537,M2_all_kraken,All cleaned Kraken descriptors,80.09,56.288985609180976,15.130049873290403,26.634087857531785,85.94388336083017,81.25,0.2884976161145074,8,80.09,80.09,0.0
3764,1d_2c,SPhos,Pd(OAc)2,NaOH,MeOH,62.57,2510,M2_all_kraken,All cleaned Kraken descriptors,62.57,52.94053108053207,14.216622736625293,25.075950516746495,80.80511164431763,81.25,0.11241406136382104,9,80.09,80.09,0.0
3797,1d_2c,P(Cy)3,Pd(OAc)2,NaHCO3,MeOH,69.95,2531,M2_all_kraken,All cleaned Kraken descriptors,69.95,51.03076306595855,14.763834831545925,22.093646796128542,79.96787933578857,81.25,0.10070765747540922,10,80.09,80.09,0.0
3631,1d_2c,CataCXium A,Pd(OAc)2,CsF,THF,60.07,2421,M2_all_kraken,All cleaned Kraken descriptors,60.07,49.91949391543619,15.200865722222943,20.125797099879225,79.71319073099316,81.25,0.09996730268584153,11,80.09,80.09,0.0
3557,1d_2c,P(Cy)3,Pd(OAc)2,None,THF,47.6,2371,M2_all_kraken,All cleaned Kraken descriptors,47.6,50.113693605896756,13.399342444978757,23.850982413738393,76.37640479805512,81.25,0.04096726620158425,12,80.09,80.09,0.0
3483,1d_2c,P(Ph)3,Pd(OAc)2,KOH,MeCN,16.12,2321,M2_all_kraken,All cleaned Kraken descriptors,16.12,36.19028087348137,17.979065605823397,0.9513122860675125,71.42924946089522,81.25,0.03240937726686177,13,80.09,80.09,0.0
3463,1d_2c,CataCXium A,Pd(OAc)2,None,MeCN,15.16,2309,M2_all_kraken,All cleaned Kraken descriptors,15.16,40.63979714041337,15.874400079348879,9.52597298488957,71.75362129593717,81.25,0.024010604878936664,14,80.09,80.09,0.0
3617,1d_2c,P(Cy)3,Pd(OAc)2,Et3N,THF,30.56,2411,M2_all_kraken,All cleaned Kraken descriptors,30.56,38.17246884556723,16.114629692115532,6.58779464902079,69.75714304211367,81.25,0.016848837470980954,15,80.09,80.09,0.0
3812,1d_2c,SPhos,Pd(OAc)2,Et3N,MeOH,58.75,2542,M2_all_kraken,All cleaned Kraken descriptors,58.75,38.70241090491915,15.924916547190072,7.489574472426607,69.91524733741169,81.25,0.016708479529551123,16,80.09,80.09,0.0
3820,1d_2c,AmPhos,Pd(OAc)2,CsF,MeOH,78.92,2546,M2_all_kraken,All cleaned Kraken descriptors,78.92,39.17792422541999,14.549966813465348,10.65998927102791,67.69585917981208,81.25,0.007205986420439139,17,80.09,80.09,0.0
3594,1d_2c,P(o-Tol)3,Pd(OAc)2,LiOtBu,THF,35.01,2396,M2_all_kraken,All cleaned Kraken descriptors,35.01,34.26913868983365,16.058542851161633,2.794394701556854,65.74388267811045,81.25,0.007144281105983877,18,80.09,80.09,0.0
3784,1d_2c,AmPhos,Pd(OAc)2,LiOtBu,MeOH,61.48,2522,M2_all_kraken,All cleaned Kraken descriptors,61.48,30.323294161154152,16.619789755686963,-2.251493759992293,62.8980820823006,81.25,0.004534085590736703,19,80.09,80.09,0.0
3640,1d_2c,AmPhos,Pd(OAc)2,K3PO4,THF,44.98,2426,M2_all_kraken,All cleaned Kraken descriptors,44.98,40.63324104771862,13.511935933433646,14.149846618188676,67.11663547724856,81.25,0.004432456815638079,20,80.09,80.09,0.0
103,1a_2a,SPhos,Pd(OAc)2,NaOH,THF,87.06,70,M3_pc_top3_each,Top 3 loading descriptors from PC1-PC4,87.06,82.99900443878803,12.628865293892316,58.2464284627591,107.75158041481697,93.67,1.3046223049185022,1,87.06,92.83,5.769999999999996
69,1a_2a,XPhos,Pd(OAc)2,LiOtBu,MeCN,92.83,47,M3_pc_top3_each,Top 3 loading descriptors from PC1-PC4,92.83,80.22771206525555,12.886186583469925,54.97078636165449,105.4846377688566,93.67,0.9162485442167183,2,92.83,92.83,0.0
163,1a_2a,SPhos,Pd(OAc)2,LiOtBu,THF,85.95,110,M3_pc_top3_each,Top 3 loading descriptors from PC1-PC4,85.95,75.43225665966852,12.337878537388717,51.25001472638664,99.61449859295041,93.67,0.34643346350627335,3,92.83,92.83,0.0
177,1a_2a,XPhos,Pd(OAc)2,Et3N,THF,88.93,119,M3_pc_top3_each,Top 3 loading descriptors from PC1-PC4,88.93,69.61631352080303,14.880003540226417,40.45150658195926,98.78112045964681,93.67,0.3069955334946044,4,92.83,92.83,0.0
115,1a_2a,SPhos,Pd(OAc)2,NaHCO3,THF,79.85,78,M3_pc_top3_each,Top 3 loading descriptors from PC1-PC4,79.85,72.91938097624381,12.382798613775252,48.64909569324432,97.18966625924331,93.67,0.21769742538432313,5,92.83,92.83,0.0
100,1a_2a,P(Cy)3,Pd(OAc)2,NaOH,THF,69.94,67,M3_pc_top3_each,Top 3 loading descriptors from PC1-PC4,69.94,68.61098676695966,12.081624604984043,44.931002541190935,92.29097099272838,93.67,0.07485970504294437,6,92.83,92.83,0.0
114,1a_2a,CataCXium A,Pd(OAc)2,NaHCO3,THF,70.45,77,M3_pc_top3_each,Top 3 loading descriptors from PC1-PC4,70.45,66.44884542485093,12.335094346726004,42.27206050526796,90.6256303444339,93.67,0.05263649140260174,7,92.83,92.83,0.0
117,1a_2a,XPhos,Pd(OAc)2,NaHCO3,THF,80.77,79,M3_pc_top3_each,Top 3 loading descriptors from PC1-PC4,80.77,60.04575733602056,13.385106455294673,33.810948683643,86.28056598839811,93.67,0.022993039436473545,8,92.83,92.83,0.0
357,1a_2a,XPhos,Pd(OAc)2,LiOtBu,MeOH,27.33,239,M3_pc_top3_each,Top 3 loading descriptors from PC1-PC4,27.33,59.38238503937239,13.205946261552654,33.498730366729184,85.26603971201558,93.67,0.0173264264463254,9,92.83,92.83,0.0
19,1a_2a,SPhos,Pd(OAc)2,NaHCO3,MeCN,69.22,14,M3_pc_top3_each,Top 3 loading descriptors from PC1-PC4,69.22,56.00280686977277,12.796954085569398,30.920776862056748,81.08483687748878,93.67,0.005201157794084171,10,92.83,92.83,0.0
247,1a_2a,SPhos,Pd(OAc)2,KOH,DMF,62.77,166,M3_pc_top3_each,Top 3 loading descriptors from PC1-PC4,62.77,44.407943967800534,14.635239834751015,15.722873891688543,73.09301404391252,93.67,0.0012675302733840266,11,92.83,92.83,0.0
31,1a_2a,SPhos,Pd(OAc)2,CsF,MeCN,68.44,22,M3_pc_top3_each,Top 3 loading descriptors from PC1-PC4,68.44,48.39028690579324,13.516277616829308,21.898382776807797,74.88219103477869,93.67,0.001231918221658624,12,92.83,92.83,0.0
249,1a_2a,XPhos,Pd(OAc)2,KOH,DMF,79.14,167,M3_pc_top3_each,Top 3 loading descriptors from PC1-PC4,79.14,42.46477782946895,15.099662835417767,12.869438672050126,72.06011698688778,93.67,0.001190420443743144,13,92.83,92.83,0.0
261,1a_2a,XPhos,Pd(OAc)2,LiOtBu,DMF,61.47,175,M3_pc_top3_each,Top 3 loading descriptors from PC1-PC4,61.47,46.96976127752412,13.00145708127868,21.48690539821791,72.45261715683033,93.67,0.0004491941734763964,14,92.83,92.83,0.0
169,1a_2a,P(tBu)3,Pd(OAc)2,Et3N,THF,68.72,112,M3_pc_top3_each,Top 3 loading descriptors from PC1-PC4,68.72,45.19056698123041,13.439620426911297,18.84891094448427,71.53222301797655,93.67,0.0004383727520292169,15,92.83,92.83,0.0
157,1a_2a,P(tBu)3,Pd(OAc)2,LiOtBu,THF,66.16,104,M3_pc_top3_each,Top 3 loading descriptors from PC1-PC4,66.16,41.65155614352485,13.154144542590823,15.869432840046837,67.43367944700286,93.67,9.71472780744863e-05,16,92.83,92.83,0.0
306,1a_2a,CataCXium A,Pd(OAc)2,NaHCO3,MeOH,25.15,205,M3_pc_top3_each,Top 3 loading descriptors from PC1-PC4,25.15,33.7710494574898,14.667035788101856,5.023659312810164,62.51843960216944,93.67,6.171929547121153e-05,17,92.83,92.83,0.0
171,1a_2a,AmPhos,Pd(OAc)2,Et3N,THF,48.8,114,M3_pc_top3_each,Top 3 loading descriptors from PC1-PC4,48.8,39.32739760924193,12.96612630650285,13.913790048496342,64.74100516998752,93.67,3.2670751567406777e-05,18,92.83,92.83,0.0
375,1a_2a,AmPhos,Pd(OAc)2,None,MeOH,32.25,250,M3_pc_top3_each,Top 3 loading descriptors from PC1-PC4,32.25,35.98794180750147,13.438104282691107,9.649257413426902,62.32662620157604,93.67,2.1188702665348542e-05,19,92.83,92.83,0.0
321,1a_2a,XPhos,Pd(OAc)2,CsF,MeOH,35.0,215,M3_pc_top3_each,Top 3 loading descriptors from PC1-PC4,35.0,36.961590583682316,13.174002379792292,11.140545919289426,62.78263524807521,93.67,1.954054273869347e-05,20,92.83,92.83,0.0
2863,1a_2b,SPhos,Pd(OAc)2,Et3N,THF,76.22,1910,M3_pc_top3_each,Top 3 loading descriptors from PC1-PC4,76.22,68.98361433358758,12.960367210429805,43.58129460114516,94.38593406603,77.13,1.9570160633795632,1,76.22,92.16,15.939999999999998
2875,1a_2b,SPhos,Pd(OAc)2,None,THF,69.3,1918,M3_pc_top3_each,Top 3 loading descriptors from PC1-PC4,69.3,68.81321705648462,12.377805393175597,44.552718485860446,93.07371562710878,77.13,1.7319692229733934,2,76.22,92.16,15.939999999999998
2793,1a_2b,XPhos,Pd(OAc)2,NaOH,THF,92.16,1863,M3_pc_top3_each,Top 3 loading descriptors from PC1-PC4,92.16,60.68502522876993,15.10991483471211,31.069592152734195,90.30045830480566,77.13,0.9936209969147671,3,92.16,92.16,0.0
2757,1a_2b,XPhos,Pd(OAc)2,LiOtBu,MeCN,76.56,1839,M3_pc_top3_each,Top 3 loading descriptors from PC1-PC4,76.56,62.768398049629525,13.073891766147197,37.14357018798102,88.39322591127802,77.13,0.833857105614346,4,92.16,92.16,0.0
2877,1a_2b,XPhos,Pd(OAc)2,None,THF,84.83,1919,M3_pc_top3_each,Top 3 loading descriptors from PC1-PC4,84.83,56.157015075718384,13.41995730938468,29.85389874932441,82.46013140211235,77.13,0.3118485061778491,5,92.16,92.16,0.0
2721,1a_2b,XPhos,Pd(OAc)2,CsF,MeCN,77.78,1815,M3_pc_top3_each,Top 3 loading descriptors from PC1-PC4,77.78,56.44757065568096,12.7264126794281,31.50380180400189,81.39133950736004,77.13,0.2536744848690371,6,92.16,92.16,0.0
2781,1a_2b,XPhos,Pd(OAc)2,None,MeCN,66.37,1855,M3_pc_top3_each,Top 3 loading descriptors from PC1-PC4,66.37,53.59539301214119,12.717890387899233,28.66832785185869,78.52245817242368,77.13,0.1443469746881385,7,92.16,92.16,0.0
2731,1a_2b,SPhos,Pd(OAc)2,K3PO4,MeCN,69.42,1822,M3_pc_top3_each,Top 3 loading descriptors from PC1-PC4,69.42,50.45283194498259,12.953391716295407,25.064184181043593,75.84147970892158,77.13,0.08423344665900495,8,92.16,92.16,0.0
2983,1a_2b,SPhos,Pd(OAc)2,NaOH,MeOH,63.06,1990,M3_pc_top3_each,Top 3 loading descriptors from PC1-PC4,63.06,42.80894865750545,14.052084579210446,15.266862882252973,70.35103443275793,77.13,0.030142803900024162,9,92.16,92.16,0.0
2778,1a_2b,CataCXium A,Pd(OAc)2,None,MeCN,18.06,1853,M3_pc_top3_each,Top 3 loading descriptors from PC1-PC4,18.06,41.1260552127431,13.770309592561564,14.136248411322434,68.11586201416375,77.13,0.017121993341553787,10,92.16,92.16,0.0
2992,1a_2b,P(Cy)3,Pd(OAc)2,NaHCO3,MeOH,30.49,1995,M3_pc_top3_each,Top 3 loading descriptors from PC1-PC4,30.49,38.08007510512525,14.258633836180712,10.13315278621106,66.02699742403945,77.13,0.011848157761402855,11,92.16,92.16,0.0
2838,1a_2b,CataCXium A,Pd(OAc)2,KOH,THF,33.61,1893,M3_pc_top3_each,Top 3 loading descriptors from PC1-PC4,33.61,40.31343273571903,12.935854396909663,14.959158117776095,65.66770735366197,77.13,0.007384445097893252,12,92.16,92.16,0.0
2994,1a_2b,CataCXium A,Pd(OAc)2,NaHCO3,MeOH,16.27,1997,M3_pc_top3_each,Top 3 loading descriptors from PC1-PC4,16.27,40.30071324836139,12.656016086985616,15.494921717869584,65.10650477885319,77.13,0.005773982796271636,13,92.16,92.16,0.0
2935,1a_2b,SPhos,Pd(OAc)2,KOH,DMF,13.53,1958,M3_pc_top3_each,Top 3 loading descriptors from PC1-PC4,13.53,33.927988650074454,14.366776063014385,5.769107566566262,62.086869733582645,77.13,0.004731678327166686,14,92.16,92.16,0.0
3021,1a_2b,XPhos,Pd(OAc)2,K3PO4,MeOH,51.75,2015,M3_pc_top3_each,Top 3 loading descriptors from PC1-PC4,51.75,38.45456085789464,12.769466332559885,13.426406846077267,63.48271486971201,77.13,0.00383147696806789,15,92.16,92.16,0.0
2694,1a_2b,CataCXium A,Pd(OAc)2,NaOH,MeCN,15.97,1797,M3_pc_top3_each,Top 3 loading descriptors from PC1-PC4,15.97,34.29240257695341,13.988435800886261,6.875068407216336,61.70973674669048,77.13,0.0037641726152955676,16,92.16,92.16,0.0
2836,1a_2b,P(Cy)3,Pd(OAc)2,KOH,THF,46.21,1891,M3_pc_top3_each,Top 3 loading descriptors from PC1-PC4,46.21,32.95512890292023,13.851738428138379,5.805721583769007,60.10453622207145,77.13,0.002336190372961504,17,92.16,92.16,0.0
2845,1a_2b,P(tBu)3,Pd(OAc)2,LiOtBu,THF,52.95,1896,M3_pc_top3_each,Top 3 loading descriptors from PC1-PC4,52.95,35.91186584109899,12.750471983302813,10.920940753825473,60.9027909283725,77.13,0.0018049657070414726,18,92.16,92.16,0.0
2812,1a_2b,P(Cy)3,Pd(OAc)2,CsF,THF,43.78,1875,M3_pc_top3_each,Top 3 loading descriptors from PC1-PC4,43.78,36.15826994717575,12.401677930275747,11.850981203835282,60.46555869051621,77.13,0.0013340567936071489,19,92.16,92.16,0.0
2871,1a_2b,AmPhos,Pd(OAc)2,None,THF,31.05,1914,M3_pc_top3_each,Top 3 loading descriptors from PC1-PC4,31.05,30.329810749544006,13.83621593260359,3.2108275216409687,57.44879397744704,77.13,0.0011153137338414734,20,92.16,92.16,0.0
4558,1a_2c,XPhos,Pd(OAc)2,LiOtBu,MeOH,59.08,3039,M3_pc_top3_each,Top 3 loading descriptors from PC1-PC4,59.08,48.45364750009636,12.75488547058034,23.454071977758893,73.45322302243383,49.99,4.134999366390891,1,59.08,59.08,0.0
4544,1a_2c,SPhos,Pd(OAc)2,KOH,MeOH,41.19,3030,M3_pc_top3_each,Top 3 loading descriptors from PC1-PC4,41.19,40.41559149126629,12.655531357512817,15.610750030541169,65.22043295199141,49.99,1.5319113621442386,2,59.08,59.08,0.0
4325,1a_2c,P(Cy)3,Pd(OAc)2,None,THF,18.72,2883,M3_pc_top3_each,Top 3 loading descriptors from PC1-PC4,18.72,35.48881959556871,12.360986293205407,11.261286460886108,59.7163527302513,49.99,0.6743707637219598,3,59.08,59.08,0.0
4370,1a_2c,P(tBu)3,Pd(OAc)2,NaHCO3,THF,15.38,2912,M3_pc_top3_each,Top 3 loading descriptors from PC1-PC4,15.38,31.132936381645617,14.02838580675614,3.6373002004035833,58.628572562887655,49.99,0.537653312617232,4,59.08,59.08,0.0
4322,1a_2c,P(tBu)3,Pd(OAc)2,None,THF,15.0,2880,M3_pc_top3_each,Top 3 loading descriptors from PC1-PC4,15.0,32.323102052139916,12.897074304762919,7.044836414804596,57.60136768947524,49.99,0.46401948803414594,5,59.08,59.08,0.0
4364,1a_2c,SPhos,Pd(OAc)2,LiOtBu,THF,15.93,2910,M3_pc_top3_each,Top 3 loading descriptors from PC1-PC4,15.93,32.722650936246936,12.609010705324227,8.00898995381145,57.43631191868242,49.99,0.45316129022009966,6,59.08,59.08,0.0
4567,1a_2c,CataCXium A,Pd(OAc)2,NaHCO3,MeOH,7.73,3045,M3_pc_top3_each,Top 3 loading descriptors from PC1-PC4,7.73,29.977726944996213,14.002171856033886,2.533470107169798,57.42198378282263,49.99,0.4442946761771567,7,59.08,59.08,0.0
4554,1a_2c,P(o-Tol)3,Pd(OAc)2,LiOtBu,MeOH,15.16,3036,M3_pc_top3_each,Top 3 loading descriptors from PC1-PC4,15.16,28.03866192660715,14.625708619274144,-0.6277269671701724,56.70505082038447,49.99,0.395519517087485,8,59.08,59.08,0.0
4602,1a_2c,P(o-Tol)3,Pd(OAc)2,K3PO4,MeOH,17.83,3068,M3_pc_top3_each,Top 3 loading descriptors from PC1-PC4,17.83,33.24931520757695,11.91450318251381,9.896888969849883,56.601741445304015,49.99,0.3935584599587525,9,59.08,59.08,0.0
4601,1a_2c,P(Cy)3,Pd(OAc)2,K3PO4,MeOH,21.39,3067,M3_pc_top3_each,Top 3 loading descriptors from PC1-PC4,21.39,31.382442726167987,12.637203683543683,6.613523506422368,56.15136194591361,49.99,0.36033511473322744,10,59.08,59.08,0.0
4226,1a_2c,P(tBu)3,Pd(OAc)2,None,MeCN,16.56,2816,M3_pc_top3_each,Top 3 loading descriptors from PC1-PC4,16.56,29.82103684665329,13.233733765529342,3.8829186662157795,55.7591550270908,49.99,0.3363430229919313,11,59.08,59.08,0.0
4604,1a_2c,SPhos,Pd(OAc)2,K3PO4,MeOH,48.66,3070,M3_pc_top3_each,Top 3 loading descriptors from PC1-PC4,48.66,28.777253012482742,13.677124147114403,1.970089684138511,55.58441634082698,49.99,0.3273537478183932,12,59.08,59.08,0.0
4580,1a_2c,SPhos,Pd(OAc)2,Et3N,MeOH,21.06,3054,M3_pc_top3_each,Top 3 loading descriptors from PC1-PC4,21.06,27.503426744298,13.756702963904424,0.5402889350453322,54.46656455355067,49.99,0.2699534601327025,13,59.08,59.08,0.0
4541,1a_2c,P(Cy)3,Pd(OAc)2,KOH,MeOH,18.12,3027,M3_pc_top3_each,Top 3 loading descriptors from PC1-PC4,18.12,29.208913514308062,12.842140569466908,4.038317998152923,54.3795090304632,49.99,0.26052719099070676,14,59.08,59.08,0.0
4551,1a_2c,P(Ph)3,Pd(OAc)2,LiOtBu,MeOH,17.63,3033,M3_pc_top3_each,Top 3 loading descriptors from PC1-PC4,17.63,27.39018151295952,12.930465340106576,2.046469446350631,52.7338935795684,49.99,0.19097271316833253,15,59.08,59.08,0.0
4340,1a_2c,SPhos,Pd(OAc)2,NaOH,THF,17.39,2894,M3_pc_top3_each,Top 3 loading descriptors from PC1-PC4,17.39,27.461591410848754,12.502732827923168,2.9562350681193443,51.96694775357817,49.99,0.16051844775400725,16,59.08,59.08,0.0
4594,1a_2c,XPhos,Pd(OAc)2,CsF,MeOH,29.03,3063,M3_pc_top3_each,Top 3 loading descriptors from PC1-PC4,29.03,25.659663165396044,13.244113237337707,-0.2987987797858622,51.61812511057795,49.99,0.15626133970109324,17,59.08,59.08,0.0
4563,1a_2c,P(Ph)3,Pd(OAc)2,NaHCO3,MeOH,21.3,3041,M3_pc_top3_each,Top 3 loading descriptors from PC1-PC4,21.3,27.821759468473317,12.264112238801628,3.784099480422128,51.859419456524506,49.99,0.1548754215530469,18,59.08,59.08,0.0
4498,1a_2c,XPhos,Pd(OAc)2,CsF,DMF,20.83,2999,M3_pc_top3_each,Top 3 loading descriptors from PC1-PC4,20.83,26.793153142985513,12.653208203488482,1.9928650641480878,51.59344122182294,49.99,0.15007126137437576,19,59.08,59.08,0.0
4347,1a_2c,P(Ph)3,Pd(OAc)2,KOH,THF,20.73,2897,M3_pc_top3_each,Top 3 loading descriptors from PC1-PC4,20.73,25.04554900841565,12.888115669176246,-0.21515770316979044,50.30625572000109,49.99,0.11721176960152968,20,59.08,59.08,0.0
690,1b_2a,CataCXium A,Pd(OAc)2,NaHCO3,MeOH,86.98,461,M3_pc_top3_each,Top 3 loading descriptors from PC1-PC4,86.98,107.44355541426748,13.046841204300456,81.87174665383858,133.01536417469637,96.89,11.704864259165308,1,86.98,97.83,10.849999999999994
726,1b_2a,CataCXium A,Pd(OAc)2,KOH,MeOH,85.46,485,M3_pc_top3_each,Top 3 loading descriptors from PC1-PC4,85.46,99.16990133849308,13.908034310494319,71.91015408992422,126.42964858706193,96.89,6.483828317668737,2,86.98,97.83,10.849999999999994
390,1b_2a,CataCXium A,Pd(OAc)2,NaOH,MeCN,96.38,261,M3_pc_top3_each,Top 3 loading descriptors from PC1-PC4,96.38,99.94913815829582,12.035795137907598,76.35897968799694,123.53929662859471,96.89,6.189290281352823,3,96.38,97.83,1.4500000000000028
722,1b_2a,P(Ph)3,Pd(OAc)2,KOH,MeOH,92.61,481,M3_pc_top3_each,Top 3 loading descriptors from PC1-PC4,92.61,98.08698810885531,12.920839859024795,72.7621419851667,123.41183423254391,96.89,5.510661188361381,4,96.38,97.83,1.4500000000000028
486,1b_2a,CataCXium A,Pd(OAc)2,NaOH,THF,96.57,325,M3_pc_top3_each,Top 3 loading descriptors from PC1-PC4,96.57,94.3845335267028,12.83788142738679,69.2222859290247,119.5467811243809,96.89,3.758552315164486,5,96.57,97.83,1.2600000000000051
679,1b_2a,SPhos,Pd(OAc)2,NaOH,MeOH,92.88,454,M3_pc_top3_each,Top 3 loading descriptors from PC1-PC4,92.88,94.04851749193435,12.718131987365183,69.1209787966986,118.9760561871701,96.89,3.57717862160339,6,96.57,97.83,1.2600000000000051
558,1b_2a,CataCXium A,Pd(OAc)2,Et3N,THF,97.83,373,M3_pc_top3_each,Top 3 loading descriptors from PC1-PC4,97.83,93.3145618909513,12.393879845939036,69.02255739291078,117.60656638899181,96.89,3.1716545844269044,7,97.83,97.83,0.0
746,1b_2a,P(Ph)3,Pd(OAc)2,Et3N,MeOH,82.99,497,M3_pc_top3_each,Top 3 loading descriptors from PC1-PC4,82.99,92.86382569318464,12.148702812595255,69.05236818049794,116.67528320587134,96.89,2.916073117073669,8,97.83,97.83,0.0
542,1b_2a,P(Ph)3,Pd(OAc)2,LiOtBu,THF,87.78,361,M3_pc_top3_each,Top 3 loading descriptors from PC1-PC4,87.78,90.7566480388249,13.338945275771879,64.61231529831203,116.90098077933779,96.89,2.6495592653970736,9,97.83,97.83,0.0
714,1b_2a,CataCXium A,Pd(OAc)2,K3PO4,MeOH,89.42,477,M3_pc_top3_each,Top 3 loading descriptors from PC1-PC4,89.42,85.86291414063564,14.609704913191116,57.22789251078105,114.49793577049023,96.89,1.7904894454480256,10,97.83,97.83,0.0
482,1b_2a,P(Ph)3,Pd(OAc)2,NaOH,THF,90.21,321,M3_pc_top3_each,Top 3 loading descriptors from PC1-PC4,90.21,87.20046256690837,13.468700000471904,60.801810565983445,113.5991145678333,96.89,1.746788296455542,11,97.83,97.83,0.0
759,1b_2a,AmPhos,Pd(OAc)2,None,MeOH,61.57,506,M3_pc_top3_each,Top 3 loading descriptors from PC1-PC4,61.57,85.23964137622858,14.148859104755312,57.50787753090816,112.97140522154899,96.89,1.531648457465474,12,97.83,97.83,0.0
387,1b_2a,AmPhos,Pd(OAc)2,NaOH,MeCN,86.82,258,M3_pc_top3_each,Top 3 loading descriptors from PC1-PC4,86.82,85.18411953822215,13.477539278713463,58.76814255194376,111.60009652450054,96.89,1.3396155825825375,13,97.83,97.83,0.0
457,1b_2a,P(tBu)3,Pd(OAc)2,Et3N,MeCN,91.95,304,M3_pc_top3_each,Top 3 loading descriptors from PC1-PC4,91.95,83.13764788852652,14.715082207226775,54.29608676236204,111.979209014691,96.89,1.3011874687893048,14,97.83,97.83,0.0
553,1b_2a,P(tBu)3,Pd(OAc)2,Et3N,THF,94.67,368,M3_pc_top3_each,Top 3 loading descriptors from PC1-PC4,94.67,84.5198513725729,13.584210816101294,57.894798173014365,111.14490457213144,96.89,1.2496853812159592,15,97.83,97.83,0.0
555,1b_2a,AmPhos,Pd(OAc)2,Et3N,THF,91.88,370,M3_pc_top3_each,Top 3 loading descriptors from PC1-PC4,91.88,83.6288519486566,14.074762427819572,56.04231759013024,111.21538630718297,96.89,1.223253744429162,16,97.83,97.83,0.0
723,1b_2a,AmPhos,Pd(OAc)2,KOH,MeOH,71.62,482,M3_pc_top3_each,Top 3 loading descriptors from PC1-PC4,71.62,83.59008362322085,13.299107201142311,57.52383350898192,109.65633373745978,96.89,1.0308184121233426,17,97.83,97.83,0.0
531,1b_2a,AmPhos,Pd(OAc)2,KOH,THF,75.63,354,M3_pc_top3_each,Top 3 loading descriptors from PC1-PC4,75.63,84.94435390923394,12.39429109395942,60.65154336507348,109.2371644533944,96.89,1.0245141635098176,18,97.83,97.83,0.0
483,1b_2a,AmPhos,Pd(OAc)2,NaOH,THF,86.25,322,M3_pc_top3_each,Top 3 loading descriptors from PC1-PC4,86.25,81.8625452001204,13.996058218180579,54.430271092486464,109.29481930775432,96.89,0.9426578318971495,19,97.83,97.83,0.0
691,1b_2a,SPhos,Pd(OAc)2,NaHCO3,MeOH,85.69,462,M3_pc_top3_each,Top 3 loading descriptors from PC1-PC4,85.69,83.75364817501317,12.641297484720171,58.97670510496164,108.5305912450647,96.89,0.9045727751867354,20,97.83,97.83,0.0
2391,1b_2b,AmPhos,Pd(OAc)2,None,MeCN,83.89,1594,M3_pc_top3_each,Top 3 loading descriptors from PC1-PC4,83.89,84.83386268566146,13.186439981411619,58.98844032209469,110.67928504922823,96.75,1.226397114419063,1,83.89,96.19,12.299999999999997
2366,1b_2b,P(Ph)3,Pd(OAc)2,LiOtBu,MeCN,73.07,1577,M3_pc_top3_each,Top 3 loading descriptors from PC1-PC4,73.07,84.97506835466928,12.431779716054498,60.608780111202464,109.34135659813609,96.75,1.060884773249056,2,83.89,96.19,12.299999999999997
2355,1b_2b,AmPhos,Pd(OAc)2,KOH,MeCN,81.7,1570,M3_pc_top3_each,Top 3 loading descriptors from PC1-PC4,81.7,82.92434100243383,12.817577940221964,57.80188823959878,108.04679376526889,96.75,0.8492640117651,3,83.89,96.19,12.299999999999997
2365,1b_2b,P(tBu)3,Pd(OAc)2,LiOtBu,MeCN,92.06,1576,M3_pc_top3_each,Top 3 loading descriptors from PC1-PC4,92.06,80.08442283746113,14.18682308349209,52.27824959381664,107.89059608110563,96.75,0.7797821751822118,4,92.06,96.19,4.1299999999999955
2479,1b_2b,SPhos,Pd(OAc)2,Et3N,THF,87.02,1654,M3_pc_top3_each,Top 3 loading descriptors from PC1-PC4,87.02,79.1698578159999,13.098052903557628,53.497674125026954,104.84204150697286,96.75,0.5014277581242612,5,92.06,96.19,4.1299999999999955
2318,1b_2b,P(Ph)3,Pd(OAc)2,NaHCO3,MeCN,68.23,1545,M3_pc_top3_each,Top 3 loading descriptors from PC1-PC4,68.23,77.78114789862214,13.456553414252243,51.40630320668774,104.15599259055654,96.75,0.44473424579206733,6,92.06,96.19,4.1299999999999955
2358,1b_2b,CataCXium A,Pd(OAc)2,KOH,MeCN,78.09,1573,M3_pc_top3_each,Top 3 loading descriptors from PC1-PC4,78.09,79.41870447662525,12.5554411439197,54.81003983454264,104.02736911870787,96.75,0.44027863232452,7,92.06,96.19,4.1299999999999955
2490,1b_2b,CataCXium A,Pd(OAc)2,None,THF,93.15,1661,M3_pc_top3_each,Top 3 loading descriptors from PC1-PC4,93.15,76.72598671043843,12.463961647037195,52.29662188224553,101.15535153863134,96.75,0.25928011657799455,8,93.15,96.19,3.039999999999992
2466,1b_2b,CataCXium A,Pd(OAc)2,LiOtBu,THF,96.19,1645,M3_pc_top3_each,Top 3 loading descriptors from PC1-PC4,96.19,75.53495884308711,12.602964383596344,50.833148651238275,100.23676903493595,96.75,0.21786604894624184,9,96.19,96.19,0.0
2437,1b_2b,P(tBu)3,Pd(OAc)2,K3PO4,THF,63.86,1624,M3_pc_top3_each,Top 3 loading descriptors from PC1-PC4,63.86,71.88481062565167,13.393096329315823,45.63434182019266,98.13527943111067,96.75,0.1504143617378626,10,96.19,96.19,0.0
2439,1b_2b,AmPhos,Pd(OAc)2,K3PO4,THF,69.6,1626,M3_pc_top3_each,Top 3 loading descriptors from PC1-PC4,69.6,72.89315430480728,12.936191241996962,47.53821947049324,98.24808913912133,96.75,0.14950017518172265,11,96.19,96.19,0.0
2583,1b_2b,AmPhos,Pd(OAc)2,None,DMF,57.76,1722,M3_pc_top3_each,Top 3 loading descriptors from PC1-PC4,57.76,71.32973385474301,13.5116413865359,44.846916737132645,97.81255097235338,96.75,0.14238427405882947,12,96.19,96.19,0.0
2594,1b_2b,P(Ph)3,Pd(OAc)2,NaOH,MeOH,79.1,1729,M3_pc_top3_each,Top 3 loading descriptors from PC1-PC4,79.1,73.97887623672412,12.309989597932091,49.85129662477722,98.10645584867102,96.75,0.13950062426894327,13,96.19,96.19,0.0
2606,1b_2b,P(Ph)3,Pd(OAc)2,NaHCO3,MeOH,68.46,1737,M3_pc_top3_each,Top 3 loading descriptors from PC1-PC4,68.46,69.97876076042041,13.815741776979843,42.89990687753992,97.05761464330091,96.75,0.12575898957261444,14,96.19,96.19,0.0
2331,1b_2b,AmPhos,Pd(OAc)2,CsF,MeCN,68.33,1554,M3_pc_top3_each,Top 3 loading descriptors from PC1-PC4,68.33,69.31339635763864,14.0613600009447,41.753130755787026,96.87366195949025,96.75,0.12369208934261489,15,96.19,96.19,0.0
2488,1b_2b,P(Cy)3,Pd(OAc)2,None,THF,68.94,1659,M3_pc_top3_each,Top 3 loading descriptors from PC1-PC4,68.94,71.91816208229585,12.084984860980999,48.23159175477309,95.60473240981861,96.75,0.07900645292977704,16,96.19,96.19,0.0
2359,1b_2b,SPhos,Pd(OAc)2,KOH,MeCN,89.93,1574,M3_pc_top3_each,Top 3 loading descriptors from PC1-PC4,89.93,70.36953427773335,12.605684348588746,45.66239295449941,95.07667560096729,96.75,0.07452402898983812,17,96.19,96.19,0.0
2330,1b_2b,P(Ph)3,Pd(OAc)2,CsF,MeCN,53.51,1553,M3_pc_top3_each,Top 3 loading descriptors from PC1-PC4,53.51,70.88525092227025,12.35607355299914,46.66734675839193,95.10315508614856,96.75,0.07277585596724268,18,96.19,96.19,0.0
2666,1b_2b,P(Ph)3,Pd(OAc)2,Et3N,MeOH,53.9,1777,M3_pc_top3_each,Top 3 loading descriptors from PC1-PC4,53.9,70.30194685029073,12.418304735955687,45.962069567817586,94.64182413276387,96.75,0.0660657560863831,19,96.19,96.19,0.0
2426,1b_2b,P(Ph)3,Pd(OAc)2,CsF,THF,67.34,1617,M3_pc_top3_each,Top 3 loading descriptors from PC1-PC4,67.34,68.1228647905197,13.264919957262466,42.12362167428527,94.12210790675414,96.75,0.06560419864465417,20,96.19,96.19,0.0
4215,1b_2c,P(Ph)3,Pd(OAc)2,K3PO4,MeOH,72.19,2809,M3_pc_top3_each,Top 3 loading descriptors from PC1-PC4,72.19,72.9670612934172,12.844321503580835,47.792191146398764,98.14193144043564,74.84,4.024872085140272,1,72.19,73.12,0.9300000000000068
4218,1b_2c,P(o-Tol)3,Pd(OAc)2,K3PO4,MeOH,68.86,2812,M3_pc_top3_each,Top 3 loading descriptors from PC1-PC4,68.86,69.61372823432139,13.425216404631607,43.30030408124344,95.92715238739933,74.84,2.9726914072649695,2,72.19,73.12,0.9300000000000068
4179,1b_2c,P(Ph)3,Pd(OAc)2,NaHCO3,MeOH,40.92,2785,M3_pc_top3_each,Top 3 loading descriptors from PC1-PC4,40.92,61.85139558029721,13.07529731049223,36.22381285173243,87.47897830886198,74.84,1.025365169769858,3,72.19,73.12,0.9300000000000068
4146,1b_2c,P(o-Tol)3,Pd(OAc)2,NaOH,MeOH,51.26,2764,M3_pc_top3_each,Top 3 loading descriptors from PC1-PC4,51.26,58.614448113775985,12.46503308154824,34.18298327394143,83.04591295361054,74.84,0.5189059778067053,4,72.19,73.12,0.9300000000000068
4167,1b_2c,P(Ph)3,Pd(OAc)2,LiOtBu,MeOH,73.12,2777,M3_pc_top3_each,Top 3 loading descriptors from PC1-PC4,73.12,57.453414169824484,12.758225116614105,32.44729294126084,82.45953539838813,74.84,0.46579948078431666,5,73.12,73.12,0.0
4142,1b_2c,P(tBu)3,Pd(OAc)2,NaOH,MeOH,38.52,2760,M3_pc_top3_each,Top 3 loading descriptors from PC1-PC4,38.52,46.773209601433294,13.690050446191277,19.94071072689839,73.6057084759682,74.84,0.09186238572733885,6,73.12,73.12,0.0
3938,1b_2c,P(tBu)3,Pd(OAc)2,None,THF,20.69,2624,M3_pc_top3_each,Top 3 loading descriptors from PC1-PC4,20.69,42.71578149289257,15.103337942322744,13.113239125939991,72.31832385984515,74.84,0.08263558236895108,7,73.12,73.12,0.0
3941,1b_2c,P(Cy)3,Pd(OAc)2,None,THF,18.38,2627,M3_pc_top3_each,Top 3 loading descriptors from PC1-PC4,18.38,45.489288449084455,12.896991336456269,20.21118542963017,70.76739146853873,74.84,0.04524947999527246,8,73.12,73.12,0.0
3847,1b_2c,CataCXium A,Pd(OAc)2,None,MeCN,14.79,2565,M3_pc_top3_each,Top 3 loading descriptors from PC1-PC4,14.79,44.58995491787535,13.140727941934239,18.834128151684244,70.34578168406647,74.84,0.04276065970915621,9,73.12,73.12,0.0
4159,1b_2c,CataCXium A,Pd(OAc)2,KOH,MeOH,66.67,2773,M3_pc_top3_each,Top 3 loading descriptors from PC1-PC4,66.67,44.84604790080558,12.705569547900867,19.943131586919883,69.74896421469128,74.84,0.03455999463941711,10,73.12,73.12,0.0
4204,1b_2c,AmPhos,Pd(OAc)2,CsF,MeOH,71.17,2802,M3_pc_top3_each,Top 3 loading descriptors from PC1-PC4,71.17,39.9669435985525,13.893429688774622,12.735821408554237,67.19806578855076,74.84,0.024121672741576755,11,73.12,73.12,0.0
4154,1b_2c,P(tBu)3,Pd(OAc)2,KOH,MeOH,46.83,2768,M3_pc_top3_each,Top 3 loading descriptors from PC1-PC4,46.83,34.49340575670653,14.703093625878482,5.6753422499847055,63.31146926342835,74.84,0.012041753462637583,12,73.12,73.12,0.0
3942,1b_2c,P(o-Tol)3,Pd(OAc)2,None,THF,20.14,2628,M3_pc_top3_each,Top 3 loading descriptors from PC1-PC4,20.14,36.8828978032309,12.519420426135733,12.344833768004861,61.42096183845693,74.84,0.0037042161279226826,13,73.12,73.12,0.0
4004,1b_2c,SPhos,Pd(OAc)2,Et3N,THF,17.04,2670,M3_pc_top3_each,Top 3 loading descriptors from PC1-PC4,17.04,32.60847026657135,13.030773510597383,7.068154185800481,58.148786347342224,74.84,0.0017938833892575667,14,73.12,73.12,0.0
4210,1b_2c,XPhos,Pd(OAc)2,CsF,MeOH,33.45,2807,M3_pc_top3_each,Top 3 loading descriptors from PC1-PC4,33.45,30.030180858983265,13.695085039929273,3.1878141807218903,56.87254753724464,74.84,0.001687706615385618,15,73.12,73.12,0.0
3964,1b_2c,AmPhos,Pd(OAc)2,KOH,THF,24.69,2642,M3_pc_top3_each,Top 3 loading descriptors from PC1-PC4,24.69,31.502284806417205,12.568383059901251,6.868254009010752,56.13631560382366,74.84,0.0007710925950719563,16,73.12,73.12,0.0
3927,1b_2c,P(Ph)3,Pd(OAc)2,K3PO4,MeCN,17.77,2617,M3_pc_top3_each,Top 3 loading descriptors from PC1-PC4,17.77,31.252727970637554,12.5718907751757,6.611822051293185,55.89363388998193,74.84,0.0007155426597385845,17,73.12,73.12,0.0
4192,1b_2c,AmPhos,Pd(OAc)2,Et3N,MeOH,57.24,2794,M3_pc_top3_each,Top 3 loading descriptors from PC1-PC4,57.24,26.95163727743805,13.544851159366143,0.403729005080411,53.499545549795684,74.84,0.0005923671024066577,18,73.12,73.12,0.0
4171,1b_2c,CataCXium A,Pd(OAc)2,LiOtBu,MeOH,61.84,2781,M3_pc_top3_each,Top 3 loading descriptors from PC1-PC4,61.84,31.256467236090163,12.412980588609388,6.927025282415762,55.585909189764564,74.84,0.0005909706961423743,19,73.12,73.12,0.0
4012,1b_2c,AmPhos,Pd(OAc)2,CsF,THF,52.13,2674,M3_pc_top3_each,Top 3 loading descriptors from PC1-PC4,52.13,26.44753989591067,13.65338056451656,-0.3130860105417881,53.208165802363126,74.84,0.000576866007195918,20,73.12,73.12,0.0
1072,1c_2a,P(Cy)3,Pd(OAc)2,NaHCO3,MeOH,89.13,715,M3_pc_top3_each,Top 3 loading descriptors from PC1-PC4,89.13,99.49699622109713,13.828223485142805,72.39367819021723,126.60031425197704,98.53,5.753306690058896,1,89.13,97.45,8.320000000000007
1125,1c_2a,XPhos,Pd(OAc)2,LiOtBu,MeOH,82.88,751,M3_pc_top3_each,Top 3 loading descriptors from PC1-PC4,82.88,99.27787322845349,13.420037233782214,72.97460025024034,125.58114620666663,98.53,5.478670086792029,2,89.13,97.45,8.320000000000007
842,1c_2a,P(Ph)3,Pd(OAc)2,Et3N,MeCN,97.45,561,M3_pc_top3_each,Top 3 loading descriptors from PC1-PC4,97.45,95.64541266899386,12.587611649189686,70.97369383658207,120.31713150140564,98.53,3.5098809096144836,3,97.45,97.45,0.0
794,1c_2a,P(Ph)3,Pd(OAc)2,CsF,MeCN,96.49,529,M3_pc_top3_each,Top 3 loading descriptors from PC1-PC4,96.49,94.26720334898582,13.340224402969,68.12036351916657,120.41404317880506,98.53,3.2762121003387135,4,97.45,97.45,0.0
1084,1c_2a,P(Cy)3,Pd(OAc)2,CsF,MeOH,89.81,723,M3_pc_top3_each,Top 3 loading descriptors from PC1-PC4,89.81,92.81371543865694,13.361974652415773,66.62424511992202,119.00318575739186,98.53,2.789192046194006,5,97.45,97.45,0.0
1106,1c_2a,P(Ph)3,Pd(OAc)2,KOH,MeOH,93.94,737,M3_pc_top3_each,Top 3 loading descriptors from PC1-PC4,93.94,92.67139723624513,12.50656691632726,68.15852608024369,117.18426839224657,98.53,2.441416826339779,6,97.45,97.45,0.0
1113,1c_2a,XPhos,Pd(OAc)2,KOH,MeOH,82.32,743,M3_pc_top3_each,Top 3 loading descriptors from PC1-PC4,82.32,90.99166677557696,13.14196860264718,65.23340831438848,116.74992523676543,98.53,2.1749859920022963,7,97.45,97.45,0.0
835,1c_2a,SPhos,Pd(OAc)2,LiOtBu,MeCN,90.89,558,M3_pc_top3_each,Top 3 loading descriptors from PC1-PC4,90.89,84.63849893334005,13.975579103308535,57.24636389085532,112.03063397582477,98.53,1.0998764587333483,8,97.45,97.45,0.0
1094,1c_2a,P(Ph)3,Pd(OAc)2,K3PO4,MeOH,94.15,729,M3_pc_top3_each,Top 3 loading descriptors from PC1-PC4,94.15,86.09510249745813,12.493608040889015,61.60763073731566,110.5825742576006,98.53,0.9727615262004017,9,97.45,97.45,0.0
795,1c_2a,AmPhos,Pd(OAc)2,CsF,MeCN,93.69,530,M3_pc_top3_each,Top 3 loading descriptors from PC1-PC4,93.69,84.00127889202018,13.474331056527982,57.591590021225336,110.41096776281503,98.53,0.8968692583913462,10,97.45,97.45,0.0
846,1c_2a,CataCXium A,Pd(OAc)2,Et3N,MeCN,92.52,565,M3_pc_top3_each,Top 3 loading descriptors from PC1-PC4,92.52,83.1788288756861,12.832776420993389,58.02658709053905,108.33107066083313,98.53,0.6694801808406945,11,97.45,97.45,0.0
986,1c_2a,P(Ph)3,Pd(OAc)2,CsF,DMF,91.14,657,M3_pc_top3_each,Top 3 loading descriptors from PC1-PC4,91.14,82.12143153005135,13.172021745189342,56.30426890948024,107.93859415062246,98.53,0.620816194489433,12,97.45,97.45,0.0
855,1c_2a,AmPhos,Pd(OAc)2,None,MeCN,90.67,570,M3_pc_top3_each,Top 3 loading descriptors from PC1-PC4,90.67,79.8808790659632,14.014893918395236,52.41168698590854,107.35007114601785,98.53,0.5532029847455677,13,97.45,97.45,0.0
1074,1c_2a,CataCXium A,Pd(OAc)2,NaHCO3,MeOH,64.52,717,M3_pc_top3_each,Top 3 loading descriptors from PC1-PC4,64.52,81.12022043153965,13.121753427424505,55.401583713787616,106.83885714929168,98.53,0.5195836664584914,14,97.45,97.45,0.0
1123,1c_2a,SPhos,Pd(OAc)2,LiOtBu,MeOH,90.9,750,M3_pc_top3_each,Top 3 loading descriptors from PC1-PC4,90.9,79.14141646292285,13.87509218250678,51.94623578520956,106.33659714063614,98.53,0.4724877746613476,15,97.45,97.45,0.0
945,1c_2a,XPhos,Pd(OAc)2,Et3N,THF,95.85,631,M3_pc_top3_each,Top 3 loading descriptors from PC1-PC4,95.85,73.66705693223497,16.316546553940558,41.686625686511476,105.64748817795846,98.53,0.4218989373400457,16,97.45,97.45,0.0
878,1c_2a,P(Ph)3,Pd(OAc)2,NaHCO3,THF,87.25,585,M3_pc_top3_each,Top 3 loading descriptors from PC1-PC4,87.25,80.00458276209906,12.933944356313274,54.65405182372504,105.35511370047308,98.53,0.4048547760781309,17,97.45,97.45,0.0
786,1c_2a,CataCXium A,Pd(OAc)2,NaHCO3,MeCN,92.77,525,M3_pc_top3_each,Top 3 loading descriptors from PC1-PC4,92.77,79.11170046367832,13.321030949127616,53.00247980338819,105.22092112396845,98.53,0.3946415468776743,18,97.45,97.45,0.0
926,1c_2a,P(Ph)3,Pd(OAc)2,LiOtBu,THF,85.88,617,M3_pc_top3_each,Top 3 loading descriptors from PC1-PC4,85.88,79.64279597597515,13.003993268423619,54.154969169864856,105.13062278208544,98.53,0.38911168948938357,19,97.45,97.45,0.0
831,1c_2a,AmPhos,Pd(OAc)2,LiOtBu,MeCN,84.74,554,M3_pc_top3_each,Top 3 loading descriptors from PC1-PC4,84.74,77.31975117496465,14.019914419780726,49.84071891219443,104.79878343773487,98.53,0.36751151251920255,20,97.45,97.45,0.0
1610,1c_2b,P(Ph)3,Pd(OAc)2,Et3N,MeCN,92.43,1073,M3_pc_top3_each,Top 3 loading descriptors from PC1-PC4,92.43,90.87727657740554,12.96904104028091,65.45795613845496,116.29659701635612,97.25,2.4474917008085892,1,92.43,98.61,6.179999999999993
1802,1c_2b,P(Ph)3,Pd(OAc)2,Et3N,DMF,85.9,1201,M3_pc_top3_each,Top 3 loading descriptors from PC1-PC4,85.9,88.92410304054283,12.939847648993766,63.56200164851505,114.28620443257061,97.25,1.9056241692444393,2,92.43,98.61,6.179999999999993
1742,1c_2b,P(Ph)3,Pd(OAc)2,NaHCO3,DMF,90.99,1161,M3_pc_top3_each,Top 3 loading descriptors from PC1-PC4,90.99,86.69793322083441,14.128385644780966,59.00629735706372,114.38956908460511,97.25,1.7520810541558678,3,92.43,98.61,6.179999999999993
1636,1c_2b,P(Cy)3,Pd(OAc)2,NaOH,THF,66.25,1091,M3_pc_top3_each,Top 3 loading descriptors from PC1-PC4,66.25,83.79224581201544,13.562576326182716,57.20959621269731,110.37489541133357,97.25,1.0686549352324515,4,92.43,98.61,6.179999999999993
1587,1c_2b,AmPhos,Pd(OAc)2,KOH,MeCN,90.4,1058,M3_pc_top3_each,Top 3 loading descriptors from PC1-PC4,90.4,81.2363814283828,14.165774721278249,53.471462974677436,109.00129988208816,97.25,0.8522157698253676,5,92.43,98.61,6.179999999999993
1718,1c_2b,P(Ph)3,Pd(OAc)2,None,THF,96.15,1145,M3_pc_top3_each,Top 3 loading descriptors from PC1-PC4,96.15,81.42348935673462,13.98603972826928,54.01085148932683,108.83612722414242,97.25,0.8386748469655987,6,96.15,98.61,2.4599999999999937
1828,1c_2b,P(Cy)3,Pd(OAc)2,NaOH,MeOH,62.34,1219,M3_pc_top3_each,Top 3 loading descriptors from PC1-PC4,62.34,82.53576737880613,13.266231885571036,56.5339528830869,108.53758187452536,97.25,0.8291384364859933,7,96.15,98.61,2.4599999999999937
1694,1c_2b,P(Ph)3,Pd(OAc)2,LiOtBu,THF,94.45,1129,M3_pc_top3_each,Top 3 loading descriptors from PC1-PC4,94.45,82.5392798547714,13.131484382987482,56.801570464115926,108.27698924542686,97.25,0.8019084269826688,8,96.15,98.61,2.4599999999999937
1591,1c_2b,SPhos,Pd(OAc)2,KOH,MeCN,84.76,1062,M3_pc_top3_each,Top 3 loading descriptors from PC1-PC4,84.76,82.13848467522259,13.12294690110543,56.41750874905594,107.85946060138923,97.25,0.7520188254067612,9,96.15,98.61,2.4599999999999937
1646,1c_2b,P(Ph)3,Pd(OAc)2,NaHCO3,THF,96.16,1097,M3_pc_top3_each,Top 3 loading descriptors from PC1-PC4,96.16,81.15924256237004,13.335159842669505,55.02232927073781,107.29615585400227,97.25,0.682886954347879,10,96.16,98.61,2.450000000000003
1778,1c_2b,P(Ph)3,Pd(OAc)2,KOH,DMF,83.87,1185,M3_pc_top3_each,Top 3 loading descriptors from PC1-PC4,83.87,80.51381840833456,13.054447358302822,54.92710158606103,106.10053523060809,97.25,0.5691097935309626,11,96.16,98.61,2.450000000000003
1539,1c_2b,AmPhos,Pd(OAc)2,NaOH,MeCN,62.59,1026,M3_pc_top3_each,Top 3 loading descriptors from PC1-PC4,62.59,78.15235355728299,13.880603855271948,50.946370000949976,105.35833711361602,97.25,0.49581285283304966,12,96.16,98.61,2.450000000000003
1768,1c_2b,P(Cy)3,Pd(OAc)2,K3PO4,DMF,52.88,1179,M3_pc_top3_each,Top 3 loading descriptors from PC1-PC4,52.88,78.95638868829721,12.179046406180921,55.085457732182604,102.82731964441182,97.25,0.32328671958669486,13,96.16,98.61,2.450000000000003
1795,1c_2b,SPhos,Pd(OAc)2,LiOtBu,DMF,77.06,1198,M3_pc_top3_each,Top 3 loading descriptors from PC1-PC4,77.06,77.60592791063736,12.760481263192561,52.59538463477995,102.61647118649478,97.25,0.3118492593731095,14,96.16,98.61,2.450000000000003
1850,1c_2b,P(Ph)3,Pd(OAc)2,CsF,MeOH,80.77,1233,M3_pc_top3_each,Top 3 loading descriptors from PC1-PC4,80.77,76.75651653788489,12.848194107284577,51.57405608760712,101.93897698816266,97.25,0.27551159604859543,15,96.16,98.61,2.450000000000003
1627,1c_2b,SPhos,Pd(OAc)2,None,MeCN,61.68,1086,M3_pc_top3_each,Top 3 loading descriptors from PC1-PC4,61.68,75.71056500223789,12.810289338906966,50.60239789798023,100.81873210649553,97.25,0.22284724359771735,16,96.16,98.61,2.450000000000003
1759,1c_2b,SPhos,Pd(OAc)2,CsF,DMF,72.82,1174,M3_pc_top3_each,Top 3 loading descriptors from PC1-PC4,72.82,75.92253550506315,12.437855717270324,51.54433829921332,100.30073271091298,97.25,0.1987279794889154,17,96.16,98.61,2.450000000000003
1807,1c_2b,SPhos,Pd(OAc)2,Et3N,DMF,75.33,1206,M3_pc_top3_each,Top 3 loading descriptors from PC1-PC4,75.33,69.27807633601861,15.40947162595254,39.07551194915163,99.4806407228856,97.25,0.19491936659008113,18,96.16,98.61,2.450000000000003
1879,1c_2b,SPhos,Pd(OAc)2,KOH,MeOH,73.51,1254,M3_pc_top3_each,Top 3 loading descriptors from PC1-PC4,73.51,74.24750079187626,12.807117097298223,49.14555128117175,99.34945030258078,97.25,0.1672819347145007,19,96.16,98.61,2.450000000000003
1564,1c_2b,P(Cy)3,Pd(OAc)2,CsF,MeCN,73.25,1043,M3_pc_top3_each,Top 3 loading descriptors from PC1-PC4,73.25,72.8484634524399,13.193497614354012,46.98920812830604,98.70771877657376,97.25,0.1506847940850191,20,96.16,98.61,2.450000000000003
3447,1c_2c,P(Ph)3,Pd(OAc)2,K3PO4,MeOH,84.54,2297,M3_pc_top3_each,Top 3 loading descriptors from PC1-PC4,84.54,67.49938860577763,12.229924901055167,43.528735799709494,91.47004141184576,83.66,0.4870259333863145,1,84.54,84.54,0.0
3423,1c_2c,P(Ph)3,Pd(OAc)2,Et3N,MeOH,71.31,2281,M3_pc_top3_each,Top 3 loading descriptors from PC1-PC4,71.31,59.0201735796959,12.75272130881125,34.024839814425846,84.01550734496595,83.66,0.11688581685695354,2,84.54,84.54,0.0
3389,1c_2c,P(Cy)3,Pd(OAc)2,KOH,MeOH,49.15,2259,M3_pc_top3_each,Top 3 loading descriptors from PC1-PC4,49.15,55.27154733713373,12.529063404255387,30.714583064793175,79.82851160947429,83.66,0.04511407831800679,3,84.54,84.54,0.0
3171,1c_2c,P(Ph)3,Pd(OAc)2,None,THF,47.59,2113,M3_pc_top3_each,Top 3 loading descriptors from PC1-PC4,47.59,49.5730738494262,13.9754329044921,22.181225356621685,76.96492234223072,83.66,0.0302715490398566,4,84.54,84.54,0.0
3425,1c_2c,P(Cy)3,Pd(OAc)2,Et3N,MeOH,69.26,2283,M3_pc_top3_each,Top 3 loading descriptors from PC1-PC4,69.26,46.493900222353176,13.847474501398942,19.35285019961125,73.6349502450951,83.66,0.013744792121781979,5,84.54,84.54,0.0
3390,1c_2c,P(o-Tol)3,Pd(OAc)2,KOH,MeOH,37.72,2260,M3_pc_top3_each,Top 3 loading descriptors from PC1-PC4,37.72,49.796018523957315,12.488220016852004,25.319107290927388,74.27292975698724,83.66,0.011166046753232253,6,84.54,84.54,0.0
3392,1c_2c,SPhos,Pd(OAc)2,KOH,MeOH,45.38,2262,M3_pc_top3_each,Top 3 loading descriptors from PC1-PC4,45.38,44.067028887022,13.717104618532936,17.181503834697445,70.95255393934656,83.66,0.006866354244988729,7,84.54,84.54,0.0
3207,1c_2c,P(Ph)3,Pd(OAc)2,LiOtBu,THF,60.47,2137,M3_pc_top3_each,Top 3 loading descriptors from PC1-PC4,60.47,44.384138204231924,12.678252669772752,19.53476297147733,69.23351343698651,83.66,0.002958079103613946,8,84.54,84.54,0.0
3378,1c_2c,P(o-Tol)3,Pd(OAc)2,NaOH,MeOH,35.64,2252,M3_pc_top3_each,Top 3 loading descriptors from PC1-PC4,35.64,45.744253057862196,12.178651861451366,21.87409540941752,69.61441070630687,83.66,0.002669837282134581,9,84.54,84.54,0.0
3170,1c_2c,P(tBu)3,Pd(OAc)2,None,THF,14.0,2112,M3_pc_top3_each,Top 3 loading descriptors from PC1-PC4,14.0,37.344884164259796,14.146553025896994,9.617640233501689,65.0721280950179,83.66,0.0017378975828094625,10,84.54,84.54,0.0
3315,1c_2c,P(Ph)3,Pd(OAc)2,NaHCO3,DMF,14.49,2209,M3_pc_top3_each,Top 3 loading descriptors from PC1-PC4,14.49,37.2282886811208,13.654110940916471,10.466231236924518,63.99034612531709,83.66,0.00102334618305055,11,84.54,84.54,0.0
3448,1c_2c,AmPhos,Pd(OAc)2,K3PO4,MeOH,31.28,2298,M3_pc_top3_each,Top 3 loading descriptors from PC1-PC4,31.28,38.038440327692655,13.20126028194777,12.163970175075026,63.91291048031029,83.66,0.0007915240073677436,12,84.54,84.54,0.0
3366,1c_2c,P(o-Tol)3,Pd(OAc)2,None,MeOH,38.2,2244,M3_pc_top3_each,Top 3 loading descriptors from PC1-PC4,38.2,38.266290251109595,13.10260699223583,12.585180546327368,63.947399955891825,83.66,0.0007582466610392257,13,84.54,84.54,0.0
3430,1c_2c,XPhos,Pd(OAc)2,Et3N,MeOH,30.62,2287,M3_pc_top3_each,Top 3 loading descriptors from PC1-PC4,30.62,34.79325841213078,13.756447833126948,7.830620659201966,61.755896165059596,83.66,0.0005634763453462692,14,84.54,84.54,0.0
3341,1c_2c,P(Cy)3,Pd(OAc)2,CsF,DMF,13.65,2227,M3_pc_top3_each,Top 3 loading descriptors from PC1-PC4,13.65,34.5637986288286,13.501708052259067,8.100450846400829,61.02714641125637,83.66,0.0003909106072818268,15,84.54,84.54,0.0
3376,1c_2c,AmPhos,Pd(OAc)2,NaOH,MeOH,39.11,2250,M3_pc_top3_each,Top 3 loading descriptors from PC1-PC4,39.11,33.97250541472498,13.55706941678696,7.400649357822534,60.544361471627425,83.66,0.00034858791595186647,16,84.54,84.54,0.0
3374,1c_2c,P(tBu)3,Pd(OAc)2,NaOH,MeOH,23.77,2248,M3_pc_top3_each,Top 3 loading descriptors from PC1-PC4,23.77,34.81812524914653,13.212789761947265,8.921057315729893,60.71519318256317,83.66,0.0002966759101705801,17,84.54,84.54,0.0
3365,1c_2c,P(Cy)3,Pd(OAc)2,None,MeOH,26.1,2243,M3_pc_top3_each,Top 3 loading descriptors from PC1-PC4,26.1,38.151989710854956,12.250246446213769,14.14150667627597,62.162472745433945,83.66,0.0002515498315404643,18,84.54,84.54,0.0
3202,1c_2c,XPhos,Pd(OAc)2,KOH,THF,18.41,2135,M3_pc_top3_each,Top 3 loading descriptors from PC1-PC4,18.41,27.137810712429236,14.904508341124755,-2.0750256361752832,56.350647061033754,83.66,0.0002272872199274062,19,84.54,84.54,0.0
3439,1c_2c,CataCXium A,Pd(OAc)2,CsF,MeOH,43.3,2293,M3_pc_top3_each,Top 3 loading descriptors from PC1-PC4,43.3,35.00174281036871,12.644087549478018,10.219331213391797,59.784154407345625,83.66,0.0001476732296584256,20,84.54,84.54,0.0
1298,1d_2a,P(Ph)3,Pd(OAc)2,KOH,THF,65.45,865,M3_pc_top3_each,Top 3 loading descriptors from PC1-PC4,65.45,96.34366264464464,13.49501135467333,69.89344038948491,122.79388489980437,98.69,4.079871066669478,1,65.45,98.2,32.75
1206,1d_2a,CataCXium A,Pd(OAc)2,KOH,MeCN,93.12,805,M3_pc_top3_each,Top 3 loading descriptors from PC1-PC4,93.12,96.69951895915233,12.833538346063957,71.54578380086697,121.85325411743769,98.69,3.9707042501554284,2,93.12,98.2,5.079999999999998
1497,1d_2a,XPhos,Pd(OAc)2,KOH,MeOH,90.57,999,M3_pc_top3_each,Top 3 loading descriptors from PC1-PC4,90.57,95.1732327185886,14.255012479186979,67.23340825938212,123.11305717779507,98.69,3.9028312671685947,3,93.12,98.2,5.079999999999998
1214,1d_2a,P(Ph)3,Pd(OAc)2,LiOtBu,MeCN,98.2,809,M3_pc_top3_each,Top 3 loading descriptors from PC1-PC4,98.2,95.45913683570535,12.816963577974409,70.3378882228755,120.5803854485352,98.69,3.462907835974606,4,98.2,98.2,0.0
1456,1d_2a,P(Cy)3,Pd(OAc)2,NaHCO3,MeOH,92.43,971,M3_pc_top3_each,Top 3 loading descriptors from PC1-PC4,92.43,94.96162673692692,12.890793567831711,69.69567134397676,120.22758212987708,98.69,3.302702239542023,5,98.2,98.2,0.0
1202,1d_2a,P(Ph)3,Pd(OAc)2,KOH,MeCN,91.35,801,M3_pc_top3_each,Top 3 loading descriptors from PC1-PC4,91.35,93.39914640795908,14.3118235752745,65.34797220042105,121.4503206154971,98.69,3.275271251088501,6,98.2,98.2,0.0
1494,1d_2a,CataCXium A,Pd(OAc)2,KOH,MeOH,95.06,997,M3_pc_top3_each,Top 3 loading descriptors from PC1-PC4,95.06,95.04805032603599,12.504776490469359,70.53868840471605,119.55741224735593,98.69,3.1888959220448374,7,98.2,98.2,0.0
1242,1d_2a,CataCXium A,Pd(OAc)2,None,MeCN,80.77,829,M3_pc_top3_each,Top 3 loading descriptors from PC1-PC4,80.77,94.30030632384508,12.779697508680432,69.25209920683143,119.34851344085872,98.69,3.0222117872696552,8,98.2,98.2,0.0
1518,1d_2a,CataCXium A,Pd(OAc)2,Et3N,MeOH,89.09,1013,M3_pc_top3_each,Top 3 loading descriptors from PC1-PC4,89.09,94.57546648627738,11.915692823671607,71.22070855188103,117.93022442067372,98.69,2.798482372994428,9,98.2,98.2,0.0
1166,1d_2a,P(Ph)3,Pd(OAc)2,NaHCO3,MeCN,93.27,777,M3_pc_top3_each,Top 3 loading descriptors from PC1-PC4,93.27,92.32712385545275,13.310534939663054,66.23847537371317,118.41577233719234,98.69,2.5692914465363215,10,98.2,98.2,0.0
1358,1d_2a,P(Ph)3,Pd(OAc)2,NaHCO3,DMF,89.45,905,M3_pc_top3_each,Top 3 loading descriptors from PC1-PC4,89.45,92.73723753911362,12.794865056964923,67.65930202746237,117.81517305076487,98.69,2.5137509880929985,11,98.2,98.2,0.0
1372,1d_2a,P(Cy)3,Pd(OAc)2,CsF,DMF,89.78,915,M3_pc_top3_each,Top 3 loading descriptors from PC1-PC4,89.78,92.23732442683342,12.880335050158426,66.99186772852292,117.48278112514393,98.69,2.393123580251585,12,98.2,98.2,0.0
1218,1d_2a,CataCXium A,Pd(OAc)2,LiOtBu,MeCN,94.64,813,M3_pc_top3_each,Top 3 loading descriptors from PC1-PC4,94.64,89.93636254761938,14.654205570021496,61.214119630377255,118.65860546486151,98.69,2.347705043320145,13,98.2,98.2,0.0
1505,1d_2a,P(o-Tol)3,Pd(OAc)2,LiOtBu,MeOH,92.65,1004,M3_pc_top3_each,Top 3 loading descriptors from PC1-PC4,92.65,89.43828232827525,14.433599889695762,61.14842654447156,117.72813811207894,98.69,2.148733447423117,14,98.2,98.2,0.0
1418,1d_2a,P(Ph)3,Pd(OAc)2,Et3N,DMF,87.27,945,M3_pc_top3_each,Top 3 loading descriptors from PC1-PC4,87.27,90.05635940084912,13.597842023243471,63.40458903529192,116.70812976640632,98.69,2.037682336161588,15,98.2,98.2,0.0
1213,1d_2a,P(tBu)3,Pd(OAc)2,LiOtBu,MeCN,92.92,808,M3_pc_top3_each,Top 3 loading descriptors from PC1-PC4,92.92,86.09128233196849,14.068402551644882,58.51721333074452,113.66535133319246,98.69,1.3342331672309857,16,98.2,98.2,0.0
1170,1d_2a,CataCXium A,Pd(OAc)2,NaHCO3,MeCN,92.01,781,M3_pc_top3_each,Top 3 loading descriptors from PC1-PC4,92.01,87.4170828938201,13.063336156442642,61.812944027192515,113.02122176044767,98.69,1.3090390459401804,17,98.2,98.2,0.0
1374,1d_2a,CataCXium A,Pd(OAc)2,CsF,DMF,90.18,917,M3_pc_top3_each,Top 3 loading descriptors from PC1-PC4,90.18,88.45355155196074,12.088859728015274,64.75938648505081,112.14771661887067,98.69,1.2407427272456788,18,98.2,98.2,0.0
1204,1d_2a,P(Cy)3,Pd(OAc)2,KOH,MeCN,83.91,803,M3_pc_top3_each,Top 3 loading descriptors from PC1-PC4,83.91,87.68265813674238,12.28409339754754,63.6058350775492,111.75948119593555,98.69,1.1527582233368086,19,98.2,98.2,0.0
1209,1d_2a,XPhos,Pd(OAc)2,KOH,MeCN,85.95,807,M3_pc_top3_each,Top 3 loading descriptors from PC1-PC4,85.95,84.51368302015214,14.130864589263174,56.81718842519632,112.21017761510797,98.69,1.093295261730852,20,98.2,98.2,0.0
2066,1d_2b,P(Ph)3,Pd(OAc)2,KOH,THF,77.32,1377,M3_pc_top3_each,Top 3 loading descriptors from PC1-PC4,77.32,98.77042305841996,15.039535765634168,69.292932957777,128.24791315906293,98.42,5.92541496049569,1,77.32,100.0,22.680000000000007
1998,1d_2b,CataCXium A,Pd(OAc)2,Et3N,MeCN,94.32,1333,M3_pc_top3_each,Top 3 loading descriptors from PC1-PC4,94.32,99.81747584575537,12.649966144764468,75.02354220201701,124.61140948949372,98.42,5.5080398900013385,2,94.32,100.0,5.680000000000007
1926,1d_2b,CataCXium A,Pd(OAc)2,NaOH,MeCN,94.39,1285,M3_pc_top3_each,Top 3 loading descriptors from PC1-PC4,94.39,99.73376495540978,12.066675816269132,76.08308035552228,123.38444955529728,98.42,5.231732378564787,3,94.39,100.0,5.609999999999999
1923,1d_2b,AmPhos,Pd(OAc)2,NaOH,MeCN,94.83,1282,M3_pc_top3_each,Top 3 loading descriptors from PC1-PC4,94.83,97.20297995419212,12.600606417140801,72.50579137659615,121.90016853178808,98.42,4.215002721670058,4,94.83,100.0,5.170000000000002
2078,1d_2b,P(Ph)3,Pd(OAc)2,LiOtBu,THF,94.71,1385,M3_pc_top3_each,Top 3 loading descriptors from PC1-PC4,94.71,95.42015335844837,13.95448595627824,68.06936088414302,122.77094583275372,98.42,3.9912902329520987,5,94.83,100.0,5.170000000000002
2077,1d_2b,P(tBu)3,Pd(OAc)2,LiOtBu,THF,93.55,1384,M3_pc_top3_each,Top 3 loading descriptors from PC1-PC4,93.55,96.33255564501968,12.250225932049158,72.32211281820334,120.34299847183603,98.42,3.7020203455134704,6,94.83,100.0,5.170000000000002
2022,1d_2b,CataCXium A,Pd(OAc)2,NaOH,THF,92.59,1349,M3_pc_top3_each,Top 3 loading descriptors from PC1-PC4,92.59,94.41366015362189,12.379933192962879,70.14899109541464,118.67832921182914,98.42,3.0093406540662535,7,94.83,100.0,5.170000000000002
2261,1d_2b,P(o-Tol)3,Pd(OAc)2,KOH,MeOH,86.4,1508,M3_pc_top3_each,Top 3 loading descriptors from PC1-PC4,86.4,93.39035345495171,13.104186899931824,67.70614713108533,119.07455977881808,98.42,2.9216465880283113,8,94.83,100.0,5.170000000000002
2083,1d_2b,SPhos,Pd(OAc)2,LiOtBu,THF,95.34,1390,M3_pc_top3_each,Top 3 loading descriptors from PC1-PC4,95.34,93.57975912730089,12.23443292238632,69.60027059942371,117.55924765517807,98.42,2.668430634720936,9,95.34,100.0,4.659999999999997
2095,1d_2b,SPhos,Pd(OAc)2,Et3N,THF,85.37,1398,M3_pc_top3_each,Top 3 loading descriptors from PC1-PC4,85.37,91.58213830166278,13.416909457520026,65.28499576492354,117.87928083840202,98.42,2.4647790960988054,10,95.34,100.0,4.659999999999997
1929,1d_2b,XPhos,Pd(OAc)2,NaOH,MeCN,90.64,1287,M3_pc_top3_each,Top 3 loading descriptors from PC1-PC4,90.64,92.43002377319408,12.463127417544639,68.0022940348066,116.85775351158156,98.42,2.3863736281319285,11,95.34,100.0,4.659999999999997
2209,1d_2b,P(tBu)3,Pd(OAc)2,NaOH,MeOH,80.02,1472,M3_pc_top3_each,Top 3 loading descriptors from PC1-PC4,80.02,90.97159256570274,13.428517260921476,64.65169873429664,117.29148639710883,98.42,2.294983657809386,12,95.34,100.0,4.659999999999997
2259,1d_2b,AmPhos,Pd(OAc)2,KOH,MeOH,83.8,1506,M3_pc_top3_each,Top 3 loading descriptors from PC1-PC4,83.8,90.17576338064703,13.87010673059032,62.99035418869,117.36117257260406,98.42,2.225854468743972,13,95.34,100.0,4.659999999999997
2295,1d_2b,AmPhos,Pd(OAc)2,None,MeOH,66.14,1530,M3_pc_top3_each,Top 3 loading descriptors from PC1-PC4,66.14,89.51544424891273,14.220723779632031,61.64282564083395,117.38806285699151,98.42,2.168266528916116,14,95.34,100.0,4.659999999999997
2163,1d_2b,AmPhos,Pd(OAc)2,KOH,DMF,91.35,1442,M3_pc_top3_each,Top 3 loading descriptors from PC1-PC4,91.35,91.07100013337356,12.41515596771418,66.73729443665377,115.40470583009335,98.42,1.986554995035696,15,95.34,100.0,4.659999999999997
2030,1d_2b,P(Ph)3,Pd(OAc)2,NaHCO3,THF,94.23,1353,M3_pc_top3_each,Top 3 loading descriptors from PC1-PC4,94.23,88.55046168648855,14.097138105699933,60.92007099931668,116.18085237366041,98.42,1.8955980583364047,16,95.34,100.0,4.659999999999997
2101,1d_2b,P(tBu)3,Pd(OAc)2,None,THF,89.61,1400,M3_pc_top3_each,Top 3 loading descriptors from PC1-PC4,89.61,88.3046271955784,13.801944816045454,61.25281535612932,115.35643903502749,98.42,1.751304581364038,17,95.34,100.0,4.659999999999997
2010,1d_2b,CataCXium A,Pd(OAc)2,None,MeCN,71.98,1341,M3_pc_top3_each,Top 3 loading descriptors from PC1-PC4,71.98,90.10616763135499,12.163605713754583,66.26550043239601,113.94683483031397,98.42,1.666649908873656,18,95.34,100.0,4.659999999999997
1959,1d_2b,AmPhos,Pd(OAc)2,K3PO4,MeCN,85.14,1306,M3_pc_top3_each,Top 3 loading descriptors from PC1-PC4,85.14,87.64066386802094,13.92624825178787,60.345217294516715,114.93611044152516,98.42,1.6449267455754755,19,95.34,100.0,4.659999999999997
2079,1d_2b,AmPhos,Pd(OAc)2,LiOtBu,THF,95.53,1386,M3_pc_top3_each,Top 3 loading descriptors from PC1-PC4,95.53,88.02991401271127,13.045865459855294,62.4600177113949,113.59981031402765,98.42,1.4744146407790777,20,95.53,100.0,4.469999999999999
3775,1d_2c,CataCXium A,Pd(OAc)2,KOH,MeOH,64.04,2517,M3_pc_top3_each,Top 3 loading descriptors from PC1-PC4,64.04,69.17007753073423,13.259160914545628,43.1821221382248,95.15803292324367,81.25,1.2167396449840653,1,64.04,80.09,16.049999999999997
3786,1d_2c,P(o-Tol)3,Pd(OAc)2,LiOtBu,MeOH,73.24,2524,M3_pc_top3_each,Top 3 loading descriptors from PC1-PC4,73.24,63.6518723963683,14.714225840025671,34.811989749917984,92.49175504281861,81.25,0.7760201740150439,2,73.24,80.09,6.8500000000000085
3833,1d_2c,P(Cy)3,Pd(OAc)2,K3PO4,MeOH,78.59,2555,M3_pc_top3_each,Top 3 loading descriptors from PC1-PC4,78.59,61.83289986132319,12.899598031170514,36.54968772022899,87.1161120024174,81.25,0.34170188092827014,3,78.59,80.09,1.5
3810,1d_2c,P(o-Tol)3,Pd(OAc)2,Et3N,MeOH,79.4,2540,M3_pc_top3_each,Top 3 loading descriptors from PC1-PC4,79.4,59.21393686431774,13.61090489126173,32.53656327744474,85.89131045119073,81.25,0.2770488598166585,4,79.4,80.09,0.6899999999999977
3619,1d_2c,CataCXium A,Pd(OAc)2,Et3N,THF,60.3,2413,M3_pc_top3_each,Top 3 loading descriptors from PC1-PC4,60.3,60.80226506482328,12.54707573783362,36.209996618669386,85.39453351097717,81.25,0.2470526756190886,5,79.4,80.09,0.6899999999999977
3790,1d_2c,XPhos,Pd(OAc)2,LiOtBu,MeOH,64.55,2527,M3_pc_top3_each,Top 3 loading descriptors from PC1-PC4,64.55,55.07392960564496,14.677085294199099,26.30684242901473,83.8410167822752,81.25,0.2004547042337117,6,79.4,80.09,0.6899999999999977
3797,1d_2c,P(Cy)3,Pd(OAc)2,NaHCO3,MeOH,69.95,2531,M3_pc_top3_each,Top 3 loading descriptors from PC1-PC4,69.95,58.92091483967645,12.862005044993289,33.711384951489606,84.13044472786329,81.25,0.19552511570031672,7,79.4,80.09,0.6899999999999977
3807,1d_2c,P(Ph)3,Pd(OAc)2,Et3N,MeOH,80.09,2537,M3_pc_top3_each,Top 3 loading descriptors from PC1-PC4,80.09,56.532579080344924,13.525858595714688,30.021896232744137,83.04326192794571,81.25,0.1639283480170729,8,80.09,80.09,0.0
3579,1d_2c,P(Ph)3,Pd(OAc)2,KOH,THF,42.44,2385,M3_pc_top3_each,Top 3 loading descriptors from PC1-PC4,42.44,55.04188628636544,12.366806817936428,30.802944923210042,79.28082764952083,81.25,0.06774026092827445,9,80.09,80.09,0.0
3764,1d_2c,SPhos,Pd(OAc)2,NaOH,MeOH,62.57,2510,M3_pc_top3_each,Top 3 loading descriptors from PC1-PC4,62.57,51.356022438573554,13.15247346568439,25.577174445832153,77.13487043131495,81.25,0.04664417906664725,10,80.09,80.09,0.0
3631,1d_2c,CataCXium A,Pd(OAc)2,CsF,THF,60.07,2421,M3_pc_top3_each,Top 3 loading descriptors from PC1-PC4,60.07,48.38986512128326,13.077217083936462,22.75851963676779,74.02121060579873,81.25,0.022352014100537942,11,80.09,80.09,0.0
3617,1d_2c,P(Cy)3,Pd(OAc)2,Et3N,THF,30.56,2411,M3_pc_top3_each,Top 3 loading descriptors from PC1-PC4,30.56,44.804773766629104,13.649732917299628,18.051297248721834,71.55825028453637,81.25,0.014157984028744242,12,80.09,80.09,0.0
3820,1d_2c,AmPhos,Pd(OAc)2,CsF,MeOH,78.92,2546,M3_pc_top3_each,Top 3 loading descriptors from PC1-PC4,78.92,45.00440148517851,13.247211772991907,19.039866410114374,70.96893656024265,81.25,0.01100464991872828,13,80.09,80.09,0.0
3812,1d_2c,SPhos,Pd(OAc)2,Et3N,MeOH,58.75,2542,M3_pc_top3_each,Top 3 loading descriptors from PC1-PC4,58.75,42.594349486987994,13.980286983511458,15.192986999305536,69.99571197467046,81.25,0.01061252778438386,14,80.09,80.09,0.0
3788,1d_2c,SPhos,Pd(OAc)2,LiOtBu,MeOH,69.82,2526,M3_pc_top3_each,Top 3 loading descriptors from PC1-PC4,69.82,45.0724988710385,13.156344116589787,19.286064402522516,70.85893333955448,81.25,0.010430424123377996,15,80.09,80.09,0.0
3557,1d_2c,P(Cy)3,Pd(OAc)2,None,THF,47.6,2371,M3_pc_top3_each,Top 3 loading descriptors from PC1-PC4,47.6,43.407514021975516,12.541414430895069,18.82634173742118,67.98868630652984,81.25,0.003909324233833382,16,80.09,80.09,0.0
3581,1d_2c,P(Cy)3,Pd(OAc)2,KOH,THF,27.31,2387,M3_pc_top3_each,Top 3 loading descriptors from PC1-PC4,27.31,41.12994951724973,12.425310364812288,16.776341202217644,65.4835578322818,81.25,0.001777288002702309,17,80.09,80.09,0.0
3808,1d_2c,AmPhos,Pd(OAc)2,Et3N,MeOH,74.74,2538,M3_pc_top3_each,Top 3 loading descriptors from PC1-PC4,74.74,36.211240349973664,13.639203716625357,9.478401065387967,62.94407963455936,81.25,0.0014968960029189196,18,80.09,80.09,0.0
3784,1d_2c,AmPhos,Pd(OAc)2,LiOtBu,MeOH,61.48,2522,M3_pc_top3_each,Top 3 loading descriptors from PC1-PC4,61.48,33.4424099057006,14.34027083926754,5.335479060736223,61.54934075066498,81.25,0.0014031056814800963,19,80.09,80.09,0.0
3602,1d_2c,P(tBu)3,Pd(OAc)2,NaHCO3,THF,26.44,2400,M3_pc_top3_each,Top 3 loading descriptors from PC1-PC4,26.44,35.30052068619493,13.29418730847314,9.243913561587576,61.35712781080228,81.25,0.0007963200933511719,20,80.09,80.09,0.0
103,1a_2a,SPhos,Pd(OAc)2,NaOH,THF,87.06,70,M4_pc_scores,PC1-PC4 scores,87.06,85.23395695121815,13.29157271127638,59.18247443711644,111.28543946531985,93.67,1.9897497085127194,1,87.06,92.83,5.769999999999996
163,1a_2a,SPhos,Pd(OAc)2,LiOtBu,THF,85.95,110,M4_pc_scores,PC1-PC4 scores,85.95,81.45009167408898,12.282586067371101,57.376222982041625,105.52396036613634,93.67,0.9558074582687557,2,87.06,92.83,5.769999999999996
177,1a_2a,XPhos,Pd(OAc)2,Et3N,THF,88.93,119,M4_pc_scores,PC1-PC4 scores,88.93,76.64317667754172,14.362454447703405,48.492765960043045,104.79358739504039,93.67,0.7727538364572357,3,88.93,92.83,3.8999999999999915
69,1a_2a,XPhos,Pd(OAc)2,LiOtBu,MeCN,92.83,47,M4_pc_scores,PC1-PC4 scores,92.83,76.59570658207791,13.72327106405602,49.69809529652811,103.49331786762771,93.67,0.6509828843724486,4,92.83,92.83,0.0
100,1a_2a,P(Cy)3,Pd(OAc)2,NaOH,THF,69.94,67,M4_pc_scores,PC1-PC4 scores,69.94,73.58242122342061,12.51832116940597,49.04651173138491,98.11833071545631,93.67,0.26170617431108933,5,92.83,92.83,0.0
115,1a_2a,SPhos,Pd(OAc)2,NaHCO3,THF,79.85,78,M4_pc_scores,PC1-PC4 scores,79.85,71.92024808538505,13.127414293256987,46.19051607060136,97.64998010016875,93.67,0.24306676810394912,6,92.83,92.83,0.0
117,1a_2a,XPhos,Pd(OAc)2,NaHCO3,THF,80.77,79,M4_pc_scores,PC1-PC4 scores,80.77,64.40635325737696,14.12481316187442,36.7217194601031,92.09098705465082,93.67,0.08956574454851463,7,92.83,92.83,0.0
19,1a_2a,SPhos,Pd(OAc)2,NaHCO3,MeCN,69.22,14,M4_pc_scores,PC1-PC4 scores,69.22,54.8646181116286,13.688372917409653,28.03540719350568,81.69382902975153,93.67,0.008178137224398349,8,92.83,92.83,0.0
31,1a_2a,SPhos,Pd(OAc)2,CsF,MeCN,68.44,22,M4_pc_scores,PC1-PC4 scores,68.44,52.10367201931226,13.22425868780977,26.184124991205113,78.02321904741942,93.67,0.0026282387610752633,9,92.83,92.83,0.0
169,1a_2a,P(tBu)3,Pd(OAc)2,Et3N,THF,68.72,112,M4_pc_scores,PC1-PC4 scores,68.72,45.92486928603811,14.56328985015576,17.38082117973282,74.4689173923434,93.67,0.0017654332813639428,10,92.83,92.83,0.0
249,1a_2a,XPhos,Pd(OAc)2,KOH,DMF,79.14,167,M4_pc_scores,PC1-PC4 scores,79.14,40.7827323552552,15.897013631462057,9.624585637589568,71.94087907292084,93.67,0.001618716785446006,11,92.83,92.83,0.0
157,1a_2a,P(tBu)3,Pd(OAc)2,LiOtBu,THF,66.16,104,M4_pc_scores,PC1-PC4 scores,66.16,46.51190773652128,14.21174576053178,18.65688604587899,74.36692942716357,93.67,0.0014746088002713514,12,92.83,92.83,0.0
114,1a_2a,CataCXium A,Pd(OAc)2,NaHCO3,THF,70.45,77,M4_pc_scores,PC1-PC4 scores,70.45,54.9864636775963,11.4948696263531,32.45651920994422,77.51640814524838,93.67,0.0009626597075091791,13,92.83,92.83,0.0
247,1a_2a,SPhos,Pd(OAc)2,KOH,DMF,62.77,166,M4_pc_scores,PC1-PC4 scores,62.77,39.168856172873234,15.106754202091793,9.559617936773321,68.77809440897315,93.67,0.0005000381993785288,14,92.83,92.83,0.0
357,1a_2a,XPhos,Pd(OAc)2,LiOtBu,MeOH,27.33,239,M4_pc_scores,PC1-PC4 scores,27.33,45.64182589847449,13.260922779836203,19.650417249995527,71.63323454695345,93.67,0.00040651606086709,15,92.83,92.83,0.0
261,1a_2a,XPhos,Pd(OAc)2,LiOtBu,DMF,61.47,175,M4_pc_scores,PC1-PC4 scores,61.47,42.88429185701404,13.898994976127845,15.642261703803467,70.12632201022461,93.67,0.00037573894173653904,16,92.83,92.83,0.0
321,1a_2a,XPhos,Pd(OAc)2,CsF,MeOH,35.0,215,M4_pc_scores,PC1-PC4 scores,35.0,33.478306455650966,14.291289696981442,5.46737864956734,61.489234261734595,93.67,3.325972143399024e-05,17,92.83,92.83,0.0
133,1a_2a,P(tBu)3,Pd(OAc)2,K3PO4,THF,41.23,88,M4_pc_scores,PC1-PC4 scores,41.23,32.45714273247429,14.335362322706919,4.359832579968728,60.55445288497985,93.67,2.5400729767736116e-05,18,92.83,92.83,0.0
171,1a_2a,AmPhos,Pd(OAc)2,Et3N,THF,48.8,114,M4_pc_scores,PC1-PC4 scores,48.8,34.533677730856496,13.766380484803879,7.551571980640894,61.5157834810721,93.67,2.1461591493686892e-05,19,92.83,92.83,0.0
375,1a_2a,AmPhos,Pd(OAc)2,None,MeOH,32.25,250,M4_pc_scores,PC1-PC4 scores,32.25,36.10767031388964,13.385438044894467,9.872211745896486,62.3431288818828,93.67,2.031159275250183e-05,20,92.83,92.83,0.0
2757,1a_2b,XPhos,Pd(OAc)2,LiOtBu,MeCN,76.56,1839,M4_pc_scores,PC1-PC4 scores,76.56,69.6266388632298,13.155200840454999,43.842445215938,95.4108325105216,77.13,2.1888434925028886,1,76.56,92.16,15.599999999999994
2793,1a_2b,XPhos,Pd(OAc)2,NaOH,THF,92.16,1863,M4_pc_scores,PC1-PC4 scores,92.16,64.11225967586692,15.907958172633988,32.93266165750431,95.29185769422953,77.13,1.7502211529539973,2,92.16,92.16,0.0
2875,1a_2b,SPhos,Pd(OAc)2,None,THF,69.3,1918,M4_pc_scores,PC1-PC4 scores,69.3,67.61864400211299,13.023472366136756,42.092638164484946,93.14464983974102,77.13,1.653691615346034,3,92.16,92.16,0.0
2877,1a_2b,XPhos,Pd(OAc)2,None,THF,84.83,1919,M4_pc_scores,PC1-PC4 scores,84.83,62.499420669415485,14.114261747747546,34.8354676438303,90.16337369500067,77.13,1.0233337102492448,4,92.16,92.16,0.0
2863,1a_2b,SPhos,Pd(OAc)2,Et3N,THF,76.22,1910,M4_pc_scores,PC1-PC4 scores,76.22,62.47360725790425,13.473647727012882,36.065257712958996,88.8819568028495,77.13,0.8799564296781712,5,92.16,92.16,0.0
2781,1a_2b,XPhos,Pd(OAc)2,None,MeCN,66.37,1855,M4_pc_scores,PC1-PC4 scores,66.37,58.917912395442755,12.922968223924032,33.588894676551654,84.24693011433385,77.13,0.4259745436792963,6,92.16,92.16,0.0
2721,1a_2b,XPhos,Pd(OAc)2,CsF,MeCN,77.78,1815,M4_pc_scores,PC1-PC4 scores,77.78,56.675048897722455,13.54688925334811,30.12314596116016,83.22695183428475,77.13,0.35649946924881615,7,92.16,92.16,0.0
2731,1a_2b,SPhos,Pd(OAc)2,K3PO4,MeCN,69.42,1822,M4_pc_scores,PC1-PC4 scores,69.42,52.35338075696826,13.690617156709608,25.519771129817425,79.18699038411908,77.13,0.17380491978856194,8,92.16,92.16,0.0
2983,1a_2b,SPhos,Pd(OAc)2,NaOH,MeOH,63.06,1990,M4_pc_scores,PC1-PC4 scores,63.06,39.70850474578774,14.868293012376446,10.566650441529909,68.85035905004557,77.13,0.025454739848824653,9,92.16,92.16,0.0
2992,1a_2b,P(Cy)3,Pd(OAc)2,NaHCO3,MeOH,30.49,1995,M4_pc_scores,PC1-PC4 scores,30.49,37.77664244782856,14.447153272863165,9.460222033016755,66.09306286264035,77.13,0.012627298670807086,10,92.16,92.16,0.0
3021,1a_2b,XPhos,Pd(OAc)2,K3PO4,MeOH,51.75,2015,M4_pc_scores,PC1-PC4 scores,51.75,39.09470257045915,13.825880161669309,11.995977453587304,66.193427687331,77.13,0.010984471074984417,11,92.16,92.16,0.0
2845,1a_2b,P(tBu)3,Pd(OAc)2,LiOtBu,THF,52.95,1896,M4_pc_scores,PC1-PC4 scores,52.95,38.13949459910573,13.818929683113504,11.054392420203264,65.22459677800819,77.13,0.008652359859813441,12,92.16,92.16,0.0
2836,1a_2b,P(Cy)3,Pd(OAc)2,KOH,THF,46.21,1891,M4_pc_scores,PC1-PC4 scores,46.21,36.213909546533856,14.0691352279286,8.6384044997938,63.78941459327391,77.13,0.006549161009103785,13,92.16,92.16,0.0
2994,1a_2b,CataCXium A,Pd(OAc)2,NaHCO3,MeOH,16.27,1997,M4_pc_scores,PC1-PC4 scores,16.27,39.842251655961434,12.82736429938815,14.70061762916066,64.9838856827622,77.13,0.00592728706360935,14,92.16,92.16,0.0
2871,1a_2b,AmPhos,Pd(OAc)2,None,THF,31.05,1914,M4_pc_scores,PC1-PC4 scores,31.05,33.23131082000289,14.300842075833032,5.201660351370148,61.26096128863563,77.13,0.003758445446500426,15,92.16,92.16,0.0
2798,1a_2b,P(Ph)3,Pd(OAc)2,NaHCO3,THF,15.63,1865,M4_pc_scores,PC1-PC4 scores,15.63,33.116206831918234,13.977597482292817,5.720115766624314,60.51229789721215,77.13,0.0027406987150962667,16,92.16,92.16,0.0
3043,1a_2b,SPhos,Pd(OAc)2,LiOtBu,MeOH,60.02,2030,M4_pc_scores,PC1-PC4 scores,60.02,36.22077805379059,12.973262820768483,10.793182925084363,61.64837318249681,77.13,0.0024765815592185207,17,92.16,92.16,0.0
2812,1a_2b,P(Cy)3,Pd(OAc)2,CsF,THF,43.78,1875,M4_pc_scores,PC1-PC4 scores,43.78,36.03539729915651,12.970553445880963,10.613112545229821,61.45768205308319,77.13,0.0023424338562222403,18,92.16,92.16,0.0
2778,1a_2b,CataCXium A,Pd(OAc)2,None,MeCN,18.06,1853,M4_pc_scores,PC1-PC4 scores,18.06,35.87737514142112,12.87645562296073,10.63952212041809,61.115228162424145,77.13,0.0020353669502700053,19,92.16,92.16,0.0
3019,1a_2b,SPhos,Pd(OAc)2,K3PO4,MeOH,60.45,2014,M4_pc_scores,PC1-PC4 scores,60.45,31.865508961370303,13.996766404129541,4.431846809276401,59.299171113464205,77.13,0.0019982208125215416,20,92.16,92.16,0.0
4558,1a_2c,XPhos,Pd(OAc)2,LiOtBu,MeOH,59.08,3039,M4_pc_scores,PC1-PC4 scores,59.08,48.230669336482094,12.940379827296033,22.86752487498187,73.59381379798232,49.99,4.111285155016416,1,59.08,59.08,0.0
4544,1a_2c,SPhos,Pd(OAc)2,KOH,MeOH,41.19,3030,M4_pc_scores,PC1-PC4 scores,41.19,40.3955961278538,12.669416331142815,15.563540118813883,65.22765213689371,49.99,1.5316882901852429,2,59.08,59.08,0.0
4604,1a_2c,SPhos,Pd(OAc)2,K3PO4,MeOH,48.66,3070,M4_pc_scores,PC1-PC4 scores,48.66,37.42959582701757,14.17903716845283,9.638682976850028,65.22050867718511,49.99,1.3697680660841294,3,59.08,59.08,0.0
4322,1a_2c,P(tBu)3,Pd(OAc)2,None,THF,15.0,2880,M4_pc_scores,PC1-PC4 scores,15.0,36.522324601877116,13.826312125756049,9.422752835395261,63.621896368358975,49.99,1.1296919431290031,4,59.08,59.08,0.0
4370,1a_2c,P(tBu)3,Pd(OAc)2,NaHCO3,THF,15.38,2912,M4_pc_scores,PC1-PC4 scores,15.38,31.75994223146249,15.119435653511971,2.1258483505790267,61.39403611234595,49.99,0.782898535728537,5,59.08,59.08,0.0
4567,1a_2c,CataCXium A,Pd(OAc)2,NaHCO3,MeOH,7.73,3045,M4_pc_scores,PC1-PC4 scores,7.73,33.72707255818511,13.879562315841085,6.5231304191365815,60.931014697233636,49.99,0.7663934377447486,6,59.08,59.08,0.0
4226,1a_2c,P(tBu)3,Pd(OAc)2,None,MeCN,16.56,2816,M4_pc_scores,PC1-PC4 scores,16.56,31.911227736264607,14.172506327812805,4.133115333751512,59.6893401387777,49.99,0.6304319573696948,7,59.08,59.08,0.0
4325,1a_2c,P(Cy)3,Pd(OAc)2,None,THF,18.72,2883,M4_pc_scores,PC1-PC4 scores,18.72,33.66648196220927,13.005933196748082,8.17485289658303,59.1581110278355,49.99,0.6003305946135544,8,59.08,59.08,0.0
4601,1a_2c,P(Cy)3,Pd(OAc)2,K3PO4,MeOH,21.39,3067,M4_pc_scores,PC1-PC4 scores,21.39,32.11289286561932,13.357500473153204,5.932191938239043,58.2935937929996,49.99,0.516503714513584,9,59.08,59.08,0.0
4594,1a_2c,XPhos,Pd(OAc)2,CsF,MeOH,29.03,3063,M4_pc_scores,PC1-PC4 scores,29.03,28.674788377710712,14.10328201790818,1.0323556226106803,56.317221132810744,49.99,0.37116545973235127,10,59.08,59.08,0.0
4580,1a_2c,SPhos,Pd(OAc)2,Et3N,MeOH,21.06,3054,M4_pc_scores,PC1-PC4 scores,21.06,28.693877167489696,14.055423983297732,1.1452461602261401,56.242508174753254,49.99,0.36657015049512687,11,59.08,59.08,0.0
4541,1a_2c,P(Cy)3,Pd(OAc)2,KOH,MeOH,18.12,3027,M4_pc_scores,PC1-PC4 scores,18.12,28.220537643654524,13.510863797131998,1.7392446012758072,54.70183068603324,49.99,0.2799865573325082,12,59.08,59.08,0.0
4420,1a_2c,AmPhos,Pd(OAc)2,None,DMF,15.57,2946,M4_pc_scores,PC1-PC4 scores,15.57,26.56460339514802,14.167129090509944,-1.2029696222514694,54.33217641254751,49.99,0.26624320341120633,13,59.08,59.08,0.0
4491,1a_2c,P(Ph)3,Pd(OAc)2,CsF,DMF,24.48,2993,M4_pc_scores,PC1-PC4 scores,24.48,26.005049883039106,13.933377745344607,-1.3043704978363238,53.31447026391454,49.99,0.22131980212493174,14,59.08,59.08,0.0
4598,1a_2c,P(tBu)3,Pd(OAc)2,K3PO4,MeOH,19.82,3064,M4_pc_scores,PC1-PC4 scores,19.82,22.264055195516264,15.245090635934156,-7.616322450914684,52.14443284194721,49.99,0.19098138879024984,15,59.08,59.08,0.0
4563,1a_2c,P(Ph)3,Pd(OAc)2,NaHCO3,MeOH,21.3,3041,M4_pc_scores,PC1-PC4 scores,21.3,27.264171165176553,12.961213604736592,1.8601924998928325,52.66814983046027,49.99,0.18881175203295353,16,59.08,59.08,0.0
4602,1a_2c,P(o-Tol)3,Pd(OAc)2,K3PO4,MeOH,17.83,3068,M4_pc_scores,PC1-PC4 scores,17.83,28.448560940768786,12.37832549491697,4.187042970731525,52.71007891080605,49.99,0.18549995199591074,17,59.08,59.08,0.0
4347,1a_2c,P(Ph)3,Pd(OAc)2,KOH,THF,20.73,2897,M4_pc_scores,PC1-PC4 scores,20.73,26.073318856173472,13.36736657263988,-0.1267196262006891,52.27335733854763,49.99,0.17842370711924171,18,59.08,59.08,0.0
4318,1a_2c,XPhos,Pd(OAc)2,K3PO4,MeCN,16.17,2879,M4_pc_scores,PC1-PC4 scores,16.17,22.178294720954685,15.043558103466593,-7.307079161839834,51.6636686037492,49.99,0.174242613471142,19,59.08,59.08,0.0
4562,1a_2c,P(tBu)3,Pd(OAc)2,NaHCO3,MeOH,23.23,3040,M4_pc_scores,PC1-PC4 scores,23.23,19.796350950995937,15.212004609751844,-10.019178084117677,49.61187998610955,49.99,0.1231537757434561,20,59.08,59.08,0.0
690,1b_2a,CataCXium A,Pd(OAc)2,NaHCO3,MeOH,86.98,461,M4_pc_scores,PC1-PC4 scores,86.98,104.58649857136857,11.633445048119295,81.78494627705474,127.38805086568239,96.89,9.100054871477775,1,86.98,97.83,10.849999999999994
722,1b_2a,P(Ph)3,Pd(OAc)2,KOH,MeOH,92.61,481,M4_pc_scores,PC1-PC4 scores,92.61,99.34349696139692,13.45984282330442,72.96220502772026,125.72478889507359,96.89,6.402904097439276,2,92.61,97.83,5.219999999999999
726,1b_2a,CataCXium A,Pd(OAc)2,KOH,MeOH,85.46,485,M4_pc_scores,PC1-PC4 scores,85.46,98.19302712207534,12.385763555684512,73.91693055293369,122.46912369121698,96.89,5.353099950180412,3,92.61,97.83,5.219999999999999
542,1b_2a,P(Ph)3,Pd(OAc)2,LiOtBu,THF,87.78,361,M4_pc_scores,PC1-PC4 scores,87.78,93.4764880947209,13.769127767279445,66.4889976708532,120.46397851858862,96.89,3.7567238956679496,4,92.61,97.83,5.219999999999999
746,1b_2a,P(Ph)3,Pd(OAc)2,Et3N,MeOH,82.99,497,M4_pc_scores,PC1-PC4 scores,82.99,92.16265559839022,13.111451632306983,66.46421039906853,117.8611007977119,96.89,3.0273310752910687,5,92.61,97.83,5.219999999999999
679,1b_2a,SPhos,Pd(OAc)2,NaOH,MeOH,92.88,454,M4_pc_scores,PC1-PC4 scores,92.88,90.92043559309462,13.538001177723363,64.38595328475684,117.45491790143241,96.89,2.771327453812682,6,92.88,97.83,4.950000000000003
531,1b_2a,AmPhos,Pd(OAc)2,KOH,THF,75.63,354,M4_pc_scores,PC1-PC4 scores,75.63,89.77322228472347,13.289545835162707,63.72571244780457,115.82073212164238,96.89,2.3410845074268187,7,92.88,97.83,4.950000000000003
482,1b_2a,P(Ph)3,Pd(OAc)2,NaOH,THF,90.21,321,M4_pc_scores,PC1-PC4 scores,90.21,88.37893953744413,14.170877168162498,60.60402028784563,116.15385878704262,96.89,2.2537920024341167,8,92.88,97.83,4.950000000000003
723,1b_2a,AmPhos,Pd(OAc)2,KOH,MeOH,71.62,482,M4_pc_scores,PC1-PC4 scores,71.62,88.26696573588939,13.418818908820617,61.966080674600974,114.5678507971778,96.89,1.983489328469652,9,92.88,97.83,4.950000000000003
558,1b_2a,CataCXium A,Pd(OAc)2,Et3N,THF,97.83,373,M4_pc_scores,PC1-PC4 scores,97.83,88.58769810032554,12.87223894111542,63.35810977573932,113.81728642491176,96.89,1.890098192560377,10,97.83,97.83,0.0
553,1b_2a,P(tBu)3,Pd(OAc)2,Et3N,THF,94.67,368,M4_pc_scores,PC1-PC4 scores,94.67,84.0034553980777,14.533096949942506,55.518585376190394,112.48832541996501,96.89,1.4039696308380667,11,97.83,97.83,0.0
390,1b_2a,CataCXium A,Pd(OAc)2,NaOH,MeCN,96.38,261,M4_pc_scores,PC1-PC4 scores,96.38,87.8165584039019,11.79540863484649,64.69755747960278,110.93555932820101,96.89,1.3890751075943106,12,97.83,97.83,0.0
759,1b_2a,AmPhos,Pd(OAc)2,None,MeOH,61.57,506,M4_pc_scores,PC1-PC4 scores,61.57,84.53531262368423,14.01094436398639,57.073861670270915,111.99676357709755,96.89,1.3626364945018312,13,97.83,97.83,0.0
711,1b_2a,AmPhos,Pd(OAc)2,K3PO4,MeOH,76.31,474,M4_pc_scores,PC1-PC4 scores,76.31,83.97199225581522,14.013912106956257,56.504724526180965,111.43925998544948,96.89,1.265228163551182,14,97.83,97.83,0.0
555,1b_2a,AmPhos,Pd(OAc)2,Et3N,THF,91.88,370,M4_pc_scores,PC1-PC4 scores,91.88,83.3037452803077,14.333972279340522,55.20915961280028,111.39833094781511,96.89,1.234064262220547,15,97.83,97.83,0.0
486,1b_2a,CataCXium A,Pd(OAc)2,NaOH,THF,96.57,325,M4_pc_scores,PC1-PC4 scores,96.57,84.80482401513133,13.153759290157232,59.02345580642316,110.5861922238395,96.89,1.1891367322163782,16,97.83,97.83,0.0
714,1b_2a,CataCXium A,Pd(OAc)2,K3PO4,MeOH,89.42,477,M4_pc_scores,PC1-PC4 scores,89.42,81.0105516761086,13.682216128248713,54.19340806474113,107.82769528747608,96.89,0.7721287794256162,17,97.83,97.83,0.0
691,1b_2a,SPhos,Pd(OAc)2,NaHCO3,MeOH,85.69,462,M4_pc_scores,PC1-PC4 scores,85.69,81.42988916977917,13.369387996429591,55.225888696777176,107.63388964278117,96.89,0.7596743646420809,18,97.83,97.83,0.0
724,1b_2a,P(Cy)3,Pd(OAc)2,KOH,MeOH,89.74,483,M4_pc_scores,PC1-PC4 scores,89.74,81.31688424681444,13.425389608226206,55.00312061469107,107.63064787893781,96.89,0.75750541653712,19,97.83,97.83,0.0
736,1b_2a,P(Cy)3,Pd(OAc)2,LiOtBu,MeOH,89.34,491,M4_pc_scores,PC1-PC4 scores,89.34,80.04503739136462,13.417363350467387,53.74700522444854,106.34306955828069,96.89,0.6203749170953743,20,97.83,97.83,0.0
2355,1b_2b,AmPhos,Pd(OAc)2,KOH,MeCN,81.7,1570,M4_pc_scores,PC1-PC4 scores,81.7,82.90953638375726,13.680330372307532,56.09608885403449,109.72298391348002,96.75,1.0388414720550374,1,81.7,96.19,14.489999999999995
2366,1b_2b,P(Ph)3,Pd(OAc)2,LiOtBu,MeCN,73.07,1577,M4_pc_scores,PC1-PC4 scores,73.07,82.33358398962744,13.403419250886042,56.0628822578908,108.60428572136408,96.75,0.8965537720062546,2,81.7,96.19,14.489999999999995
2391,1b_2b,AmPhos,Pd(OAc)2,None,MeCN,83.89,1594,M4_pc_scores,PC1-PC4 scores,83.89,81.15376139152544,13.266099955671015,55.152205478410245,107.15531730464062,96.75,0.7241306089784738,3,83.89,96.19,12.299999999999997
2365,1b_2b,P(tBu)3,Pd(OAc)2,LiOtBu,MeCN,92.06,1576,M4_pc_scores,PC1-PC4 scores,92.06,76.84018331681818,15.221251365986742,47.00653063948417,106.6738359941522,96.75,0.634905082245572,4,92.06,96.19,4.1299999999999955
2479,1b_2b,SPhos,Pd(OAc)2,Et3N,THF,87.02,1654,M4_pc_scores,PC1-PC4 scores,87.02,75.62192362051218,13.819453180365429,48.53579538699594,102.70805185402841,96.75,0.34861604796645373,5,92.06,96.19,4.1299999999999955
2358,1b_2b,CataCXium A,Pd(OAc)2,KOH,MeCN,78.09,1573,M4_pc_scores,PC1-PC4 scores,78.09,77.90051796824164,12.22890046039048,53.9318730658763,101.86916287060698,96.75,0.2963170422393566,6,92.06,96.19,4.1299999999999955
2318,1b_2b,P(Ph)3,Pd(OAc)2,NaHCO3,MeCN,68.23,1545,M4_pc_scores,PC1-PC4 scores,68.23,73.83458226969216,13.697207821618877,46.98805493931917,100.68110960006516,96.75,0.24474868608998235,7,92.06,96.19,4.1299999999999955
2594,1b_2b,P(Ph)3,Pd(OAc)2,NaOH,MeOH,79.1,1729,M4_pc_scores,PC1-PC4 scores,79.1,74.70957820348632,13.210781538210508,48.81644638859372,100.60271001837891,96.75,0.2379613915281351,8,92.06,96.19,4.1299999999999955
2331,1b_2b,AmPhos,Pd(OAc)2,CsF,MeCN,68.33,1554,M4_pc_scores,PC1-PC4 scores,68.33,70.77007664203424,14.650566920711357,42.05496547743998,99.4851878066285,96.75,0.20526429469400342,9,92.06,96.19,4.1299999999999955
2359,1b_2b,SPhos,Pd(OAc)2,KOH,MeCN,89.93,1574,M4_pc_scores,PC1-PC4 scores,89.93,74.12150357338511,12.46595394771536,49.68823383586301,98.55477331090722,96.75,0.15463228713748522,10,92.06,96.19,4.1299999999999955
2439,1b_2b,AmPhos,Pd(OAc)2,K3PO4,THF,69.6,1626,M4_pc_scores,PC1-PC4 scores,69.6,69.61246009123886,13.934856123821225,42.30014208854926,96.92477809392847,96.75,0.12370426410139601,11,92.06,96.19,4.1299999999999955
2437,1b_2b,P(tBu)3,Pd(OAc)2,K3PO4,THF,63.86,1624,M4_pc_scores,PC1-PC4 scores,63.86,67.90649425215975,14.53344166748169,39.42094858389564,96.39203992042385,96.75,0.11724627790727116,12,92.06,96.19,4.1299999999999955
2606,1b_2b,P(Ph)3,Pd(OAc)2,NaHCO3,MeOH,68.46,1737,M4_pc_scores,PC1-PC4 scores,68.46,67.03689808005382,14.381563646312369,38.849033333281575,95.22476282682607,96.75,0.09281353923887758,13,92.06,96.19,4.1299999999999955
2490,1b_2b,CataCXium A,Pd(OAc)2,None,THF,93.15,1661,M4_pc_scores,PC1-PC4 scores,93.15,72.42687982153782,11.957645104351863,48.98989541700817,95.86386422606748,96.75,0.08264464431087298,14,93.15,96.19,3.039999999999992
2583,1b_2b,AmPhos,Pd(OAc)2,None,DMF,57.76,1722,M4_pc_scores,PC1-PC4 scores,57.76,67.21892505779826,13.874708050228003,40.02449727935137,94.41335283624514,96.75,0.07498344970828713,15,93.15,96.19,3.039999999999992
2666,1b_2b,P(Ph)3,Pd(OAc)2,Et3N,MeOH,53.9,1777,M4_pc_scores,PC1-PC4 scores,53.9,68.98644158463694,13.159490634663937,43.19383994069562,94.77904322857825,96.75,0.07452836997645629,16,93.15,96.19,3.039999999999992
2426,1b_2b,P(Ph)3,Pd(OAc)2,CsF,THF,67.34,1617,M4_pc_scores,PC1-PC4 scores,67.34,67.00291279431569,13.763959669632285,40.02555184183641,93.98027374679498,96.75,0.06773353539417254,17,93.15,96.19,3.039999999999992
2330,1b_2b,P(Ph)3,Pd(OAc)2,CsF,MeCN,53.51,1553,M4_pc_scores,PC1-PC4 scores,53.51,67.84785948250028,13.358809523366906,41.664592816701145,94.03112614829942,96.75,0.06510742729891938,18,93.15,96.19,3.039999999999992
2488,1b_2b,P(Cy)3,Pd(OAc)2,None,THF,68.94,1659,M4_pc_scores,PC1-PC4 scores,68.94,68.70734990947436,12.89794322613486,43.42738118625003,93.98731863269869,96.75,0.0607461172908344,19,93.15,96.19,3.039999999999992
2679,1b_2b,AmPhos,Pd(OAc)2,None,MeOH,42.55,1786,M4_pc_scores,PC1-PC4 scores,42.55,64.42461422630765,14.212036300754042,36.56902307682974,92.28020537578557,96.75,0.0505805975793005,20,93.15,96.19,3.039999999999992
4215,1b_2c,P(Ph)3,Pd(OAc)2,K3PO4,MeOH,72.19,2809,M4_pc_scores,PC1-PC4 scores,72.19,68.21380852275533,13.404081389026539,41.94180900026331,94.48580804524735,74.84,2.522764744516777,1,72.19,73.12,0.9300000000000068
4218,1b_2c,P(o-Tol)3,Pd(OAc)2,K3PO4,MeOH,68.86,2812,M4_pc_scores,PC1-PC4 scores,68.86,61.89334301242597,12.819456580770588,36.76720811411562,87.01947791073633,74.84,0.9722024659245503,2,72.19,73.12,0.9300000000000068
4179,1b_2c,P(Ph)3,Pd(OAc)2,NaHCO3,MeOH,40.92,2785,M4_pc_scores,PC1-PC4 scores,40.92,59.272257092749754,13.724994109629913,32.371268637875126,86.17324554762439,74.84,0.8174506748314978,3,72.19,73.12,0.9300000000000068
3938,1b_2c,P(tBu)3,Pd(OAc)2,None,THF,20.69,2624,M4_pc_scores,PC1-PC4 scores,20.69,47.740442931729284,16.021646207498023,16.33801636503316,79.14286949842541,74.84,0.2772153227561698,4,72.19,73.12,0.9300000000000068
4142,1b_2c,P(tBu)3,Pd(OAc)2,NaOH,MeOH,38.52,2760,M4_pc_scores,PC1-PC4 scores,38.52,49.70780273960208,14.623655116381174,21.045438711494977,78.37016676770918,74.84,0.2348904468348807,5,72.19,73.12,0.9300000000000068
4159,1b_2c,CataCXium A,Pd(OAc)2,KOH,MeOH,66.67,2773,M4_pc_scores,PC1-PC4 scores,66.67,55.78358132802496,11.531195958683556,33.18243724900519,78.38472540704473,74.84,0.21296637444936295,6,72.19,73.12,0.9300000000000068
4204,1b_2c,AmPhos,Pd(OAc)2,CsF,MeOH,71.17,2802,M4_pc_scores,PC1-PC4 scores,71.17,46.39672643183976,14.414920020592144,18.14348319147916,74.64996967220036,74.84,0.11983614232289252,7,72.19,73.12,0.9300000000000068
4146,1b_2c,P(o-Tol)3,Pd(OAc)2,NaOH,MeOH,51.26,2764,M4_pc_scores,PC1-PC4 scores,51.26,52.143380038544684,11.867864765708637,28.882365097755756,75.40439497933362,74.84,0.11371279663847844,8,72.19,73.12,0.9300000000000068
4154,1b_2c,P(tBu)3,Pd(OAc)2,KOH,MeOH,46.83,2768,M4_pc_scores,PC1-PC4 scores,46.83,42.2976879907535,15.397542538345055,12.118504615597196,72.4768713659098,74.84,0.08764983759978096,9,72.19,73.12,0.9300000000000068
4167,1b_2c,P(Ph)3,Pd(OAc)2,LiOtBu,MeOH,73.12,2777,M4_pc_scores,PC1-PC4 scores,73.12,46.691613342193,13.189255517583616,20.840672527729115,72.54255415665689,74.84,0.06975799837282076,10,73.12,73.12,0.0
3941,1b_2c,P(Cy)3,Pd(OAc)2,None,THF,18.38,2627,M4_pc_scores,PC1-PC4 scores,18.38,41.96568667486083,13.67329000587051,15.16603826335463,68.76533508636703,74.84,0.03286696090152175,11,73.12,73.12,0.0
4192,1b_2c,AmPhos,Pd(OAc)2,Et3N,MeOH,57.24,2794,M4_pc_scores,PC1-PC4 scores,57.24,35.05909932904794,13.918462138962635,7.7789135366811735,62.339285121414704,74.84,0.007694925653335752,12,73.12,73.12,0.0
3964,1b_2c,AmPhos,Pd(OAc)2,KOH,THF,24.69,2642,M4_pc_scores,PC1-PC4 scores,24.69,35.13959758602911,12.992840397699545,9.673630406538003,60.60556476552022,74.84,0.0035479779027355884,13,73.12,73.12,0.0
4190,1b_2c,P(tBu)3,Pd(OAc)2,Et3N,MeOH,40.8,2792,M4_pc_scores,PC1-PC4 scores,40.8,31.831979152897983,13.950532575871243,4.4889353041903455,59.175023001605624,74.84,0.003483210658487036,14,73.12,73.12,0.0
3942,1b_2c,P(o-Tol)3,Pd(OAc)2,None,THF,20.14,2628,M4_pc_scores,PC1-PC4 scores,20.14,34.678694987892186,13.043531541383675,9.113373166780182,60.244016809004194,74.84,0.0032731506891043385,15,73.12,73.12,0.0
4210,1b_2c,XPhos,Pd(OAc)2,CsF,MeOH,33.45,2807,M4_pc_scores,PC1-PC4 scores,33.45,30.334107112474523,14.207338031870282,2.487724570008769,58.180489654940274,74.84,0.0029644766941776604,16,73.12,73.12,0.0
3847,1b_2c,CataCXium A,Pd(OAc)2,None,MeCN,14.79,2565,M4_pc_scores,PC1-PC4 scores,14.79,36.34894283855778,12.358544687121226,12.12619525180018,60.57169042531538,74.84,0.0027029551030440177,17,73.12,73.12,0.0
4004,1b_2c,SPhos,Pd(OAc)2,Et3N,THF,17.04,2670,M4_pc_scores,PC1-PC4 scores,17.04,28.53692918563371,13.651491425773647,1.7800059911173598,55.29385238015006,74.84,0.0010588852807098502,18,73.12,73.12,0.0
4012,1b_2c,AmPhos,Pd(OAc)2,CsF,THF,52.13,2674,M4_pc_scores,PC1-PC4 scores,52.13,26.053854146723165,14.263754421967143,-1.903104520332434,54.01081281377876,74.84,0.000995424098581667,19,73.12,73.12,0.0
4035,1b_2c,P(Ph)3,Pd(OAc)2,None,DMF,13.72,2689,M4_pc_scores,PC1-PC4 scores,13.72,25.645245062326623,14.237472815175522,-2.2602016554174007,53.55069178007065,74.84,0.0008649276880728952,20,73.12,73.12,0.0
842,1c_2a,P(Ph)3,Pd(OAc)2,Et3N,MeCN,97.45,561,M4_pc_scores,PC1-PC4 scores,97.45,97.56955547387614,13.464207263918498,71.17970923659588,123.95940171115639,98.53,4.67278705622725,1,97.45,97.45,0.0
794,1c_2a,P(Ph)3,Pd(OAc)2,CsF,MeCN,96.49,529,M4_pc_scores,PC1-PC4 scores,96.49,96.89733260993708,14.034016611873334,69.39066005066535,124.40400516920882,98.53,4.596951174171343,2,97.45,97.45,0.0
1125,1c_2a,XPhos,Pd(OAc)2,LiOtBu,MeOH,82.88,751,M4_pc_scores,PC1-PC4 scores,82.88,94.76102152733014,14.391872214182012,66.5529519875334,122.96909106712688,98.53,3.8577880759446668,3,97.45,97.45,0.0
1072,1c_2a,P(Cy)3,Pd(OAc)2,NaHCO3,MeOH,89.13,715,M4_pc_scores,PC1-PC4 scores,89.13,91.61381705538167,14.013063836495723,64.14821193585006,119.07942217491329,98.53,2.6474407692431625,4,97.45,97.45,0.0
1106,1c_2a,P(Ph)3,Pd(OAc)2,KOH,MeOH,93.94,737,M4_pc_scores,PC1-PC4 scores,93.94,91.76525234231386,13.107219985902175,66.0751011699456,117.45540351468212,98.53,2.3798795655051577,5,97.45,97.45,0.0
1113,1c_2a,XPhos,Pd(OAc)2,KOH,MeOH,82.32,743,M4_pc_scores,PC1-PC4 scores,82.32,89.80375447581362,13.22649582638166,63.87982265610557,115.72768629552166,98.53,1.8976216064146483,6,97.45,97.45,0.0
1084,1c_2a,P(Cy)3,Pd(OAc)2,CsF,MeOH,89.81,723,M4_pc_scores,PC1-PC4 scores,89.81,87.71453439310753,14.083767482528199,60.11035012735226,115.31871865886279,98.53,1.6827301159704056,7,97.45,97.45,0.0
795,1c_2a,AmPhos,Pd(OAc)2,CsF,MeCN,93.69,530,M4_pc_scores,PC1-PC4 scores,93.69,87.05077722902155,14.069133298030456,59.47527596488186,114.62627849316124,98.53,1.5431669139180597,8,97.45,97.45,0.0
835,1c_2a,SPhos,Pd(OAc)2,LiOtBu,MeCN,90.89,558,M4_pc_scores,PC1-PC4 scores,90.89,86.78896015551697,13.367603053278087,60.58845817109193,112.98946213994202,98.53,1.3042723294499368,9,97.45,97.45,0.0
1123,1c_2a,SPhos,Pd(OAc)2,LiOtBu,MeOH,90.9,750,M4_pc_scores,PC1-PC4 scores,90.9,85.05219705037732,14.277681074961597,57.06794214345258,113.03645195730205,98.53,1.2378963096191313,10,97.45,97.45,0.0
846,1c_2a,CataCXium A,Pd(OAc)2,Et3N,MeCN,92.52,565,M4_pc_scores,PC1-PC4 scores,92.52,86.5768472845898,13.119481643468339,60.86266326339186,112.29103130578775,98.53,1.2029361023241525,11,97.45,97.45,0.0
986,1c_2a,P(Ph)3,Pd(OAc)2,CsF,DMF,91.14,657,M4_pc_scores,PC1-PC4 scores,91.14,85.66218231795389,13.568777618899524,59.06737818491082,112.25698645099696,98.53,1.1627343101034153,12,97.45,97.45,0.0
945,1c_2a,XPhos,Pd(OAc)2,Et3N,THF,95.85,631,M4_pc_scores,PC1-PC4 scores,95.85,82.32129909543275,15.127166222735154,52.672053298871845,111.97054489199365,98.53,1.028716503776975,13,97.45,97.45,0.0
1094,1c_2a,P(Ph)3,Pd(OAc)2,K3PO4,MeOH,94.15,729,M4_pc_scores,PC1-PC4 scores,94.15,85.0580324328024,12.94750262935375,59.680927279269056,110.43513758633576,98.53,0.9257391378333459,14,97.45,97.45,0.0
855,1c_2a,AmPhos,Pd(OAc)2,None,MeCN,90.67,570,M4_pc_scores,PC1-PC4 scores,90.67,82.349790899455,14.326228873552052,54.27038230729298,110.42919949161703,98.53,0.8643646089137929,15,97.45,97.45,0.0
831,1c_2a,AmPhos,Pd(OAc)2,LiOtBu,MeCN,84.74,554,M4_pc_scores,PC1-PC4 scores,84.74,82.58432783757809,13.745767338067969,55.64262385496487,109.5260318201913,98.53,0.7768554163341455,16,97.45,97.45,0.0
786,1c_2a,CataCXium A,Pd(OAc)2,NaHCO3,MeCN,92.77,525,M4_pc_scores,PC1-PC4 scores,92.77,82.69198926113856,13.262174552620337,56.698127138002704,108.68585138427441,98.53,0.6966155738692614,17,97.45,97.45,0.0
1074,1c_2a,CataCXium A,Pd(OAc)2,NaHCO3,MeOH,64.52,717,M4_pc_scores,PC1-PC4 scores,64.52,81.31590917331688,13.025758381288332,55.78542274599175,106.84639560064201,98.53,0.5213783645395187,18,97.45,97.45,0.0
843,1c_2a,AmPhos,Pd(OAc)2,Et3N,MeCN,85.04,562,M4_pc_scores,PC1-PC4 scores,85.04,80.03284625188498,13.686493504908071,53.20731898226516,106.8583735215048,98.53,0.5152451433586884,19,97.45,97.45,0.0
784,1c_2a,P(Cy)3,Pd(OAc)2,NaHCO3,MeCN,93.05,523,M4_pc_scores,PC1-PC4 scores,93.05,79.90790510832798,13.719002069776154,53.018661051566724,106.79714916508924,98.53,0.5099139933822161,20,97.45,97.45,0.0
1610,1c_2b,P(Ph)3,Pd(OAc)2,Et3N,MeCN,92.43,1073,M4_pc_scores,PC1-PC4 scores,92.43,97.44300011635914,13.497305479319554,70.98828137689281,123.89771885582547,97.25,5.232538691575573,1,92.43,98.61,6.179999999999993
1802,1c_2b,P(Ph)3,Pd(OAc)2,Et3N,DMF,85.9,1201,M4_pc_scores,PC1-PC4 scores,85.9,88.04728587232776,13.68515892471438,61.22437437988758,114.87019736476795,97.25,1.9257130805783191,2,92.43,98.61,6.179999999999993
1778,1c_2b,P(Ph)3,Pd(OAc)2,KOH,DMF,83.87,1185,M4_pc_scores,PC1-PC4 scores,83.87,84.9519289432209,13.977601454932127,57.555830091553936,112.34802779488788,97.25,1.3640701886785824,3,92.43,98.61,6.179999999999993
1742,1c_2b,P(Ph)3,Pd(OAc)2,NaHCO3,DMF,90.99,1161,M4_pc_scores,PC1-PC4 scores,90.99,81.67154925114829,14.71561261424161,52.828948527234736,110.51414997506186,97.25,1.0246159001402053,4,92.43,98.61,6.179999999999993
1587,1c_2b,AmPhos,Pd(OAc)2,KOH,MeCN,90.4,1058,M4_pc_scores,PC1-PC4 scores,90.4,81.37819335638031,14.6646261767329,52.635526049983824,110.12086066277679,97.25,0.9740500368212417,5,92.43,98.61,6.179999999999993
1591,1c_2b,SPhos,Pd(OAc)2,KOH,MeCN,84.76,1062,M4_pc_scores,PC1-PC4 scores,84.76,80.86294261583758,13.697032330057658,54.01675924892457,107.70912598275059,97.25,0.7180050600600862,6,92.43,98.61,6.179999999999993
1636,1c_2b,P(Cy)3,Pd(OAc)2,NaOH,THF,66.25,1091,M4_pc_scores,PC1-PC4 scores,66.25,79.72458184481391,14.201540443099136,51.88956257633961,107.55960111328821,97.25,0.6899941715060267,7,92.43,98.61,6.179999999999993
1828,1c_2b,P(Cy)3,Pd(OAc)2,NaOH,MeOH,62.34,1219,M4_pc_scores,PC1-PC4 scores,62.34,79.15733518219115,13.64325250139573,52.41656027945552,105.89811008492677,97.25,0.5427283049361227,8,92.43,98.61,6.179999999999993
1850,1c_2b,P(Ph)3,Pd(OAc)2,CsF,MeOH,80.77,1233,M4_pc_scores,PC1-PC4 scores,80.77,78.23144162080067,13.696157176949354,51.38697355397993,105.0759096876214,97.25,0.47507638804432495,9,92.43,98.61,6.179999999999993
1694,1c_2b,P(Ph)3,Pd(OAc)2,LiOtBu,THF,94.45,1129,M4_pc_scores,PC1-PC4 scores,94.45,77.64152977463013,13.528939243388704,51.12480885758827,104.15825069167198,97.25,0.40900990302989304,10,94.45,98.61,4.159999999999997
1795,1c_2b,SPhos,Pd(OAc)2,LiOtBu,DMF,77.06,1198,M4_pc_scores,PC1-PC4 scores,77.06,77.24284633128413,12.58059850163529,52.58487326807896,101.9008193944893,97.25,0.2722935001557134,11,94.45,98.61,4.159999999999997
1566,1c_2b,CataCXium A,Pd(OAc)2,CsF,MeCN,98.61,1045,M4_pc_scores,PC1-PC4 scores,98.61,75.77951243634274,12.96906655707997,50.360141984466,101.19888288821949,97.25,0.24062532749297572,12,98.61,98.61,0.0
1718,1c_2b,P(Ph)3,Pd(OAc)2,None,THF,96.15,1145,M4_pc_scores,PC1-PC4 scores,96.15,73.50776996165969,13.945027492952217,46.17551607547334,100.84002384784604,97.25,0.2320975877993332,13,98.61,98.61,0.0
1768,1c_2b,P(Cy)3,Pd(OAc)2,K3PO4,DMF,52.88,1179,M4_pc_scores,PC1-PC4 scores,52.88,75.30064061025308,12.885866399337853,50.04434246755089,100.55693875295528,97.25,0.2124898378821516,14,98.61,98.61,0.0
1879,1c_2b,SPhos,Pd(OAc)2,KOH,MeOH,73.51,1254,M4_pc_scores,PC1-PC4 scores,73.51,73.50231317896142,13.55458378369436,46.935328962920465,100.06929739500237,97.25,0.19897587226596758,15,98.61,98.61,0.0
1759,1c_2b,SPhos,Pd(OAc)2,CsF,DMF,72.82,1174,M4_pc_scores,PC1-PC4 scores,72.82,75.66101965559925,12.426861691909782,51.304370739456076,100.01766857174242,97.25,0.18768987940528237,16,98.61,98.61,0.0
1564,1c_2b,P(Cy)3,Pd(OAc)2,CsF,MeCN,73.25,1043,M4_pc_scores,PC1-PC4 scores,73.25,72.59924838518026,13.598321963848262,45.946537336037665,99.25195943432286,97.25,0.17119440794395202,17,98.61,98.61,0.0
1646,1c_2b,P(Ph)3,Pd(OAc)2,NaHCO3,THF,96.16,1097,M4_pc_scores,PC1-PC4 scores,96.16,71.65656502405244,13.847326861942461,44.515804374645214,98.79732567345967,97.25,0.15940209176356512,18,98.61,98.61,0.0
1881,1c_2b,XPhos,Pd(OAc)2,KOH,MeOH,71.6,1255,M4_pc_scores,PC1-PC4 scores,71.6,70.02844014120384,14.542337067247209,41.52545948939932,98.53142079300838,97.25,0.15815812057643497,19,98.61,98.61,0.0
1684,1c_2b,P(Cy)3,Pd(OAc)2,KOH,THF,75.02,1123,M4_pc_scores,PC1-PC4 scores,75.02,72.35635945728501,13.405070610550212,46.08242106060659,98.63029785396343,97.25,0.1503808174310497,20,98.61,98.61,0.0
3447,1c_2c,P(Ph)3,Pd(OAc)2,K3PO4,MeOH,84.54,2297,M4_pc_scores,PC1-PC4 scores,84.54,65.6497844768903,12.906229012353043,40.35357561267834,90.94599334110227,83.66,0.4387064891769177,1,84.54,84.54,0.0
3423,1c_2c,P(Ph)3,Pd(OAc)2,Et3N,MeOH,71.31,2281,M4_pc_scores,PC1-PC4 scores,71.31,59.77031020989182,13.710622638395957,32.89748983863574,86.64313058114789,83.66,0.20637075350191703,2,84.54,84.54,0.0
3425,1c_2c,P(Cy)3,Pd(OAc)2,Et3N,MeOH,69.26,2283,M4_pc_scores,PC1-PC4 scores,69.26,46.42344211710913,14.679919046281771,17.65080078639686,75.19608344782141,83.66,0.023587955829131063,3,84.54,84.54,0.0
3171,1c_2c,P(Ph)3,Pd(OAc)2,None,THF,47.59,2113,M4_pc_scores,PC1-PC4 scores,47.59,47.27110351256834,14.197102315718157,19.444782973760752,75.09742405137592,83.66,0.020892987575328842,4,84.54,84.54,0.0
3389,1c_2c,P(Cy)3,Pd(OAc)2,KOH,MeOH,49.15,2259,M4_pc_scores,PC1-PC4 scores,49.15,50.182595629149596,12.813737048065047,25.067671014942103,75.29752024335708,83.66,0.0158954896105451,5,84.54,84.54,0.0
3392,1c_2c,SPhos,Pd(OAc)2,KOH,MeOH,45.38,2262,M4_pc_scores,PC1-PC4 scores,45.38,43.815607930254195,14.2352705428624,15.91447766624389,71.71673819426451,83.66,0.009656939155818847,6,84.54,84.54,0.0
3170,1c_2c,P(tBu)3,Pd(OAc)2,None,THF,14.0,2112,M4_pc_scores,PC1-PC4 scores,14.0,37.54685503638768,15.12224059293934,7.907263474226578,67.18644659854878,83.66,0.0043063663861680965,7,84.54,84.54,0.0
3376,1c_2c,AmPhos,Pd(OAc)2,NaOH,MeOH,39.11,2250,M4_pc_scores,PC1-PC4 scores,39.11,41.63669070075683,13.83098483651725,14.527960421183021,68.74542098033064,83.66,0.004052723013446835,8,84.54,84.54,0.0
3448,1c_2c,AmPhos,Pd(OAc)2,K3PO4,MeOH,31.28,2298,M4_pc_scores,PC1-PC4 scores,31.28,41.119491778097945,13.814552766195831,14.042968356354116,68.19601519984178,83.66,0.0034889083922828024,9,84.54,84.54,0.0
3207,1c_2c,P(Ph)3,Pd(OAc)2,LiOtBu,THF,60.47,2137,M4_pc_scores,PC1-PC4 scores,60.47,42.389748295154305,13.118862404951296,16.676777981449767,68.10271860885885,83.66,0.002578681042775626,10,84.54,84.54,0.0
3430,1c_2c,XPhos,Pd(OAc)2,Et3N,MeOH,30.62,2287,M4_pc_scores,PC1-PC4 scores,30.62,34.131022182235505,14.954009935698668,4.821162708266115,63.440881656204894,83.66,0.001599495892002957,11,84.54,84.54,0.0
3315,1c_2c,P(Ph)3,Pd(OAc)2,NaHCO3,DMF,14.49,2209,M4_pc_scores,PC1-PC4 scores,14.49,36.69899416044124,13.99736584215411,9.264157109819184,64.1338312110633,83.66,0.0012575728540209115,12,84.54,84.54,0.0
3374,1c_2c,P(tBu)3,Pd(OAc)2,NaOH,MeOH,23.77,2248,M4_pc_scores,PC1-PC4 scores,23.77,35.74853208281714,14.223936504832702,7.869616533345049,63.62744763228923,83.66,0.001215875095073548,13,84.54,84.54,0.0
3439,1c_2c,CataCXium A,Pd(OAc)2,CsF,MeOH,43.3,2293,M4_pc_scores,PC1-PC4 scores,43.3,42.267155020488644,12.032470392548152,18.683513051094266,65.85079698988302,83.66,0.0007568411300288708,14,84.54,84.54,0.0
3378,1c_2c,P(o-Tol)3,Pd(OAc)2,NaOH,MeOH,35.64,2252,M4_pc_scores,PC1-PC4 scores,35.64,39.97947121932911,12.380033987905737,15.71460460303387,64.24433783562435,83.66,0.0005497208661365861,15,84.54,84.54,0.0
3341,1c_2c,P(Cy)3,Pd(OAc)2,CsF,DMF,13.65,2227,M4_pc_scores,PC1-PC4 scores,13.65,32.93646719958759,13.938013373679532,5.617960987175707,60.25497341199947,83.66,0.00040060357588457204,16,84.54,84.54,0.0
3172,1c_2c,AmPhos,Pd(OAc)2,None,THF,23.86,2114,M4_pc_scores,PC1-PC4 scores,23.86,34.560327265006876,13.5058562135037,8.088849086539625,61.03180544347413,83.66,0.00039244159564834694,17,84.54,84.54,0.0
3303,1c_2c,P(Ph)3,Pd(OAc)2,LiOtBu,DMF,13.1,2201,M4_pc_scores,PC1-PC4 scores,13.1,34.6114099095213,13.317360190217524,8.509383936694952,60.713435882347646,83.66,0.0003167975536418413,18,84.54,84.54,0.0
3142,1c_2c,XPhos,Pd(OAc)2,Et3N,MeCN,12.12,2095,M4_pc_scores,PC1-PC4 scores,12.12,25.26014023493034,15.43283987900302,-4.988225927915579,55.50850639777626,83.66,0.00024488319713206197,19,84.54,84.54,0.0
3202,1c_2c,XPhos,Pd(OAc)2,KOH,THF,18.41,2135,M4_pc_scores,PC1-PC4 scores,18.41,24.138289379889866,15.580847601839539,-6.400171919715628,54.676750679495356,83.66,0.00021214924298381408,20,84.54,84.54,0.0
1298,1d_2a,P(Ph)3,Pd(OAc)2,KOH,THF,65.45,865,M4_pc_scores,PC1-PC4 scores,65.45,97.38417118439617,14.178258071202103,69.59478536484005,125.17355700395228,98.69,4.799208899508296,1,65.45,98.2,32.75
1202,1d_2a,P(Ph)3,Pd(OAc)2,KOH,MeCN,91.35,801,M4_pc_scores,PC1-PC4 scores,91.35,96.96070825562867,14.442151160762599,68.65409198053398,125.26732453072337,98.69,4.71544362441596,2,91.35,98.2,6.8500000000000085
1214,1d_2a,P(Ph)3,Pd(OAc)2,LiOtBu,MeCN,98.2,809,M4_pc_scores,PC1-PC4 scores,98.2,97.10911020992137,13.729928510726978,70.19845032889648,124.01977009094625,98.69,4.499792543352042,3,98.2,98.2,0.0
1206,1d_2a,CataCXium A,Pd(OAc)2,KOH,MeCN,93.12,805,M4_pc_scores,PC1-PC4 scores,93.12,97.00084121967352,12.96072410938232,71.59782196528417,122.40386047406287,98.69,4.149583938970954,4,98.2,98.2,0.0
1494,1d_2a,CataCXium A,Pd(OAc)2,KOH,MeOH,95.06,997,M4_pc_scores,PC1-PC4 scores,95.06,97.85115949494512,11.4947766820176,75.32139719819062,120.38092179169962,98.69,3.9474025544138014,5,98.2,98.2,0.0
1497,1d_2a,XPhos,Pd(OAc)2,KOH,MeOH,90.57,999,M4_pc_scores,PC1-PC4 scores,90.57,92.9040675516225,15.14941053243136,63.21122290805704,122.59691219518797,98.69,3.4137003727283886,6,98.2,98.2,0.0
1218,1d_2a,CataCXium A,Pd(OAc)2,LiOtBu,MeCN,94.64,813,M4_pc_scores,PC1-PC4 scores,94.64,92.17730591386929,14.292819194716646,64.16338029222467,120.19123153551391,98.69,2.8685472401147187,7,98.2,98.2,0.0
1518,1d_2a,CataCXium A,Pd(OAc)2,Et3N,MeOH,89.09,1013,M4_pc_scores,PC1-PC4 scores,89.09,94.43261418858236,12.05278672980029,70.80915219817379,118.05607617899093,98.69,2.7994518333836753,8,98.2,98.2,0.0
1166,1d_2a,P(Ph)3,Pd(OAc)2,NaHCO3,MeCN,93.27,777,M4_pc_scores,PC1-PC4 scores,93.27,91.53879263200923,14.10214223705188,63.89859384738755,119.17899141663091,98.69,2.6086540460917402,9,98.2,98.2,0.0
1358,1d_2a,P(Ph)3,Pd(OAc)2,NaHCO3,DMF,89.45,905,M4_pc_scores,PC1-PC4 scores,89.45,92.27486487738075,13.375576246281767,66.05873543466849,118.49099432009301,98.69,2.576176147271535,10,98.2,98.2,0.0
1394,1d_2a,P(Ph)3,Pd(OAc)2,KOH,DMF,92.73,929,M4_pc_scores,PC1-PC4 scores,92.73,91.17585384227681,13.12244332696931,65.45586492141696,116.89584276313666,98.69,2.1750671365208705,11,98.2,98.2,0.0
1418,1d_2a,P(Ph)3,Pd(OAc)2,Et3N,DMF,87.27,945,M4_pc_scores,PC1-PC4 scores,87.27,88.76342469625541,14.000619219565639,61.32221102590676,116.20463836660406,98.69,1.8532221572275298,12,98.2,98.2,0.0
1456,1d_2a,P(Cy)3,Pd(OAc)2,NaHCO3,MeOH,92.43,971,M4_pc_scores,PC1-PC4 scores,92.43,90.11695584806009,12.930348969334988,64.77347186816351,115.46043982795666,98.69,1.8422111616362793,13,98.2,98.2,0.0
1213,1d_2a,P(tBu)3,Pd(OAc)2,LiOtBu,MeCN,92.92,808,M4_pc_scores,PC1-PC4 scores,92.92,86.52525957952032,15.189238167693018,56.754352770842004,116.29616638819864,98.69,1.719590653433868,14,98.2,98.2,0.0
1170,1d_2a,CataCXium A,Pd(OAc)2,NaHCO3,MeCN,92.01,781,M4_pc_scores,PC1-PC4 scores,92.01,88.75967389251744,13.228919866304244,62.83099095456112,114.68835683047377,98.69,1.6228419014491262,15,98.2,98.2,0.0
1372,1d_2a,P(Cy)3,Pd(OAc)2,CsF,DMF,89.78,915,M4_pc_scores,PC1-PC4 scores,89.78,88.50915770973533,13.211691536524059,62.61424229814818,114.40407312132248,98.69,1.5646573019262107,16,98.2,98.2,0.0
1242,1d_2a,CataCXium A,Pd(OAc)2,None,MeCN,80.77,829,M4_pc_scores,PC1-PC4 scores,80.77,89.1354999947595,12.721554038816418,64.20125407867931,114.06974591083969,98.69,1.55539861590161,17,98.2,98.2,0.0
1204,1d_2a,P(Cy)3,Pd(OAc)2,KOH,MeCN,83.91,803,M4_pc_scores,PC1-PC4 scores,83.91,86.79358206761233,13.243329399634304,60.8366564443291,112.75050769089557,98.69,1.2444333663800187,18,98.2,98.2,0.0
1479,1d_2a,AmPhos,Pd(OAc)2,K3PO4,MeOH,92.82,986,M4_pc_scores,PC1-PC4 scores,92.82,86.39245327236122,13.50790720607177,59.91695514846055,112.8679513962619,98.69,1.2427188966448521,19,98.2,98.2,0.0
1374,1d_2a,CataCXium A,Pd(OAc)2,CsF,DMF,90.18,917,M4_pc_scores,PC1-PC4 scores,90.18,87.02873322858412,12.244413495244533,63.02968277790483,111.0277836792634,98.69,1.0334092017624215,20,98.2,98.2,0.0
2077,1d_2b,P(tBu)3,Pd(OAc)2,LiOtBu,THF,93.55,1384,M4_pc_scores,PC1-PC4 scores,93.55,99.55080942816053,13.19877633456796,73.68120781240734,125.42041104391373,98.42,5.586967212818088,1,93.55,100.0,6.450000000000003
2066,1d_2b,P(Ph)3,Pd(OAc)2,KOH,THF,77.32,1377,M4_pc_scores,PC1-PC4 scores,77.32,98.07441400490649,14.718939212644186,69.22529314812388,126.92353486168909,98.42,5.458901409015651,2,93.55,100.0,6.450000000000003
1998,1d_2b,CataCXium A,Pd(OAc)2,Et3N,MeCN,94.32,1333,M4_pc_scores,PC1-PC4 scores,94.32,98.61465460936546,12.247778064663745,74.60900960262452,122.6202996161064,98.42,4.735002204498812,3,94.32,100.0,5.680000000000007
2078,1d_2b,P(Ph)3,Pd(OAc)2,LiOtBu,THF,94.71,1385,M4_pc_scores,PC1-PC4 scores,94.71,96.33016382984752,14.206496556100022,68.48543057989147,124.17489707980357,98.42,4.466569541317662,4,94.71,100.0,5.290000000000006
1926,1d_2b,CataCXium A,Pd(OAc)2,NaOH,MeCN,94.39,1285,M4_pc_scores,PC1-PC4 scores,94.39,97.58948653003877,12.191781627935306,73.69359453928557,121.48537852079197,98.42,4.227495245208596,5,94.71,100.0,5.290000000000006
1923,1d_2b,AmPhos,Pd(OAc)2,NaOH,MeCN,94.83,1282,M4_pc_scores,PC1-PC4 scores,94.83,95.28518451388071,13.139695260997343,69.53138180232591,121.0389872254355,98.42,3.6238699810268615,6,94.83,100.0,5.170000000000002
2083,1d_2b,SPhos,Pd(OAc)2,LiOtBu,THF,95.34,1390,M4_pc_scores,PC1-PC4 scores,95.34,92.69175314767077,12.949564130876562,67.3106074511527,118.07289884418883,98.42,2.6382733961794536,7,95.34,100.0,4.659999999999997
1994,1d_2b,P(Ph)3,Pd(OAc)2,Et3N,MeCN,94.38,1329,M4_pc_scores,PC1-PC4 scores,94.38,91.47404606336593,13.130715477757109,65.737843726962,117.21024839976987,98.42,2.335790101080391,8,95.34,100.0,4.659999999999997
1959,1d_2b,AmPhos,Pd(OAc)2,K3PO4,MeCN,85.14,1306,M4_pc_scores,PC1-PC4 scores,85.14,88.22306410501162,14.571329984898153,59.66325733461124,116.78287087541199,98.42,1.9643109054947465,9,95.34,100.0,4.659999999999997
2079,1d_2b,AmPhos,Pd(OAc)2,LiOtBu,THF,95.53,1386,M4_pc_scores,PC1-PC4 scores,95.53,89.75767220859278,13.30973382036221,63.67059392068285,115.84475049650271,98.42,1.9393471524409303,10,95.53,100.0,4.469999999999999
2114,1d_2b,P(Ph)3,Pd(OAc)2,NaOH,DMF,88.53,1409,M4_pc_scores,PC1-PC4 scores,88.53,90.33489261218944,12.763002605950126,65.31940750452719,115.35037771985168,98.42,1.9095132018908814,11,95.53,100.0,4.469999999999999
2030,1d_2b,P(Ph)3,Pd(OAc)2,NaHCO3,THF,94.23,1353,M4_pc_scores,PC1-PC4 scores,94.23,88.2391248479513,14.364440551979804,60.084821366070884,116.39342832983172,98.42,1.905182029692253,12,95.53,100.0,4.469999999999999
2095,1d_2b,SPhos,Pd(OAc)2,Et3N,THF,85.37,1398,M4_pc_scores,PC1-PC4 scores,85.37,88.41409125352058,14.104860120600044,60.768565417144494,116.05961708989668,98.42,1.8666316234939528,13,95.53,100.0,4.469999999999999
2022,1d_2b,CataCXium A,Pd(OAc)2,NaOH,THF,92.59,1349,M4_pc_scores,PC1-PC4 scores,92.59,91.20694659426269,11.883020462332354,67.91622648809127,114.49766670043411,98.42,1.8491079534359198,14,95.53,100.0,4.469999999999999
2222,1d_2b,P(Ph)3,Pd(OAc)2,NaHCO3,MeOH,87.84,1481,M4_pc_scores,PC1-PC4 scores,87.84,88.89001341628065,13.631514644385854,62.17224471328438,115.60778211927692,98.42,1.832305692792243,15,95.53,100.0,4.469999999999999
1929,1d_2b,XPhos,Pd(OAc)2,NaOH,MeCN,90.64,1287,M4_pc_scores,PC1-PC4 scores,90.64,89.59603902049119,12.712384627435801,64.67976515071702,114.51231289026536,98.42,1.7156363967834602,16,95.53,100.0,4.469999999999999
2209,1d_2b,P(tBu)3,Pd(OAc)2,NaOH,MeOH,80.02,1472,M4_pc_scores,PC1-PC4 scores,80.02,87.09933901120093,14.511800218369363,58.65621058319698,115.54246743920487,98.42,1.7001186675521054,17,95.53,100.0,4.469999999999999
2226,1d_2b,CataCXium A,Pd(OAc)2,NaHCO3,MeOH,83.75,1485,M4_pc_scores,PC1-PC4 scores,83.75,88.5518471180363,13.437958073790247,62.21344929340742,114.89024494266519,98.42,1.6979003356266094,18,95.53,100.0,4.469999999999999
2101,1d_2b,P(tBu)3,Pd(OAc)2,None,THF,89.61,1400,M4_pc_scores,PC1-PC4 scores,89.61,86.50428413294793,14.79667515139997,57.50280083620399,115.50576742969187,98.42,1.6593757165151541,19,95.53,100.0,4.469999999999999
2215,1d_2b,SPhos,Pd(OAc)2,NaOH,MeOH,83.9,1478,M4_pc_scores,PC1-PC4 scores,83.9,87.85003421477921,13.728259537820643,60.94264552065076,114.75742290890767,98.42,1.63180919055563,20,95.53,100.0,4.469999999999999
3775,1d_2c,CataCXium A,Pd(OAc)2,KOH,MeOH,64.04,2517,M4_pc_scores,PC1-PC4 scores,64.04,74.92195771621375,12.124439599276872,51.15805610163109,98.68585933079642,81.25,2.170310776990096,1,64.04,80.09,16.049999999999997
3833,1d_2c,P(Cy)3,Pd(OAc)2,K3PO4,MeOH,78.59,2555,M4_pc_scores,PC1-PC4 scores,78.59,65.42512677227276,13.618096643868588,38.73365735029033,92.1165961942552,81.25,0.7659487084690888,2,78.59,80.09,1.5
3807,1d_2c,P(Ph)3,Pd(OAc)2,Et3N,MeOH,80.09,2537,M4_pc_scores,PC1-PC4 scores,80.09,60.59814276756788,14.030332628340352,33.09869081602079,88.09759471911497,81.25,0.40413057987207246,3,80.09,80.09,0.0
3810,1d_2c,P(o-Tol)3,Pd(OAc)2,Et3N,MeOH,79.4,2540,M4_pc_scores,PC1-PC4 scores,79.4,63.369730459209585,12.490609454926068,38.888135927554494,87.85132499086467,81.25,0.39048449345482505,4,80.09,80.09,0.0
3797,1d_2c,P(Cy)3,Pd(OAc)2,NaHCO3,MeOH,69.95,2531,M4_pc_scores,PC1-PC4 scores,69.95,61.30918451489172,13.302471903369693,35.23633958428712,87.38202944549631,81.25,0.3584446082717363,5,80.09,80.09,0.0
3790,1d_2c,XPhos,Pd(OAc)2,LiOtBu,MeOH,64.55,2527,M4_pc_scores,PC1-PC4 scores,64.55,53.93508941475979,15.220972876997097,24.10198257584548,83.76819625367409,81.25,0.2027435664548063,6,80.09,80.09,0.0
3579,1d_2c,P(Ph)3,Pd(OAc)2,KOH,THF,42.44,2385,M4_pc_scores,PC1-PC4 scores,42.44,57.34620502692245,13.020469205052915,31.826085385018732,82.86632466882617,81.25,0.15384324846308162,7,80.09,80.09,0.0
3619,1d_2c,CataCXium A,Pd(OAc)2,Et3N,THF,60.3,2413,M4_pc_scores,PC1-PC4 scores,60.3,57.113372131169506,12.97553885362237,31.681315978069662,82.54542828426935,81.25,0.14392207855930872,8,80.09,80.09,0.0
3788,1d_2c,SPhos,Pd(OAc)2,LiOtBu,MeOH,69.82,2526,M4_pc_scores,PC1-PC4 scores,69.82,53.405464775912925,13.758598736888548,26.438611251611373,80.37231830021447,81.25,0.09928851235388747,9,80.09,80.09,0.0
3764,1d_2c,SPhos,Pd(OAc)2,NaOH,MeOH,62.57,2510,M4_pc_scores,PC1-PC4 scores,62.57,51.804753574051716,13.83566922622667,24.686841890647443,78.92266525745599,81.25,0.07479272537695203,10,80.09,80.09,0.0
3820,1d_2c,AmPhos,Pd(OAc)2,CsF,MeOH,78.92,2546,M4_pc_scores,PC1-PC4 scores,78.92,49.38534034506073,13.951178688404124,22.04103011578865,76.72965057433282,81.25,0.048190088079635096,11,80.09,80.09,0.0
3786,1d_2c,P(o-Tol)3,Pd(OAc)2,LiOtBu,MeOH,73.24,2524,M4_pc_scores,PC1-PC4 scores,73.24,52.427791790267364,12.799809540007585,27.340165091852498,77.51541848868223,81.25,0.04814144775768908,12,80.09,80.09,0.0
3812,1d_2c,SPhos,Pd(OAc)2,Et3N,MeOH,58.75,2542,M4_pc_scores,PC1-PC4 scores,58.75,44.983309568876855,14.407267473075777,16.745065321648333,73.22155381610537,81.25,0.02455253995621004,13,80.09,80.09,0.0
3631,1d_2c,CataCXium A,Pd(OAc)2,CsF,THF,60.07,2421,M4_pc_scores,PC1-PC4 scores,60.07,48.319452862969094,12.900944933634362,23.033600793045746,73.60530493289244,81.25,0.01941371491344393,14,80.09,80.09,0.0
3808,1d_2c,AmPhos,Pd(OAc)2,Et3N,MeOH,74.74,2538,M4_pc_scores,PC1-PC4 scores,74.74,43.69385485049855,14.26136534190064,15.741578780373299,71.6461309206238,81.25,0.01675306755472905,15,80.09,80.09,0.0
3617,1d_2c,P(Cy)3,Pd(OAc)2,Et3N,THF,30.56,2411,M4_pc_scores,PC1-PC4 scores,30.56,43.9846280264721,14.063787571398796,16.419604386530462,71.54965166641374,81.25,0.015642322623793004,16,80.09,80.09,0.0
3784,1d_2c,AmPhos,Pd(OAc)2,LiOtBu,MeOH,61.48,2522,M4_pc_scores,PC1-PC4 scores,61.48,38.11625675662651,14.961145418849588,8.79241173568132,67.4401017775717,81.25,0.007656174254415796,17,80.09,80.09,0.0
3806,1d_2c,P(tBu)3,Pd(OAc)2,Et3N,MeOH,46.61,2536,M4_pc_scores,PC1-PC4 scores,46.61,34.06265840086575,15.197942888974177,4.274690338476365,63.85062646325514,81.25,0.0035405360210993136,18,80.09,80.09,0.0
3557,1d_2c,P(Cy)3,Pd(OAc)2,None,THF,47.6,2371,M4_pc_scores,PC1-PC4 scores,47.6,39.74884627980674,13.485887588411039,13.316506606521106,66.18118595309238,81.25,0.0034200362046908836,19,80.09,80.09,0.0
3814,1d_2c,XPhos,Pd(OAc)2,Et3N,MeOH,44.35,2543,M4_pc_scores,PC1-PC4 scores,44.35,35.61228337088211,14.69945307090619,6.801355351905979,64.42321138985824,81.25,0.0034120750640469003,20,80.09,80.09,0.0
163,1a_2a,SPhos,Pd(OAc)2,LiOtBu,THF,85.95,110,M5_ligand_onehot,Ligand identity one-hot baseline,85.95,81.95684342690514,11.830778971841946,58.76851664209492,105.14517021171535,93.67,0.9264998124632542,1,85.95,92.83,6.8799999999999955
103,1a_2a,SPhos,Pd(OAc)2,NaOH,THF,87.06,70,M5_ligand_onehot,Ligand identity one-hot baseline,87.06,79.55944114492299,11.980874865055519,56.07692640941417,103.0419558804318,93.67,0.6457250799182557,2,87.06,92.83,5.769999999999996
177,1a_2a,XPhos,Pd(OAc)2,Et3N,THF,88.93,119,M5_ligand_onehot,Ligand identity one-hot baseline,88.93,71.21787564279921,14.397669263765838,42.998443885818176,99.43730739978025,93.67,0.3392686944088641,3,88.93,92.83,3.8999999999999915
115,1a_2a,SPhos,Pd(OAc)2,NaHCO3,THF,79.85,78,M5_ligand_onehot,Ligand identity one-hot baseline,79.85,75.83897106899677,11.878477323350435,52.55715551522992,99.12078662276362,93.67,0.31523281679857673,4,88.93,92.83,3.8999999999999915
114,1a_2a,CataCXium A,Pd(OAc)2,NaHCO3,THF,70.45,77,M5_ligand_onehot,Ligand identity one-hot baseline,70.45,68.94230456241388,12.132101722313578,45.163385186679264,92.7212239381485,93.67,0.08304997990565088,5,88.93,92.83,3.8999999999999915
117,1a_2a,XPhos,Pd(OAc)2,NaHCO3,THF,80.77,79,M5_ligand_onehot,Ligand identity one-hot baseline,80.77,65.39469648632445,12.41542974061729,41.060454194714566,89.72893877793433,93.67,0.043157205927532194,6,88.93,92.83,3.8999999999999915
69,1a_2a,XPhos,Pd(OAc)2,LiOtBu,MeCN,92.83,47,M5_ligand_onehot,Ligand identity one-hot baseline,92.83,62.99537755230257,11.940903870759598,39.59120596561376,86.39954913899138,93.67,0.01689142472632474,7,92.83,92.83,0.0
100,1a_2a,P(Cy)3,Pd(OAc)2,NaOH,THF,69.94,67,M5_ligand_onehot,Ligand identity one-hot baseline,69.94,62.382322606804976,11.793596668080735,39.26687313736674,85.49777207624322,93.67,0.012694601052304869,8,92.83,92.83,0.0
157,1a_2a,P(tBu)3,Pd(OAc)2,LiOtBu,THF,66.16,104,M5_ligand_onehot,Ligand identity one-hot baseline,66.16,59.19699914041246,12.148654864280134,35.38563560642339,83.00836267440152,93.67,0.007078831280984188,9,92.83,92.83,0.0
169,1a_2a,P(tBu)3,Pd(OAc)2,Et3N,THF,68.72,112,M5_ligand_onehot,Ligand identity one-hot baseline,68.72,53.89255360514177,13.080856861456125,28.254074156687768,79.53103305359578,93.67,0.003769730793637932,10,92.83,92.83,0.0
19,1a_2a,SPhos,Pd(OAc)2,NaHCO3,MeCN,69.22,14,M5_ligand_onehot,Ligand identity one-hot baseline,69.22,52.72869020812479,12.77079111203997,27.69793962852645,77.75944078772312,93.67,0.002000200077738684,11,92.83,92.83,0.0
31,1a_2a,SPhos,Pd(OAc)2,CsF,MeCN,68.44,22,M5_ligand_onehot,Ligand identity one-hot baseline,68.44,48.59510288573852,13.518996924780938,22.097868913167883,75.09233685830915,93.67,0.0013100025870068574,12,92.83,92.83,0.0
171,1a_2a,AmPhos,Pd(OAc)2,Et3N,THF,48.8,114,M5_ligand_onehot,Ligand identity one-hot baseline,48.8,47.57864707705003,12.785203791157997,22.519647646380356,72.6376465077197,93.67,0.0004174453490456689,13,92.83,92.83,0.0
247,1a_2a,SPhos,Pd(OAc)2,KOH,DMF,62.77,166,M5_ligand_onehot,Ligand identity one-hot baseline,62.77,38.17258786708666,15.060020784511973,8.654947129443194,67.69022860473012,93.67,0.000361739000793275,14,92.83,92.83,0.0
357,1a_2a,XPhos,Pd(OAc)2,LiOtBu,MeOH,27.33,239,M5_ligand_onehot,Ligand identity one-hot baseline,27.33,44.519972624627606,12.509993174396293,20.000386002810874,69.03955924644434,93.67,0.00010258534427768523,15,92.83,92.83,0.0
316,1a_2a,P(Cy)3,Pd(OAc)2,CsF,MeOH,30.94,211,M5_ligand_onehot,Ligand identity one-hot baseline,30.94,36.93751282177541,13.815070783177784,9.859974086746949,64.01505155680387,93.67,5.193960361498328e-05,16,92.83,92.83,0.0
249,1a_2a,XPhos,Pd(OAc)2,KOH,DMF,79.14,167,M5_ligand_onehot,Ligand identity one-hot baseline,79.14,30.9634646498306,15.091359741419206,1.3843995566489546,60.54252974301224,93.67,4.605480528174061e-05,17,92.83,92.83,0.0
321,1a_2a,XPhos,Pd(OAc)2,CsF,MeOH,35.0,215,M5_ligand_onehot,Ligand identity one-hot baseline,35.0,39.943045842467846,12.857983304513956,14.741398565620493,65.1446931193152,93.67,3.430134195334155e-05,18,92.83,92.83,0.0
306,1a_2a,CataCXium A,Pd(OAc)2,NaHCO3,MeOH,25.15,205,M5_ligand_onehot,Ligand identity one-hot baseline,25.15,29.775146722074787,14.888639641938106,0.5934130238760993,58.95688042027348,93.67,2.398508682718587e-05,19,92.83,92.83,0.0
294,1a_2a,CataCXium A,Pd(OAc)2,NaOH,MeOH,14.91,197,M5_ligand_onehot,Ligand identity one-hot baseline,14.91,33.3850353697303,13.388898957605077,7.1427934128243535,59.62727732663625,93.67,7.638238852224617e-06,20,92.83,92.83,0.0
2875,1a_2b,SPhos,Pd(OAc)2,None,THF,69.3,1918,M5_ligand_onehot,Ligand identity one-hot baseline,69.3,70.21225783874053,12.399156367756516,45.90991135793776,94.5146043195433,77.13,2.0973714023723806,1,69.3,92.16,22.86
2863,1a_2b,SPhos,Pd(OAc)2,Et3N,THF,76.22,1910,M5_ligand_onehot,Ligand identity one-hot baseline,76.22,60.390134473192305,12.556253139923596,35.77987831894205,85.00039062744256,77.13,0.4884754194455476,2,76.22,92.16,15.939999999999998
2877,1a_2b,XPhos,Pd(OAc)2,None,THF,84.83,1919,M5_ligand_onehot,Ligand identity one-hot baseline,84.83,58.890629862980106,12.943824766127548,33.520733321370116,84.2605264045901,77.13,0.42687739707307415,3,84.83,92.16,7.329999999999998
2757,1a_2b,XPhos,Pd(OAc)2,LiOtBu,MeCN,76.56,1839,M5_ligand_onehot,Ligand identity one-hot baseline,76.56,57.92747622900221,12.434766300228514,33.55533428055432,82.2996181774501,77.13,0.2997580031512921,4,84.83,92.16,7.329999999999998
2793,1a_2b,XPhos,Pd(OAc)2,NaOH,THF,92.16,1863,M5_ligand_onehot,Ligand identity one-hot baseline,92.16,48.35268002984252,13.858959856824862,21.189118710465788,75.51624134921924,77.13,0.08659188711953147,5,92.16,92.16,0.0
2781,1a_2b,XPhos,Pd(OAc)2,None,MeCN,66.37,1855,M5_ligand_onehot,Ligand identity one-hot baseline,66.37,51.89033082623208,12.19308193034971,27.99189024274665,75.78877140971751,77.13,0.07650354630354944,6,92.16,92.16,0.0
2721,1a_2b,XPhos,Pd(OAc)2,CsF,MeCN,77.78,1815,M5_ligand_onehot,Ligand identity one-hot baseline,77.78,48.32337885844096,12.117601636217907,24.572879651453864,72.07387806542806,77.13,0.03117175586745613,7,92.16,92.16,0.0
2731,1a_2b,SPhos,Pd(OAc)2,K3PO4,MeCN,69.42,1822,M5_ligand_onehot,Ligand identity one-hot baseline,69.42,46.28499505128968,12.623115109730477,21.543689436217942,71.02630066636141,77.13,0.026651645159506493,8,92.16,92.16,0.0
2778,1a_2b,CataCXium A,Pd(OAc)2,None,MeCN,18.06,1853,M5_ligand_onehot,Ligand identity one-hot baseline,18.06,42.09582525077607,13.74638772703791,15.152905305781772,69.03874519577037,77.13,0.021106622163629157,9,92.16,92.16,0.0
2983,1a_2b,SPhos,Pd(OAc)2,NaOH,MeOH,63.06,1990,M5_ligand_onehot,Ligand identity one-hot baseline,63.06,38.468361011778384,13.889982033162383,11.243996226780116,65.69272579677666,77.13,0.009902741468247461,10,92.16,92.16,0.0
2992,1a_2b,P(Cy)3,Pd(OAc)2,NaHCO3,MeOH,30.49,1995,M5_ligand_onehot,Ligand identity one-hot baseline,30.49,38.37669351886481,13.898403652520317,11.13582235992499,65.61756467780464,77.13,0.009746590312170345,11,92.16,92.16,0.0
2798,1a_2b,P(Ph)3,Pd(OAc)2,NaHCO3,THF,15.63,1865,M5_ligand_onehot,Ligand identity one-hot baseline,15.63,41.21584841926033,12.89897727878901,15.933852952833874,66.49784388568679,77.13,0.009084820830462068,12,92.16,92.16,0.0
2702,1a_2b,P(Ph)3,Pd(OAc)2,NaHCO3,MeCN,14.74,1801,M5_ligand_onehot,Ligand identity one-hot baseline,14.74,35.856431520290016,14.433451626153264,7.566866333029619,64.14599670755041,77.13,0.007975352810737343,13,92.16,92.16,0.0
2838,1a_2b,CataCXium A,Pd(OAc)2,KOH,THF,33.61,1893,M5_ligand_onehot,Ligand identity one-hot baseline,33.61,41.34427664558184,12.290130793969547,17.25562028940153,65.43293300176215,77.13,0.005550630918562269,14,92.16,92.16,0.0
2871,1a_2b,AmPhos,Pd(OAc)2,None,THF,31.05,1914,M5_ligand_onehot,Ligand identity one-hot baseline,31.05,36.65140747489281,13.441878559569744,10.30532549813611,62.9974894516495,77.13,0.004322425946456626,15,92.16,92.16,0.0
2694,1a_2b,CataCXium A,Pd(OAc)2,NaOH,MeCN,15.97,1797,M5_ligand_onehot,Ligand identity one-hot baseline,15.97,32.2082568601126,13.90166053828099,4.961002205081861,59.455511515143336,77.13,0.0020018259751391175,16,92.16,92.16,0.0
2994,1a_2b,CataCXium A,Pd(OAc)2,NaHCO3,MeOH,16.27,1997,M5_ligand_onehot,Ligand identity one-hot baseline,16.27,37.75824374658114,12.31213068978779,13.62646759459707,61.8900198985652,77.13,0.001976601451404183,17,92.16,92.16,0.0
2845,1a_2b,P(tBu)3,Pd(OAc)2,LiOtBu,THF,52.95,1896,M5_ligand_onehot,Ligand identity one-hot baseline,52.95,38.56641537114712,11.850608400253396,15.339222906650466,61.79360783564378,77.13,0.001529347635436825,18,92.16,92.16,0.0
2836,1a_2b,P(Cy)3,Pd(OAc)2,KOH,THF,46.21,1891,M5_ligand_onehot,Ligand identity one-hot baseline,46.21,31.886594342727413,13.347017227937435,5.726440575970042,58.04674810948478,77.13,0.0010400748987070291,19,92.16,92.16,0.0
2901,1a_2b,XPhos,Pd(OAc)2,NaHCO3,DMF,52.93,1935,M5_ligand_onehot,Ligand identity one-hot baseline,52.93,37.00819608945669,11.9346202763818,13.616340347748363,60.400051831165015,77.13,0.0010194932672960184,20,92.16,92.16,0.0
4558,1a_2c,XPhos,Pd(OAc)2,LiOtBu,MeOH,59.08,3039,M5_ligand_onehot,Ligand identity one-hot baseline,59.08,46.432921731991264,12.630360242814536,21.677415656074775,71.18842780790776,49.99,3.2679840606555253,1,59.08,59.08,0.0
4544,1a_2c,SPhos,Pd(OAc)2,KOH,MeOH,41.19,3030,M5_ligand_onehot,Ligand identity one-hot baseline,41.19,40.220521149581245,12.324658657797494,16.06419018029816,64.37685211886433,49.99,1.3966606199611005,2,59.08,59.08,0.0
4601,1a_2c,P(Cy)3,Pd(OAc)2,K3PO4,MeOH,21.39,3067,M5_ligand_onehot,Ligand identity one-hot baseline,21.39,32.62609571737923,12.75863383031317,7.619173409965416,57.633018024793046,49.99,0.4676886970200895,3,59.08,59.08,0.0
4325,1a_2c,P(Cy)3,Pd(OAc)2,None,THF,18.72,2883,M5_ligand_onehot,Ligand identity one-hot baseline,18.72,33.91769036423873,12.038889433996372,10.321467073605842,57.513913654871615,49.99,0.4647284720733791,4,59.08,59.08,0.0
4594,1a_2c,XPhos,Pd(OAc)2,CsF,MeOH,29.03,3063,M5_ligand_onehot,Ligand identity one-hot baseline,29.03,30.06540036585354,13.602107222500377,3.4052702097528034,56.72553052195428,49.99,0.39720407136264235,5,59.08,59.08,0.0
4551,1a_2c,P(Ph)3,Pd(OAc)2,LiOtBu,MeOH,17.63,3033,M5_ligand_onehot,Ligand identity one-hot baseline,17.63,30.862927073947937,12.890709174940422,5.59713709106471,56.128717056831164,49.99,0.3587645050475361,6,59.08,59.08,0.0
4364,1a_2c,SPhos,Pd(OAc)2,LiOtBu,THF,15.93,2910,M5_ligand_onehot,Ligand identity one-hot baseline,15.93,32.60683149548946,11.972782402520947,9.140177986548405,56.07348500443051,49.99,0.35599289752694285,7,59.08,59.08,0.0
4498,1a_2c,XPhos,Pd(OAc)2,CsF,DMF,20.83,2999,M5_ligand_onehot,Ligand identity one-hot baseline,20.83,32.86183081113117,11.785230667015849,9.762778703780107,55.960882918482234,49.99,0.34871968222531224,8,59.08,59.08,0.0
4322,1a_2c,P(tBu)3,Pd(OAc)2,None,THF,15.0,2880,M5_ligand_onehot,Ligand identity one-hot baseline,15.0,31.645116106875914,12.184164509295302,7.764153668657123,55.526078545094705,49.99,0.32076862545665685,9,59.08,59.08,0.0
4604,1a_2c,SPhos,Pd(OAc)2,K3PO4,MeOH,48.66,3070,M5_ligand_onehot,Ligand identity one-hot baseline,48.66,28.440337990754962,13.56686120251158,1.8492900338322649,55.03138594767766,49.99,0.29701533680646164,10,59.08,59.08,0.0
4226,1a_2c,P(tBu)3,Pd(OAc)2,None,MeCN,16.56,2816,M5_ligand_onehot,Ligand identity one-hot baseline,16.56,30.315307112313103,12.56288040272384,5.692061522974377,54.93855270165183,49.99,0.2879504532164159,11,59.08,59.08,0.0
4554,1a_2c,P(o-Tol)3,Pd(OAc)2,LiOtBu,MeOH,15.16,3036,M5_ligand_onehot,Ligand identity one-hot baseline,15.16,25.498510386938104,14.7620135982738,-3.4350362656785443,54.43205703955475,49.99,0.27463100749490743,12,59.08,59.08,0.0
4541,1a_2c,P(Cy)3,Pd(OAc)2,KOH,MeOH,18.12,3027,M5_ligand_onehot,Ligand identity one-hot baseline,18.12,29.719098063627985,12.520603803361118,5.178714609040195,54.25948151821578,49.99,0.252902483203157,13,59.08,59.08,0.0
4602,1a_2c,P(o-Tol)3,Pd(OAc)2,K3PO4,MeOH,17.83,3068,M5_ligand_onehot,Ligand identity one-hot baseline,17.83,29.86978032036217,12.120150632770903,6.1142850801312,53.62527556059314,49.99,0.22094034046903566,14,59.08,59.08,0.0
4567,1a_2c,CataCXium A,Pd(OAc)2,NaHCO3,MeOH,7.73,3045,M5_ligand_onehot,Ligand identity one-hot baseline,7.73,25.298715004722485,14.244618047761179,-2.6207363688894247,53.218166378334395,49.99,0.22005336346177784,15,59.08,59.08,0.0
4491,1a_2c,P(Ph)3,Pd(OAc)2,CsF,DMF,24.48,2993,M5_ligand_onehot,Ligand identity one-hot baseline,24.48,28.286813295042325,12.845152980569841,3.110313453125439,53.463313136959215,49.99,0.21906315418466105,16,59.08,59.08,0.0
4370,1a_2c,P(tBu)3,Pd(OAc)2,NaHCO3,THF,15.38,2912,M5_ligand_onehot,Ligand identity one-hot baseline,15.38,24.191830372559878,13.251051862530588,-1.7802312780000733,50.16389202311983,49.99,0.11723586940940445,17,59.08,59.08,0.0
4580,1a_2c,SPhos,Pd(OAc)2,Et3N,MeOH,21.06,3054,M5_ligand_onehot,Ligand identity one-hot baseline,21.06,23.567936764332728,13.42912591345914,-2.7531500260471873,49.889023554712644,49.99,0.11257915608489943,18,59.08,59.08,0.0
4563,1a_2c,P(Ph)3,Pd(OAc)2,NaHCO3,MeOH,21.3,3041,M5_ligand_onehot,Ligand identity one-hot baseline,21.3,25.751032622484026,12.270977429075444,1.6999168614961562,49.802148383471895,49.99,0.09979163943875358,19,59.08,59.08,0.0
4598,1a_2c,P(tBu)3,Pd(OAc)2,K3PO4,MeOH,19.82,3064,M5_ligand_onehot,Ligand identity one-hot baseline,19.82,21.795330646395637,13.721412777411496,-5.098638397330895,48.68929969012217,49.99,0.09092677145019745,20,59.08,59.08,0.0
390,1b_2a,CataCXium A,Pd(OAc)2,NaOH,MeCN,96.38,261,M5_ligand_onehot,Ligand identity one-hot baseline,96.38,104.84650082203633,11.441371912315738,82.42141187389748,127.27158977017518,96.89,9.229123394344093,1,96.38,97.83,1.4500000000000028
726,1b_2a,CataCXium A,Pd(OAc)2,KOH,MeOH,85.46,485,M5_ligand_onehot,Ligand identity one-hot baseline,85.46,102.16161319258427,13.8727153600674,74.97109108685217,129.35213529831637,96.89,8.244407186351017,2,96.38,97.83,1.4500000000000028
690,1b_2a,CataCXium A,Pd(OAc)2,NaHCO3,MeOH,86.98,461,M5_ligand_onehot,Ligand identity one-hot baseline,86.98,101.60598494516275,12.957007235985586,76.210250762631,127.00171912769449,96.89,7.548337714821182,3,96.38,97.83,1.4500000000000028
486,1b_2a,CataCXium A,Pd(OAc)2,NaOH,THF,96.57,325,M5_ligand_onehot,Ligand identity one-hot baseline,96.57,100.44272950779241,12.836863168084838,75.28247769834613,125.60298131723869,96.89,6.791663353570337,4,96.57,97.83,1.2600000000000051
722,1b_2a,P(Ph)3,Pd(OAc)2,KOH,MeOH,92.61,481,M5_ligand_onehot,Ligand identity one-hot baseline,92.61,98.01574492577564,12.721576737107325,73.08145452104527,122.950035330506,96.89,5.394185570424018,5,96.57,97.83,1.2600000000000051
542,1b_2a,P(Ph)3,Pd(OAc)2,LiOtBu,THF,87.78,361,M5_ligand_onehot,Ligand identity one-hot baseline,87.78,97.7996948311772,12.871544096130773,72.5714684027609,123.02792125959351,96.89,5.342451529909333,6,96.57,97.83,1.2600000000000051
558,1b_2a,CataCXium A,Pd(OAc)2,Et3N,THF,97.83,373,M5_ligand_onehot,Ligand identity one-hot baseline,97.83,96.29604453139672,12.456596055566518,71.88111626248634,120.71097280030709,96.89,4.441636521830344,7,97.83,97.83,0.0
679,1b_2a,SPhos,Pd(OAc)2,NaOH,MeOH,92.88,454,M5_ligand_onehot,Ligand identity one-hot baseline,92.88,93.773342067704,12.331884707637064,69.60284804073535,117.94383609467263,96.89,3.321453245055042,8,97.83,97.83,0.0
387,1b_2a,AmPhos,Pd(OAc)2,NaOH,MeCN,86.82,258,M5_ligand_onehot,Ligand identity one-hot baseline,86.82,91.61700338193769,12.518148402975338,67.08143251210603,116.15257425176935,96.89,2.62936351994394,9,97.83,97.83,0.0
482,1b_2a,P(Ph)3,Pd(OAc)2,NaOH,THF,90.21,321,M5_ligand_onehot,Ligand identity one-hot baseline,90.21,90.67057901940959,13.213991268324765,64.77115613349305,116.57000190532612,96.89,2.5791626821236244,10,97.83,97.83,0.0
714,1b_2a,CataCXium A,Pd(OAc)2,K3PO4,MeOH,89.42,477,M5_ligand_onehot,Ligand identity one-hot baseline,89.42,85.24084112770191,14.834542739227258,56.16513735881649,114.31654489658735,96.89,1.724346764757695,11,97.83,97.83,0.0
483,1b_2a,AmPhos,Pd(OAc)2,NaOH,THF,86.25,322,M5_ligand_onehot,Ligand identity one-hot baseline,86.25,84.78987326893271,13.596736245129557,58.14027022847878,111.43947630938663,96.89,1.2999895113214142,12,97.83,97.83,0.0
736,1b_2a,P(Cy)3,Pd(OAc)2,LiOtBu,MeOH,89.34,491,M5_ligand_onehot,Ligand identity one-hot baseline,89.34,86.6725623983774,12.04966289865959,63.0552231170046,110.28990167975019,96.89,1.2337640319286525,13,97.83,97.83,0.0
746,1b_2a,P(Ph)3,Pd(OAc)2,Et3N,MeOH,82.99,497,M5_ligand_onehot,Ligand identity one-hot baseline,82.99,86.18897076488051,12.146835070054516,62.38117402757366,109.99676750218737,96.89,1.1712173753236288,14,97.83,97.83,0.0
723,1b_2a,AmPhos,Pd(OAc)2,KOH,MeOH,71.62,482,M5_ligand_onehot,Ligand identity one-hot baseline,71.62,84.15037745731658,12.624888270026311,59.40559644806501,108.89515846656815,96.89,0.9578803508571461,15,97.83,97.83,0.0
555,1b_2a,AmPhos,Pd(OAc)2,Et3N,THF,91.88,370,M5_ligand_onehot,Ligand identity one-hot baseline,91.88,81.60862652526522,13.77547246683332,54.608700490271914,108.60855256025853,96.89,0.8630898050693123,16,97.83,97.83,0.0
691,1b_2a,SPhos,Pd(OAc)2,NaHCO3,MeOH,85.69,462,M5_ligand_onehot,Ligand identity one-hot baseline,85.69,84.38288743726957,11.828930029933765,61.198184578599395,107.56759029593975,96.89,0.8123346376666958,17,97.83,97.83,0.0
457,1b_2a,P(tBu)3,Pd(OAc)2,Et3N,MeCN,91.95,304,M5_ligand_onehot,Ligand identity one-hot baseline,91.95,81.20480983482244,13.697020424420417,54.358649802958425,108.05096986668646,96.89,0.7977965793053823,18,97.83,97.83,0.0
553,1b_2a,P(tBu)3,Pd(OAc)2,Et3N,THF,94.67,368,M5_ligand_onehot,Ligand identity one-hot baseline,94.67,81.74644736248096,13.25940199114228,55.758019459842096,107.73487526511983,96.89,0.7752216447716616,19,97.83,97.83,0.0
711,1b_2a,AmPhos,Pd(OAc)2,K3PO4,MeOH,76.31,474,M5_ligand_onehot,Ligand identity one-hot baseline,76.31,80.53578624240963,13.419445061713093,54.23367392145197,106.83789856336729,96.89,0.6704488441399123,20,97.83,97.83,0.0
2355,1b_2b,AmPhos,Pd(OAc)2,KOH,MeCN,81.7,1570,M5_ligand_onehot,Ligand identity one-hot baseline,81.7,86.53953875638791,12.15787372163828,62.71010626197688,110.36897125079895,96.75,1.2642524700731106,1,81.7,96.19,14.489999999999995
2366,1b_2b,P(Ph)3,Pd(OAc)2,LiOtBu,MeCN,73.07,1577,M5_ligand_onehot,Ligand identity one-hot baseline,73.07,85.41450250753145,12.360516924624266,61.1878893352679,109.641115679795,96.75,1.1158555998647826,2,81.7,96.19,14.489999999999995
2365,1b_2b,P(tBu)3,Pd(OAc)2,LiOtBu,MeCN,92.06,1576,M5_ligand_onehot,Ligand identity one-hot baseline,92.06,83.35593923625414,13.500842365059714,56.89428820073711,109.81759027177118,96.75,1.0638150246567792,3,92.06,96.19,4.1299999999999955
2391,1b_2b,AmPhos,Pd(OAc)2,None,MeCN,83.89,1594,M5_ligand_onehot,Ligand identity one-hot baseline,83.89,84.79677568013653,12.01604022384194,61.24533684140633,108.34821451886674,96.75,0.9336615775146146,4,92.06,96.19,4.1299999999999955
2479,1b_2b,SPhos,Pd(OAc)2,Et3N,THF,87.02,1654,M5_ligand_onehot,Ligand identity one-hot baseline,87.02,83.48604809967192,12.346633804753786,59.2866458423545,107.68545035698934,96.75,0.8227326577392626,5,92.06,96.19,4.1299999999999955
2358,1b_2b,CataCXium A,Pd(OAc)2,KOH,MeCN,78.09,1573,M5_ligand_onehot,Ligand identity one-hot baseline,78.09,79.23961864484302,12.563730422238125,54.61470701725629,103.86453027242975,96.75,0.4277177731539299,6,92.06,96.19,4.1299999999999955
2466,1b_2b,CataCXium A,Pd(OAc)2,LiOtBu,THF,96.19,1645,M5_ligand_onehot,Ligand identity one-hot baseline,96.19,79.78968253654078,12.256656196078996,55.76663639222595,103.81272868085561,96.75,0.4256682337827249,7,96.19,96.19,0.0
2490,1b_2b,CataCXium A,Pd(OAc)2,None,THF,93.15,1661,M5_ligand_onehot,Ligand identity one-hot baseline,93.15,77.38784095212398,12.079451517631437,53.71211597756636,101.0635659266816,96.75,0.2527142110178511,8,96.19,96.19,0.0
2318,1b_2b,P(Ph)3,Pd(OAc)2,NaHCO3,MeCN,68.23,1545,M5_ligand_onehot,Ligand identity one-hot baseline,68.23,74.89952199593193,12.952226034785854,49.513158967751664,100.2858850241122,96.75,0.2224792009619232,9,96.19,96.19,0.0
2359,1b_2b,SPhos,Pd(OAc)2,KOH,MeCN,89.93,1574,M5_ligand_onehot,Ligand identity one-hot baseline,89.93,75.6341660209091,12.148072912567805,51.82394311227621,99.444388929542,96.75,0.18263523952417637,10,96.19,96.19,0.0
2488,1b_2b,P(Cy)3,Pd(OAc)2,None,THF,68.94,1659,M5_ligand_onehot,Ligand identity one-hot baseline,68.94,74.79283500297336,11.563456755292094,52.128459762600855,97.45721024334587,96.75,0.11450725317172539,11,96.19,96.19,0.0
2502,1b_2b,CataCXium A,Pd(OAc)2,NaOH,DMF,65.95,1669,M5_ligand_onehot,Ligand identity one-hot baseline,65.95,69.3200061899274,13.228472657378244,43.39219978146604,95.24781259838875,96.75,0.08291985009642544,12,96.19,96.19,0.0
2594,1b_2b,P(Ph)3,Pd(OAc)2,NaOH,MeOH,79.1,1729,M5_ligand_onehot,Ligand identity one-hot baseline,79.1,71.57314384108773,12.296653268074314,47.47170343566207,95.67458424651338,96.75,0.08218737401705639,13,96.19,96.19,0.0
2331,1b_2b,AmPhos,Pd(OAc)2,CsF,MeCN,68.33,1554,M5_ligand_onehot,Ligand identity one-hot baseline,68.33,66.08627845440728,14.332787318189697,37.99401531075547,94.17854159805908,96.75,0.07533779523952933,14,96.19,96.19,0.0
2330,1b_2b,P(Ph)3,Pd(OAc)2,CsF,MeCN,53.51,1553,M5_ligand_onehot,Ligand identity one-hot baseline,53.51,69.21462272027425,12.98768437716515,43.75876134103056,94.67048409951795,96.75,0.07135121466993632,15,96.19,96.19,0.0
2491,1b_2b,SPhos,Pd(OAc)2,None,THF,74.94,1662,M5_ligand_onehot,Ligand identity one-hot baseline,74.94,70.08487352803601,12.515865734716215,45.55377668799223,94.61597036807979,96.75,0.06650436391198733,16,96.19,96.19,0.0
2503,1b_2b,SPhos,Pd(OAc)2,NaOH,DMF,66.0,1670,M5_ligand_onehot,Ligand identity one-hot baseline,66.0,61.49101659837204,13.90931868747125,34.22875197092839,88.7532812258157,96.75,0.022332745576647106,17,96.19,96.19,0.0
2442,1b_2b,CataCXium A,Pd(OAc)2,K3PO4,THF,76.6,1629,M5_ligand_onehot,Ligand identity one-hot baseline,76.6,64.4705788457807,12.72083063002305,39.53775081093552,89.40340688062587,96.75,0.02004292829270765,18,96.19,96.19,0.0
2469,1b_2b,XPhos,Pd(OAc)2,LiOtBu,THF,62.77,1647,M5_ligand_onehot,Ligand identity one-hot baseline,62.77,65.89571298874196,12.128099739250036,42.1246374998119,89.66678847767203,96.75,0.01860550569728603,19,96.19,96.19,0.0
2597,1b_2b,P(o-Tol)3,Pd(OAc)2,NaOH,MeOH,64.08,1732,M5_ligand_onehot,Ligand identity one-hot baseline,64.08,61.59822250110121,13.47513208250282,35.186963619395684,88.00948138280674,96.75,0.017036778613915032,20,96.19,96.19,0.0
4215,1b_2c,P(Ph)3,Pd(OAc)2,K3PO4,MeOH,72.19,2809,M5_ligand_onehot,Ligand identity one-hot baseline,72.19,75.74668556350841,12.459177610210308,51.3266974474962,100.16667367952061,74.84,5.176483214814456,1,72.19,73.12,0.9300000000000068
4218,1b_2c,P(o-Tol)3,Pd(OAc)2,K3PO4,MeOH,68.86,2812,M5_ligand_onehot,Ligand identity one-hot baseline,68.86,66.77798616261785,13.1133306734105,41.07585804273327,92.48011428250243,74.84,2.0275794809844188,2,72.19,73.12,0.9300000000000068
4179,1b_2c,P(Ph)3,Pd(OAc)2,NaHCO3,MeOH,40.92,2785,M5_ligand_onehot,Ligand identity one-hot baseline,40.92,63.530350486970306,12.556223025265464,38.92015335745,88.14054761649061,74.84,1.170052396349829,3,72.19,73.12,0.9300000000000068
4146,1b_2c,P(o-Tol)3,Pd(OAc)2,NaOH,MeOH,51.26,2764,M5_ligand_onehot,Ligand identity one-hot baseline,51.26,59.03676395895239,12.012403272957041,35.49245354395659,82.58107437394818,74.84,0.4836723086053989,4,72.19,73.12,0.9300000000000068
4167,1b_2c,P(Ph)3,Pd(OAc)2,LiOtBu,MeOH,73.12,2777,M5_ligand_onehot,Ligand identity one-hot baseline,73.12,56.22410250714105,11.986432615057376,32.73069458162859,79.71751043265351,74.84,0.28202553085343207,5,73.12,73.12,0.0
4159,1b_2c,CataCXium A,Pd(OAc)2,KOH,MeOH,66.67,2773,M5_ligand_onehot,Ligand identity one-hot baseline,66.67,52.41368446560053,12.748987291024484,27.425669375192545,77.40169955600852,74.84,0.18278621291768338,6,73.12,73.12,0.0
4142,1b_2c,P(tBu)3,Pd(OAc)2,NaOH,MeOH,38.52,2760,M5_ligand_onehot,Ligand identity one-hot baseline,38.52,48.435842582255496,12.665138384800478,23.61217134804656,73.25951381646443,74.84,0.07659243292493084,7,73.12,73.12,0.0
4154,1b_2c,P(tBu)3,Pd(OAc)2,KOH,MeOH,46.83,2768,M5_ligand_onehot,Ligand identity one-hot baseline,46.83,46.36335146376973,13.469646737960057,19.96284385736802,72.76385907017143,74.84,0.07554332389731716,8,73.12,73.12,0.0
4204,1b_2c,AmPhos,Pd(OAc)2,CsF,MeOH,71.17,2802,M5_ligand_onehot,Ligand identity one-hot baseline,71.17,45.29489025568318,13.155200632864759,19.510697015268253,71.07908349609811,74.84,0.050489724598035524,9,73.12,73.12,0.0
3938,1b_2c,P(tBu)3,Pd(OAc)2,None,THF,20.69,2624,M5_ligand_onehot,Ligand identity one-hot baseline,20.69,42.272400980409856,14.290627335966938,14.262771401914655,70.28203055890506,74.84,0.0502294629570581,10,73.12,73.12,0.0
4210,1b_2c,XPhos,Pd(OAc)2,CsF,MeOH,33.45,2807,M5_ligand_onehot,Ligand identity one-hot baseline,33.45,42.609333064672114,12.910376307939577,17.304995501110543,67.91367062823369,74.84,0.023186792047773797,11,73.12,73.12,0.0
3941,1b_2c,P(Cy)3,Pd(OAc)2,None,THF,18.38,2627,M5_ligand_onehot,Ligand identity one-hot baseline,18.38,38.743820487797485,12.938420668552462,13.38451597743466,64.10312499816031,74.84,0.00894590837627314,12,73.12,73.12,0.0
3847,1b_2c,CataCXium A,Pd(OAc)2,None,MeCN,14.79,2565,M5_ligand_onehot,Ligand identity one-hot baseline,14.79,36.18975876225199,13.122408446605029,10.469838206906136,61.90967931759785,74.84,0.00531577492582401,13,73.12,73.12,0.0
4171,1b_2c,CataCXium A,Pd(OAc)2,LiOtBu,MeOH,61.84,2781,M5_ligand_onehot,Ligand identity one-hot baseline,61.84,35.08320986103262,12.3072770561896,10.960946830901005,59.205472891164234,74.84,0.0017482506605311365,14,73.12,73.12,0.0
3942,1b_2c,P(o-Tol)3,Pd(OAc)2,None,THF,20.14,2628,M5_ligand_onehot,Ligand identity one-hot baseline,20.14,33.23334652492025,12.547829238480277,8.639601217498907,57.827091832341594,74.84,0.0012906778582409024,15,73.12,73.12,0.0
4012,1b_2c,AmPhos,Pd(OAc)2,CsF,THF,52.13,2674,M5_ligand_onehot,Ligand identity one-hot baseline,52.13,29.704749830475446,13.254830253010137,3.7252825345755767,55.684217126375316,74.84,0.0009713367916538151,16,73.12,73.12,0.0
4035,1b_2c,P(Ph)3,Pd(OAc)2,None,DMF,13.72,2689,M5_ligand_onehot,Ligand identity one-hot baseline,13.72,29.275774020679055,13.2611260935359,3.2839668773486927,55.267581164009414,74.84,0.0008610274277728366,17,73.12,73.12,0.0
4192,1b_2c,AmPhos,Pd(OAc)2,Et3N,MeOH,57.24,2794,M5_ligand_onehot,Ligand identity one-hot baseline,57.24,30.877387716303577,12.602972734595799,6.175561156495814,55.579214276111344,74.84,0.0006592576089520848,18,73.12,73.12,0.0
4004,1b_2c,SPhos,Pd(OAc)2,Et3N,THF,17.04,2670,M5_ligand_onehot,Ligand identity one-hot baseline,17.04,31.535383116694405,12.390933430732229,7.249153592459237,55.82161264092957,74.84,0.0006295625659414588,19,73.12,73.12,0.0
4198,1b_2c,XPhos,Pd(OAc)2,Et3N,MeOH,24.86,2799,M5_ligand_onehot,Ligand identity one-hot baseline,24.86,32.28418845486627,11.891205456765285,8.977425759606309,55.59095115012623,74.84,0.00042723913305205315,20,73.12,73.12,0.0
842,1c_2a,P(Ph)3,Pd(OAc)2,Et3N,MeCN,97.45,561,M5_ligand_onehot,Ligand identity one-hot baseline,97.45,97.10485744932132,13.281160553202511,71.0737827650444,123.13593213359823,98.53,4.391411355717656,1,97.45,97.45,0.0
1072,1c_2a,P(Cy)3,Pd(OAc)2,NaHCO3,MeOH,89.13,715,M5_ligand_onehot,Ligand identity one-hot baseline,89.13,94.92965917495513,13.072512013196704,69.3075356290896,120.55178272082067,98.53,3.4194680043522627,2,97.45,97.45,0.0
1084,1c_2a,P(Cy)3,Pd(OAc)2,CsF,MeOH,89.81,723,M5_ligand_onehot,Ligand identity one-hot baseline,89.81,94.12219754461398,13.392371096142643,67.87315019617441,120.37124489305356,98.53,3.2436742079704715,3,97.45,97.45,0.0
1106,1c_2a,P(Ph)3,Pd(OAc)2,KOH,MeOH,93.94,737,M5_ligand_onehot,Ligand identity one-hot baseline,93.94,95.31476291053397,12.114271400306677,71.57079096593289,119.05873485513506,98.53,3.2007889456203986,4,97.45,97.45,0.0
835,1c_2a,SPhos,Pd(OAc)2,LiOtBu,MeCN,90.89,558,M5_ligand_onehot,Ligand identity one-hot baseline,90.89,90.35765405307592,13.30667768795055,64.27656578469285,116.43874232145899,98.53,2.061564838674685,5,97.45,97.45,0.0
846,1c_2a,CataCXium A,Pd(OAc)2,Et3N,MeCN,92.52,565,M5_ligand_onehot,Ligand identity one-hot baseline,92.52,89.47231920526733,13.694860280688976,62.63039305511693,116.31424535541771,98.53,1.963672046688412,6,97.45,97.45,0.0
986,1c_2a,P(Ph)3,Pd(OAc)2,CsF,DMF,91.14,657,M5_ligand_onehot,Ligand identity one-hot baseline,91.14,91.14488378515728,12.329055793527743,66.9799344298429,115.30983314047165,98.53,1.9490153709298226,7,97.45,97.45,0.0
1094,1c_2a,P(Ph)3,Pd(OAc)2,K3PO4,MeOH,94.15,729,M5_ligand_onehot,Ligand identity one-hot baseline,94.15,90.68709297874894,11.726757586337516,67.7026481095274,113.67153784797047,98.53,1.6432849800995242,8,97.45,97.45,0.0
1125,1c_2a,XPhos,Pd(OAc)2,LiOtBu,MeOH,82.88,751,M5_ligand_onehot,Ligand identity one-hot baseline,82.88,88.54099098298576,12.907881687377543,63.24154287572578,113.84043909024575,98.53,1.517447163850954,9,97.45,97.45,0.0
794,1c_2a,P(Ph)3,Pd(OAc)2,CsF,MeCN,96.49,529,M5_ligand_onehot,Ligand identity one-hot baseline,96.49,88.25080031680402,12.694145401904327,63.37027532907153,113.1313253045365,98.53,1.3981378249718377,10,97.45,97.45,0.0
831,1c_2a,AmPhos,Pd(OAc)2,LiOtBu,MeCN,84.74,554,M5_ligand_onehot,Ligand identity one-hot baseline,84.74,86.43001169107447,12.957703840090618,61.032912164496864,111.82711121765207,98.53,1.1375363942670282,11,97.45,97.45,0.0
988,1c_2a,P(Cy)3,Pd(OAc)2,CsF,DMF,94.46,659,M5_ligand_onehot,Ligand identity one-hot baseline,94.46,86.63980633409338,11.46921809022511,64.16013887725217,109.11947379093459,98.53,0.8181537172674265,12,97.45,97.45,0.0
1113,1c_2a,XPhos,Pd(OAc)2,KOH,MeOH,82.32,743,M5_ligand_onehot,Ligand identity one-hot baseline,82.32,83.93990150923429,12.343697528708624,59.74625435296539,108.13354866550318,98.53,0.6611622457779278,13,97.45,97.45,0.0
855,1c_2a,AmPhos,Pd(OAc)2,None,MeCN,90.67,570,M5_ligand_onehot,Ligand identity one-hot baseline,90.67,81.02076701323456,12.958352028947347,55.62239703649776,106.41913698997136,98.53,0.4859575666385567,14,97.45,97.45,0.0
786,1c_2a,CataCXium A,Pd(OAc)2,NaHCO3,MeCN,92.77,525,M5_ligand_onehot,Ligand identity one-hot baseline,92.77,79.6437574622917,13.457162283314721,53.26771938699485,106.01979553758855,98.53,0.4509671655321781,15,97.45,97.45,0.0
787,1c_2a,SPhos,Pd(OAc)2,NaHCO3,MeCN,78.31,526,M5_ligand_onehot,Ligand identity one-hot baseline,78.31,80.35856016293332,12.952557840504936,54.971546795543645,105.74557353032299,98.53,0.4331504489315927,16,97.45,97.45,0.0
784,1c_2a,P(Cy)3,Pd(OAc)2,NaHCO3,MeCN,93.05,523,M5_ligand_onehot,Ligand identity one-hot baseline,93.05,78.9496112008652,13.164621462899268,53.14695313358264,104.75226926814777,98.53,0.36407562997033227,17,97.45,97.45,0.0
843,1c_2a,AmPhos,Pd(OAc)2,Et3N,MeCN,85.04,562,M5_ligand_onehot,Ligand identity one-hot baseline,85.04,78.09773184569964,13.475535635370214,51.68568200037402,104.50978169102527,98.53,0.349311293390417,18,97.45,97.45,0.0
878,1c_2a,P(Ph)3,Pd(OAc)2,NaHCO3,THF,87.25,585,M5_ligand_onehot,Ligand identity one-hot baseline,87.25,78.65250591149056,12.482987617372888,54.185850181439704,103.11916164154142,98.53,0.2686663939032772,19,97.45,97.45,0.0
789,1c_2a,XPhos,Pd(OAc)2,NaHCO3,MeCN,78.08,527,M5_ligand_onehot,Ligand identity one-hot baseline,78.08,76.02023636183982,12.717240947087294,51.094444105548725,100.94602861813092,98.53,0.17732354859238442,20,97.45,97.45,0.0
1610,1c_2b,P(Ph)3,Pd(OAc)2,Et3N,MeCN,92.43,1073,M5_ligand_onehot,Ligand identity one-hot baseline,92.43,100.32515923040874,12.554008374212403,75.71930281695244,124.93101564386505,97.25,6.400903727821041,1,92.43,98.61,6.179999999999993
1802,1c_2b,P(Ph)3,Pd(OAc)2,Et3N,DMF,85.9,1201,M5_ligand_onehot,Ligand identity one-hot baseline,85.9,90.45648089127042,12.895466943205207,65.18136568258821,115.73159609995263,97.25,2.299378144159105,2,92.43,98.61,6.179999999999993
1718,1c_2b,P(Ph)3,Pd(OAc)2,None,THF,96.15,1145,M5_ligand_onehot,Ligand identity one-hot baseline,96.15,85.8897819019477,13.170477568560809,60.07564586756851,111.70391793632689,97.25,1.3214770507662368,3,96.15,98.61,2.4599999999999937
1591,1c_2b,SPhos,Pd(OAc)2,KOH,MeCN,84.76,1062,M5_ligand_onehot,Ligand identity one-hot baseline,84.76,85.70447507647626,13.091555787505968,60.04502573296456,111.36392441998795,97.25,1.2670684143867823,4,96.15,98.61,2.4599999999999937
1742,1c_2b,P(Ph)3,Pd(OAc)2,NaHCO3,DMF,90.99,1161,M5_ligand_onehot,Ligand identity one-hot baseline,90.99,83.89576261974688,13.268341348134856,57.88981357740256,109.90171166209119,97.25,1.0155866496658876,5,96.15,98.61,2.4599999999999937
1778,1c_2b,P(Ph)3,Pd(OAc)2,KOH,DMF,83.87,1185,M5_ligand_onehot,Ligand identity one-hot baseline,83.87,80.70138001197466,13.82027366090919,53.61364363659265,107.78911638735667,97.25,0.7234194980083009,6,96.15,98.61,2.4599999999999937
1587,1c_2b,AmPhos,Pd(OAc)2,KOH,MeCN,90.4,1058,M5_ligand_onehot,Ligand identity one-hot baseline,90.4,79.93471761450022,13.725112843262242,53.03349644170622,106.83593878729421,97.25,0.6275299744474216,7,96.15,98.61,2.4599999999999937
1627,1c_2b,SPhos,Pd(OAc)2,None,MeCN,61.68,1086,M5_ligand_onehot,Ligand identity one-hot baseline,61.68,81.94495793487971,12.227229225357593,57.97958865317882,105.9103272165806,97.25,0.5654847214938696,8,96.15,98.61,2.4599999999999937
1694,1c_2b,P(Ph)3,Pd(OAc)2,LiOtBu,THF,94.45,1129,M5_ligand_onehot,Ligand identity one-hot baseline,94.45,81.06446228201713,12.60883046240271,56.351154575707824,105.77776998832644,97.25,0.5461710820355146,9,96.15,98.61,2.4599999999999937
1636,1c_2b,P(Cy)3,Pd(OAc)2,NaOH,THF,66.25,1091,M5_ligand_onehot,Ligand identity one-hot baseline,66.25,77.26191773970677,14.546799140365973,48.75019142458947,105.77364405482408,97.25,0.5235832957181041,10,96.15,98.61,2.4599999999999937
1795,1c_2b,SPhos,Pd(OAc)2,LiOtBu,DMF,77.06,1198,M5_ligand_onehot,Ligand identity one-hot baseline,77.06,81.05042381803366,11.916510026711933,57.69406416567828,104.40678347038906,97.25,0.43562856388147986,11,96.15,98.61,2.4599999999999937
1646,1c_2b,P(Ph)3,Pd(OAc)2,NaHCO3,THF,96.16,1097,M5_ligand_onehot,Ligand identity one-hot baseline,96.16,78.23089457154121,12.757600268008982,53.22599804624361,103.23579109683882,97.25,0.3490492879247338,12,96.16,98.61,2.450000000000003
1807,1c_2b,SPhos,Pd(OAc)2,Et3N,DMF,75.33,1206,M5_ligand_onehot,Ligand identity one-hot baseline,75.33,72.8112875293085,15.080252291239082,43.253993038479905,102.3685820201371,97.25,0.3084368701149329,13,96.16,98.61,2.450000000000003
1684,1c_2b,P(Cy)3,Pd(OAc)2,KOH,THF,75.02,1123,M5_ligand_onehot,Ligand identity one-hot baseline,75.02,75.75678063251871,12.73105076289788,50.80392113723887,100.70964012779855,97.25,0.21765215587878872,14,96.16,98.61,2.450000000000003
1759,1c_2b,SPhos,Pd(OAc)2,CsF,DMF,72.82,1174,M5_ligand_onehot,Ligand identity one-hot baseline,72.82,77.32194234854578,11.857070804403524,54.082083571914865,100.56180112517669,97.25,0.20504832060196,15,96.16,98.61,2.450000000000003
1828,1c_2b,P(Cy)3,Pd(OAc)2,NaOH,MeOH,62.34,1219,M5_ligand_onehot,Ligand identity one-hot baseline,62.34,74.01359636805503,13.077356903115238,48.38197683794917,99.6452158981609,97.25,0.17971912406525048,16,96.16,98.61,2.450000000000003
1539,1c_2b,AmPhos,Pd(OAc)2,NaOH,MeCN,62.59,1026,M5_ligand_onehot,Ligand identity one-hot baseline,62.59,74.13122655004818,12.755169812218542,49.13109371809984,99.13135938199653,97.25,0.15969746084983893,17,96.16,98.61,2.450000000000003
1629,1c_2b,XPhos,Pd(OAc)2,None,MeCN,49.48,1087,M5_ligand_onehot,Ligand identity one-hot baseline,49.48,74.30751438154232,12.14204602506306,50.50910417241872,98.10592459066592,97.25,0.1238906068799277,18,96.16,98.61,2.450000000000003
1566,1c_2b,CataCXium A,Pd(OAc)2,CsF,MeCN,98.61,1045,M5_ligand_onehot,Ligand identity one-hot baseline,98.61,71.00784238102398,13.083509811569591,45.36416315034758,96.65152161170037,97.25,0.09866656477997504,19,98.61,98.61,0.0
1879,1c_2b,SPhos,Pd(OAc)2,KOH,MeOH,73.51,1254,M5_ligand_onehot,Ligand identity one-hot baseline,73.51,71.47036920238882,12.78349307934014,46.41472276688215,96.5260156378955,97.25,0.09336152316064228,20,98.61,98.61,0.0
3423,1c_2c,P(Ph)3,Pd(OAc)2,Et3N,MeOH,71.31,2281,M5_ligand_onehot,Ligand identity one-hot baseline,71.31,60.96959376049717,13.515055075291192,34.48008581292643,87.4591017080679,83.66,0.2377463911068627,1,71.31,84.54,13.230000000000004
3447,1c_2c,P(Ph)3,Pd(OAc)2,K3PO4,MeOH,84.54,2297,M5_ligand_onehot,Ligand identity one-hot baseline,84.54,64.36374604202102,11.44455496054344,41.932418319355875,86.79507376468617,83.66,0.19458906696379497,2,84.54,84.54,0.0
3425,1c_2c,P(Cy)3,Pd(OAc)2,Et3N,MeOH,69.26,2283,M5_ligand_onehot,Ligand identity one-hot baseline,69.26,48.47725892534715,14.605185427480452,19.851095487485466,77.10342236320884,83.66,0.034859997543802146,3,84.54,84.54,0.0
3389,1c_2c,P(Cy)3,Pd(OAc)2,KOH,MeOH,49.15,2259,M5_ligand_onehot,Ligand identity one-hot baseline,49.15,53.620382221422304,12.6592495977308,28.808253009869933,78.43251143297468,83.66,0.03317003685882358,4,84.54,84.54,0.0
3171,1c_2c,P(Ph)3,Pd(OAc)2,None,THF,47.59,2113,M5_ligand_onehot,Ligand identity one-hot baseline,47.59,49.423170991456956,13.597485395564991,22.772099616149575,76.07424236676434,83.66,0.022976904123521796,5,84.54,84.54,0.0
3376,1c_2c,AmPhos,Pd(OAc)2,NaOH,MeOH,39.11,2250,M5_ligand_onehot,Ligand identity one-hot baseline,39.11,43.33773774662073,12.66561174513566,18.51313872615484,68.16233676708663,83.66,0.0021532572317727837,6,84.54,84.54,0.0
3170,1c_2c,P(tBu)3,Pd(OAc)2,None,THF,14.0,2112,M5_ligand_onehot,Ligand identity one-hot baseline,14.0,41.279461482232676,13.170700266297388,15.464888960289798,67.09403400417555,83.66,0.0019812786330345306,7,84.54,84.54,0.0
3392,1c_2c,SPhos,Pd(OAc)2,KOH,MeOH,45.38,2262,M5_ligand_onehot,Ligand identity one-hot baseline,45.38,41.1945788957991,13.186867339346689,15.348318910679588,67.04083888091861,83.66,0.001965554749378661,8,84.54,84.54,0.0
3430,1c_2c,XPhos,Pd(OAc)2,Et3N,MeOH,30.62,2287,M5_ligand_onehot,Ligand identity one-hot baseline,30.62,35.83166967364986,14.192096696815526,8.015160147891432,63.64817919940829,83.66,0.001204788781755197,9,84.54,84.54,0.0
3390,1c_2c,P(o-Tol)3,Pd(OAc)2,KOH,MeOH,37.72,2260,M5_ligand_onehot,Ligand identity one-hot baseline,37.72,42.283953961616795,12.233169040874552,18.306942641502673,66.26096528173092,83.66,0.0009686170948440924,10,84.54,84.54,0.0
3365,1c_2c,P(Cy)3,Pd(OAc)2,None,MeOH,26.1,2243,M5_ligand_onehot,Ligand identity one-hot baseline,26.1,43.068660974868386,12.008608840558368,19.531787647373985,66.60553430236278,83.66,0.0009558013038679456,11,84.54,84.54,0.0
3448,1c_2c,AmPhos,Pd(OAc)2,K3PO4,MeOH,31.28,2298,M5_ligand_onehot,Ligand identity one-hot baseline,31.28,41.84214991021179,12.26193027621607,17.80876656882829,65.87553325159529,83.66,0.0008699324993790229,12,84.54,84.54,0.0
3378,1c_2c,P(o-Tol)3,Pd(OAc)2,NaOH,MeOH,35.64,2252,M5_ligand_onehot,Ligand identity one-hot baseline,35.64,43.10562530597427,11.857511304297363,19.86490314955144,66.3463474623971,83.66,0.0008050866591552928,13,84.54,84.54,0.0
3315,1c_2c,P(Ph)3,Pd(OAc)2,NaHCO3,DMF,14.49,2209,M5_ligand_onehot,Ligand identity one-hot baseline,14.49,39.26432184902973,12.775602046664627,14.22414183756706,64.3045018604924,83.66,0.0007061080625917482,14,84.54,84.54,0.0
3439,1c_2c,CataCXium A,Pd(OAc)2,CsF,MeOH,43.3,2293,M5_ligand_onehot,Ligand identity one-hot baseline,43.3,40.51812086961508,12.211484756767955,16.58361074634989,64.45263099288027,83.66,0.0005310722881105186,15,84.54,84.54,0.0
3366,1c_2c,P(o-Tol)3,Pd(OAc)2,None,MeOH,38.2,2244,M5_ligand_onehot,Ligand identity one-hot baseline,38.2,37.12890202017645,13.024665164742462,11.600558297281221,62.65724574307167,83.66,0.00048723556083792984,16,84.54,84.54,0.0
3172,1c_2c,AmPhos,Pd(OAc)2,None,THF,23.86,2114,M5_ligand_onehot,Ligand identity one-hot baseline,23.86,40.7652626737207,12.064531425883104,17.118781078989816,64.41174426845159,83.66,0.00047787052952783307,17,84.54,84.54,0.0
3374,1c_2c,P(tBu)3,Pd(OAc)2,NaOH,MeOH,23.77,2248,M5_ligand_onehot,Ligand identity one-hot baseline,23.77,39.248905508797606,12.21681614291854,15.303945868677268,63.19386514891794,83.66,0.0003495761053503481,18,84.54,84.54,0.0
3207,1c_2c,P(Ph)3,Pd(OAc)2,LiOtBu,THF,60.47,2137,M5_ligand_onehot,Ligand identity one-hot baseline,60.47,39.414430474640994,11.983695380292414,15.926387529267863,62.902473420014125,83.66,0.000269678331541583,19,84.54,84.54,0.0
3142,1c_2c,XPhos,Pd(OAc)2,Et3N,MeCN,12.12,2095,M5_ligand_onehot,Ligand identity one-hot baseline,12.12,26.99291711717528,14.771779433998441,-1.9597705734616646,55.94560480781223,83.66,0.00018633870763458925,20,84.54,84.54,0.0
1358,1d_2a,P(Ph)3,Pd(OAc)2,NaHCO3,DMF,89.45,905,M5_ligand_onehot,Ligand identity one-hot baseline,89.45,99.33111434511275,12.342766511766762,75.1392919820499,123.5229367081756,98.69,4.994930405387407,1,89.45,98.2,8.75
1298,1d_2a,P(Ph)3,Pd(OAc)2,KOH,THF,65.45,865,M5_ligand_onehot,Ligand identity one-hot baseline,65.45,95.89146101759816,14.19504271607871,68.06917729408389,123.71374474111244,98.69,4.165941588459715,2,89.45,98.2,8.75
1214,1d_2a,P(Ph)3,Pd(OAc)2,LiOtBu,MeCN,98.2,809,M5_ligand_onehot,Ligand identity one-hot baseline,98.2,96.18899277846947,13.466588590300093,69.79447914148129,122.58350641545765,98.69,4.004738834107192,3,98.2,98.2,0.0
1494,1d_2a,CataCXium A,Pd(OAc)2,KOH,MeOH,95.06,997,M5_ligand_onehot,Ligand identity one-hot baseline,95.06,96.26683347187407,12.482567933370648,71.8010003224676,120.73266662128053,98.69,3.6541675746668796,4,98.2,98.2,0.0
1166,1d_2a,P(Ph)3,Pd(OAc)2,NaHCO3,MeCN,93.27,777,M5_ligand_onehot,Ligand identity one-hot baseline,93.27,94.81770709659548,13.952095144674082,67.47160061303428,122.16381358015668,98.69,3.65103150127456,5,98.2,98.2,0.0
1202,1d_2a,P(Ph)3,Pd(OAc)2,KOH,MeCN,91.35,801,M5_ligand_onehot,Ligand identity one-hot baseline,91.35,94.89489941874399,13.830695810629729,67.78673562990971,122.00306320757826,98.69,3.6340431408033806,6,98.2,98.2,0.0
1218,1d_2a,CataCXium A,Pd(OAc)2,LiOtBu,MeCN,94.64,813,M5_ligand_onehot,Ligand identity one-hot baseline,94.64,92.89929002986645,15.62135837391738,62.28142761698838,123.51715244274452,98.69,3.585258905258237,7,98.2,98.2,0.0
1206,1d_2a,CataCXium A,Pd(OAc)2,KOH,MeCN,93.12,805,M5_ligand_onehot,Ligand identity one-hot baseline,93.12,95.71839962310537,12.638715932166704,70.94651639605863,120.49028285015211,98.69,3.495342403816507,8,98.2,98.2,0.0
1456,1d_2a,P(Cy)3,Pd(OAc)2,NaHCO3,MeOH,92.43,971,M5_ligand_onehot,Ligand identity one-hot baseline,92.43,95.2832102269027,12.758969355708777,70.27563028971349,120.2907901640919,98.69,3.3734691546779376,9,98.2,98.2,0.0
1518,1d_2a,CataCXium A,Pd(OAc)2,Et3N,MeOH,89.09,1013,M5_ligand_onehot,Ligand identity one-hot baseline,89.09,93.57116290983498,12.092926617076818,69.86902674036442,117.27329907930554,98.69,2.5265553644983334,10,98.2,98.2,0.0
1213,1d_2a,P(tBu)3,Pd(OAc)2,LiOtBu,MeCN,92.92,808,M5_ligand_onehot,Ligand identity one-hot baseline,92.92,90.5604621696227,14.471140239110493,62.19702730096613,118.92389703827926,98.69,2.455494848713245,11,98.2,98.2,0.0
1242,1d_2a,CataCXium A,Pd(OAc)2,None,MeCN,80.77,829,M5_ligand_onehot,Ligand identity one-hot baseline,80.77,92.89713458466073,12.1518726915089,69.07946410930329,116.71480506001818,98.69,2.3373474693264438,12,98.2,98.2,0.0
1394,1d_2a,P(Ph)3,Pd(OAc)2,KOH,DMF,92.73,929,M5_ligand_onehot,Ligand identity one-hot baseline,92.73,92.11485087245777,12.159861467648808,68.2815223958661,115.94817934904943,98.69,2.1122535200852823,13,98.2,98.2,0.0
1505,1d_2a,P(o-Tol)3,Pd(OAc)2,LiOtBu,MeOH,92.65,1004,M5_ligand_onehot,Ligand identity one-hot baseline,92.65,87.98913600447128,14.802438737582357,58.97635607880986,117.0019159301327,98.69,1.9192458374341705,14,98.2,98.2,0.0
1418,1d_2a,P(Ph)3,Pd(OAc)2,Et3N,DMF,87.27,945,M5_ligand_onehot,Ligand identity one-hot baseline,87.27,89.78122960822091,13.416413758799202,63.48505864097447,116.07740057546735,98.69,1.9127509949921957,15,98.2,98.2,0.0
1497,1d_2a,XPhos,Pd(OAc)2,KOH,MeOH,90.57,999,M5_ligand_onehot,Ligand identity one-hot baseline,90.57,89.86957630199106,12.887484623656807,64.61010643962372,115.1290461643584,98.69,1.77004250405062,16,98.2,98.2,0.0
1479,1d_2a,AmPhos,Pd(OAc)2,K3PO4,MeOH,92.82,986,M5_ligand_onehot,Ligand identity one-hot baseline,92.82,90.34643026770587,12.43225557533694,65.97920934004547,114.71365119536627,98.69,1.7424472484098192,17,98.2,98.2,0.0
1170,1d_2a,CataCXium A,Pd(OAc)2,NaHCO3,MeCN,92.01,781,M5_ligand_onehot,Ligand identity one-hot baseline,92.01,88.28085425191026,13.913761951003568,61.00988082794326,115.55182767587725,98.69,1.7200524882409765,18,98.2,98.2,0.0
1204,1d_2a,P(Cy)3,Pd(OAc)2,KOH,MeCN,83.91,803,M5_ligand_onehot,Ligand identity one-hot baseline,83.91,86.06041403193197,11.956452203870679,62.625767712345436,109.4950603515185,98.69,0.8235045519958784,19,98.2,98.2,0.0
1209,1d_2a,XPhos,Pd(OAc)2,KOH,MeCN,85.95,807,M5_ligand_onehot,Ligand identity one-hot baseline,85.95,83.54222908783316,13.065499203335865,57.93385064929487,109.15060752637146,98.69,0.7365609772485495,20,98.2,98.2,0.0
2077,1d_2b,P(tBu)3,Pd(OAc)2,LiOtBu,THF,93.55,1384,M5_ligand_onehot,Ligand identity one-hot baseline,93.55,102.75578411923138,11.575047201793987,80.06869160371517,125.44287663474759,98.42,6.7869238694720435,1,93.55,100.0,6.450000000000003
1998,1d_2b,CataCXium A,Pd(OAc)2,Et3N,MeCN,94.32,1333,M5_ligand_onehot,Ligand identity one-hot baseline,94.32,100.7027665140369,12.629499698403697,75.94894710516564,125.45658592290815,98.42,5.979939069512198,2,94.32,100.0,5.680000000000007
1926,1d_2b,CataCXium A,Pd(OAc)2,NaOH,MeCN,94.39,1285,M5_ligand_onehot,Ligand identity one-hot baseline,94.39,100.00047081822709,11.860654572212766,76.75358785669006,123.24735377976411,98.42,5.291571914368186,3,94.39,100.0,5.609999999999999
2083,1d_2b,SPhos,Pd(OAc)2,LiOtBu,THF,95.34,1390,M5_ligand_onehot,Ligand identity one-hot baseline,95.34,99.29682257919296,11.837566720509203,76.09519180699493,122.49845335139099,98.42,4.913309667170972,4,95.34,100.0,4.659999999999997
2078,1d_2b,P(Ph)3,Pd(OAc)2,LiOtBu,THF,94.71,1385,M5_ligand_onehot,Ligand identity one-hot baseline,94.71,96.77542591169606,13.674580370219708,69.97324838606544,123.57760343732669,98.42,4.450032577679428,5,95.34,100.0,4.659999999999997
2066,1d_2b,P(Ph)3,Pd(OAc)2,KOH,THF,77.32,1377,M5_ligand_onehot,Ligand identity one-hot baseline,77.32,95.79631810389341,14.070906357219569,68.21734164374305,123.37529456404377,98.42,4.189395349248142,6,95.34,100.0,4.659999999999997
1923,1d_2b,AmPhos,Pd(OAc)2,NaOH,MeCN,94.83,1282,M5_ligand_onehot,Ligand identity one-hot baseline,94.83,95.42356025160244,11.89607830238466,72.1072467789285,118.73987372427638,98.42,3.2011536638746367,7,95.34,100.0,4.659999999999997
2079,1d_2b,AmPhos,Pd(OAc)2,LiOtBu,THF,95.53,1386,M5_ligand_onehot,Ligand identity one-hot baseline,95.53,94.36284145714023,12.399226385970275,70.0603577406385,118.66532517364197,98.42,2.9983835847224656,8,95.53,100.0,4.469999999999999
2022,1d_2b,CataCXium A,Pd(OAc)2,NaOH,THF,92.59,1349,M5_ligand_onehot,Ligand identity one-hot baseline,92.59,94.80660935544398,11.80190645997853,71.67487269388606,117.9383460170019,98.42,2.934698818382748,9,95.53,100.0,4.469999999999999
1929,1d_2b,XPhos,Pd(OAc)2,NaOH,MeCN,90.64,1287,M5_ligand_onehot,Ligand identity one-hot baseline,90.64,94.66343126820095,11.829318238872661,71.47796752001054,117.84889501639137,98.42,2.893196490338787,10,95.53,100.0,4.469999999999999
2095,1d_2b,SPhos,Pd(OAc)2,Et3N,THF,85.37,1398,M5_ligand_onehot,Ligand identity one-hot baseline,85.37,92.47276090100115,12.858183785862984,67.2707206807097,117.6748011212926,98.42,2.5377099004325547,11,95.53,100.0,4.469999999999999
2163,1d_2b,AmPhos,Pd(OAc)2,KOH,DMF,91.35,1442,M5_ligand_onehot,Ligand identity one-hot baseline,91.35,93.8034791023576,11.62952511976212,71.00960986762385,116.59734833709135,98.42,2.5231657148375137,12,95.53,100.0,4.469999999999999
1994,1d_2b,P(Ph)3,Pd(OAc)2,Et3N,MeCN,94.38,1329,M5_ligand_onehot,Ligand identity one-hot baseline,94.38,90.3011774253005,12.064582060441323,66.65459658683551,113.94775826376548,98.42,1.6821601700201998,13,95.53,100.0,4.469999999999999
2261,1d_2b,P(o-Tol)3,Pd(OAc)2,KOH,MeOH,86.4,1508,M5_ligand_onehot,Ligand identity one-hot baseline,86.4,88.6657202587225,13.089795826986899,63.00972043782818,114.32172007961682,98.42,1.6201048171878645,14,95.53,100.0,4.469999999999999
2222,1d_2b,P(Ph)3,Pd(OAc)2,NaHCO3,MeOH,87.84,1481,M5_ligand_onehot,Ligand identity one-hot baseline,87.84,89.04290681146203,12.691971123614628,64.16664340917737,113.9191702137467,98.42,1.5851187636672663,15,95.53,100.0,4.469999999999999
2215,1d_2b,SPhos,Pd(OAc)2,NaOH,MeOH,83.9,1478,M5_ligand_onehot,Ligand identity one-hot baseline,83.9,88.86092941109462,12.76741440047723,63.836797186159245,113.88506163602999,98.42,1.56781664597291,16,95.53,100.0,4.469999999999999
2226,1d_2b,CataCXium A,Pd(OAc)2,NaHCO3,MeOH,83.75,1485,M5_ligand_onehot,Ligand identity one-hot baseline,83.75,87.56103245524966,13.419371171698122,61.25906495872134,113.86299995177798,98.42,1.4851633457110047,17,95.53,100.0,4.469999999999999
1972,1d_2b,P(Cy)3,Pd(OAc)2,KOH,MeCN,91.07,1315,M5_ligand_onehot,Ligand identity one-hot baseline,91.07,88.09326344847105,12.749066826866743,63.105092467812234,113.08143442912987,98.42,1.4040086936282576,18,95.53,100.0,4.469999999999999
2114,1d_2b,P(Ph)3,Pd(OAc)2,NaOH,DMF,88.53,1409,M5_ligand_onehot,Ligand identity one-hot baseline,88.53,89.52635156922143,11.470228144784313,67.04470440544418,112.00799873299869,98.42,1.3333272387529949,19,95.53,100.0,4.469999999999999
2209,1d_2b,P(tBu)3,Pd(OAc)2,NaOH,MeOH,80.02,1472,M5_ligand_onehot,Ligand identity one-hot baseline,80.02,87.92559717495496,12.576950864292971,63.27477348094074,112.57642086896918,98.42,1.324034910244598,20,95.53,100.0,4.469999999999999
3833,1d_2c,P(Cy)3,Pd(OAc)2,K3PO4,MeOH,78.59,2555,M5_ligand_onehot,Ligand identity one-hot baseline,78.59,70.0821996473561,12.959056751392229,44.68244841462734,95.48195088008487,81.25,1.3006372806096214,1,78.59,80.09,1.5
3775,1d_2c,CataCXium A,Pd(OAc)2,KOH,MeOH,64.04,2517,M5_ligand_onehot,Ligand identity one-hot baseline,64.04,70.11689661318867,12.764246170482801,45.09897411904238,95.13481910733496,81.25,1.255406410612212,2,78.59,80.09,1.5
3790,1d_2c,XPhos,Pd(OAc)2,LiOtBu,MeOH,64.55,2527,M5_ligand_onehot,Ligand identity one-hot baseline,64.55,68.09179632431237,13.492110950957413,41.64725886043584,94.5363337881889,81.25,1.097996448662664,3,78.59,80.09,1.5
3786,1d_2c,P(o-Tol)3,Pd(OAc)2,LiOtBu,MeOH,73.24,2524,M5_ligand_onehot,Ligand identity one-hot baseline,73.24,66.64156008750732,14.282977155565554,38.64692486259883,94.6361953124158,81.25,1.0646895768719546,4,78.59,80.09,1.5
3797,1d_2c,P(Cy)3,Pd(OAc)2,NaHCO3,MeOH,69.95,2531,M5_ligand_onehot,Ligand identity one-hot baseline,69.95,66.30412043601798,12.635406020216244,41.53872463639414,91.06951623564183,81.25,0.6768789833016431,5,78.59,80.09,1.5
3810,1d_2c,P(o-Tol)3,Pd(OAc)2,Et3N,MeOH,79.4,2540,M5_ligand_onehot,Ligand identity one-hot baseline,79.4,63.75499827891812,13.720600655392337,36.86262099434914,90.6473755634871,81.25,0.6095106844282694,6,79.4,80.09,0.6899999999999977
3807,1d_2c,P(Ph)3,Pd(OAc)2,Et3N,MeOH,80.09,2537,M5_ligand_onehot,Ligand identity one-hot baseline,80.09,63.467202246615415,13.504991075042712,36.9974197395317,89.93698475369914,81.25,0.547817151798702,7,80.09,80.09,0.0
3820,1d_2c,AmPhos,Pd(OAc)2,CsF,MeOH,78.92,2546,M5_ligand_onehot,Ligand identity one-hot baseline,78.92,58.444810097353226,12.974709886348666,33.01437872010984,83.8752414745966,81.25,0.18699989715715115,8,80.09,80.09,0.0
3619,1d_2c,CataCXium A,Pd(OAc)2,Et3N,THF,60.3,2413,M5_ligand_onehot,Ligand identity one-hot baseline,60.3,59.617572854884955,12.22680661171825,35.65303189591719,83.58211381385271,81.25,0.1701326279228792,9,80.09,80.09,0.0
3764,1d_2c,SPhos,Pd(OAc)2,NaOH,MeOH,62.57,2510,M5_ligand_onehot,Ligand identity one-hot baseline,62.57,57.4937230859843,13.007794696686359,31.998445480479038,82.98900069148957,81.25,0.1575024965077625,10,80.09,80.09,0.0
3579,1d_2c,P(Ph)3,Pd(OAc)2,KOH,THF,42.44,2385,M5_ligand_onehot,Ligand identity one-hot baseline,42.44,57.03656695650343,11.876850562298085,33.75793985439918,80.31519405860767,81.25,0.08099295473296914,11,80.09,80.09,0.0
3808,1d_2c,AmPhos,Pd(OAc)2,Et3N,MeOH,74.74,2538,M5_ligand_onehot,Ligand identity one-hot baseline,74.74,52.096110236006474,13.377189513212583,25.876818790109812,78.31540168190314,81.25,0.06232481313218685,12,80.09,80.09,0.0
3631,1d_2c,CataCXium A,Pd(OAc)2,CsF,THF,60.07,2421,M5_ligand_onehot,Ligand identity one-hot baseline,60.07,52.619816373029195,13.171571459664317,26.803536312087132,78.43609643397126,81.25,0.062277300558212345,13,80.09,80.09,0.0
3788,1d_2c,SPhos,Pd(OAc)2,LiOtBu,MeOH,69.82,2526,M5_ligand_onehot,Ligand identity one-hot baseline,69.82,52.04586343431013,12.494635424197053,27.556378002883903,76.53534886573635,81.25,0.03638384713776205,14,80.09,80.09,0.0
3812,1d_2c,SPhos,Pd(OAc)2,Et3N,MeOH,58.75,2542,M5_ligand_onehot,Ligand identity one-hot baseline,58.75,48.01740589176451,13.89093340054176,20.791176426702663,75.24363535682636,81.25,0.034679327772101365,15,80.09,80.09,0.0
3784,1d_2c,AmPhos,Pd(OAc)2,LiOtBu,MeOH,61.48,2522,M5_ligand_onehot,Ligand identity one-hot baseline,61.48,49.26833836850332,13.358085841571341,23.086490119023495,75.45018661798315,81.25,0.03302420691899616,16,80.09,80.09,0.0
3814,1d_2c,XPhos,Pd(OAc)2,Et3N,MeOH,44.35,2543,M5_ligand_onehot,Ligand identity one-hot baseline,44.35,46.54284711141579,13.392012961275084,20.294501707316623,72.79119251551495,81.25,0.01787056877896273,17,80.09,80.09,0.0
3826,1d_2c,XPhos,Pd(OAc)2,CsF,MeOH,50.87,2551,M5_ligand_onehot,Ligand identity one-hot baseline,50.87,47.61691327357216,12.886323161669015,22.35971987670089,72.87410667044342,81.25,0.016133504550820382,18,80.09,80.09,0.0
3557,1d_2c,P(Cy)3,Pd(OAc)2,None,THF,47.6,2371,M5_ligand_onehot,Ligand identity one-hot baseline,47.6,43.5910935857597,12.482384896337692,19.125619188937826,68.05656798258158,81.25,0.003894399091998242,19,80.09,80.09,0.0
3617,1d_2c,P(Cy)3,Pd(OAc)2,Et3N,THF,30.56,2411,M5_ligand_onehot,Ligand identity one-hot baseline,30.56,39.06749918285702,13.37385568724537,12.854742035856095,65.28025632985795,81.25,0.002556851569971555,20,80.09,80.09,0.0
