Reaction_No,substrate_pair,Ligand_Short_Hand,Catalyst_1_Short_Hand,Reagent_1_Short_Hand,Solvent_1_Short_Hand,Product_Yield_PCT_Area_UV,row_index,model,label,y_true,y_pred,y_std,lower_95,upper_95,incumbent_yield,expected_improvement,recommendation_number,best_yield_found,best_available_test_yield,simple_regret
103,1a_2a,SPhos,Pd(OAc)2,NaOH,THF,87.06,70,M0_vbur_vmin,%Vbur(min) + Vmin,87.06,80.0481450249923,13.000121125550763,54.5679076189128,105.52838243107179,93.67,0.9165158973106549,1,87.06,92.83,5.769999999999996
100,1a_2a,P(Cy)3,Pd(OAc)2,NaOH,THF,69.94,67,M0_vbur_vmin,%Vbur(min) + Vmin,69.94,77.96211884429164,14.201393966782128,50.12738666939867,105.7968510191846,93.67,0.8975423714894251,2,87.06,92.83,5.769999999999996
177,1a_2a,XPhos,Pd(OAc)2,Et3N,THF,88.93,119,M0_vbur_vmin,%Vbur(min) + Vmin,88.93,69.20225648764104,13.715549119681171,42.31978021306594,96.08473276221613,93.67,0.18596829361260891,3,88.93,92.83,3.8999999999999915
115,1a_2a,SPhos,Pd(OAc)2,NaHCO3,THF,79.85,78,M0_vbur_vmin,%Vbur(min) + Vmin,79.85,70.7074965809822,13.004102476272276,45.21945572748854,96.19553743447585,93.67,0.18366991302172175,4,88.93,92.83,3.8999999999999915
114,1a_2a,CataCXium A,Pd(OAc)2,NaHCO3,THF,70.45,77,M0_vbur_vmin,%Vbur(min) + Vmin,70.45,69.59481481677297,13.335806412174133,43.45663424891167,95.73299538463426,93.67,0.17080955917916785,5,88.93,92.83,3.8999999999999915
163,1a_2a,SPhos,Pd(OAc)2,LiOtBu,THF,85.95,110,M0_vbur_vmin,%Vbur(min) + Vmin,85.95,70.09199428757677,12.03606211349609,46.501312545124435,93.6826760300291,93.67,0.10206089707403854,6,88.93,92.83,3.8999999999999915
117,1a_2a,XPhos,Pd(OAc)2,NaHCO3,THF,80.77,79,M0_vbur_vmin,%Vbur(min) + Vmin,80.77,64.65273372490093,13.601580828448087,37.993635301142675,91.31183214865918,93.67,0.07233873435483301,7,88.93,92.83,3.8999999999999915
4,1a_2a,P(Cy)3,Pd(OAc)2,NaOH,MeCN,4.44,3,M0_vbur_vmin,%Vbur(min) + Vmin,4.44,63.83957245136467,13.46703693141151,37.44418006579811,90.23496483693123,93.67,0.056666611675138256,8,88.93,92.83,3.8999999999999915
171,1a_2a,AmPhos,Pd(OAc)2,Et3N,THF,48.8,114,M0_vbur_vmin,%Vbur(min) + Vmin,48.8,53.63578811481861,14.584768481733304,25.049641890621334,82.22193433901589,93.67,0.011900260804405802,9,88.93,92.83,3.8999999999999915
169,1a_2a,P(tBu)3,Pd(OAc)2,Et3N,THF,68.72,112,M0_vbur_vmin,%Vbur(min) + Vmin,68.72,46.178018840384595,15.253790270882938,16.280589909454037,76.07544777131515,93.67,0.0034449705922635493,10,88.93,92.83,3.8999999999999915
196,1a_2a,P(Cy)3,Pd(OAc)2,NaOH,DMF,12.74,131,M0_vbur_vmin,%Vbur(min) + Vmin,12.74,44.25421079063544,14.844977859594707,15.158054185829815,73.35036739544107,93.67,0.0014876228190794927,11,88.93,92.83,3.8999999999999915
123,1a_2a,AmPhos,Pd(OAc)2,CsF,THF,44.98,82,M0_vbur_vmin,%Vbur(min) + Vmin,44.98,46.63833960269654,14.126572026263007,18.950258431221048,74.32642077417204,93.67,0.0014035175427145885,12,88.93,92.83,3.8999999999999915
31,1a_2a,SPhos,Pd(OAc)2,CsF,MeCN,68.44,22,M0_vbur_vmin,%Vbur(min) + Vmin,68.44,48.69139070931204,13.392285115431708,22.44251188306589,74.94026953555819,93.67,0.0011792966280124925,13,88.93,92.83,3.8999999999999915
157,1a_2a,P(tBu)3,Pd(OAc)2,LiOtBu,THF,66.16,104,M0_vbur_vmin,%Vbur(min) + Vmin,66.16,40.23702991175752,14.510190754727576,11.797056032491469,68.67700379102357,93.67,0.0003505453619590043,14,88.93,92.83,3.8999999999999915
30,1a_2a,CataCXium A,Pd(OAc)2,CsF,MeCN,3.32,21,M0_vbur_vmin,%Vbur(min) + Vmin,3.32,43.10541543346402,13.7270008471629,16.200493773024732,70.0103370939033,93.67,0.00032734959851129543,15,88.93,92.83,3.8999999999999915
19,1a_2a,SPhos,Pd(OAc)2,NaHCO3,MeCN,69.22,14,M0_vbur_vmin,%Vbur(min) + Vmin,69.22,41.81813060418655,14.051169384125735,14.277838611300108,69.35842259707299,93.67,0.0003270668551094589,16,88.93,92.83,3.8999999999999915
316,1a_2a,P(Cy)3,Pd(OAc)2,CsF,MeOH,30.94,211,M0_vbur_vmin,%Vbur(min) + Vmin,30.94,35.84663198886419,15.383352637973545,5.695260818436044,65.99800315929234,93.67,0.0002717115804170356,17,88.93,92.83,3.8999999999999915
353,1a_2a,P(o-Tol)3,Pd(OAc)2,LiOtBu,MeOH,11.64,236,M0_vbur_vmin,%Vbur(min) + Vmin,11.64,23.61292674952944,17.882046635777005,-11.43588465659349,58.66173815565237,93.67,0.00016232621029910318,18,88.93,92.83,3.8999999999999915
321,1a_2a,XPhos,Pd(OAc)2,CsF,MeOH,35.0,215,M0_vbur_vmin,%Vbur(min) + Vmin,35.0,36.069690720353414,14.67893307853552,7.298981886423796,64.84039955428304,93.67,0.00012620294576298026,19,88.93,92.83,3.8999999999999915
87,1a_2a,AmPhos,Pd(OAc)2,None,MeCN,1.53,58,M0_vbur_vmin,%Vbur(min) + Vmin,1.53,35.8145958323413,14.712989363323205,6.977136680227815,64.65205498445478,93.67,0.00012202805215893054,20,88.93,92.83,3.8999999999999915
2836,1a_2b,P(Cy)3,Pd(OAc)2,KOH,THF,46.21,1891,M0_vbur_vmin,%Vbur(min) + Vmin,46.21,53.4032366267243,14.078985156266809,25.808425720441356,80.99804753300725,77.13,0.24472103910163168,1,46.21,92.16,45.949999999999996
2778,1a_2b,CataCXium A,Pd(OAc)2,None,MeCN,18.06,1853,M0_vbur_vmin,%Vbur(min) + Vmin,18.06,53.802529834363135,13.405491178766809,27.52776712398019,80.07729254474609,77.13,0.20251001940720914,2,46.21,92.16,45.949999999999996
2875,1a_2b,SPhos,Pd(OAc)2,None,THF,69.3,1918,M0_vbur_vmin,%Vbur(min) + Vmin,69.3,53.87288309195405,13.144185401544087,28.110279704927642,79.63548647898045,77.13,0.18416319762464028,3,69.3,92.16,22.86
2877,1a_2b,XPhos,Pd(OAc)2,None,THF,84.83,1919,M0_vbur_vmin,%Vbur(min) + Vmin,84.83,50.31922270531525,13.676013000849384,23.514237223650454,77.12420818698004,77.13,0.11706073821582197,4,84.83,92.16,7.329999999999998
2793,1a_2b,XPhos,Pd(OAc)2,NaOH,THF,92.16,1863,M0_vbur_vmin,%Vbur(min) + Vmin,92.16,45.46430246401566,15.021664188991107,16.02184065359309,74.90676427443823,77.13,0.08663238766324,5,92.16,92.16,0.0
2757,1a_2b,XPhos,Pd(OAc)2,LiOtBu,MeCN,76.56,1839,M0_vbur_vmin,%Vbur(min) + Vmin,76.56,49.85641977245563,13.104975035035194,24.170668703786653,75.5421708411246,77.13,0.0803510948594926,6,92.16,92.16,0.0
2694,1a_2b,CataCXium A,Pd(OAc)2,NaOH,MeCN,15.97,1797,M0_vbur_vmin,%Vbur(min) + Vmin,15.97,45.28073676920706,14.823376486437166,16.226918855790217,74.3345546826239,77.13,0.07617027821369038,7,92.16,92.16,0.0
2702,1a_2b,P(Ph)3,Pd(OAc)2,NaHCO3,MeCN,14.74,1801,M0_vbur_vmin,%Vbur(min) + Vmin,14.74,38.795397447010885,17.304503131958583,4.878571308372059,72.71222358564971,77.13,0.07451567640649465,8,92.16,92.16,0.0
2799,1a_2b,AmPhos,Pd(OAc)2,NaHCO3,THF,30.89,1866,M0_vbur_vmin,%Vbur(min) + Vmin,30.89,49.36077495434284,13.15707157209224,23.572914673042046,75.14863523564362,77.13,0.0743425075905757,9,92.16,92.16,0.0
2838,1a_2b,CataCXium A,Pd(OAc)2,KOH,THF,33.61,1893,M0_vbur_vmin,%Vbur(min) + Vmin,33.61,50.03426737595845,12.74344808617293,25.05710912705951,75.0114256248574,77.13,0.06866901904446637,10,92.16,92.16,0.0
2781,1a_2b,XPhos,Pd(OAc)2,None,MeCN,66.37,1855,M0_vbur_vmin,%Vbur(min) + Vmin,66.37,47.94592993579089,13.215797168609312,22.042967485316645,73.84889238626513,77.13,0.05659588899498241,11,92.16,92.16,0.0
2871,1a_2b,AmPhos,Pd(OAc)2,None,THF,31.05,1914,M0_vbur_vmin,%Vbur(min) + Vmin,31.05,39.842709453001156,15.042243287922723,10.35991260867262,69.3255062973297,77.13,0.029037572151622587,12,92.16,92.16,0.0
2798,1a_2b,P(Ph)3,Pd(OAc)2,NaHCO3,THF,15.63,1865,M0_vbur_vmin,%Vbur(min) + Vmin,15.63,35.27994944317453,16.50290979930607,2.9342462365346336,67.62565264981443,77.13,0.026888697343642076,13,92.16,92.16,0.0
3038,1a_2b,P(Ph)3,Pd(OAc)2,LiOtBu,MeOH,9.21,2025,M0_vbur_vmin,%Vbur(min) + Vmin,9.21,30.98852588214384,17.960373892374452,-4.213806946910083,66.19085871119776,77.13,0.02655169323634879,14,92.16,92.16,0.0
2992,1a_2b,P(Cy)3,Pd(OAc)2,NaHCO3,MeOH,30.49,1995,M0_vbur_vmin,%Vbur(min) + Vmin,30.49,41.32711211895904,14.128186094867198,13.635867373019334,69.01835686489875,77.13,0.0227795679508509,15,92.16,92.16,0.0
2863,1a_2b,SPhos,Pd(OAc)2,Et3N,THF,76.22,1910,M0_vbur_vmin,%Vbur(min) + Vmin,76.22,43.83615376949415,13.12313235484954,18.114814353989054,69.55749318499926,77.13,0.020787936082688308,16,92.16,92.16,0.0
2766,1a_2b,CataCXium A,Pd(OAc)2,Et3N,MeCN,14.44,1845,M0_vbur_vmin,%Vbur(min) + Vmin,14.44,43.82769038178299,13.052231735733558,18.24531617974522,69.41006458382077,77.13,0.019738496475927986,17,92.16,92.16,0.0
2812,1a_2b,P(Cy)3,Pd(OAc)2,CsF,THF,43.78,1875,M0_vbur_vmin,%Vbur(min) + Vmin,43.78,40.162721073855636,13.647609801902195,13.413405862127334,66.91203628558394,77.13,0.012463127893365275,18,92.16,92.16,0.0
2738,1a_2b,P(Ph)3,Pd(OAc)2,KOH,MeCN,13.89,1825,M0_vbur_vmin,%Vbur(min) + Vmin,13.89,25.02381390675366,17.65841050673099,-9.586670686439085,59.634298499946404,77.13,0.007263864531630637,19,92.16,92.16,0.0
2773,1a_2b,P(tBu)3,Pd(OAc)2,None,MeCN,12.16,1848,M0_vbur_vmin,%Vbur(min) + Vmin,12.16,31.95900761716877,15.417051839894159,1.7415860109762207,62.17642922336132,77.13,0.006725099657345343,20,92.16,92.16,0.0
4544,1a_2c,SPhos,Pd(OAc)2,KOH,MeOH,41.19,3030,M0_vbur_vmin,%Vbur(min) + Vmin,41.19,40.438642793324355,13.175232223467416,14.615187635328219,66.2620979513205,49.99,1.6899720759849202,1,41.19,59.08,17.89
4541,1a_2c,P(Cy)3,Pd(OAc)2,KOH,MeOH,18.12,3027,M0_vbur_vmin,%Vbur(min) + Vmin,18.12,39.18749162357193,14.077597157436758,11.595401194995883,66.77958205214797,49.99,1.683680368668358,2,41.19,59.08,17.89
4601,1a_2c,P(Cy)3,Pd(OAc)2,K3PO4,MeOH,21.39,3067,M0_vbur_vmin,%Vbur(min) + Vmin,21.39,38.04416093825881,14.81954275818479,8.997857132216627,67.090464744301,49.99,1.6597465259692918,3,41.19,59.08,17.89
4554,1a_2c,P(o-Tol)3,Pd(OAc)2,LiOtBu,MeOH,15.16,3036,M0_vbur_vmin,%Vbur(min) + Vmin,15.16,32.92203856705437,17.947028830425875,-2.2541379405803426,68.09821507468908,49.99,1.5563816703684155,4,41.19,59.08,17.89
4604,1a_2c,SPhos,Pd(OAc)2,K3PO4,MeOH,48.66,3070,M0_vbur_vmin,%Vbur(min) + Vmin,48.66,38.210695377269595,14.303539140161032,10.17575866255397,66.24563209198521,49.99,1.5491517453163328,5,48.66,59.08,10.420000000000002
4551,1a_2c,P(Ph)3,Pd(OAc)2,LiOtBu,MeOH,17.63,3033,M0_vbur_vmin,%Vbur(min) + Vmin,17.63,33.45745028136214,16.02287643297622,2.052612472728754,64.86228808999553,49.99,1.1822994734984413,6,48.66,59.08,10.420000000000002
4602,1a_2c,P(o-Tol)3,Pd(OAc)2,K3PO4,MeOH,17.83,3068,M0_vbur_vmin,%Vbur(min) + Vmin,17.83,33.374507118216286,15.49765743098699,2.9990985534817867,63.749915682950785,49.99,1.054239424070588,7,48.66,59.08,10.420000000000002
4558,1a_2c,XPhos,Pd(OAc)2,LiOtBu,MeOH,59.08,3039,M0_vbur_vmin,%Vbur(min) + Vmin,59.08,36.32895829790344,13.438483319054717,9.989530992556197,62.668385603250684,49.99,1.0096119910630743,8,59.08,59.08,0.0
4563,1a_2c,P(Ph)3,Pd(OAc)2,NaHCO3,MeOH,21.3,3041,M0_vbur_vmin,%Vbur(min) + Vmin,21.3,30.59427748300115,15.598816283697138,0.020597566954759117,61.16795739904754,49.99,0.7480448497457775,9,59.08,59.08,0.0
4598,1a_2c,P(tBu)3,Pd(OAc)2,K3PO4,MeOH,19.82,3064,M0_vbur_vmin,%Vbur(min) + Vmin,19.82,27.388521560538887,16.119534315301717,-4.2057656974524775,58.98280881853025,49.99,0.5492434199007357,10,59.08,59.08,0.0
4567,1a_2c,CataCXium A,Pd(OAc)2,NaHCO3,MeOH,7.73,3045,M0_vbur_vmin,%Vbur(min) + Vmin,7.73,30.989565925125987,13.693108402376229,4.1510734564685805,57.828058393783394,49.99,0.47603351639640135,11,59.08,59.08,0.0
4594,1a_2c,XPhos,Pd(OAc)2,CsF,MeOH,29.03,3063,M0_vbur_vmin,%Vbur(min) + Vmin,29.03,28.882557453174808,14.635099971850085,0.19776150834864126,57.567353398000975,49.99,0.45250375366051254,12,59.08,59.08,0.0
4555,1a_2c,CataCXium A,Pd(OAc)2,LiOtBu,MeOH,26.24,3037,M0_vbur_vmin,%Vbur(min) + Vmin,26.24,30.90712485384609,13.309549344311122,4.820408138996289,56.993841568695885,49.99,0.4162619133684151,13,59.08,59.08,0.0
4491,1a_2c,P(Ph)3,Pd(OAc)2,CsF,DMF,24.48,2993,M0_vbur_vmin,%Vbur(min) + Vmin,24.48,23.640036784387597,16.480642086084,-8.662021704337043,55.94209527311224,49.99,0.3574539471502951,14,59.08,59.08,0.0
4538,1a_2c,P(tBu)3,Pd(OAc)2,KOH,MeOH,22.1,3024,M0_vbur_vmin,%Vbur(min) + Vmin,22.1,24.165619301108745,15.733073065002081,-6.671203906295332,55.00244250851282,49.99,0.3070628199258143,15,59.08,59.08,0.0
4287,1a_2c,P(Ph)3,Pd(OAc)2,Et3N,MeCN,14.61,2857,M0_vbur_vmin,%Vbur(min) + Vmin,14.61,21.161904694252726,16.79875262109192,-11.763650443087442,54.087459831592895,49.99,0.274505078885559,16,59.08,59.08,0.0
4575,1a_2c,P(Ph)3,Pd(OAc)2,Et3N,MeOH,38.79,3049,M0_vbur_vmin,%Vbur(min) + Vmin,38.79,23.88901451057447,15.468467526611615,-6.429181841584295,54.207210862733234,49.99,0.26958878117047935,17,59.08,59.08,0.0
4385,1a_2c,P(Cy)3,Pd(OAc)2,Et3N,THF,16.8,2923,M0_vbur_vmin,%Vbur(min) + Vmin,16.8,23.80241016726682,15.16293990564282,-5.916952047793103,53.521772382326745,49.99,0.23920118301364757,18,59.08,59.08,0.0
4347,1a_2c,P(Ph)3,Pd(OAc)2,KOH,THF,20.73,2897,M0_vbur_vmin,%Vbur(min) + Vmin,20.73,22.101877172318364,15.94406028678235,-9.148480989775042,53.35223533441177,49.99,0.2390343486380957,19,59.08,59.08,0.0
4384,1a_2c,AmPhos,Pd(OAc)2,Et3N,THF,15.47,2922,M0_vbur_vmin,%Vbur(min) + Vmin,15.47,24.36502919539099,14.759767589867032,-4.564115280748393,53.29417367153037,49.99,0.2271409124073247,20,59.08,59.08,0.0
390,1b_2a,CataCXium A,Pd(OAc)2,NaOH,MeCN,96.38,261,M0_vbur_vmin,%Vbur(min) + Vmin,96.38,99.97944924546738,12.790415042001467,74.9102357631445,125.04866272779026,96.89,6.501577009693319,1,96.38,97.83,1.4500000000000028
387,1b_2a,AmPhos,Pd(OAc)2,NaOH,MeCN,86.82,258,M0_vbur_vmin,%Vbur(min) + Vmin,86.82,97.64579753882326,14.459291295980504,69.30558659870147,125.98600847894505,96.89,5.897224051778868,2,96.38,97.83,1.4500000000000028
722,1b_2a,P(Ph)3,Pd(OAc)2,KOH,MeOH,92.61,481,M0_vbur_vmin,%Vbur(min) + Vmin,92.61,91.77354892058632,16.156047936696183,60.1076949646618,123.43940287651084,96.89,4.022695071746307,3,96.38,97.83,1.4500000000000028
679,1b_2a,SPhos,Pd(OAc)2,NaOH,MeOH,92.88,454,M0_vbur_vmin,%Vbur(min) + Vmin,92.88,91.49973085976893,14.174111560271687,63.71847220163643,119.28098951790143,96.89,3.190874384608238,4,96.38,97.83,1.4500000000000028
555,1b_2a,AmPhos,Pd(OAc)2,Et3N,THF,91.88,370,M0_vbur_vmin,%Vbur(min) + Vmin,91.88,89.9508115353423,15.313880080527339,59.935606577508715,119.96601649317589,96.89,3.0967636231633686,5,96.38,97.83,1.4500000000000028
483,1b_2a,AmPhos,Pd(OAc)2,NaOH,THF,86.25,322,M0_vbur_vmin,%Vbur(min) + Vmin,86.25,91.53566150026654,13.626102134851328,64.82850131595794,118.24282168457515,96.89,3.003004420542039,6,96.38,97.83,1.4500000000000028
746,1b_2a,P(Ph)3,Pd(OAc)2,Et3N,MeOH,82.99,497,M0_vbur_vmin,%Vbur(min) + Vmin,82.99,89.72792471388513,15.231815362664296,59.87356660306311,119.58228282470715,96.89,2.998580823042705,7,96.38,97.83,1.4500000000000028
690,1b_2a,CataCXium A,Pd(OAc)2,NaHCO3,MeOH,86.98,461,M0_vbur_vmin,%Vbur(min) + Vmin,86.98,91.1827336361224,13.549601730085069,64.62551424515567,117.73995302708914,96.89,2.859383595101154,8,96.38,97.83,1.4500000000000028
726,1b_2a,CataCXium A,Pd(OAc)2,KOH,MeOH,85.46,485,M0_vbur_vmin,%Vbur(min) + Vmin,85.46,90.56790332459404,13.278285240914972,64.54246425240069,116.59334239678739,96.89,2.570393637683237,9,96.38,97.83,1.4500000000000028
542,1b_2a,P(Ph)3,Pd(OAc)2,LiOtBu,THF,87.78,361,M0_vbur_vmin,%Vbur(min) + Vmin,87.78,86.18772368104699,16.595186920865828,53.66115731614997,118.71429004594401,96.89,2.472993317221631,10,96.38,97.83,1.4500000000000028
723,1b_2a,AmPhos,Pd(OAc)2,KOH,MeOH,71.62,482,M0_vbur_vmin,%Vbur(min) + Vmin,71.62,88.0390429789032,14.692877366830249,59.241003339915906,116.83708261789049,96.89,2.3347237101003806,11,96.38,97.83,1.4500000000000028
486,1b_2a,CataCXium A,Pd(OAc)2,NaOH,THF,96.57,325,M0_vbur_vmin,%Vbur(min) + Vmin,96.57,87.98639809951929,14.133236794545217,60.28525398221066,115.68754221682792,96.89,2.1404988921014403,12,96.57,97.83,1.2600000000000051
691,1b_2a,SPhos,Pd(OAc)2,NaHCO3,MeOH,85.69,462,M0_vbur_vmin,%Vbur(min) + Vmin,85.69,88.44113987667058,13.094651990506582,62.77562197527767,114.10665777806348,96.89,1.9241233800972886,13,96.57,97.83,1.2600000000000051
482,1b_2a,P(Ph)3,Pd(OAc)2,NaOH,THF,90.21,321,M0_vbur_vmin,%Vbur(min) + Vmin,90.21,83.54262722918152,16.68817414727907,50.83380590051454,116.2514485578485,96.89,1.9029078285329795,14,96.57,97.83,1.2600000000000051
553,1b_2a,P(tBu)3,Pd(OAc)2,Et3N,THF,94.67,368,M0_vbur_vmin,%Vbur(min) + Vmin,94.67,82.82912990383926,15.639890331611879,52.17494485387998,113.48331495379854,96.89,1.4834506245640666,15,96.57,97.83,1.2600000000000051
558,1b_2a,CataCXium A,Pd(OAc)2,Et3N,THF,97.83,373,M0_vbur_vmin,%Vbur(min) + Vmin,97.83,84.18951011341372,14.514210187616056,55.741658145686245,112.63736208114119,96.89,1.432506734774563,16,97.83,97.83,0.0
457,1b_2a,P(tBu)3,Pd(OAc)2,Et3N,MeCN,91.95,304,M0_vbur_vmin,%Vbur(min) + Vmin,91.95,81.70242780011851,15.552954352580587,51.218637269060565,112.18621833117646,96.89,1.274584444969518,17,97.83,97.83,0.0
736,1b_2a,P(Cy)3,Pd(OAc)2,LiOtBu,MeOH,89.34,491,M0_vbur_vmin,%Vbur(min) + Vmin,89.34,83.84316435405503,13.343664870961284,57.689581206970914,109.99674750113915,96.89,1.0798719735401585,18,97.83,97.83,0.0
759,1b_2a,AmPhos,Pd(OAc)2,None,MeOH,61.57,506,M0_vbur_vmin,%Vbur(min) + Vmin,61.57,78.14473448825002,15.062081125694265,48.62305548188927,107.66641349461078,96.89,0.7188629006899996,19,97.83,97.83,0.0
747,1b_2a,AmPhos,Pd(OAc)2,Et3N,MeOH,73.01,498,M0_vbur_vmin,%Vbur(min) + Vmin,73.01,76.99189249606059,15.603243140506187,46.40953594066846,107.57424905145271,96.89,0.6994301231655224,20,97.83,97.83,0.0
2391,1b_2b,AmPhos,Pd(OAc)2,None,MeCN,83.89,1594,M0_vbur_vmin,%Vbur(min) + Vmin,83.89,89.63947522351515,13.486604945362691,63.20572953060427,116.07322091642602,96.75,2.409742097957085,1,83.89,96.19,12.299999999999997
2365,1b_2b,P(tBu)3,Pd(OAc)2,LiOtBu,MeCN,92.06,1576,M0_vbur_vmin,%Vbur(min) + Vmin,92.06,83.85510072774979,15.485298992740253,53.503914701978886,114.20628675352069,96.75,1.6574919171773295,2,92.06,96.19,4.1299999999999955
2366,1b_2b,P(Ph)3,Pd(OAc)2,LiOtBu,MeCN,73.07,1577,M0_vbur_vmin,%Vbur(min) + Vmin,73.07,80.19646933436263,15.63677771826731,49.5483850065587,110.84455366216656,96.75,1.0930716301492382,3,92.06,96.19,4.1299999999999955
2355,1b_2b,AmPhos,Pd(OAc)2,KOH,MeCN,81.7,1570,M0_vbur_vmin,%Vbur(min) + Vmin,81.7,81.2442458263038,14.723260116862384,52.38665599725353,110.10183565535407,96.75,1.0363245133358903,4,92.06,96.19,4.1299999999999955
2466,1b_2b,CataCXium A,Pd(OAc)2,LiOtBu,THF,96.19,1645,M0_vbur_vmin,%Vbur(min) + Vmin,96.19,83.99970316955142,12.751203805698728,59.00734371038192,108.99206262872093,96.75,0.9855214243869985,5,96.19,96.19,0.0
2318,1b_2b,P(Ph)3,Pd(OAc)2,NaHCO3,MeCN,68.23,1545,M0_vbur_vmin,%Vbur(min) + Vmin,68.23,77.43704830587879,16.778458606619758,44.551269436904064,110.32282717485351,96.75,0.9788744598273347,6,96.19,96.19,0.0
2358,1b_2b,CataCXium A,Pd(OAc)2,KOH,MeCN,78.09,1573,M0_vbur_vmin,%Vbur(min) + Vmin,78.09,79.24905317459958,13.260004952688758,53.25944346732962,105.23866288186954,96.75,0.5335162667264088,7,96.19,96.19,0.0
2479,1b_2b,SPhos,Pd(OAc)2,Et3N,THF,87.02,1654,M0_vbur_vmin,%Vbur(min) + Vmin,87.02,79.35099844014267,13.050173707003047,53.7726579744167,104.92933890586865,96.75,0.5093070335310406,8,96.19,96.19,0.0
2594,1b_2b,P(Ph)3,Pd(OAc)2,NaOH,MeOH,79.1,1729,M0_vbur_vmin,%Vbur(min) + Vmin,79.1,74.46554451575275,15.59008520717176,43.9089775096961,105.0221115218094,96.75,0.4985524889141655,9,96.19,96.19,0.0
2606,1b_2b,P(Ph)3,Pd(OAc)2,NaHCO3,MeOH,68.46,1737,M0_vbur_vmin,%Vbur(min) + Vmin,68.46,70.98739228832747,16.904116812532358,37.85532333576405,104.1194612408909,96.75,0.43791339201029067,10,96.19,96.19,0.0
2666,1b_2b,P(Ph)3,Pd(OAc)2,Et3N,MeOH,53.9,1777,M0_vbur_vmin,%Vbur(min) + Vmin,53.9,72.32888881294186,15.820287170508003,41.321125958746165,103.33665166713755,96.75,0.38968424521141,11,96.19,96.19,0.0
2439,1b_2b,AmPhos,Pd(OAc)2,K3PO4,THF,69.6,1626,M0_vbur_vmin,%Vbur(min) + Vmin,69.6,73.5459088439282,14.620240485768255,44.890237491822425,102.20158019603397,96.75,0.32308627306828086,12,96.19,96.19,0.0
2437,1b_2b,P(tBu)3,Pd(OAc)2,K3PO4,THF,63.86,1624,M0_vbur_vmin,%Vbur(min) + Vmin,63.86,70.91928601959128,15.073321397183317,41.37557608111198,100.4629959580706,96.75,0.24570605024521042,13,96.19,96.19,0.0
2469,1b_2b,XPhos,Pd(OAc)2,LiOtBu,THF,62.77,1647,M0_vbur_vmin,%Vbur(min) + Vmin,62.77,75.1345672245919,12.976707591045425,49.70022034614287,100.56891410304094,96.75,0.23487382804571466,14,96.19,96.19,0.0
2490,1b_2b,CataCXium A,Pd(OAc)2,None,THF,93.15,1661,M0_vbur_vmin,%Vbur(min) + Vmin,93.15,74.15136539956833,13.400252400564648,47.88687069446162,100.41586010467505,96.75,0.23123061106066856,15,96.19,96.19,0.0
2330,1b_2b,P(Ph)3,Pd(OAc)2,CsF,MeCN,53.51,1553,M0_vbur_vmin,%Vbur(min) + Vmin,53.51,67.73821983697897,15.68321544114866,36.9991175723276,98.47732210163034,96.75,0.18176365879760525,16,96.19,96.19,0.0
2409,1b_2b,XPhos,Pd(OAc)2,NaOH,THF,79.27,1607,M0_vbur_vmin,%Vbur(min) + Vmin,79.27,71.33733618313073,13.634516306364523,44.61368422265627,98.06098814360519,96.75,0.15051745668465755,17,96.19,96.19,0.0
2359,1b_2b,SPhos,Pd(OAc)2,KOH,MeCN,89.93,1574,M0_vbur_vmin,%Vbur(min) + Vmin,89.93,73.56648957236,12.519221027132089,49.02881635918111,98.10416278553889,96.75,0.14137789662596867,18,96.19,96.19,0.0
2331,1b_2b,AmPhos,Pd(OAc)2,CsF,MeCN,68.33,1554,M0_vbur_vmin,%Vbur(min) + Vmin,68.33,65.27836189175336,15.046411633483903,35.78739509012492,94.76932869338181,96.75,0.0908416069828536,19,96.19,96.19,0.0
2597,1b_2b,P(o-Tol)3,Pd(OAc)2,NaOH,MeOH,64.08,1732,M0_vbur_vmin,%Vbur(min) + Vmin,64.08,59.38229816864171,16.703553605760707,26.643333101350727,92.1212632359327,96.75,0.06732832516973392,20,96.19,96.19,0.0
4215,1b_2c,P(Ph)3,Pd(OAc)2,K3PO4,MeOH,72.19,2809,M0_vbur_vmin,%Vbur(min) + Vmin,72.19,66.62597785166511,16.109211064074938,35.05192416607824,98.20003153725199,74.84,2.9876103918579955,1,72.19,73.12,0.9300000000000068
4218,1b_2c,P(o-Tol)3,Pd(OAc)2,K3PO4,MeOH,68.86,2812,M0_vbur_vmin,%Vbur(min) + Vmin,68.86,65.9150603652707,16.694727046172748,33.19339535477212,98.63672537576929,74.84,2.9817956510601027,2,72.19,73.12,0.9300000000000068
4179,1b_2c,P(Ph)3,Pd(OAc)2,NaHCO3,MeOH,40.92,2785,M0_vbur_vmin,%Vbur(min) + Vmin,40.92,60.313118938710886,16.299981464774017,28.365155267753813,92.26108260966797,74.84,1.572367852872484,3,72.19,73.12,0.9300000000000068
4167,1b_2c,P(Ph)3,Pd(OAc)2,LiOtBu,MeOH,73.12,2777,M0_vbur_vmin,%Vbur(min) + Vmin,73.12,59.38301894728482,15.844213188197207,28.32836109841829,90.43767679615135,74.84,1.302273736365315,4,73.12,73.12,0.0
4146,1b_2c,P(o-Tol)3,Pd(OAc)2,NaOH,MeOH,51.26,2764,M0_vbur_vmin,%Vbur(min) + Vmin,51.26,58.76500261213455,15.985549365313068,27.43332585612094,90.09667936814816,74.84,1.2409218650099771,5,73.12,73.12,0.0
4204,1b_2c,AmPhos,Pd(OAc)2,CsF,MeOH,71.17,2802,M0_vbur_vmin,%Vbur(min) + Vmin,71.17,50.514283738733425,13.539567428304581,23.976731579256448,77.0518358982104,74.84,0.17754533026659103,6,73.12,73.12,0.0
4154,1b_2c,P(tBu)3,Pd(OAc)2,KOH,MeOH,46.83,2768,M0_vbur_vmin,%Vbur(min) + Vmin,46.83,41.881022962190784,15.597660490277068,11.30960840124773,72.45243752313384,74.84,0.08899286487488245,7,73.12,73.12,0.0
3938,1b_2c,P(tBu)3,Pd(OAc)2,None,THF,20.69,2624,M0_vbur_vmin,%Vbur(min) + Vmin,20.69,40.01192074923059,16.10231508792813,8.451383176891458,71.57245832156973,74.84,0.08005138927765482,8,73.12,73.12,0.0
4159,1b_2c,CataCXium A,Pd(OAc)2,KOH,MeOH,66.67,2773,M0_vbur_vmin,%Vbur(min) + Vmin,66.67,47.10023916730262,13.030229919327029,21.560988525421642,72.6394898091836,74.84,0.06986600549636934,9,73.12,73.12,0.0
4142,1b_2c,P(tBu)3,Pd(OAc)2,NaOH,MeOH,38.52,2760,M0_vbur_vmin,%Vbur(min) + Vmin,38.52,40.126122781307394,14.749614425887687,11.216878506567529,69.03536705604726,74.84,0.04166996433939335,10,73.12,73.12,0.0
4192,1b_2c,AmPhos,Pd(OAc)2,Et3N,MeOH,57.24,2794,M0_vbur_vmin,%Vbur(min) + Vmin,57.24,35.2616994853113,14.601719938233794,6.6423284063730605,63.881070564249534,74.84,0.013359634193430087,11,73.12,73.12,0.0
3988,1b_2c,AmPhos,Pd(OAc)2,NaHCO3,THF,20.82,2658,M0_vbur_vmin,%Vbur(min) + Vmin,20.82,33.53564049588596,14.967772595764757,4.198806208187033,62.87247478358488,74.84,0.011664049419814498,12,73.12,73.12,0.0
3942,1b_2c,P(o-Tol)3,Pd(OAc)2,None,THF,20.14,2628,M0_vbur_vmin,%Vbur(min) + Vmin,20.14,29.85908213730783,15.904108315627884,-1.31297016132282,61.03113443593848,74.84,0.009890783668530231,13,73.12,73.12,0.0
4210,1b_2c,XPhos,Pd(OAc)2,CsF,MeOH,33.45,2807,M0_vbur_vmin,%Vbur(min) + Vmin,33.45,36.04635007111517,13.674460389252522,9.24440770818023,62.84829243405011,74.84,0.008112365140769184,14,73.12,73.12,0.0
4190,1b_2c,P(tBu)3,Pd(OAc)2,Et3N,MeOH,40.8,2792,M0_vbur_vmin,%Vbur(min) + Vmin,40.8,31.31507293952029,15.095062239717388,1.728750949674211,60.901394929366376,74.84,0.007723608289168016,15,73.12,73.12,0.0
3847,1b_2c,CataCXium A,Pd(OAc)2,None,MeCN,14.79,2565,M0_vbur_vmin,%Vbur(min) + Vmin,14.79,32.38926229346636,14.510079542989134,3.949506389207656,60.82901819772506,74.84,0.006380745798888143,16,73.12,73.12,0.0
4095,1b_2c,P(Ph)3,Pd(OAc)2,Et3N,DMF,15.71,2729,M0_vbur_vmin,%Vbur(min) + Vmin,15.71,25.594039744712276,16.28672677066854,-6.327944725798062,57.516024215222615,74.84,0.00512948114201929,17,73.12,73.12,0.0
4035,1b_2c,P(Ph)3,Pd(OAc)2,None,DMF,13.72,2689,M0_vbur_vmin,%Vbur(min) + Vmin,13.72,24.022048250978244,16.5935652923476,-8.501339722023047,56.545436223979536,74.84,0.004554239059862818,18,73.12,73.12,0.0
3927,1b_2c,P(Ph)3,Pd(OAc)2,K3PO4,MeCN,17.77,2617,M0_vbur_vmin,%Vbur(min) + Vmin,17.77,26.11694842273228,15.662159053091365,-4.580883321326798,56.81478016679135,74.84,0.0035819103469860517,19,73.12,73.12,0.0
4122,1b_2c,P(o-Tol)3,Pd(OAc)2,K3PO4,DMF,14.35,2748,M0_vbur_vmin,%Vbur(min) + Vmin,14.35,20.725696360321294,16.767377163709035,-12.138362880548414,53.589755601191,74.84,0.0025088624636824194,20,73.12,73.12,0.0
842,1c_2a,P(Ph)3,Pd(OAc)2,Et3N,MeCN,97.45,561,M0_vbur_vmin,%Vbur(min) + Vmin,97.45,94.57938153185327,15.863455122985593,63.48700949080151,125.67175357290503,98.53,4.3507436582508765,1,97.45,97.45,0.0
1106,1c_2a,P(Ph)3,Pd(OAc)2,KOH,MeOH,93.94,737,M0_vbur_vmin,%Vbur(min) + Vmin,93.94,93.93925864799795,15.700191112102226,63.16688406827758,124.71163322771831,98.53,4.044503317860384,2,97.45,97.45,0.0
1094,1c_2a,P(Ph)3,Pd(OAc)2,K3PO4,MeOH,94.15,729,M0_vbur_vmin,%Vbur(min) + Vmin,94.15,91.97191410194259,15.618117597381397,61.36040361107505,122.58342459281013,98.53,3.3273196570965275,3,97.45,97.45,0.0
794,1c_2a,P(Ph)3,Pd(OAc)2,CsF,MeCN,96.49,529,M0_vbur_vmin,%Vbur(min) + Vmin,96.49,89.01017606600237,16.196070182300993,57.265878508692424,120.75447362331232,98.53,2.6498969435281623,4,97.45,97.45,0.0
878,1c_2a,P(Ph)3,Pd(OAc)2,NaHCO3,THF,87.25,585,M0_vbur_vmin,%Vbur(min) + Vmin,87.25,86.81568578066131,16.14265196492745,55.17608792940351,118.45528363191912,98.53,2.0931663289255154,5,97.45,97.45,0.0
926,1c_2a,P(Ph)3,Pd(OAc)2,LiOtBu,THF,85.88,617,M0_vbur_vmin,%Vbur(min) + Vmin,85.88,86.3085154193389,16.309040121229366,54.34279678172935,118.27423405694846,98.53,2.030423387864117,6,97.45,97.45,0.0
986,1c_2a,P(Ph)3,Pd(OAc)2,CsF,DMF,91.14,657,M0_vbur_vmin,%Vbur(min) + Vmin,91.14,85.64733476935692,16.184165540416156,53.92637031014125,117.36829922857258,98.53,1.854910093678312,7,97.45,97.45,0.0
1072,1c_2a,P(Cy)3,Pd(OAc)2,NaHCO3,MeOH,89.13,715,M0_vbur_vmin,%Vbur(min) + Vmin,89.13,87.79001618589106,13.619147663044599,61.09648676632365,114.48354560545847,98.53,1.5653556650584273,8,97.45,97.45,0.0
846,1c_2a,CataCXium A,Pd(OAc)2,Et3N,MeCN,92.52,565,M0_vbur_vmin,%Vbur(min) + Vmin,92.52,84.66759369286487,14.485298838425717,56.27640796955046,113.05877941617928,98.53,1.22647353283014,9,97.45,97.45,0.0
1084,1c_2a,P(Cy)3,Pd(OAc)2,CsF,MeOH,89.81,723,M0_vbur_vmin,%Vbur(min) + Vmin,89.81,82.772217934059,14.925757034560355,53.517734146320706,112.0267017217973,98.53,1.0461682669645835,10,97.45,97.45,0.0
1125,1c_2a,XPhos,Pd(OAc)2,LiOtBu,MeOH,82.88,751,M0_vbur_vmin,%Vbur(min) + Vmin,82.88,82.05665279068643,14.468760422575384,53.697882362438676,110.41542321893418,98.53,0.8575413086109656,11,97.45,97.45,0.0
1113,1c_2a,XPhos,Pd(OAc)2,KOH,MeOH,82.32,743,M0_vbur_vmin,%Vbur(min) + Vmin,82.32,83.77417700774963,13.422767747403237,57.465552222839285,110.08280179265998,98.53,0.8564102213148059,12,97.45,97.45,0.0
789,1c_2a,XPhos,Pd(OAc)2,NaHCO3,MeCN,78.08,527,M0_vbur_vmin,%Vbur(min) + Vmin,78.08,80.3751981550605,14.30800634952354,52.33150570999436,108.41889060012664,98.53,0.6461667336337116,13,97.45,97.45,0.0
787,1c_2a,SPhos,Pd(OAc)2,NaHCO3,MeCN,78.31,526,M0_vbur_vmin,%Vbur(min) + Vmin,78.31,79.3340428324504,14.233914061837234,51.435571271249415,107.23251439365137,98.53,0.5409122482262412,14,97.45,97.45,0.0
835,1c_2a,SPhos,Pd(OAc)2,LiOtBu,MeCN,90.89,558,M0_vbur_vmin,%Vbur(min) + Vmin,90.89,80.98475485443228,13.234671003083516,55.04479968838859,106.92471002047597,98.53,0.5256639295908085,15,97.45,97.45,0.0
784,1c_2a,P(Cy)3,Pd(OAc)2,NaHCO3,MeCN,93.05,523,M0_vbur_vmin,%Vbur(min) + Vmin,93.05,77.09294836430199,14.883193889222133,47.92188834142661,106.26400838717737,98.53,0.4627451887083649,16,97.45,97.45,0.0
786,1c_2a,CataCXium A,Pd(OAc)2,NaHCO3,MeCN,92.77,525,M0_vbur_vmin,%Vbur(min) + Vmin,92.77,77.8323625622328,14.401003071320948,49.60639654244375,106.05832858202186,98.53,0.449772278216809,17,97.45,97.45,0.0
988,1c_2a,P(Cy)3,Pd(OAc)2,CsF,DMF,94.46,659,M0_vbur_vmin,%Vbur(min) + Vmin,94.46,79.72887565700559,13.238619936017729,53.78118058241084,105.67657073160034,98.53,0.42672886807414323,18,97.45,97.45,0.0
1121,1c_2a,P(o-Tol)3,Pd(OAc)2,LiOtBu,MeOH,48.82,748,M0_vbur_vmin,%Vbur(min) + Vmin,48.82,71.97062272626272,17.139017747313172,38.3781479415289,105.56309751099653,98.53,0.41867080252251276,19,97.45,97.45,0.0
1034,1c_2a,P(Ph)3,Pd(OAc)2,Et3N,DMF,60.18,689,M0_vbur_vmin,%Vbur(min) + Vmin,60.18,73.14285819561661,16.16312504060961,41.46313311602178,104.82258327521144,98.53,0.37423262841783633,20,97.45,97.45,0.0
1694,1c_2b,P(Ph)3,Pd(OAc)2,LiOtBu,THF,94.45,1129,M0_vbur_vmin,%Vbur(min) + Vmin,94.45,90.96142777149528,16.368593184771118,58.87898512934389,123.04387041364667,97.25,3.6895225206117246,1,94.45,98.61,4.159999999999997
1718,1c_2b,P(Ph)3,Pd(OAc)2,None,THF,96.15,1145,M0_vbur_vmin,%Vbur(min) + Vmin,96.15,89.01289437188578,16.746111404928065,56.190516018226774,121.83527272554478,97.25,3.201388189739178,2,96.15,98.61,2.4599999999999937
1742,1c_2b,P(Ph)3,Pd(OAc)2,NaHCO3,DMF,90.99,1161,M0_vbur_vmin,%Vbur(min) + Vmin,90.99,87.8701180016644,16.928407662509056,54.69043898314665,121.04979702018214,97.25,2.9321320116128744,3,96.15,98.61,2.4599999999999937
1646,1c_2b,P(Ph)3,Pd(OAc)2,NaHCO3,THF,96.16,1097,M0_vbur_vmin,%Vbur(min) + Vmin,96.16,87.81821490841492,16.40499691070101,55.66442096344094,119.9720088533889,97.25,2.7428055305295405,4,96.16,98.61,2.450000000000003
1610,1c_2b,P(Ph)3,Pd(OAc)2,Et3N,MeCN,92.43,1073,M0_vbur_vmin,%Vbur(min) + Vmin,92.43,83.97045975629757,16.28877742988379,52.04445599372534,115.89646351886981,97.25,1.8043720943504784,5,96.16,98.61,2.450000000000003
1802,1c_2b,P(Ph)3,Pd(OAc)2,Et3N,DMF,85.9,1201,M0_vbur_vmin,%Vbur(min) + Vmin,85.9,82.20414872604175,16.136121663808535,50.57735026497703,113.83094718710647,97.25,1.4406822942294468,6,96.16,98.61,2.450000000000003
1636,1c_2b,P(Cy)3,Pd(OAc)2,NaOH,THF,66.25,1091,M0_vbur_vmin,%Vbur(min) + Vmin,66.25,82.17763796086403,15.270912398036934,52.24664966071164,112.10862626101643,97.25,1.2251918881214556,7,96.16,98.61,2.450000000000003
1684,1c_2b,P(Cy)3,Pd(OAc)2,KOH,THF,75.02,1123,M0_vbur_vmin,%Vbur(min) + Vmin,75.02,84.26084022339566,13.831434189263746,57.15122921243872,111.3704512343526,97.25,1.2077092763852604,8,96.16,98.61,2.450000000000003
1778,1c_2b,P(Ph)3,Pd(OAc)2,KOH,DMF,83.87,1185,M0_vbur_vmin,%Vbur(min) + Vmin,83.87,77.94849350881879,16.36191934669683,45.879131589293,110.01785542834457,97.25,0.8988689694070784,9,96.16,98.61,2.450000000000003
1850,1c_2b,P(Ph)3,Pd(OAc)2,CsF,MeOH,80.77,1233,M0_vbur_vmin,%Vbur(min) + Vmin,80.77,74.06381756804092,15.914542870270838,42.87131354231008,105.25632159377176,97.25,0.4789468113392965,10,96.16,98.61,2.450000000000003
1591,1c_2b,SPhos,Pd(OAc)2,KOH,MeCN,84.76,1062,M0_vbur_vmin,%Vbur(min) + Vmin,84.76,77.78834178719067,13.422045429527264,51.48113274531724,104.09555082906411,97.25,0.40495120211470526,11,96.16,98.61,2.450000000000003
1539,1c_2b,AmPhos,Pd(OAc)2,NaOH,MeCN,62.59,1026,M0_vbur_vmin,%Vbur(min) + Vmin,62.59,75.23544121041844,14.510367189206706,46.7951215195733,103.67576090126359,97.25,0.37765305394758686,12,96.16,98.61,2.450000000000003
1587,1c_2b,AmPhos,Pd(OAc)2,KOH,MeCN,90.4,1058,M0_vbur_vmin,%Vbur(min) + Vmin,90.4,72.40736877733647,15.49897270456881,42.029382276381604,102.78535527829135,97.25,0.3314410922435471,13,96.16,98.61,2.450000000000003
1828,1c_2b,P(Cy)3,Pd(OAc)2,NaOH,MeOH,62.34,1219,M0_vbur_vmin,%Vbur(min) + Vmin,62.34,75.21467983820605,13.984526101193316,47.80500867986716,102.62435099654495,97.25,0.3163567310343436,14,96.16,98.61,2.450000000000003
1768,1c_2b,P(Cy)3,Pd(OAc)2,K3PO4,DMF,52.88,1179,M0_vbur_vmin,%Vbur(min) + Vmin,52.88,73.33795163395736,14.331313382350823,45.24857740454975,101.42732586336497,97.25,0.2599203729024344,15,96.16,98.61,2.450000000000003
1648,1c_2b,P(Cy)3,Pd(OAc)2,NaHCO3,THF,95.29,1099,M0_vbur_vmin,%Vbur(min) + Vmin,95.29,74.46356876899347,13.795506796245213,47.42437544835285,101.50276208963409,97.25,0.2597785950247151,16,96.16,98.61,2.450000000000003
1734,1c_2b,CataCXium A,Pd(OAc)2,NaOH,DMF,23.29,1157,M0_vbur_vmin,%Vbur(min) + Vmin,23.29,72.20292430439571,14.628170050092097,43.531711006215204,100.87413760257621,97.25,0.23869303765302052,17,96.16,98.61,2.450000000000003
1879,1c_2b,SPhos,Pd(OAc)2,KOH,MeOH,73.51,1254,M0_vbur_vmin,%Vbur(min) + Vmin,73.51,69.49662040933259,14.53838550690779,41.00138481579333,97.99185600287186,97.25,0.14348080985403988,18,96.16,98.61,2.450000000000003
1881,1c_2b,XPhos,Pd(OAc)2,KOH,MeOH,71.6,1255,M0_vbur_vmin,%Vbur(min) + Vmin,71.6,68.33223962248553,14.679344776509312,39.560723860527276,97.10375538444379,97.25,0.12330048184397147,19,96.16,98.61,2.450000000000003
1759,1c_2b,SPhos,Pd(OAc)2,CsF,DMF,72.82,1174,M0_vbur_vmin,%Vbur(min) + Vmin,72.82,73.05126596189166,12.632568393028876,48.291431911555065,97.81110001222825,97.25,0.12085152511701902,20,96.16,98.61,2.450000000000003
3447,1c_2c,P(Ph)3,Pd(OAc)2,K3PO4,MeOH,84.54,2297,M0_vbur_vmin,%Vbur(min) + Vmin,84.54,67.11359197199333,15.348391726332533,37.03074418838156,97.1964397556051,83.66,1.0312497525404614,1,84.54,84.54,0.0
3423,1c_2c,P(Ph)3,Pd(OAc)2,Et3N,MeOH,71.31,2281,M0_vbur_vmin,%Vbur(min) + Vmin,71.31,60.42306405587735,16.010963506660115,29.041575582823523,91.80455252893117,83.66,0.4882219991292214,2,84.54,84.54,0.0
3171,1c_2c,P(Ph)3,Pd(OAc)2,None,THF,47.59,2113,M0_vbur_vmin,%Vbur(min) + Vmin,47.59,50.073999961733826,16.87323004355924,17.00246907635772,83.14553084710994,83.66,0.1357229922757679,3,84.54,84.54,0.0
3390,1c_2c,P(o-Tol)3,Pd(OAc)2,KOH,MeOH,37.72,2260,M0_vbur_vmin,%Vbur(min) + Vmin,37.72,46.226622411404556,15.929543617211008,15.00471692167098,77.44852790113814,83.66,0.0458375845546769,4,84.54,84.54,0.0
3389,1c_2c,P(Cy)3,Pd(OAc)2,KOH,MeOH,49.15,2259,M0_vbur_vmin,%Vbur(min) + Vmin,49.15,49.476909667299125,14.41500081175526,21.223508076258817,77.73031125833944,83.66,0.03850715640136487,5,84.54,84.54,0.0
3207,1c_2c,P(Ph)3,Pd(OAc)2,LiOtBu,THF,60.47,2137,M0_vbur_vmin,%Vbur(min) + Vmin,60.47,44.92195703522401,15.719727325895203,14.111291476469415,75.7326225939786,83.66,0.03188708953307412,6,84.54,84.54,0.0
3315,1c_2c,P(Ph)3,Pd(OAc)2,NaHCO3,DMF,14.49,2209,M0_vbur_vmin,%Vbur(min) + Vmin,14.49,41.31894265547707,16.61222867250352,8.758974457370172,73.87891085358397,83.66,0.026004390817094797,7,84.54,84.54,0.0
3378,1c_2c,P(o-Tol)3,Pd(OAc)2,NaOH,MeOH,35.64,2252,M0_vbur_vmin,%Vbur(min) + Vmin,35.64,42.38018705841991,15.698695782608752,11.610743324506753,73.14963079233306,83.66,0.018872069192603563,8,84.54,84.54,0.0
3425,1c_2c,P(Cy)3,Pd(OAc)2,Et3N,MeOH,69.26,2283,M0_vbur_vmin,%Vbur(min) + Vmin,69.26,40.61452284019003,15.830373432341052,9.586990912801568,71.64205476757849,83.66,0.014199319325522236,9,84.54,84.54,0.0
3366,1c_2c,P(o-Tol)3,Pd(OAc)2,None,MeOH,38.2,2244,M0_vbur_vmin,%Vbur(min) + Vmin,38.2,37.072785751018046,16.577318283464386,4.581241915427846,69.56432958660824,83.66,0.011006437072158412,10,84.54,84.54,0.0
3392,1c_2c,SPhos,Pd(OAc)2,KOH,MeOH,45.38,2262,M0_vbur_vmin,%Vbur(min) + Vmin,45.38,44.07858255099026,13.029778496406747,18.54021669803304,69.61694840394749,83.66,0.0037954409332996777,11,84.54,84.54,0.0
3430,1c_2c,XPhos,Pd(OAc)2,Et3N,MeOH,30.62,2287,M0_vbur_vmin,%Vbur(min) + Vmin,30.62,35.77185100744707,15.322042605260647,5.740647501136202,65.80305451375793,83.66,0.0033133529816811447,12,84.54,84.54,0.0
3087,1c_2c,P(Ph)3,Pd(OAc)2,NaOH,MeCN,16.76,2057,M0_vbur_vmin,%Vbur(min) + Vmin,16.76,34.342505572869044,15.650778077608495,3.666980540756395,65.01803060498169,83.66,0.0030867912675817608,13,84.54,84.54,0.0
3303,1c_2c,P(Ph)3,Pd(OAc)2,LiOtBu,DMF,13.1,2201,M0_vbur_vmin,%Vbur(min) + Vmin,13.1,31.48660253221584,15.997158939580043,0.13217101063895598,62.841034053792725,83.66,0.0020933629785996957,14,84.54,84.54,0.0
3365,1c_2c,P(Cy)3,Pd(OAc)2,None,MeOH,26.1,2243,M0_vbur_vmin,%Vbur(min) + Vmin,26.1,36.42735745875196,14.502585321159891,8.002290229278575,64.85242468822535,83.66,0.0019075414607380402,15,84.54,84.54,0.0
3099,1c_2c,P(Ph)3,Pd(OAc)2,KOH,MeCN,13.24,2065,M0_vbur_vmin,%Vbur(min) + Vmin,13.24,27.781612766942434,16.623159947118094,-4.799780729409026,60.3630062632939,83.66,0.0014885848963629156,16,84.54,84.54,0.0
3376,1c_2c,AmPhos,Pd(OAc)2,NaOH,MeOH,39.11,2250,M0_vbur_vmin,%Vbur(min) + Vmin,39.11,35.02875511388633,14.585108817603112,6.441941831384227,63.615568396388426,83.66,0.0014274856086330528,17,84.54,84.54,0.0
3074,1c_2c,P(tBu)3,Pd(OAc)2,None,MeCN,7.97,2048,M0_vbur_vmin,%Vbur(min) + Vmin,7.97,30.736919741162588,15.513315229942823,0.33082189047465604,61.14301759185052,83.66,0.0011333776046055805,18,84.54,84.54,0.0
3374,1c_2c,P(tBu)3,Pd(OAc)2,NaOH,MeOH,23.77,2248,M0_vbur_vmin,%Vbur(min) + Vmin,23.77,30.857436491762996,15.085430660157394,1.2899923978545047,60.42488058567149,83.66,0.0007721243123426681,19,84.54,84.54,0.0
3434,1c_2c,P(tBu)3,Pd(OAc)2,CsF,MeOH,23.65,2288,M0_vbur_vmin,%Vbur(min) + Vmin,23.65,30.049527927996373,15.285393459778385,0.09015674683073982,60.008899109162,83.66,0.0007618239951925603,20,84.54,84.54,0.0
1494,1d_2a,CataCXium A,Pd(OAc)2,KOH,MeOH,95.06,997,M0_vbur_vmin,%Vbur(min) + Vmin,95.06,99.27659387539433,13.862578673397925,72.10593967553439,126.44724807525427,98.69,5.573773582811698,1,95.06,98.2,3.1400000000000006
1358,1d_2a,P(Ph)3,Pd(OAc)2,NaHCO3,DMF,89.45,905,M0_vbur_vmin,%Vbur(min) + Vmin,89.45,94.80776758271497,15.918460667531491,63.60758467435325,126.0079504910767,98.69,4.398563569444472,2,95.06,98.2,3.1400000000000006
1505,1d_2a,P(o-Tol)3,Pd(OAc)2,LiOtBu,MeOH,92.65,1004,M0_vbur_vmin,%Vbur(min) + Vmin,92.65,90.63194919098453,17.898549318160516,55.550792527389916,125.71310585457914,98.69,3.66248943033678,3,95.06,98.2,3.1400000000000006
1497,1d_2a,XPhos,Pd(OAc)2,KOH,MeOH,90.57,999,M0_vbur_vmin,%Vbur(min) + Vmin,90.57,94.37576083776881,13.670187971740221,67.58219241315797,121.16932926237965,98.69,3.381234057021552,4,95.06,98.2,3.1400000000000006
1166,1d_2a,P(Ph)3,Pd(OAc)2,NaHCO3,MeCN,93.27,777,M0_vbur_vmin,%Vbur(min) + Vmin,93.27,91.21200701429463,16.555138797797923,58.7639349706107,123.66007905797855,98.69,3.3679371687487114,5,95.06,98.2,3.1400000000000006
1218,1d_2a,CataCXium A,Pd(OAc)2,LiOtBu,MeCN,94.64,813,M0_vbur_vmin,%Vbur(min) + Vmin,94.64,92.85923495683,14.98023430714994,63.49797571481611,122.22049419884388,98.69,3.3367345532105532,6,95.06,98.2,3.1400000000000006
1206,1d_2a,CataCXium A,Pd(OAc)2,KOH,MeCN,93.12,805,M0_vbur_vmin,%Vbur(min) + Vmin,93.12,94.12527949165903,13.724268022004344,67.22571416853052,121.02484481478754,98.69,3.311478627920776,7,95.06,98.2,3.1400000000000006
1298,1d_2a,P(Ph)3,Pd(OAc)2,KOH,THF,65.45,865,M0_vbur_vmin,%Vbur(min) + Vmin,65.45,88.3078869905888,16.77465635901088,55.429560526927474,121.18621345425012,98.69,2.6118442455844364,8,95.06,98.2,3.1400000000000006
1202,1d_2a,P(Ph)3,Pd(OAc)2,KOH,MeCN,91.35,801,M0_vbur_vmin,%Vbur(min) + Vmin,91.35,86.9606534390303,17.471793101694125,52.71593895970981,121.20536791835079,98.69,2.496578768157689,9,95.06,98.2,3.1400000000000006
1214,1d_2a,P(Ph)3,Pd(OAc)2,LiOtBu,MeCN,98.2,809,M0_vbur_vmin,%Vbur(min) + Vmin,98.2,88.1526590258008,16.021799828104047,56.749931362716865,119.55538668888474,98.69,2.332543949138477,10,98.2,98.2,0.0
1418,1d_2a,P(Ph)3,Pd(OAc)2,Et3N,DMF,87.27,945,M0_vbur_vmin,%Vbur(min) + Vmin,87.27,85.72684083196299,16.607987547828643,53.17518523821885,118.27849642570712,98.69,1.9592224968890344,11,98.2,98.2,0.0
1213,1d_2a,P(tBu)3,Pd(OAc)2,LiOtBu,MeCN,92.92,808,M0_vbur_vmin,%Vbur(min) + Vmin,92.92,86.94003354031916,15.694138479481671,56.17952212053509,117.70054496010323,98.69,1.9521027673361186,12,98.2,98.2,0.0
1479,1d_2a,AmPhos,Pd(OAc)2,K3PO4,MeOH,92.82,986,M0_vbur_vmin,%Vbur(min) + Vmin,92.82,89.09403647006087,13.508492146979487,62.617391861981076,115.57068107814067,98.69,1.7799051345026133,13,98.2,98.2,0.0
1209,1d_2a,XPhos,Pd(OAc)2,KOH,MeCN,85.95,807,M0_vbur_vmin,%Vbur(min) + Vmin,85.95,86.91588363448275,14.683386695349776,58.13644571159719,115.69532155736832,98.69,1.656032812085035,14,98.2,98.2,0.0
1483,1d_2a,SPhos,Pd(OAc)2,K3PO4,MeOH,91.37,990,M0_vbur_vmin,%Vbur(min) + Vmin,91.37,88.1528693206563,13.175772450641908,62.32835531739815,113.97738332391444,98.69,1.481317048123373,15,98.2,98.2,0.0
1394,1d_2a,P(Ph)3,Pd(OAc)2,KOH,DMF,92.73,929,M0_vbur_vmin,%Vbur(min) + Vmin,92.73,83.80904274735909,16.01902695278243,52.411749919905525,115.20633557481264,98.69,1.4389816131200934,16,98.2,98.2,0.0
1456,1d_2a,P(Cy)3,Pd(OAc)2,NaHCO3,MeOH,92.43,971,M0_vbur_vmin,%Vbur(min) + Vmin,92.43,86.47085086148901,13.714066896406504,59.591279744532265,113.35042197844575,98.69,1.309386475269259,17,98.2,98.2,0.0
1399,1d_2a,SPhos,Pd(OAc)2,KOH,DMF,85.37,934,M0_vbur_vmin,%Vbur(min) + Vmin,85.37,87.3129509851101,12.493213478487617,62.82625256727438,111.79964940294583,98.69,1.1423727659662224,18,98.2,98.2,0.0
1170,1d_2a,CataCXium A,Pd(OAc)2,NaHCO3,MeCN,92.01,781,M0_vbur_vmin,%Vbur(min) + Vmin,92.01,84.32861644567262,14.385767562121668,56.13251202391415,112.52472086743109,98.69,1.1249795020332756,19,98.2,98.2,0.0
1204,1d_2a,P(Cy)3,Pd(OAc)2,KOH,MeCN,83.91,803,M0_vbur_vmin,%Vbur(min) + Vmin,83.91,81.7423950025274,14.821684089973875,52.69189418617861,110.79289581887619,98.69,0.871231300162433,20,98.2,98.2,0.0
1926,1d_2b,CataCXium A,Pd(OAc)2,NaOH,MeCN,94.39,1285,M0_vbur_vmin,%Vbur(min) + Vmin,94.39,98.75276582716468,12.987541901903812,73.2971836994332,124.20834795489615,98.42,5.098092030355575,1,94.39,100.0,5.609999999999999
1998,1d_2b,CataCXium A,Pd(OAc)2,Et3N,MeCN,94.32,1333,M0_vbur_vmin,%Vbur(min) + Vmin,94.32,98.0290420088482,12.631851236024128,73.2706135862409,122.78747043145549,98.42,4.606430440020786,2,94.39,100.0,5.609999999999999
1923,1d_2b,AmPhos,Pd(OAc)2,NaOH,MeCN,94.83,1282,M0_vbur_vmin,%Vbur(min) + Vmin,94.83,95.44549708768004,14.434752007060613,67.15338315384123,123.73761102151884,98.42,4.18740368143371,3,94.83,100.0,5.170000000000002
2261,1d_2b,P(o-Tol)3,Pd(OAc)2,KOH,MeOH,86.4,1508,M0_vbur_vmin,%Vbur(min) + Vmin,86.4,90.9051227507752,16.28889755297368,58.97888354694679,122.83136195460362,98.42,3.2620472146272954,4,94.83,100.0,5.170000000000002
2078,1d_2b,P(Ph)3,Pd(OAc)2,LiOtBu,THF,94.71,1385,M0_vbur_vmin,%Vbur(min) + Vmin,94.71,88.47075055039792,17.068847884399936,55.01580869697405,121.9256924038218,98.42,2.8224418542376717,5,94.83,100.0,5.170000000000002
2077,1d_2b,P(tBu)3,Pd(OAc)2,LiOtBu,THF,93.55,1384,M0_vbur_vmin,%Vbur(min) + Vmin,93.55,91.21552147471095,14.289854705853895,63.207406251237316,119.22363669818459,98.42,2.6576729488878286,6,94.83,100.0,5.170000000000002
2079,1d_2b,AmPhos,Pd(OAc)2,LiOtBu,THF,95.53,1386,M0_vbur_vmin,%Vbur(min) + Vmin,95.53,91.67399406465815,13.824100215380984,64.57875764251142,118.76923048680487,98.42,2.6327359041678444,7,95.53,100.0,4.469999999999999
1929,1d_2b,XPhos,Pd(OAc)2,NaOH,MeCN,90.64,1287,M0_vbur_vmin,%Vbur(min) + Vmin,90.64,92.3825513463085,13.1271575414131,66.65332256513884,118.11178012747817,98.42,2.6045778511710402,8,95.53,100.0,4.469999999999999
2066,1d_2b,P(Ph)3,Pd(OAc)2,KOH,THF,77.32,1377,M0_vbur_vmin,%Vbur(min) + Vmin,77.32,86.14303007627852,17.57699533859147,51.69211921263924,120.5939409399178,98.42,2.398898959213557,9,95.53,100.0,4.469999999999999
2274,1d_2b,CataCXium A,Pd(OAc)2,LiOtBu,MeOH,86.19,1517,M0_vbur_vmin,%Vbur(min) + Vmin,86.19,90.37364449422651,13.954983889107172,63.02187607157646,117.72541291687656,98.42,2.30663726791248,10,95.53,100.0,4.469999999999999
2083,1d_2b,SPhos,Pd(OAc)2,LiOtBu,THF,95.34,1390,M0_vbur_vmin,%Vbur(min) + Vmin,95.34,91.30468338282262,12.913739519849193,65.9937539239182,116.61561284172703,98.42,2.214879838757854,11,95.53,100.0,4.469999999999999
2222,1d_2b,P(Ph)3,Pd(OAc)2,NaHCO3,MeOH,87.84,1481,M0_vbur_vmin,%Vbur(min) + Vmin,87.84,87.11846760718154,16.076527496946408,55.60847371316659,118.6284615011965,98.42,2.1673097400897214,12,95.53,100.0,4.469999999999999
2259,1d_2b,AmPhos,Pd(OAc)2,KOH,MeOH,83.8,1506,M0_vbur_vmin,%Vbur(min) + Vmin,83.8,88.1909278444669,15.128213870853351,58.539628657594335,117.84222703133946,98.42,2.1279986948352017,13,95.53,100.0,4.469999999999999
1921,1d_2b,P(tBu)3,Pd(OAc)2,NaOH,MeCN,93.45,1280,M0_vbur_vmin,%Vbur(min) + Vmin,93.45,87.28766817595996,15.241403923215396,57.414516486457785,117.16081986546214,98.42,1.9539515795753024,14,95.53,100.0,4.469999999999999
2095,1d_2b,SPhos,Pd(OAc)2,Et3N,THF,85.37,1398,M0_vbur_vmin,%Vbur(min) + Vmin,85.37,88.15649996316802,14.129584744175746,60.462513864583556,115.85048606175248,98.42,1.8159372300934615,15,95.53,100.0,4.469999999999999
2114,1d_2b,P(Ph)3,Pd(OAc)2,NaOH,DMF,88.53,1409,M0_vbur_vmin,%Vbur(min) + Vmin,88.53,85.8680227752409,15.529499079082685,55.430204580238836,116.30584097024297,98.42,1.7372758548134146,16,95.53,100.0,4.469999999999999
2019,1d_2b,AmPhos,Pd(OAc)2,NaOH,THF,91.17,1346,M0_vbur_vmin,%Vbur(min) + Vmin,91.17,89.10800080900972,13.143459909545903,63.34681938629976,114.86918223171969,98.42,1.7343442055189642,17,95.53,100.0,4.469999999999999
1994,1d_2b,P(Ph)3,Pd(OAc)2,Et3N,MeCN,94.38,1329,M0_vbur_vmin,%Vbur(min) + Vmin,94.38,85.13007461538609,15.847034307077472,54.06988737351425,116.19026185725794,98.42,1.680376998475639,18,95.53,100.0,4.469999999999999
2271,1d_2b,AmPhos,Pd(OAc)2,LiOtBu,MeOH,100.0,1514,M0_vbur_vmin,%Vbur(min) + Vmin,100.0,85.84378302889233,15.126299490580989,56.19623602735359,115.49133003043107,98.42,1.6206426841541184,19,100.0,100.0,0.0
2215,1d_2b,SPhos,Pd(OAc)2,NaOH,MeOH,83.9,1478,M0_vbur_vmin,%Vbur(min) + Vmin,83.9,88.85269215100078,12.945280226078362,63.47994290788719,114.22544139411437,98.42,1.6182643390872151,20,100.0,100.0,0.0
3786,1d_2c,P(o-Tol)3,Pd(OAc)2,LiOtBu,MeOH,73.24,2524,M0_vbur_vmin,%Vbur(min) + Vmin,73.24,65.45108897400571,17.970090535931504,30.229711523579965,100.67246642443146,81.25,1.7817133992636967,1,73.24,80.09,6.8500000000000085
3807,1d_2c,P(Ph)3,Pd(OAc)2,Et3N,MeOH,80.09,2537,M0_vbur_vmin,%Vbur(min) + Vmin,80.09,59.72863372367958,16.764674700309193,26.86987131107356,92.5873961362856,81.25,0.741522260610024,2,80.09,80.09,0.0
3790,1d_2c,XPhos,Pd(OAc)2,LiOtBu,MeOH,64.55,2527,M0_vbur_vmin,%Vbur(min) + Vmin,64.55,64.65583663916503,13.495699983006658,38.20426467247198,91.10740860585808,81.25,0.6593215797279308,3,80.09,80.09,0.0
3833,1d_2c,P(Cy)3,Pd(OAc)2,K3PO4,MeOH,78.59,2555,M0_vbur_vmin,%Vbur(min) + Vmin,78.59,61.42536636621436,15.204757700231031,31.62404127376154,91.22669145866718,81.25,0.6399131731550354,4,80.09,80.09,0.0
3810,1d_2c,P(o-Tol)3,Pd(OAc)2,Et3N,MeOH,79.4,2540,M0_vbur_vmin,%Vbur(min) + Vmin,79.4,57.4098586419972,16.90689771563503,24.272339119352537,90.54737816464186,81.25,0.5677524641066358,5,80.09,80.09,0.0
3788,1d_2c,SPhos,Pd(OAc)2,LiOtBu,MeOH,69.82,2526,M0_vbur_vmin,%Vbur(min) + Vmin,69.82,62.922333913128064,12.4792001031312,38.46310171099091,87.38156611526522,81.25,0.3585135506818209,6,80.09,80.09,0.0
3764,1d_2c,SPhos,Pd(OAc)2,NaOH,MeOH,62.57,2510,M0_vbur_vmin,%Vbur(min) + Vmin,62.57,59.86414457967586,13.95450979949164,32.51330537267224,87.21498378667948,81.25,0.34930386255448864,7,80.09,80.09,0.0
3812,1d_2c,SPhos,Pd(OAc)2,Et3N,MeOH,58.75,2542,M0_vbur_vmin,%Vbur(min) + Vmin,58.75,60.908647566828286,13.303333207917468,34.834114479310045,86.98318065434653,81.25,0.33436198865256017,8,80.09,80.09,0.0
3775,1d_2c,CataCXium A,Pd(OAc)2,KOH,MeOH,64.04,2517,M0_vbur_vmin,%Vbur(min) + Vmin,64.04,62.14653240153276,12.50910731162694,37.62868207074396,86.66438273232156,81.25,0.31402703146594435,9,80.09,80.09,0.0
3797,1d_2c,P(Cy)3,Pd(OAc)2,NaHCO3,MeOH,69.95,2531,M0_vbur_vmin,%Vbur(min) + Vmin,69.95,58.18011093952783,13.752536990774631,31.22513843760955,85.13508344144611,81.25,0.2431336187880142,10,80.09,80.09,0.0
3814,1d_2c,XPhos,Pd(OAc)2,Et3N,MeOH,44.35,2543,M0_vbur_vmin,%Vbur(min) + Vmin,44.35,55.92971461098067,14.027022138645826,28.43675121923485,83.42267800272649,81.25,0.18060194857558165,11,80.09,80.09,0.0
3820,1d_2c,AmPhos,Pd(OAc)2,CsF,MeOH,78.92,2546,M0_vbur_vmin,%Vbur(min) + Vmin,78.92,53.43313581016002,15.019472046105733,23.994970599792783,82.87130102052726,81.25,0.17245880949968917,12,80.09,80.09,0.0
3808,1d_2c,AmPhos,Pd(OAc)2,Et3N,MeOH,74.74,2538,M0_vbur_vmin,%Vbur(min) + Vmin,74.74,51.87502935015333,14.471928376140088,23.510049732918763,80.24000896738791,81.25,0.10324339214052602,13,80.09,80.09,0.0
3826,1d_2c,XPhos,Pd(OAc)2,CsF,MeOH,50.87,2551,M0_vbur_vmin,%Vbur(min) + Vmin,50.87,53.39166149432077,13.72550601833326,26.489669698387583,80.29365329025396,81.25,0.0974469498153463,14,80.09,80.09,0.0
3579,1d_2c,P(Ph)3,Pd(OAc)2,KOH,THF,42.44,2385,M0_vbur_vmin,%Vbur(min) + Vmin,42.44,47.04474400619698,15.629332732440371,16.41125185061385,77.6782361617801,81.25,0.07203650629020675,15,80.09,80.09,0.0
3619,1d_2c,CataCXium A,Pd(OAc)2,Et3N,THF,60.3,2413,M0_vbur_vmin,%Vbur(min) + Vmin,60.3,45.96220930319209,13.712549242298074,19.085612788287865,72.83880581809632,81.25,0.019452484362772943,16,80.09,80.09,0.0
3806,1d_2c,P(tBu)3,Pd(OAc)2,Et3N,MeOH,46.61,2536,M0_vbur_vmin,%Vbur(min) + Vmin,46.61,41.09090562461654,15.367657121437219,10.970297666599592,71.21151358263349,81.25,0.019428803560970237,17,80.09,80.09,0.0
3784,1d_2c,AmPhos,Pd(OAc)2,LiOtBu,MeOH,61.48,2522,M0_vbur_vmin,%Vbur(min) + Vmin,61.48,46.16856356514149,13.226118760579244,20.245370794406174,72.09175633587681,81.25,0.014475235778848433,18,80.09,80.09,0.0
3617,1d_2c,P(Cy)3,Pd(OAc)2,Et3N,THF,30.56,2411,M0_vbur_vmin,%Vbur(min) + Vmin,30.56,38.463082131810495,14.399938724208425,10.239202232361983,66.68696203125901,81.25,0.005386580782611658,19,80.09,80.09,0.0
3594,1d_2c,P(o-Tol)3,Pd(OAc)2,LiOtBu,THF,35.01,2396,M0_vbur_vmin,%Vbur(min) + Vmin,35.01,29.00734460116272,16.86965920430461,-4.0571874392743155,62.07187664159976,81.25,0.004094963856421323,20,80.09,80.09,0.0
177,1a_2a,XPhos,Pd(OAc)2,Et3N,THF,88.93,119,M1_interpretable_5,Five interpretable Kraken descriptors,88.93,79.81357979091501,12.865316228776454,54.59755998251316,105.02959959931687,93.67,0.8554104332304995,1,88.93,92.83,3.8999999999999915
103,1a_2a,SPhos,Pd(OAc)2,NaOH,THF,87.06,70,M1_interpretable_5,Five interpretable Kraken descriptors,87.06,79.1180860115335,12.25037509888226,55.10735081772428,103.12882120534273,93.67,0.6478010675334016,2,88.93,92.83,3.8999999999999915
69,1a_2a,XPhos,Pd(OAc)2,LiOtBu,MeCN,92.83,47,M1_interpretable_5,Five interpretable Kraken descriptors,92.83,76.9977284836888,12.491944267160466,52.51351772005429,101.48193924732331,93.67,0.48421914260960985,3,92.83,92.83,0.0
163,1a_2a,SPhos,Pd(OAc)2,LiOtBu,THF,85.95,110,M1_interpretable_5,Five interpretable Kraken descriptors,85.95,76.15395319987799,11.225809372089397,54.151366830582774,98.1565395691732,93.67,0.2579243134013418,4,92.83,92.83,0.0
100,1a_2a,P(Cy)3,Pd(OAc)2,NaOH,THF,69.94,67,M1_interpretable_5,Five interpretable Kraken descriptors,69.94,70.39770880736933,11.573780662361594,47.7130987091406,93.08231890559804,93.67,0.0849350756178649,5,92.83,92.83,0.0
115,1a_2a,SPhos,Pd(OAc)2,NaHCO3,THF,79.85,78,M1_interpretable_5,Five interpretable Kraken descriptors,79.85,68.56569834454916,12.17126522983455,44.710018494073445,92.42137819502489,93.67,0.07793359155778035,6,92.83,92.83,0.0
117,1a_2a,XPhos,Pd(OAc)2,NaHCO3,THF,80.77,79,M1_interpretable_5,Five interpretable Kraken descriptors,80.77,64.47253810174051,12.895441512110795,39.197472738003356,89.74760346547767,93.67,0.046812387610542405,7,92.83,92.83,0.0
114,1a_2a,CataCXium A,Pd(OAc)2,NaHCO3,THF,70.45,77,M1_interpretable_5,Five interpretable Kraken descriptors,70.45,67.84046694361245,10.887901596673178,46.50017981413303,89.18075407309189,93.67,0.028032112814594723,8,92.83,92.83,0.0
19,1a_2a,SPhos,Pd(OAc)2,NaHCO3,MeCN,69.22,14,M1_interpretable_5,Five interpretable Kraken descriptors,69.22,58.74827532131691,12.648220285958171,33.9577635608389,83.53878708179492,93.67,0.00960926627430847,9,92.83,92.83,0.0
31,1a_2a,SPhos,Pd(OAc)2,CsF,MeCN,68.44,22,M1_interpretable_5,Five interpretable Kraken descriptors,68.44,54.532370302946035,11.894545526709349,31.21906107059571,77.84567953529636,93.67,0.00133778077877034,10,92.83,92.83,0.0
157,1a_2a,P(tBu)3,Pd(OAc)2,LiOtBu,THF,66.16,104,M1_interpretable_5,Five interpretable Kraken descriptors,66.16,52.209503448924316,12.477121284973371,27.75434573037651,76.66466116747212,93.67,0.0012478098720967792,11,92.83,92.83,0.0
169,1a_2a,P(tBu)3,Pd(OAc)2,Et3N,THF,68.72,112,M1_interpretable_5,Five interpretable Kraken descriptors,68.72,48.78680595471887,13.157328154144789,22.998442772595087,74.57516913684266,93.67,0.0009404071823142235,12,92.83,92.83,0.0
249,1a_2a,XPhos,Pd(OAc)2,KOH,DMF,79.14,167,M1_interpretable_5,Five interpretable Kraken descriptors,79.14,41.20073490760073,14.73377645513133,12.322533055543325,70.07893675965815,93.67,0.0005878704394870326,13,92.83,92.83,0.0
247,1a_2a,SPhos,Pd(OAc)2,KOH,DMF,62.77,166,M1_interpretable_5,Five interpretable Kraken descriptors,62.77,41.298713747293334,14.311493083560393,13.248187303514964,69.3492401910717,93.67,0.0003798279685298155,14,92.83,92.83,0.0
375,1a_2a,AmPhos,Pd(OAc)2,None,MeOH,32.25,250,M1_interpretable_5,Five interpretable Kraken descriptors,32.25,37.192533783504906,13.892131824289592,9.963955407897306,64.42111215911251,93.67,6.302355377492538e-05,15,92.83,92.83,0.0
171,1a_2a,AmPhos,Pd(OAc)2,Et3N,THF,48.8,114,M1_interpretable_5,Five interpretable Kraken descriptors,48.8,38.9812896332785,13.353420735118453,12.808584992446331,65.15399427411067,93.67,5.250526289350601e-05,16,92.83,92.83,0.0
261,1a_2a,XPhos,Pd(OAc)2,LiOtBu,DMF,61.47,175,M1_interpretable_5,Five interpretable Kraken descriptors,61.47,41.88613180850509,12.64731718173776,17.097390132299083,66.6748734847111,93.67,4.948888833978496e-05,17,92.83,92.83,0.0
316,1a_2a,P(Cy)3,Pd(OAc)2,CsF,MeOH,30.94,211,M1_interpretable_5,Five interpretable Kraken descriptors,30.94,33.25086478232954,13.720666189880845,6.358359050163088,60.143370514496,93.67,1.2757628827217199e-05,18,92.83,92.83,0.0
133,1a_2a,P(tBu)3,Pd(OAc)2,K3PO4,THF,41.23,88,M1_interpretable_5,Five interpretable Kraken descriptors,41.23,38.07836939824766,12.639201659191585,13.305534146232155,62.85120465026316,93.67,1.1868927018941701e-05,19,92.83,92.83,0.0
357,1a_2a,XPhos,Pd(OAc)2,LiOtBu,MeOH,27.33,239,M1_interpretable_5,Five interpretable Kraken descriptors,27.33,42.020996826674384,11.762948770728212,18.96561723604709,65.07637641730167,93.67,1.129348821807266e-05,20,92.83,92.83,0.0
2863,1a_2b,SPhos,Pd(OAc)2,Et3N,THF,76.22,1910,M1_interpretable_5,Five interpretable Kraken descriptors,76.22,69.10276940770201,12.66818862438265,44.273119703912016,93.93241911149201,77.13,1.8938496842853398,1,76.22,92.16,15.939999999999998
2757,1a_2b,XPhos,Pd(OAc)2,LiOtBu,MeCN,76.56,1839,M1_interpretable_5,Five interpretable Kraken descriptors,76.56,70.23243966958779,11.6826609011513,47.33442430333125,93.13045503584434,77.13,1.8662782569721479,2,76.56,92.16,15.599999999999994
2875,1a_2b,SPhos,Pd(OAc)2,None,THF,69.3,1918,M1_interpretable_5,Five interpretable Kraken descriptors,69.3,69.64019878535893,12.097061706649475,45.92995784032596,93.35043973039191,77.13,1.8470912385103992,3,76.56,92.16,15.599999999999994
2793,1a_2b,XPhos,Pd(OAc)2,NaOH,THF,92.16,1863,M1_interpretable_5,Five interpretable Kraken descriptors,92.16,63.828276748619274,14.72931471227158,34.95881991256698,92.69773358467157,77.13,1.381562812695523,4,92.16,92.16,0.0
2877,1a_2b,XPhos,Pd(OAc)2,None,THF,84.83,1919,M1_interpretable_5,Five interpretable Kraken descriptors,84.83,65.35787739340941,12.887696380285474,40.09799248804988,90.61776229876894,77.13,1.1750224037510737,5,92.16,92.16,0.0
2781,1a_2b,XPhos,Pd(OAc)2,None,MeCN,66.37,1855,M1_interpretable_5,Five interpretable Kraken descriptors,66.37,60.09163434406878,11.482461849171123,37.58600911969338,82.59725956844417,77.13,0.3160425661615298,6,92.16,92.16,0.0
2721,1a_2b,XPhos,Pd(OAc)2,CsF,MeCN,77.78,1815,M1_interpretable_5,Five interpretable Kraken descriptors,77.78,58.15251929997757,12.288996177139705,34.06608679278375,82.23895180717139,77.13,0.2959091227859836,7,92.16,92.16,0.0
2731,1a_2b,SPhos,Pd(OAc)2,K3PO4,MeCN,69.42,1822,M1_interpretable_5,Five interpretable Kraken descriptors,69.42,53.396478971363955,12.583514679069681,28.73279020038738,78.06016774234052,77.13,0.13004487506216766,8,92.16,92.16,0.0
2992,1a_2b,P(Cy)3,Pd(OAc)2,NaHCO3,MeOH,30.49,1995,M1_interpretable_5,Five interpretable Kraken descriptors,30.49,40.07531995168561,13.98740375613927,12.660008589652637,67.49063131371858,77.13,0.015577592374953736,9,92.16,92.16,0.0
2983,1a_2b,SPhos,Pd(OAc)2,NaOH,MeOH,63.06,1990,M1_interpretable_5,Five interpretable Kraken descriptors,63.06,37.87162425524678,13.877148180415032,10.672413821633317,65.07083468886024,77.13,0.008474738000407142,10,92.16,92.16,0.0
3021,1a_2b,XPhos,Pd(OAc)2,K3PO4,MeOH,51.75,2015,M1_interpretable_5,Five interpretable Kraken descriptors,51.75,37.91257231161765,12.630628555223243,13.156540343380094,62.66860427985521,77.13,0.002870356645202167,11,92.16,92.16,0.0
2871,1a_2b,AmPhos,Pd(OAc)2,None,THF,31.05,1914,M1_interpretable_5,Five interpretable Kraken descriptors,31.05,31.15523738151774,14.347838306471344,3.0334743008339053,59.27700046220157,77.13,0.0022970863189281272,12,92.16,92.16,0.0
2845,1a_2b,P(tBu)3,Pd(OAc)2,LiOtBu,THF,52.95,1896,M1_interpretable_5,Five interpretable Kraken descriptors,52.95,38.616672139287665,12.145855304756896,14.81079574196415,62.42254853661118,77.13,0.0021513347631125397,13,92.16,92.16,0.0
2836,1a_2b,P(Cy)3,Pd(OAc)2,KOH,THF,46.21,1891,M1_interpretable_5,Five interpretable Kraken descriptors,46.21,32.68955393793396,13.8135678096743,5.6149610309723315,59.764146844895585,77.13,0.002096787348511684,14,92.16,92.16,0.0
3038,1a_2b,P(Ph)3,Pd(OAc)2,LiOtBu,MeOH,9.21,2025,M1_interpretable_5,Five interpretable Kraken descriptors,9.21,25.851110279411706,15.686851418484617,-4.895118500818143,56.597339059641556,77.13,0.001990525920766064,15,92.16,92.16,0.0
2994,1a_2b,CataCXium A,Pd(OAc)2,NaHCO3,MeOH,16.27,1997,M1_interpretable_5,Five interpretable Kraken descriptors,16.27,38.235565385159134,11.788990562832549,15.129143882007341,61.34198688831093,77.13,0.0012799432058823237,16,92.16,92.16,0.0
2838,1a_2b,CataCXium A,Pd(OAc)2,KOH,THF,33.61,1893,M1_interpretable_5,Five interpretable Kraken descriptors,33.61,36.3369203299926,12.289122211291168,12.250240795861913,60.42359986412329,77.13,0.0012426400428726392,17,92.16,92.16,0.0
2778,1a_2b,CataCXium A,Pd(OAc)2,None,MeCN,18.06,1853,M1_interpretable_5,Five interpretable Kraken descriptors,18.06,34.466838296280706,12.704417172901685,9.566180637393405,59.36749595516801,77.13,0.0011117433435163075,18,92.16,92.16,0.0
2812,1a_2b,P(Cy)3,Pd(OAc)2,CsF,THF,43.78,1875,M1_interpretable_5,Five interpretable Kraken descriptors,43.78,35.50919600931701,12.275648532859526,11.448924884912337,59.56946713372168,77.13,0.0009416878594225003,19,92.16,92.16,0.0
2798,1a_2b,P(Ph)3,Pd(OAc)2,NaHCO3,THF,15.63,1865,M1_interpretable_5,Five interpretable Kraken descriptors,15.63,28.843388131953144,13.793780665039899,1.8075780284749428,55.879198235431346,77.13,0.0006962433458564364,20,92.16,92.16,0.0
4558,1a_2c,XPhos,Pd(OAc)2,LiOtBu,MeOH,59.08,3039,M1_interpretable_5,Five interpretable Kraken descriptors,59.08,47.77713141487708,11.47153277187072,25.292927182010473,70.26133564774369,49.99,3.3474244002160445,1,59.08,59.08,0.0
4604,1a_2c,SPhos,Pd(OAc)2,K3PO4,MeOH,48.66,3070,M1_interpretable_5,Five interpretable Kraken descriptors,48.66,38.908297623837655,13.15196121970041,13.13045363322485,64.68614161445046,49.99,1.3684752251188175,2,59.08,59.08,0.0
4544,1a_2c,SPhos,Pd(OAc)2,KOH,MeOH,41.19,3030,M1_interpretable_5,Five interpretable Kraken descriptors,41.19,40.77168145960309,11.385688056677335,18.45573286851551,63.08763005069066,49.99,1.2441216276933762,3,59.08,59.08,0.0
4325,1a_2c,P(Cy)3,Pd(OAc)2,None,THF,18.72,2883,M1_interpretable_5,Five interpretable Kraken descriptors,18.72,36.75088259968699,12.432095028933078,12.383976342978155,61.11778885639582,49.99,0.8444626397133232,4,59.08,59.08,0.0
4602,1a_2c,P(o-Tol)3,Pd(OAc)2,K3PO4,MeOH,17.83,3068,M1_interpretable_5,Five interpretable Kraken descriptors,17.83,34.62391112065886,12.200784147995234,10.710374190588201,58.53744805072952,49.99,0.5549862897752329,5,59.08,59.08,0.0
4226,1a_2c,P(tBu)3,Pd(OAc)2,None,MeCN,16.56,2816,M1_interpretable_5,Five interpretable Kraken descriptors,16.56,32.90434841560411,12.86112186255333,7.696549564999582,58.11214726620864,49.99,0.5065468519902576,6,59.08,59.08,0.0
4370,1a_2c,P(tBu)3,Pd(OAc)2,NaHCO3,THF,15.38,2912,M1_interpretable_5,Five interpretable Kraken descriptors,15.38,30.33070585267532,14.068925060097634,2.7556127348839574,57.90579897046668,49.99,0.4796295624502913,7,59.08,59.08,0.0
4322,1a_2c,P(tBu)3,Pd(OAc)2,None,THF,15.0,2880,M1_interpretable_5,Five interpretable Kraken descriptors,15.0,32.526302319087335,12.586797459482264,7.856179298502099,57.19642533967257,49.99,0.43458869399988265,8,59.08,59.08,0.0
4567,1a_2c,CataCXium A,Pd(OAc)2,NaHCO3,MeOH,7.73,3045,M1_interpretable_5,Five interpretable Kraken descriptors,7.73,29.799187774371234,13.354304999123212,3.6247499760897384,55.97362557265273,49.99,0.3493789319366851,9,59.08,59.08,0.0
4601,1a_2c,P(Cy)3,Pd(OAc)2,K3PO4,MeOH,21.39,3067,M1_interpretable_5,Five interpretable Kraken descriptors,21.39,31.345549560421222,12.430154464232235,6.982446810526042,55.7086523103164,49.99,0.33220909968073276,10,59.08,59.08,0.0
4594,1a_2c,XPhos,Pd(OAc)2,CsF,MeOH,29.03,3063,M1_interpretable_5,Five interpretable Kraken descriptors,29.03,29.088646809706113,12.865298555972071,3.872661640000853,54.30463197941137,49.99,0.25703133250336396,11,59.08,59.08,0.0
4580,1a_2c,SPhos,Pd(OAc)2,Et3N,MeOH,21.06,3054,M1_interpretable_5,Five interpretable Kraken descriptors,21.06,28.59499546622689,13.083467465828804,2.9513992332024372,54.238591699251344,49.99,0.2551660803331133,12,59.08,59.08,0.0
4551,1a_2c,P(Ph)3,Pd(OAc)2,LiOtBu,MeOH,17.63,3033,M1_interpretable_5,Five interpretable Kraken descriptors,17.63,27.937117522196036,13.153936556296953,2.155401871854007,53.71883317253807,49.99,0.2321655583194081,13,59.08,59.08,0.0
4598,1a_2c,P(tBu)3,Pd(OAc)2,K3PO4,MeOH,19.82,3064,M1_interpretable_5,Five interpretable Kraken descriptors,19.82,25.32343143837827,13.94343297023361,-2.0056971832796044,52.65256006003615,49.99,0.1966066031901499,14,59.08,59.08,0.0
4554,1a_2c,P(o-Tol)3,Pd(OAc)2,LiOtBu,MeOH,15.16,3036,M1_interpretable_5,Five interpretable Kraken descriptors,15.16,22.556862980621684,14.862468965924721,-6.573576192590771,51.68730215383414,49.99,0.1732782062754984,15,59.08,59.08,0.0
4541,1a_2c,P(Cy)3,Pd(OAc)2,KOH,MeOH,18.12,3027,M1_interpretable_5,Five interpretable Kraken descriptors,18.12,27.275633615598288,12.630955434186637,2.5189609645924804,52.032306266604095,49.99,0.16381625691040513,16,59.08,59.08,0.0
4563,1a_2c,P(Ph)3,Pd(OAc)2,NaHCO3,MeOH,21.3,3041,M1_interpretable_5,Five interpretable Kraken descriptors,21.3,27.085004821464967,12.527258647291823,2.531577872772992,51.63843177015694,49.99,0.15029604308269018,17,59.08,59.08,0.0
4347,1a_2c,P(Ph)3,Pd(OAc)2,KOH,THF,20.73,2897,M1_interpretable_5,Five interpretable Kraken descriptors,20.73,25.514524079414894,13.219637824666888,-0.3959660569322061,51.42501421576199,49.99,0.15025782574906354,18,59.08,59.08,0.0
4420,1a_2c,AmPhos,Pd(OAc)2,None,DMF,15.57,2946,M1_interpretable_5,Five interpretable Kraken descriptors,15.57,22.955225558281263,14.186850291453531,-4.851001012967657,50.761452129530184,49.99,0.14093520482006872,19,59.08,59.08,0.0
4491,1a_2c,P(Ph)3,Pd(OAc)2,CsF,DMF,24.48,2993,M1_interpretable_5,Five interpretable Kraken descriptors,24.48,21.57147128180559,14.075742420537559,-6.016983862448026,49.1599264260592,49.99,0.10315082386891594,20,59.08,59.08,0.0
690,1b_2a,CataCXium A,Pd(OAc)2,NaHCO3,MeOH,86.98,461,M1_interpretable_5,Five interpretable Kraken descriptors,86.98,105.3677021630023,11.174215993393231,83.46623881595157,127.26916551005304,96.89,9.53691894205897,1,86.98,97.83,10.849999999999994
390,1b_2a,CataCXium A,Pd(OAc)2,NaOH,MeCN,96.38,261,M1_interpretable_5,Five interpretable Kraken descriptors,96.38,100.13836115200039,11.520962753842717,77.55727415446866,122.71944814953211,96.89,6.1005423140560175,2,96.38,97.83,1.4500000000000028
726,1b_2a,CataCXium A,Pd(OAc)2,KOH,MeOH,85.46,485,M1_interpretable_5,Five interpretable Kraken descriptors,85.46,95.91309229497182,12.771919556292081,70.88012996463934,120.9460546253043,96.89,4.390833692068008,3,96.38,97.83,1.4500000000000028
722,1b_2a,P(Ph)3,Pd(OAc)2,KOH,MeOH,92.61,481,M1_interpretable_5,Five interpretable Kraken descriptors,92.61,94.89089535040037,13.496999307001287,68.43677670867785,121.34501399212289,96.89,4.227010681063323,4,96.38,97.83,1.4500000000000028
679,1b_2a,SPhos,Pd(OAc)2,NaOH,MeOH,92.88,454,M1_interpretable_5,Five interpretable Kraken descriptors,92.88,95.26024862560385,12.423958132209139,70.90929068647394,119.61120656473376,96.89,3.9642132562417802,5,96.38,97.83,1.4500000000000028
746,1b_2a,P(Ph)3,Pd(OAc)2,Et3N,MeOH,82.99,497,M1_interpretable_5,Five interpretable Kraken descriptors,82.99,93.97127521052874,12.416013714039988,69.63588833101036,118.30666209004713,96.89,3.4305030084087322,6,96.38,97.83,1.4500000000000028
486,1b_2a,CataCXium A,Pd(OAc)2,NaOH,THF,96.57,325,M1_interpretable_5,Five interpretable Kraken descriptors,96.57,94.27029643250648,11.836760142749883,71.07024655271671,117.47034631229626,96.89,3.3254007868553113,7,96.57,97.83,1.2600000000000051
558,1b_2a,CataCXium A,Pd(OAc)2,Et3N,THF,97.83,373,M1_interpretable_5,Five interpretable Kraken descriptors,97.83,92.85590626788772,11.952532454917401,69.42894265624962,116.28286987952582,96.89,2.840352502898797,8,97.83,97.83,0.0
542,1b_2a,P(Ph)3,Pd(OAc)2,LiOtBu,THF,87.78,361,M1_interpretable_5,Five interpretable Kraken descriptors,87.78,88.90637131745389,13.636522833360809,62.178786564066705,115.63395607084107,96.89,2.2184705760462724,9,97.83,97.83,0.0
482,1b_2a,P(Ph)3,Pd(OAc)2,NaOH,THF,90.21,321,M1_interpretable_5,Five interpretable Kraken descriptors,90.21,86.79747887576436,13.796760189851584,59.75582890365525,113.83912884787347,96.89,1.7548178154661134,10,97.83,97.83,0.0
759,1b_2a,AmPhos,Pd(OAc)2,None,MeOH,61.57,506,M1_interpretable_5,Five interpretable Kraken descriptors,61.57,85.32166896543538,14.696150345112784,56.51721428901432,114.12612364185644,96.89,1.701559923400417,11,97.83,97.83,0.0
387,1b_2a,AmPhos,Pd(OAc)2,NaOH,MeCN,86.82,258,M1_interpretable_5,Five interpretable Kraken descriptors,86.82,85.4832946042826,13.990654112050443,58.06161254466374,112.90497666390146,96.89,1.535682852901588,12,97.83,97.83,0.0
555,1b_2a,AmPhos,Pd(OAc)2,Et3N,THF,91.88,370,M1_interpretable_5,Five interpretable Kraken descriptors,91.88,83.96206338299112,14.549083175823897,55.44586035837628,112.47826640760596,96.89,1.4007603749846091,13,97.83,97.83,0.0
531,1b_2a,AmPhos,Pd(OAc)2,KOH,THF,75.63,354,M1_interpretable_5,Five interpretable Kraken descriptors,75.63,85.79512476031097,12.70774659330569,60.88794143743182,110.70230808319012,96.89,1.2474498028136343,14,97.83,97.83,0.0
483,1b_2a,AmPhos,Pd(OAc)2,NaOH,THF,86.25,322,M1_interpretable_5,Five interpretable Kraken descriptors,86.25,82.4059244723421,14.597767036577558,53.79430108065008,111.0175478640341,96.89,1.156155892723301,15,97.83,97.83,0.0
553,1b_2a,P(tBu)3,Pd(OAc)2,Et3N,THF,94.67,368,M1_interpretable_5,Five interpretable Kraken descriptors,94.67,84.43968503943884,13.205876520142578,58.55616705995939,110.32320301891829,96.89,1.1414022124497345,16,97.83,97.83,0.0
638,1b_2a,P(Ph)3,Pd(OAc)2,LiOtBu,DMF,81.23,425,M1_interpretable_5,Five interpretable Kraken descriptors,81.23,84.41648763457674,12.78964239814482,59.348788534212886,109.4841867349406,96.89,1.03672141907323,17,97.83,97.83,0.0
723,1b_2a,AmPhos,Pd(OAc)2,KOH,MeOH,71.62,482,M1_interpretable_5,Five interpretable Kraken descriptors,71.62,82.84306600767603,13.742738278889622,55.90729898105237,109.77883303429968,96.89,1.022975360263425,18,97.83,97.83,0.0
714,1b_2a,CataCXium A,Pd(OAc)2,K3PO4,MeOH,89.42,477,M1_interpretable_5,Five interpretable Kraken descriptors,89.42,83.41446942081629,13.319867360738447,57.30752939376893,109.52140944786365,96.89,1.009567310404453,19,97.83,97.83,0.0
457,1b_2a,P(tBu)3,Pd(OAc)2,Et3N,MeCN,91.95,304,M1_interpretable_5,Five interpretable Kraken descriptors,91.95,82.91302218045924,13.602489144068844,56.252143458084305,109.57390090283417,96.89,1.0012116450070279,20,97.83,97.83,0.0
2391,1b_2b,AmPhos,Pd(OAc)2,None,MeCN,83.89,1594,M1_interpretable_5,Five interpretable Kraken descriptors,83.89,83.44019873913015,13.683798549976345,56.61995358117652,110.26044389708379,96.75,1.1202210664281278,1,83.89,96.19,12.299999999999997
2366,1b_2b,P(Ph)3,Pd(OAc)2,LiOtBu,MeCN,73.07,1577,M1_interpretable_5,Five interpretable Kraken descriptors,73.07,84.35882055013283,12.685047675109937,59.496127106917356,109.22151399334831,96.75,1.0245598894090304,2,83.89,96.19,12.299999999999997
2355,1b_2b,AmPhos,Pd(OAc)2,KOH,MeCN,81.7,1570,M1_interpretable_5,Five interpretable Kraken descriptors,81.7,82.98473474680637,13.139148584830384,57.23200352053881,108.73746597307392,96.75,0.9273736915022168,3,83.89,96.19,12.299999999999997
2490,1b_2b,CataCXium A,Pd(OAc)2,None,THF,93.15,1661,M1_interpretable_5,Five interpretable Kraken descriptors,93.15,84.16016967987593,11.36985293920866,61.875257919026964,106.4450814407249,96.75,0.7042965778927675,4,93.15,96.19,3.039999999999992
2358,1b_2b,CataCXium A,Pd(OAc)2,KOH,MeCN,78.09,1573,M1_interpretable_5,Five interpretable Kraken descriptors,78.09,83.25766810411167,11.422014329584,60.87052001812704,105.64481619009631,96.75,0.6085908378334499,5,93.15,96.19,3.039999999999992
2365,1b_2b,P(tBu)3,Pd(OAc)2,LiOtBu,MeCN,92.06,1576,M1_interpretable_5,Five interpretable Kraken descriptors,92.06,78.15972563530771,13.885990014857093,50.943185206187806,105.37626606442761,96.75,0.5381159777704285,6,93.15,96.19,3.039999999999992
2479,1b_2b,SPhos,Pd(OAc)2,Et3N,THF,87.02,1654,M1_interpretable_5,Five interpretable Kraken descriptors,87.02,77.83531186907935,12.964653303409852,52.42459139439604,103.24603234376266,96.75,0.38211496207931606,7,93.15,96.19,3.039999999999992
2318,1b_2b,P(Ph)3,Pd(OAc)2,NaHCO3,MeCN,68.23,1545,M1_interpretable_5,Five interpretable Kraken descriptors,68.23,75.31914516203176,14.019522741066092,47.84088058954222,102.7974097345213,96.75,0.3542713663530488,8,93.15,96.19,3.039999999999992
2466,1b_2b,CataCXium A,Pd(OAc)2,LiOtBu,THF,96.19,1645,M1_interpretable_5,Five interpretable Kraken descriptors,96.19,79.2283663000504,10.97499101980447,57.71738390123363,100.73934869886716,96.75,0.2308354541084624,9,96.19,96.19,0.0
2594,1b_2b,P(Ph)3,Pd(OAc)2,NaOH,MeOH,79.1,1729,M1_interpretable_5,Five interpretable Kraken descriptors,79.1,74.59966765091858,12.632072839264337,49.84080488596048,99.35853041587667,96.75,0.18349445067663828,10,96.19,96.19,0.0
2583,1b_2b,AmPhos,Pd(OAc)2,None,DMF,57.76,1722,M1_interpretable_5,Five interpretable Kraken descriptors,57.76,71.17970367006865,13.951191991422647,43.83536736688026,98.52403997325703,96.75,0.16722763058540646,11,96.19,96.19,0.0
2666,1b_2b,P(Ph)3,Pd(OAc)2,Et3N,MeOH,53.9,1777,M1_interpretable_5,Five interpretable Kraken descriptors,53.9,73.22093376441603,12.928876688141893,47.88033545565792,98.56153207317413,96.75,0.15905454141746345,12,96.19,96.19,0.0
2439,1b_2b,AmPhos,Pd(OAc)2,K3PO4,THF,69.6,1626,M1_interpretable_5,Five interpretable Kraken descriptors,69.6,70.90931964364566,13.288419938912568,44.86401656337702,96.9546227239143,96.75,0.11831533323170551,13,96.19,96.19,0.0
2679,1b_2b,AmPhos,Pd(OAc)2,None,MeOH,42.55,1786,M1_interpretable_5,Five interpretable Kraken descriptors,42.55,68.57840018584125,14.144386588363345,40.85540247264909,96.3013978990334,96.75,0.11166113980868253,14,96.19,96.19,0.0
2606,1b_2b,P(Ph)3,Pd(OAc)2,NaHCO3,MeOH,68.46,1737,M1_interpretable_5,Five interpretable Kraken descriptors,68.46,67.499644003448,14.307434338114438,39.457072700743694,95.5422153061523,96.75,0.09795548949888955,15,96.19,96.19,0.0
2488,1b_2b,P(Cy)3,Pd(OAc)2,None,THF,68.94,1659,M1_interpretable_5,Five interpretable Kraken descriptors,68.94,73.00484346364478,11.966711873949397,49.55008819070396,96.45959873658559,96.75,0.09472928022265581,16,96.19,96.19,0.0
2331,1b_2b,AmPhos,Pd(OAc)2,CsF,MeCN,68.33,1554,M1_interpretable_5,Five interpretable Kraken descriptors,68.33,66.50930211628386,14.614654569089279,37.86457916086888,95.15402507169884,96.75,0.0936440480239904,17,96.19,96.19,0.0
2359,1b_2b,SPhos,Pd(OAc)2,KOH,MeCN,89.93,1574,M1_interpretable_5,Five interpretable Kraken descriptors,89.93,73.68737670102642,11.32261458514407,51.495052114144045,95.8797012879088,96.75,0.07716756513580963,18,96.19,96.19,0.0
2330,1b_2b,P(Ph)3,Pd(OAc)2,CsF,MeCN,53.51,1553,M1_interpretable_5,Five interpretable Kraken descriptors,53.51,69.1597056182309,12.622508887884715,44.419588197976864,93.89982303848494,96.75,0.057368356362274386,19,96.19,96.19,0.0
2502,1b_2b,CataCXium A,Pd(OAc)2,NaOH,DMF,65.95,1669,M1_interpretable_5,Five interpretable Kraken descriptors,65.95,68.50086909906634,12.515944580094823,43.969617722080486,93.03212047605219,96.75,0.04623239025724091,20,96.19,96.19,0.0
4215,1b_2c,P(Ph)3,Pd(OAc)2,K3PO4,MeOH,72.19,2809,M1_interpretable_5,Five interpretable Kraken descriptors,72.19,69.97699438718806,13.212503461315078,44.0804876030105,95.8735011713656,74.84,3.01788010110766,1,72.19,73.12,0.9300000000000068
4218,1b_2c,P(o-Tol)3,Pd(OAc)2,K3PO4,MeOH,68.86,2812,M1_interpretable_5,Five interpretable Kraken descriptors,68.86,69.28475176410221,13.602390749156124,42.62406589575621,95.9454376324482,74.84,2.9279242146819158,2,72.19,73.12,0.9300000000000068
4146,1b_2c,P(o-Tol)3,Pd(OAc)2,NaOH,MeOH,51.26,2764,M1_interpretable_5,Five interpretable Kraken descriptors,51.26,61.81679381800338,12.620829522300937,37.07996795429355,86.55361968171322,74.84,0.9159634675143371,3,72.19,73.12,0.9300000000000068
4179,1b_2c,P(Ph)3,Pd(OAc)2,NaHCO3,MeOH,40.92,2785,M1_interpretable_5,Five interpretable Kraken descriptors,40.92,57.56256551274772,13.309242588056483,31.47645004015701,83.64868098533842,74.84,0.5613546030001051,4,72.19,73.12,0.9300000000000068
4167,1b_2c,P(Ph)3,Pd(OAc)2,LiOtBu,MeOH,73.12,2777,M1_interpretable_5,Five interpretable Kraken descriptors,73.12,52.888714909828956,12.914533836308038,27.5762285906652,78.20120122899272,74.84,0.2149266113002215,5,73.12,73.12,0.0
3938,1b_2c,P(tBu)3,Pd(OAc)2,None,THF,20.69,2624,M1_interpretable_5,Five interpretable Kraken descriptors,20.69,46.11819865874384,14.615646551143481,17.47153141850262,74.76486589898506,74.84,0.12431321371149784,6,73.12,73.12,0.0
4142,1b_2c,P(tBu)3,Pd(OAc)2,NaOH,MeOH,38.52,2760,M1_interpretable_5,Five interpretable Kraken descriptors,38.52,47.07525706824758,12.93708342437585,21.718573556470915,72.43194058002425,74.84,0.06601411667918211,7,73.12,73.12,0.0
3941,1b_2c,P(Cy)3,Pd(OAc)2,None,THF,18.38,2627,M1_interpretable_5,Five interpretable Kraken descriptors,18.38,46.94141109128935,12.85146528389791,21.75253913484945,72.13028304772925,74.84,0.06108374504901426,8,73.12,73.12,0.0
4154,1b_2c,P(tBu)3,Pd(OAc)2,KOH,MeOH,46.83,2768,M1_interpretable_5,Five interpretable Kraken descriptors,46.83,39.89889748619385,14.063429555031657,12.334575558331807,67.4632194140559,74.84,0.026479554085058116,9,73.12,73.12,0.0
4159,1b_2c,CataCXium A,Pd(OAc)2,KOH,MeOH,66.67,2773,M1_interpretable_5,Five interpretable Kraken descriptors,66.67,46.95424217501001,11.487161974027849,24.439404705915425,69.4690796441046,74.84,0.02517060011030009,10,73.12,73.12,0.0
4204,1b_2c,AmPhos,Pd(OAc)2,CsF,MeOH,71.17,2802,M1_interpretable_5,Five interpretable Kraken descriptors,71.17,37.622262391150514,14.50152219133117,9.199278896141422,66.0452458861596,74.84,0.021164351798243802,11,73.12,73.12,0.0
3847,1b_2c,CataCXium A,Pd(OAc)2,None,MeCN,14.79,2565,M1_interpretable_5,Five interpretable Kraken descriptors,14.79,38.66211091030603,12.340043685144016,14.475625287423764,62.8485965331883,74.84,0.005199420153204862,12,73.12,73.12,0.0
4190,1b_2c,P(tBu)3,Pd(OAc)2,Et3N,MeOH,40.8,2792,M1_interpretable_5,Five interpretable Kraken descriptors,40.8,33.882089409767474,12.516479793213705,9.349789015068612,58.41438980446634,74.84,0.001520344704172779,13,73.12,73.12,0.0
3942,1b_2c,P(o-Tol)3,Pd(OAc)2,None,THF,20.14,2628,M1_interpretable_5,Five interpretable Kraken descriptors,20.14,33.04151627658658,12.713619059120733,8.122822920709943,57.96020963246321,74.84,0.0014597394591305025,14,73.12,73.12,0.0
4210,1b_2c,XPhos,Pd(OAc)2,CsF,MeOH,33.45,2807,M1_interpretable_5,Five interpretable Kraken descriptors,33.45,31.976705534485458,12.95531492035696,6.5842882905858175,57.3691227783851,74.84,0.0013771168782440966,15,73.12,73.12,0.0
4192,1b_2c,AmPhos,Pd(OAc)2,Et3N,MeOH,57.24,2794,M1_interpretable_5,Five interpretable Kraken descriptors,57.24,28.2480305046781,13.977415571374834,0.8522959847834244,55.64376502457277,74.84,0.0013650677110349646,16,73.12,73.12,0.0
3964,1b_2c,AmPhos,Pd(OAc)2,KOH,THF,24.69,2642,M1_interpretable_5,Five interpretable Kraken descriptors,24.69,31.915494691086742,12.808482412167274,6.810869163238884,57.0201202189346,74.84,0.001152622715974631,17,73.12,73.12,0.0
4012,1b_2c,AmPhos,Pd(OAc)2,CsF,THF,52.13,2674,M1_interpretable_5,Five interpretable Kraken descriptors,52.13,26.085524932000297,14.16982964347777,-1.6873411692161326,53.858391033216726,74.84,0.0009114017402409615,18,73.12,73.12,0.0
3927,1b_2c,P(Ph)3,Pd(OAc)2,K3PO4,MeCN,17.77,2617,M1_interpretable_5,Five interpretable Kraken descriptors,17.77,30.29262790728388,12.90054279799235,5.007564023218876,55.57769179134888,74.84,0.0007791248466637313,19,73.12,73.12,0.0
4035,1b_2c,P(Ph)3,Pd(OAc)2,None,DMF,13.72,2689,M1_interpretable_5,Five interpretable Kraken descriptors,13.72,25.228441387875517,14.02675961268063,-2.264007452978518,52.72089022872955,74.84,0.0006131599183152106,20,73.12,73.12,0.0
1072,1c_2a,P(Cy)3,Pd(OAc)2,NaHCO3,MeOH,89.13,715,M1_interpretable_5,Five interpretable Kraken descriptors,89.13,94.72255403809305,13.385603697383955,68.4867707912205,120.95833728496561,98.53,3.460490296196447,1,89.13,97.45,8.320000000000007
1125,1c_2a,XPhos,Pd(OAc)2,LiOtBu,MeOH,82.88,751,M1_interpretable_5,Five interpretable Kraken descriptors,82.88,94.47745717426696,13.17246168274045,68.65943227609569,120.29548207243823,98.53,3.289542718082756,2,89.13,97.45,8.320000000000007
794,1c_2a,P(Ph)3,Pd(OAc)2,CsF,MeCN,96.49,529,M1_interpretable_5,Five interpretable Kraken descriptors,96.49,92.8982155209032,13.82419800428659,65.80278743250147,119.99364360930491,98.53,2.982959870823098,3,96.49,97.45,0.960000000000008
842,1c_2a,P(Ph)3,Pd(OAc)2,Et3N,MeCN,97.45,561,M1_interpretable_5,Five interpretable Kraken descriptors,97.45,93.81087357535543,12.850474125466064,68.62394428944194,118.99780286126892,98.53,2.9341376265765966,4,97.45,97.45,0.0
1084,1c_2a,P(Cy)3,Pd(OAc)2,CsF,MeOH,89.81,723,M1_interpretable_5,Five interpretable Kraken descriptors,89.81,92.68359509582716,13.315970984253614,66.58429196669007,118.78289822496424,98.53,2.7312758851568137,5,97.45,97.45,0.0
1106,1c_2a,P(Ph)3,Pd(OAc)2,KOH,MeOH,93.94,737,M1_interpretable_5,Five interpretable Kraken descriptors,93.94,92.81508166878433,12.861533322051995,67.60647635756243,118.02368698000623,98.53,2.6112037715566343,6,97.45,97.45,0.0
1113,1c_2a,XPhos,Pd(OAc)2,KOH,MeOH,82.32,743,M1_interpretable_5,Five interpretable Kraken descriptors,82.32,90.3730990142174,11.751663604557676,67.33983834928436,113.40635967915044,98.53,1.5772915009232835,7,97.45,97.45,0.0
1094,1c_2a,P(Ph)3,Pd(OAc)2,K3PO4,MeOH,94.15,729,M1_interpretable_5,Five interpretable Kraken descriptors,94.15,89.01559088590832,12.74632487071281,64.03279413931122,113.99838763250543,98.53,1.5712765645081186,8,97.45,97.45,0.0
835,1c_2a,SPhos,Pd(OAc)2,LiOtBu,MeCN,90.89,558,M1_interpretable_5,Five interpretable Kraken descriptors,90.89,87.88484861422965,12.050866065341445,64.26515112616042,111.50454610229889,98.53,1.1561618160616953,9,97.45,97.45,0.0
1123,1c_2a,SPhos,Pd(OAc)2,LiOtBu,MeOH,90.9,750,M1_interpretable_5,Five interpretable Kraken descriptors,90.9,85.27950331494873,13.316527132137713,59.17911013595881,111.37989649393865,98.53,1.0423136308630538,10,97.45,97.45,0.0
846,1c_2a,CataCXium A,Pd(OAc)2,Et3N,MeCN,92.52,565,M1_interpretable_5,Five interpretable Kraken descriptors,92.52,86.80861365240385,12.295499462600802,62.70943470570628,110.90779259910141,98.53,1.0362179151578361,11,97.45,97.45,0.0
986,1c_2a,P(Ph)3,Pd(OAc)2,CsF,DMF,91.14,657,M1_interpretable_5,Five interpretable Kraken descriptors,91.14,84.00478020655312,13.799237289962898,56.95827511822584,111.0512852948804,98.53,0.9679693288330236,12,97.45,97.45,0.0
795,1c_2a,AmPhos,Pd(OAc)2,CsF,MeCN,93.69,530,M1_interpretable_5,Five interpretable Kraken descriptors,93.69,82.89131069166159,14.012548158066155,55.426716301851926,110.35590508147125,98.53,0.8671990940512653,13,97.45,97.45,0.0
945,1c_2a,XPhos,Pd(OAc)2,Et3N,THF,95.85,631,M1_interpretable_5,Five interpretable Kraken descriptors,95.85,83.3761162053303,13.558750642466906,56.80096494609517,109.95126746456543,98.53,0.8344054757515984,14,97.45,97.45,0.0
786,1c_2a,CataCXium A,Pd(OAc)2,NaHCO3,MeCN,92.77,525,M1_interpretable_5,Five interpretable Kraken descriptors,92.77,84.09145421989462,12.589336831200795,59.41635403074106,108.76655440904817,98.53,0.7259206767638509,15,97.45,97.45,0.0
855,1c_2a,AmPhos,Pd(OAc)2,None,MeCN,90.67,570,M1_interpretable_5,Five interpretable Kraken descriptors,90.67,79.67981464195465,14.512818818021366,51.234689758632776,108.12493952527652,98.53,0.6152944899986519,16,97.45,97.45,0.0
831,1c_2a,AmPhos,Pd(OAc)2,LiOtBu,MeCN,84.74,554,M1_interpretable_5,Five interpretable Kraken descriptors,84.74,78.12758306141939,14.567397739549907,49.575483491901565,106.67968263093721,98.53,0.4944352606240443,17,97.45,97.45,0.0
784,1c_2a,P(Cy)3,Pd(OAc)2,NaHCO3,MeCN,93.05,523,M1_interpretable_5,Five interpretable Kraken descriptors,93.05,80.50097164797317,12.861866257058296,55.29171378413891,105.71022951180743,98.53,0.4309908569250922,18,97.45,97.45,0.0
878,1c_2a,P(Ph)3,Pd(OAc)2,NaHCO3,THF,87.25,585,M1_interpretable_5,Five interpretable Kraken descriptors,87.25,79.47399229715587,13.29298169210938,53.41974818062149,105.52823641369025,98.53,0.4159196331448356,19,97.45,97.45,0.0
988,1c_2a,P(Cy)3,Pd(OAc)2,CsF,DMF,94.46,659,M1_interpretable_5,Five interpretable Kraken descriptors,94.46,80.3346738548467,12.308322589333708,56.21036157975263,104.45898612994077,98.53,0.3454444930651097,20,97.45,97.45,0.0
1610,1c_2b,P(Ph)3,Pd(OAc)2,Et3N,MeCN,92.43,1073,M1_interpretable_5,Five interpretable Kraken descriptors,92.43,88.67451856684102,13.26051616332491,62.68390688672419,114.66513024695784,97.25,1.9452174375278508,1,92.43,98.61,6.179999999999993
1742,1c_2b,P(Ph)3,Pd(OAc)2,NaHCO3,DMF,90.99,1161,M1_interpretable_5,Five interpretable Kraken descriptors,90.99,85.69792724037227,14.669706638450648,56.945302229008995,114.45055225173553,97.25,1.697375600627216,2,92.43,98.61,6.179999999999993
1587,1c_2b,AmPhos,Pd(OAc)2,KOH,MeCN,90.4,1058,M1_interpretable_5,Five interpretable Kraken descriptors,90.4,83.14777634845746,14.659211967512483,54.41572089213299,111.87983180478193,97.25,1.2304074776373235,3,92.43,98.61,6.179999999999993
1802,1c_2b,P(Ph)3,Pd(OAc)2,Et3N,DMF,85.9,1201,M1_interpretable_5,Five interpretable Kraken descriptors,85.9,85.37629611783305,13.103230047488617,59.69396522475536,111.05862701091074,97.25,1.2124501164233816,4,92.43,98.61,6.179999999999993
1718,1c_2b,P(Ph)3,Pd(OAc)2,None,THF,96.15,1145,M1_interpretable_5,Five interpretable Kraken descriptors,96.15,83.44493474005174,14.336893202892032,55.34462406238335,111.54524541772011,97.25,1.1995432292586892,5,96.15,98.61,2.4599999999999937
1539,1c_2b,AmPhos,Pd(OAc)2,NaOH,MeCN,62.59,1026,M1_interpretable_5,Five interpretable Kraken descriptors,62.59,80.32138463296297,14.330112899439367,52.23436335006181,108.40840591586414,97.25,0.7775668882602778,6,96.15,98.61,2.4599999999999937
1591,1c_2b,SPhos,Pd(OAc)2,KOH,MeCN,84.76,1062,M1_interpretable_5,Five interpretable Kraken descriptors,84.76,82.03146042409489,12.855022766591045,56.83561580157644,107.22730504661334,97.25,0.6881793768979503,7,96.15,98.61,2.4599999999999937
1694,1c_2b,P(Ph)3,Pd(OAc)2,LiOtBu,THF,94.45,1129,M1_interpretable_5,Five interpretable Kraken descriptors,94.45,80.35933177393878,13.70053348821367,53.50628613703998,107.21237741083758,97.25,0.6655340928363056,8,96.15,98.61,2.4599999999999937
1828,1c_2b,P(Cy)3,Pd(OAc)2,NaOH,MeOH,62.34,1219,M1_interpretable_5,Five interpretable Kraken descriptors,62.34,80.86558157894629,13.260748839860787,54.87451385281915,106.85664930507343,97.25,0.6388776874022077,9,96.15,98.61,2.4599999999999937
1646,1c_2b,P(Ph)3,Pd(OAc)2,NaHCO3,THF,96.16,1097,M1_interpretable_5,Five interpretable Kraken descriptors,96.16,79.60970560945884,13.714332290271066,52.72961432052755,106.48979689839013,97.25,0.5948174395774699,10,96.16,98.61,2.450000000000003
1636,1c_2b,P(Cy)3,Pd(OAc)2,NaOH,THF,66.25,1091,M1_interpretable_5,Five interpretable Kraken descriptors,66.25,79.85968838503473,13.479562448935663,53.43974598512083,106.27963078494864,97.25,0.579028357651419,11,96.16,98.61,2.450000000000003
1778,1c_2b,P(Ph)3,Pd(OAc)2,KOH,DMF,83.87,1185,M1_interpretable_5,Five interpretable Kraken descriptors,83.87,78.6020134544915,13.417180425247816,52.30433982100578,104.89968708797721,97.25,0.46332270445545953,12,96.16,98.61,2.450000000000003
1850,1c_2b,P(Ph)3,Pd(OAc)2,CsF,MeOH,80.77,1233,M1_interpretable_5,Five interpretable Kraken descriptors,80.77,77.51918707515667,13.160719687149067,51.7241764883445,103.31419766196883,97.25,0.35413914746250685,13,96.16,98.61,2.450000000000003
1795,1c_2b,SPhos,Pd(OAc)2,LiOtBu,DMF,77.06,1198,M1_interpretable_5,Five interpretable Kraken descriptors,77.06,80.19095812848084,11.399707408980692,57.84753160687869,102.534384650083,97.25,0.30456761737613136,14,96.16,98.61,2.450000000000003
1768,1c_2b,P(Cy)3,Pd(OAc)2,K3PO4,DMF,52.88,1179,M1_interpretable_5,Five interpretable Kraken descriptors,52.88,77.55618439659386,11.978053497217566,54.079199542047434,101.0331692511403,97.25,0.22669100299155087,15,96.16,98.61,2.450000000000003
1564,1c_2b,P(Cy)3,Pd(OAc)2,CsF,MeCN,73.25,1043,M1_interpretable_5,Five interpretable Kraken descriptors,73.25,74.36807936869602,12.918671381707552,49.047483460549216,99.68867527684282,97.25,0.17986129040683685,16,96.16,98.61,2.450000000000003
1551,1c_2b,AmPhos,Pd(OAc)2,NaHCO3,MeCN,89.54,1034,M1_interpretable_5,Five interpretable Kraken descriptors,89.54,73.01888013955049,13.44029666837489,46.675898669535705,99.36186160956527,97.25,0.17334826110276236,17,96.16,98.61,2.450000000000003
1879,1c_2b,SPhos,Pd(OAc)2,KOH,MeOH,73.51,1254,M1_interpretable_5,Five interpretable Kraken descriptors,73.51,72.70926656819009,12.408091341714057,48.38940753843053,97.02912559794964,97.25,0.10035324205129958,18,96.16,98.61,2.450000000000003
1627,1c_2b,SPhos,Pd(OAc)2,None,MeCN,61.68,1086,M1_interpretable_5,Five interpretable Kraken descriptors,61.68,72.7604849822423,12.25967842156877,48.73151527596751,96.7894546885171,97.25,0.09387160012340745,19,96.16,98.61,2.450000000000003
1881,1c_2b,XPhos,Pd(OAc)2,KOH,MeOH,71.6,1255,M1_interpretable_5,Five interpretable Kraken descriptors,71.6,70.11718760488701,13.319481955559622,44.01100297199015,96.22337223778386,97.25,0.09238665899653042,20,96.16,98.61,2.450000000000003
3447,1c_2c,P(Ph)3,Pd(OAc)2,K3PO4,MeOH,84.54,2297,M1_interpretable_5,Five interpretable Kraken descriptors,84.54,69.8940398225569,12.399473012332662,45.59107271838489,94.19700692672892,83.66,0.7692303111042054,1,84.54,84.54,0.0
3423,1c_2c,P(Ph)3,Pd(OAc)2,Et3N,MeOH,71.31,2281,M1_interpretable_5,Five interpretable Kraken descriptors,71.31,63.03112176955015,13.068654816045079,37.41655833010179,88.6456852089985,83.66,0.29194031888736927,2,84.54,84.54,0.0
3171,1c_2c,P(Ph)3,Pd(OAc)2,None,THF,47.59,2113,M1_interpretable_5,Five interpretable Kraken descriptors,47.59,50.4035980411999,14.321855022443554,22.332762197210535,78.47443388518926,83.66,0.044319048009154094,3,84.54,84.54,0.0
3425,1c_2c,P(Cy)3,Pd(OAc)2,Et3N,MeOH,69.26,2283,M1_interpretable_5,Five interpretable Kraken descriptors,69.26,49.30387205389039,13.762773473099877,22.32883604661463,76.27890806116615,83.66,0.024918195334442006,4,84.54,84.54,0.0
3389,1c_2c,P(Cy)3,Pd(OAc)2,KOH,MeOH,49.15,2259,M1_interpretable_5,Five interpretable Kraken descriptors,49.15,53.926071401594534,11.90925906275352,30.583923638597636,77.26821916459143,83.66,0.021157804583117584,5,84.54,84.54,0.0
3392,1c_2c,SPhos,Pd(OAc)2,KOH,MeOH,45.38,2262,M1_interpretable_5,Five interpretable Kraken descriptors,45.38,44.96601196042755,13.613135368329603,18.284266638501528,71.64775728235358,83.66,0.007921973198376772,6,84.54,84.54,0.0
3315,1c_2c,P(Ph)3,Pd(OAc)2,NaHCO3,DMF,14.49,2209,M1_interpretable_5,Five interpretable Kraken descriptors,14.49,37.779349210369176,14.08104622784198,10.180498603798895,65.37819981693946,83.66,0.0018345105295441144,7,84.54,84.54,0.0
3207,1c_2c,P(Ph)3,Pd(OAc)2,LiOtBu,THF,60.47,2137,M1_interpretable_5,Five interpretable Kraken descriptors,60.47,41.79056057413091,12.848205562388749,16.60807767184896,66.97304347641285,83.66,0.0016495689446278348,8,84.54,84.54,0.0
3448,1c_2c,AmPhos,Pd(OAc)2,K3PO4,MeOH,31.28,2298,M1_interpretable_5,Five interpretable Kraken descriptors,31.28,38.83405715780844,13.659838152000683,12.0607743798871,65.60733993572978,83.66,0.0016221739239644546,9,84.54,84.54,0.0
3390,1c_2c,P(o-Tol)3,Pd(OAc)2,KOH,MeOH,37.72,2260,M1_interpretable_5,Five interpretable Kraken descriptors,37.72,42.47521624540032,12.547770984637191,17.881585115511424,67.06884737528921,83.66,0.0014681157429720544,10,84.54,84.54,0.0
3376,1c_2c,AmPhos,Pd(OAc)2,NaOH,MeOH,39.11,2250,M1_interpretable_5,Five interpretable Kraken descriptors,39.11,33.53314362714884,14.042775724290049,6.009303207540341,61.056984046757336,83.66,0.0005377487814954823,11,84.54,84.54,0.0
3378,1c_2c,P(o-Tol)3,Pd(OAc)2,NaOH,MeOH,35.64,2252,M1_interpretable_5,Five interpretable Kraken descriptors,35.64,39.55218584454142,12.422438458286008,15.204206466300846,63.90016522278199,83.66,0.0005041453923838772,12,84.54,84.54,0.0
3430,1c_2c,XPhos,Pd(OAc)2,Et3N,MeOH,30.62,2287,M1_interpretable_5,Five interpretable Kraken descriptors,30.62,33.64430462137094,13.901019282979652,6.398306826730824,60.89030241601106,83.66,0.0004732890077539971,13,84.54,84.54,0.0
3439,1c_2c,CataCXium A,Pd(OAc)2,CsF,MeOH,43.3,2293,M1_interpretable_5,Five interpretable Kraken descriptors,43.3,40.185365080169404,12.181086530672909,16.310435480050504,64.06029468028831,83.66,0.000457261945120367,14,84.54,84.54,0.0
3341,1c_2c,P(Cy)3,Pd(OAc)2,CsF,DMF,13.65,2227,M1_interpretable_5,Five interpretable Kraken descriptors,13.65,33.8905394192152,13.514316162727361,7.402479740269573,60.378599098160834,83.66,0.00032266983657737013,15,84.54,84.54,0.0
3172,1c_2c,AmPhos,Pd(OAc)2,None,THF,23.86,2114,M1_interpretable_5,Five interpretable Kraken descriptors,23.86,35.37469395912888,12.989208265411333,9.915845758922664,60.83354215933509,83.66,0.0002665518006797459,16,84.54,84.54,0.0
3366,1c_2c,P(o-Tol)3,Pd(OAc)2,None,MeOH,38.2,2244,M1_interpretable_5,Five interpretable Kraken descriptors,38.2,30.35642438202693,13.555792385643858,3.787071306164968,56.92577745788889,83.66,0.00011105470736421687,17,84.54,84.54,0.0
3099,1c_2c,P(Ph)3,Pd(OAc)2,KOH,MeCN,13.24,2065,M1_interpretable_5,Five interpretable Kraken descriptors,13.24,27.49557204032669,14.112218007143493,-0.16437525367455663,55.155519334327934,83.66,9.422441475688201e-05,18,84.54,84.54,0.0
3365,1c_2c,P(Cy)3,Pd(OAc)2,None,MeOH,26.1,2243,M1_interpretable_5,Five interpretable Kraken descriptors,26.1,35.941325608556085,12.083684932745678,12.257303140374557,59.62534807673761,83.66,9.009254759715138e-05,19,84.54,84.54,0.0
3148,1c_2c,AmPhos,Pd(OAc)2,CsF,MeCN,13.25,2098,M1_interpretable_5,Five interpretable Kraken descriptors,13.25,17.933488538793494,16.07239198571729,-13.568399753212393,49.435376830799385,83.66,6.686728604534992e-05,20,84.54,84.54,0.0
1206,1d_2a,CataCXium A,Pd(OAc)2,KOH,MeCN,93.12,805,M1_interpretable_5,Five interpretable Kraken descriptors,93.12,100.94317073967451,11.705815031697592,77.99977327754723,123.8865682018018,98.69,5.598807568077004,1,93.12,98.2,5.079999999999998
1298,1d_2a,P(Ph)3,Pd(OAc)2,KOH,THF,65.45,865,M1_interpretable_5,Five interpretable Kraken descriptors,65.45,97.41057390847493,13.972974247568292,70.02354438324107,124.79760343370879,98.69,4.729837496281664,2,93.12,98.2,5.079999999999998
1358,1d_2a,P(Ph)3,Pd(OAc)2,NaHCO3,DMF,89.45,905,M1_interpretable_5,Five interpretable Kraken descriptors,89.45,97.48886804292252,13.19868337521157,71.61944862750784,123.3582874583372,98.69,4.458621054504862,3,93.12,98.2,5.079999999999998
1202,1d_2a,P(Ph)3,Pd(OAc)2,KOH,MeCN,91.35,801,M1_interpretable_5,Five interpretable Kraken descriptors,91.35,95.71153274936665,14.92014512958848,66.46804829537324,124.95501720336007,98.69,4.374078717331762,4,93.12,98.2,5.079999999999998
1494,1d_2a,CataCXium A,Pd(OAc)2,KOH,MeOH,95.06,997,M1_interpretable_5,Five interpretable Kraken descriptors,95.06,97.29224292870268,11.287669947354997,75.16840983188689,119.41607602551846,98.69,3.617744692367168,5,95.06,98.2,3.1400000000000006
1214,1d_2a,P(Ph)3,Pd(OAc)2,LiOtBu,MeCN,98.2,809,M1_interpretable_5,Five interpretable Kraken descriptors,98.2,95.07136941832613,13.067860699124726,69.45836244804167,120.68437638861059,98.69,3.4108139257746553,6,98.2,98.2,0.0
1497,1d_2a,XPhos,Pd(OAc)2,KOH,MeOH,90.57,999,M1_interpretable_5,Five interpretable Kraken descriptors,90.57,93.79576892715664,14.098629287219032,66.16245552420735,121.42908233010594,98.69,3.334156610741738,7,98.2,98.2,0.0
1218,1d_2a,CataCXium A,Pd(OAc)2,LiOtBu,MeCN,94.64,813,M1_interpretable_5,Five interpretable Kraken descriptors,94.64,93.37552632291217,13.802168000364361,66.32327704219801,120.42777560362632,98.69,3.0805318946238804,8,98.2,98.2,0.0
1166,1d_2a,P(Ph)3,Pd(OAc)2,NaHCO3,MeCN,93.27,777,M1_interpretable_5,Five interpretable Kraken descriptors,93.27,92.71996667882884,13.68851102747057,65.89048506498652,119.54944829267116,98.69,2.8248109992757637,9,98.2,98.2,0.0
1518,1d_2a,CataCXium A,Pd(OAc)2,Et3N,MeOH,89.09,1013,M1_interpretable_5,Five interpretable Kraken descriptors,89.09,94.97836349367148,11.173136850695945,73.07901526630744,116.87771172103552,98.69,2.664591366048966,10,98.2,98.2,0.0
1242,1d_2a,CataCXium A,Pd(OAc)2,None,MeCN,80.77,829,M1_interpretable_5,Five interpretable Kraken descriptors,80.77,93.49093837485377,11.627933040867243,70.70018961475398,116.28168713495356,98.69,2.3356178060171873,11,98.2,98.2,0.0
1418,1d_2a,P(Ph)3,Pd(OAc)2,Et3N,DMF,87.27,945,M1_interpretable_5,Five interpretable Kraken descriptors,87.27,89.67991394016755,13.77205170590364,62.686692596596416,116.67313528373869,98.69,1.9994752047460085,12,98.2,98.2,0.0
1456,1d_2a,P(Cy)3,Pd(OAc)2,NaHCO3,MeOH,92.43,971,M1_interpretable_5,Five interpretable Kraken descriptors,92.43,91.62086330164463,12.218265129099914,67.6730636486088,115.56866295468046,98.69,1.9963377456708713,13,98.2,98.2,0.0
1170,1d_2a,CataCXium A,Pd(OAc)2,NaHCO3,MeCN,92.01,781,M1_interpretable_5,Five interpretable Kraken descriptors,92.01,91.06998259716855,12.346959347053305,66.86994227694407,115.27002291739302,98.69,1.89412827776528,14,98.2,98.2,0.0
1505,1d_2a,P(o-Tol)3,Pd(OAc)2,LiOtBu,MeOH,92.65,1004,M1_interpretable_5,Five interpretable Kraken descriptors,92.65,86.32110476739915,15.242635180096473,56.44553981441006,116.19666972038823,98.69,1.6935933260235103,15,98.2,98.2,0.0
1204,1d_2a,P(Cy)3,Pd(OAc)2,KOH,MeCN,83.91,803,M1_interpretable_5,Five interpretable Kraken descriptors,83.91,90.31359724345208,12.161996677429523,66.47608375569021,114.15111073121395,98.69,1.6515442298130392,16,98.2,98.2,0.0
1394,1d_2a,P(Ph)3,Pd(OAc)2,KOH,DMF,92.73,929,M1_interpretable_5,Five interpretable Kraken descriptors,92.73,89.0414590607644,12.981978322294694,63.5967815490668,114.48613657246199,98.69,1.6113762420428337,17,98.2,98.2,0.0
1213,1d_2a,P(tBu)3,Pd(OAc)2,LiOtBu,MeCN,92.92,808,M1_interpretable_5,Five interpretable Kraken descriptors,92.92,86.20233245187175,14.150392458926035,58.467563232376726,113.93710167136678,98.69,1.375294349882071,18,98.2,98.2,0.0
1527,1d_2a,AmPhos,Pd(OAc)2,None,MeOH,72.03,1018,M1_interpretable_5,Five interpretable Kraken descriptors,72.03,83.85709455915955,14.534296713527596,55.36987300064546,112.34431611767363,98.69,1.0894400222442648,19,98.2,98.2,0.0
1479,1d_2a,AmPhos,Pd(OAc)2,K3PO4,MeOH,92.82,986,M1_interpretable_5,Five interpretable Kraken descriptors,92.82,84.17811668225582,13.943847841444219,56.84817491302515,111.50805845148649,98.69,1.0019336621976458,20,98.2,98.2,0.0
1998,1d_2b,CataCXium A,Pd(OAc)2,Et3N,MeCN,94.32,1333,M1_interpretable_5,Five interpretable Kraken descriptors,94.32,104.28863631427444,11.446661549644737,81.85317967697075,126.72409295157813,98.42,7.744127735618081,1,94.32,100.0,5.680000000000007
1926,1d_2b,CataCXium A,Pd(OAc)2,NaOH,MeCN,94.39,1285,M1_interpretable_5,Five interpretable Kraken descriptors,94.39,101.42384798164801,11.571450432371197,78.74380513420047,124.10389082909555,98.42,5.97591587034298,2,94.39,100.0,5.609999999999999
2066,1d_2b,P(Ph)3,Pd(OAc)2,KOH,THF,77.32,1377,M1_interpretable_5,Five interpretable Kraken descriptors,77.32,96.65257558327451,15.565576554425077,66.14404553660137,127.16110562994766,98.42,5.141822224083931,3,94.39,100.0,5.609999999999999
2077,1d_2b,P(tBu)3,Pd(OAc)2,LiOtBu,THF,93.55,1384,M1_interpretable_5,Five interpretable Kraken descriptors,93.55,98.76891225092908,11.635256644900117,75.96380922692485,121.5740152749333,98.42,4.566643286475148,4,94.39,100.0,5.609999999999999
1923,1d_2b,AmPhos,Pd(OAc)2,NaOH,MeCN,94.83,1282,M1_interpretable_5,Five interpretable Kraken descriptors,94.83,96.68657690088969,12.926492604086707,71.35065139687974,122.02250240489964,98.42,4.116995494926347,5,94.83,100.0,5.170000000000002
2022,1d_2b,CataCXium A,Pd(OAc)2,NaOH,THF,92.59,1349,M1_interpretable_5,Five interpretable Kraken descriptors,92.59,96.47203188655506,11.354352481138717,74.21750102352317,118.72656274958695,98.42,3.4106172741020666,6,94.83,100.0,5.170000000000002
2083,1d_2b,SPhos,Pd(OAc)2,LiOtBu,THF,95.34,1390,M1_interpretable_5,Five interpretable Kraken descriptors,95.34,93.46304508343249,11.876227168929265,70.18563983233113,116.74045033453385,98.42,2.500986732485406,7,95.34,100.0,4.659999999999997
2078,1d_2b,P(Ph)3,Pd(OAc)2,LiOtBu,THF,94.71,1385,M1_interpretable_5,Five interpretable Kraken descriptors,94.71,90.03074397076651,14.628742518539916,61.35840863442827,118.70307930710474,98.42,2.4368934119923678,8,95.34,100.0,4.659999999999997
2095,1d_2b,SPhos,Pd(OAc)2,Et3N,THF,85.37,1398,M1_interpretable_5,Five interpretable Kraken descriptors,85.37,91.90092668913468,13.043796009695846,66.33508651013082,117.46676686813854,98.42,2.4299350749329784,9,95.34,100.0,4.659999999999997
2261,1d_2b,P(o-Tol)3,Pd(OAc)2,KOH,MeOH,86.4,1508,M1_interpretable_5,Five interpretable Kraken descriptors,86.4,91.07811819781149,13.297055269308657,65.01588986996653,117.14034652565645,98.42,2.2804788591031535,10,95.34,100.0,4.659999999999997
2295,1d_2b,AmPhos,Pd(OAc)2,None,MeOH,66.14,1530,M1_interpretable_5,Five interpretable Kraken descriptors,66.14,88.8144309091551,14.697534496559985,60.00726329589754,117.62159852241268,98.42,2.144538175114952,11,95.34,100.0,4.659999999999997
2259,1d_2b,AmPhos,Pd(OAc)2,KOH,MeOH,83.8,1506,M1_interpretable_5,Five interpretable Kraken descriptors,83.8,88.59482575288749,14.352079990399858,60.46474897170377,116.7249025340712,98.42,1.984017788012343,12,95.34,100.0,4.659999999999997
2215,1d_2b,SPhos,Pd(OAc)2,NaOH,MeOH,83.9,1478,M1_interpretable_5,Five interpretable Kraken descriptors,83.9,89.44932056631832,12.9431444295195,64.0807574844601,114.81788364817655,98.42,1.752004892593365,13,95.34,100.0,4.659999999999997
2163,1d_2b,AmPhos,Pd(OAc)2,KOH,DMF,91.35,1442,M1_interpretable_5,Five interpretable Kraken descriptors,91.35,89.56755378812751,12.75285030869268,64.57196718308985,114.56314039316517,98.42,1.7213742754493415,14,95.34,100.0,4.659999999999997
1921,1d_2b,P(tBu)3,Pd(OAc)2,NaOH,MeCN,93.45,1280,M1_interpretable_5,Five interpretable Kraken descriptors,93.45,87.93350750945677,13.472203602427776,61.52798844869834,114.33902657021521,98.42,1.5757023163420678,15,95.34,100.0,4.659999999999997
1959,1d_2b,AmPhos,Pd(OAc)2,K3PO4,MeCN,85.14,1306,M1_interpretable_5,Five interpretable Kraken descriptors,85.14,86.2757269887725,14.399458418430719,58.0527884886483,114.4986654888967,98.42,1.5051012156842316,16,95.34,100.0,4.659999999999997
2114,1d_2b,P(Ph)3,Pd(OAc)2,NaOH,DMF,88.53,1409,M1_interpretable_5,Five interpretable Kraken descriptors,88.53,89.04683859167227,12.382004107523963,64.7781105409253,113.31556664241924,98.42,1.495291771318279,17,95.34,100.0,4.659999999999997
1929,1d_2b,XPhos,Pd(OAc)2,NaOH,MeCN,90.64,1287,M1_interpretable_5,Five interpretable Kraken descriptors,90.64,90.16091079992603,11.272293384280662,68.06721576673593,112.25460583311613,98.42,1.410693370624951,18,95.34,100.0,4.659999999999997
2209,1d_2b,P(tBu)3,Pd(OAc)2,NaOH,MeOH,80.02,1472,M1_interpretable_5,Five interpretable Kraken descriptors,80.02,87.17240270462871,13.139666001283292,61.41865734211346,112.92614806714396,98.42,1.3340689544395432,19,95.34,100.0,4.659999999999997
1924,1d_2b,P(Cy)3,Pd(OAc)2,NaOH,MeCN,85.66,1283,M1_interpretable_5,Five interpretable Kraken descriptors,85.66,87.94056895820836,12.518767754214124,63.40378415994867,112.47735375646805,98.42,1.3110682150264235,20,95.34,100.0,4.659999999999997
3775,1d_2c,CataCXium A,Pd(OAc)2,KOH,MeOH,64.04,2517,M1_interpretable_5,Five interpretable Kraken descriptors,64.04,70.47900677191085,12.366456929940746,46.240751189226984,94.71726235459471,81.25,1.216205060515319,1,64.04,80.09,16.049999999999997
3833,1d_2c,P(Cy)3,Pd(OAc)2,K3PO4,MeOH,78.59,2555,M1_interpretable_5,Five interpretable Kraken descriptors,78.59,64.36360637705414,12.862568522905141,39.15297207216007,89.57424068194821,81.25,0.5241097549252611,2,78.59,80.09,1.5
3810,1d_2c,P(o-Tol)3,Pd(OAc)2,Et3N,MeOH,79.4,2540,M1_interpretable_5,Five interpretable Kraken descriptors,79.4,62.3249571512814,13.698147006701694,35.476589018146086,89.17332528441672,81.25,0.4826196018657718,3,79.4,80.09,0.6899999999999977
3786,1d_2c,P(o-Tol)3,Pd(OAc)2,LiOtBu,MeOH,73.24,2524,M1_interpretable_5,Five interpretable Kraken descriptors,73.24,59.05599498430867,14.769743758301319,30.107297218038084,88.00469275057925,81.25,0.39807127185313207,4,79.4,80.09,0.6899999999999977
3807,1d_2c,P(Ph)3,Pd(OAc)2,Et3N,MeOH,80.09,2537,M1_interpretable_5,Five interpretable Kraken descriptors,80.09,60.220987565913006,13.831829455809228,33.110601832526925,87.33137329929909,81.25,0.35595019898855296,5,80.09,80.09,0.0
3797,1d_2c,P(Cy)3,Pd(OAc)2,NaHCO3,MeOH,69.95,2531,M1_interpretable_5,Five interpretable Kraken descriptors,69.95,58.09425991215912,12.778720890579002,33.04796696662427,83.14055285769396,81.25,0.16020525153329812,6,80.09,80.09,0.0
3619,1d_2c,CataCXium A,Pd(OAc)2,Et3N,THF,60.3,2413,M1_interpretable_5,Five interpretable Kraken descriptors,60.3,59.18990327454048,12.225062083306332,35.228781591260066,83.15102495782088,81.25,0.15554697138960483,7,80.09,80.09,0.0
3579,1d_2c,P(Ph)3,Pd(OAc)2,KOH,THF,42.44,2385,M1_interpretable_5,Five interpretable Kraken descriptors,42.44,57.19829747731298,12.813495716605019,32.08384587276714,82.31274908185881,81.25,0.13583514420340326,8,80.09,80.09,0.0
3790,1d_2c,XPhos,Pd(OAc)2,LiOtBu,MeOH,64.55,2527,M1_interpretable_5,Five interpretable Kraken descriptors,64.55,52.15254544467635,14.017070421224949,24.67908741907545,79.62600347027725,81.25,0.0878204326162968,9,80.09,80.09,0.0
3764,1d_2c,SPhos,Pd(OAc)2,NaOH,MeOH,62.57,2510,M1_interpretable_5,Five interpretable Kraken descriptors,62.57,52.30250802237309,12.850880229243883,27.11478277305508,77.4902332716911,81.25,0.04824253502397191,10,80.09,80.09,0.0
3788,1d_2c,SPhos,Pd(OAc)2,LiOtBu,MeOH,69.82,2526,M1_interpretable_5,Five interpretable Kraken descriptors,69.82,50.093335996570794,13.06094166504949,24.493890333073793,75.6927816600678,81.25,0.0330680635657333,11,80.09,80.09,0.0
3617,1d_2c,P(Cy)3,Pd(OAc)2,Et3N,THF,30.56,2411,M1_interpretable_5,Five interpretable Kraken descriptors,30.56,46.771752718689676,13.293263961621744,20.716955353911057,72.82655008346829,81.25,0.01760776750069523,12,80.09,80.09,0.0
3820,1d_2c,AmPhos,Pd(OAc)2,CsF,MeOH,78.92,2546,M1_interpretable_5,Five interpretable Kraken descriptors,78.92,44.78238641910304,13.672612560916177,17.984065799707334,71.58070703849874,81.25,0.014316666047290344,13,80.09,80.09,0.0
3631,1d_2c,CataCXium A,Pd(OAc)2,CsF,THF,60.07,2421,M1_interpretable_5,Five interpretable Kraken descriptors,60.07,45.8892912224039,12.606898071491804,21.179771002279963,70.59881144252783,81.25,0.008255444659033717,14,80.09,80.09,0.0
3806,1d_2c,P(tBu)3,Pd(OAc)2,Et3N,MeOH,46.61,2536,M1_interpretable_5,Five interpretable Kraken descriptors,46.61,43.207366362155504,13.324910698475936,17.090541393142672,69.32419133116834,81.25,0.007405836646688521,15,80.09,80.09,0.0
3812,1d_2c,SPhos,Pd(OAc)2,Et3N,MeOH,58.75,2542,M1_interpretable_5,Five interpretable Kraken descriptors,58.75,41.750521928199944,13.681489181206103,14.934803133035981,68.5662407233639,81.25,0.0068301568423194126,16,80.09,80.09,0.0
3808,1d_2c,AmPhos,Pd(OAc)2,Et3N,MeOH,74.74,2538,M1_interpretable_5,Five interpretable Kraken descriptors,74.74,38.81721344934135,14.033978034892117,11.310616500952804,66.3238103977299,81.25,0.004344373028300451,17,80.09,80.09,0.0
3784,1d_2c,AmPhos,Pd(OAc)2,LiOtBu,MeOH,61.48,2522,M1_interpretable_5,Five interpretable Kraken descriptors,61.48,34.197426982816935,15.000243769437514,4.79694919471941,63.59790477091446,81.25,0.003103211535386216,18,80.09,80.09,0.0
3557,1d_2c,P(Cy)3,Pd(OAc)2,None,THF,47.6,2371,M1_interpretable_5,Five interpretable Kraken descriptors,47.6,42.007108427735716,12.542426402211117,17.42395267940193,66.5902641760695,81.25,0.00260857312083412,19,80.09,80.09,0.0
3581,1d_2c,P(Cy)3,Pd(OAc)2,KOH,THF,27.31,2387,M1_interpretable_5,Five interpretable Kraken descriptors,27.31,43.952330516554966,11.86322165805799,20.700416066761306,67.20424496634863,81.25,0.0023135185473690846,20,80.09,80.09,0.0
69,1a_2a,XPhos,Pd(OAc)2,LiOtBu,MeCN,92.83,47,M2_all_kraken,All cleaned Kraken descriptors,92.83,87.31270523785334,13.653047486589282,60.55273216413835,114.07267831156832,93.67,2.6910439799548893,1,92.83,92.83,0.0
103,1a_2a,SPhos,Pd(OAc)2,NaOH,THF,87.06,70,M2_all_kraken,All cleaned Kraken descriptors,87.06,78.97525408507285,13.689754044231014,52.14333615838006,105.80717201176563,93.67,0.9210780640754828,2,92.83,92.83,0.0
357,1a_2a,XPhos,Pd(OAc)2,LiOtBu,MeOH,27.33,239,M2_all_kraken,All cleaned Kraken descriptors,27.33,70.62538190523489,14.162194987202131,42.86747973031871,98.38328408015107,93.67,0.2836213140348287,3,92.83,92.83,0.0
177,1a_2a,XPhos,Pd(OAc)2,Et3N,THF,88.93,119,M2_all_kraken,All cleaned Kraken descriptors,88.93,64.07884570048871,17.117873749393123,30.527813151678195,97.62987824929922,93.67,0.27150361446252047,4,92.83,92.83,0.0
114,1a_2a,CataCXium A,Pd(OAc)2,NaHCO3,THF,70.45,77,M2_all_kraken,All cleaned Kraken descriptors,70.45,69.10847677165985,14.520910586364128,40.64749202238616,97.56946152093354,93.67,0.24925096701847926,5,92.83,92.83,0.0
115,1a_2a,SPhos,Pd(OAc)2,NaHCO3,THF,79.85,78,M2_all_kraken,All cleaned Kraken descriptors,79.85,70.32179781744429,13.276557875625489,44.29974438121833,96.34385125367025,93.67,0.19132016306153887,6,92.83,92.83,0.0
163,1a_2a,SPhos,Pd(OAc)2,LiOtBu,THF,85.95,110,M2_all_kraken,All cleaned Kraken descriptors,85.95,65.50238553858537,13.606181281309818,38.83427022721813,92.17050084995262,93.67,0.08633286370768023,7,92.83,92.83,0.0
100,1a_2a,P(Cy)3,Pd(OAc)2,NaOH,THF,69.94,67,M2_all_kraken,All cleaned Kraken descriptors,69.94,61.77067992062323,13.492800979686297,35.324790000438085,88.21656984080838,93.67,0.03657057841012168,8,92.83,92.83,0.0
247,1a_2a,SPhos,Pd(OAc)2,KOH,DMF,62.77,166,M2_all_kraken,All cleaned Kraken descriptors,62.77,50.6369345861459,17.263791583185746,16.79990308310184,84.47396608918996,93.67,0.032348749033816016,9,92.83,92.83,0.0
31,1a_2a,SPhos,Pd(OAc)2,CsF,MeCN,68.44,22,M2_all_kraken,All cleaned Kraken descriptors,68.44,52.04389111937698,15.639707382290963,21.390064650086693,82.69771758866727,93.67,0.016933680452716926,10,92.83,92.83,0.0
117,1a_2a,XPhos,Pd(OAc)2,NaHCO3,THF,80.77,79,M2_all_kraken,All cleaned Kraken descriptors,80.77,54.884579616719556,14.39313735762353,26.674030395777436,83.09512883766168,93.67,0.01385179260142222,11,92.83,92.83,0.0
306,1a_2a,CataCXium A,Pd(OAc)2,NaHCO3,MeOH,25.15,205,M2_all_kraken,All cleaned Kraken descriptors,25.15,40.657841201332744,18.488234152833744,4.420902261778608,76.89478014088688,93.67,0.010209856808467518,12,92.83,92.83,0.0
294,1a_2a,CataCXium A,Pd(OAc)2,NaOH,MeOH,14.91,197,M2_all_kraken,All cleaned Kraken descriptors,14.91,45.79561806269594,16.819009690994747,12.830359068346233,78.76087705704563,93.67,0.009887218957255361,13,92.83,92.83,0.0
249,1a_2a,XPhos,Pd(OAc)2,KOH,DMF,79.14,167,M2_all_kraken,All cleaned Kraken descriptors,79.14,42.56916521489966,17.076313083829934,9.099591570592992,76.03873885920633,93.67,0.006041327916245107,14,92.83,92.83,0.0
261,1a_2a,XPhos,Pd(OAc)2,LiOtBu,DMF,61.47,175,M2_all_kraken,All cleaned Kraken descriptors,61.47,53.226584579455256,13.802904268924877,26.1728922123625,80.28027694654801,93.67,0.005938899155397477,15,92.83,92.83,0.0
19,1a_2a,SPhos,Pd(OAc)2,NaHCO3,MeCN,69.22,14,M2_all_kraken,All cleaned Kraken descriptors,69.22,53.437465930479505,13.674750690735431,26.63495457663806,80.23997728432096,93.67,0.005633742894074374,16,92.83,92.83,0.0
316,1a_2a,P(Cy)3,Pd(OAc)2,CsF,MeOH,30.94,211,M2_all_kraken,All cleaned Kraken descriptors,30.94,43.49866240120659,15.900467201490837,12.333746686284545,74.66357811612863,93.67,0.0030932760503833076,17,92.83,92.83,0.0
375,1a_2a,AmPhos,Pd(OAc)2,None,MeOH,32.25,250,M2_all_kraken,All cleaned Kraken descriptors,32.25,46.16504188441669,14.83696661200263,17.084587324891533,75.24549644394185,93.67,0.0024080717426266766,18,92.83,92.83,0.0
366,1a_2a,CataCXium A,Pd(OAc)2,Et3N,MeOH,31.02,245,M2_all_kraken,All cleaned Kraken descriptors,31.02,37.17667203862683,16.504746198060325,4.827369490428595,69.52597458682507,93.67,0.0011618072094473735,19,92.83,92.83,0.0
169,1a_2a,P(tBu)3,Pd(OAc)2,Et3N,THF,68.72,112,M2_all_kraken,All cleaned Kraken descriptors,68.72,43.35329941442743,13.99519103798747,15.922724979971992,70.78387384888288,93.67,0.000482279375107769,20,92.83,92.83,0.0
2863,1a_2b,SPhos,Pd(OAc)2,Et3N,THF,76.22,1910,M2_all_kraken,All cleaned Kraken descriptors,76.22,71.93158899084766,14.277921224362455,43.946863391097246,99.91631459059806,77.13,3.2945856106099014,1,76.22,92.16,15.939999999999998
2875,1a_2b,SPhos,Pd(OAc)2,None,THF,69.3,1918,M2_all_kraken,All cleaned Kraken descriptors,69.3,69.62928665558755,13.275748642628425,43.608819316035834,95.64975399513926,77.13,2.2296010891487588,2,76.22,92.16,15.939999999999998
2793,1a_2b,XPhos,Pd(OAc)2,NaOH,THF,92.16,1863,M2_all_kraken,All cleaned Kraken descriptors,92.16,60.452075351450794,17.110720011828022,26.915064128267872,93.98908657463372,77.13,1.4149572140791915,3,92.16,92.16,0.0
2757,1a_2b,XPhos,Pd(OAc)2,LiOtBu,MeCN,76.56,1839,M2_all_kraken,All cleaned Kraken descriptors,76.56,60.481265850340705,13.94371870407282,33.15157719035798,87.81095451032343,77.13,0.7355687751524238,4,92.16,92.16,0.0
2721,1a_2b,XPhos,Pd(OAc)2,CsF,MeCN,77.78,1815,M2_all_kraken,All cleaned Kraken descriptors,77.78,59.117264688173925,13.270315180383864,33.10744693462155,85.1270824417263,77.13,0.4919284150470804,5,92.16,92.16,0.0
2983,1a_2b,SPhos,Pd(OAc)2,NaOH,MeOH,63.06,1990,M2_all_kraken,All cleaned Kraken descriptors,63.06,49.212830524130965,16.12824101113134,17.60147814231354,80.82418290594839,77.13,0.2532322224947263,6,92.16,92.16,0.0
2731,1a_2b,SPhos,Pd(OAc)2,K3PO4,MeCN,69.42,1822,M2_all_kraken,All cleaned Kraken descriptors,69.42,53.5902821032968,13.964449552559513,26.219960980280156,80.96060322631345,77.13,0.24230215148418144,7,92.16,92.16,0.0
3038,1a_2b,P(Ph)3,Pd(OAc)2,LiOtBu,MeOH,9.21,2025,M2_all_kraken,All cleaned Kraken descriptors,9.21,42.727051051665434,18.874187582319053,5.73364339032009,79.72045871301077,77.13,0.2378000777500051,8,92.16,92.16,0.0
2877,1a_2b,XPhos,Pd(OAc)2,None,THF,84.83,1919,M2_all_kraken,All cleaned Kraken descriptors,84.83,51.73720337677185,14.445483615758242,23.4240554898857,80.050351263658,77.13,0.21016943159598067,9,92.16,92.16,0.0
2781,1a_2b,XPhos,Pd(OAc)2,None,MeCN,66.37,1855,M2_all_kraken,All cleaned Kraken descriptors,66.37,52.13438315991627,13.451214126402824,25.77000347216673,78.4987628476658,77.13,0.15047527768900704,10,92.16,92.16,0.0
2935,1a_2b,SPhos,Pd(OAc)2,KOH,DMF,13.53,1958,M2_all_kraken,All cleaned Kraken descriptors,13.53,39.89131489919269,17.095001202673703,6.385112541952232,73.39751725643316,77.13,0.08175773250141838,11,92.16,92.16,0.0
2992,1a_2b,P(Cy)3,Pd(OAc)2,NaHCO3,MeOH,30.49,1995,M2_all_kraken,All cleaned Kraken descriptors,30.49,39.27214127195868,17.10596081116714,5.744458082071084,72.79982446184627,77.13,0.07404854860281185,12,92.16,92.16,0.0
2778,1a_2b,CataCXium A,Pd(OAc)2,None,MeCN,18.06,1853,M2_all_kraken,All cleaned Kraken descriptors,18.06,37.520536769763254,16.677393123393095,4.832846247912791,70.20822729161372,77.13,0.04468830680822944,13,92.16,92.16,0.0
2838,1a_2b,CataCXium A,Pd(OAc)2,KOH,THF,33.61,1893,M2_all_kraken,All cleaned Kraken descriptors,33.61,42.404307110552324,14.802178707207714,13.392036844425206,71.41657737667944,77.13,0.04279293741474316,14,92.16,92.16,0.0
2959,1a_2b,SPhos,Pd(OAc)2,Et3N,DMF,10.75,1974,M2_all_kraken,All cleaned Kraken descriptors,10.75,32.64266461973931,17.139688896324415,-0.9511256170565474,66.23645485653516,77.13,0.023183213524385654,15,92.16,92.16,0.0
2694,1a_2b,CataCXium A,Pd(OAc)2,NaOH,MeCN,15.97,1797,M2_all_kraken,All cleaned Kraken descriptors,15.97,32.842942290069985,16.335635458074698,0.8250967922435777,64.86078778789638,77.13,0.015099477032199576,16,92.16,92.16,0.0
3021,1a_2b,XPhos,Pd(OAc)2,K3PO4,MeOH,51.75,2015,M2_all_kraken,All cleaned Kraken descriptors,51.75,41.26195245014585,13.50147658008659,14.799058353176132,67.72484654711556,77.13,0.014613805823808307,17,92.16,92.16,0.0
2994,1a_2b,CataCXium A,Pd(OAc)2,NaHCO3,MeOH,16.27,1997,M2_all_kraken,All cleaned Kraken descriptors,16.27,39.88851209580358,13.8001119061614,12.840292759727234,66.93673143187992,77.13,0.013046050107298784,18,92.16,92.16,0.0
3014,1a_2b,P(Ph)3,Pd(OAc)2,K3PO4,MeOH,12.04,2009,M2_all_kraken,All cleaned Kraken descriptors,12.04,31.903296873856124,15.90122708100659,0.7368917950832063,63.069701952629046,77.13,0.009363759588029402,19,92.16,92.16,0.0
2836,1a_2b,P(Cy)3,Pd(OAc)2,KOH,THF,46.21,1891,M2_all_kraken,All cleaned Kraken descriptors,46.21,29.797592421409643,16.304766419630774,-2.1597497610666743,61.75493460388596,77.13,0.007861494097162233,20,92.16,92.16,0.0
4558,1a_2c,XPhos,Pd(OAc)2,LiOtBu,MeOH,59.08,3039,M2_all_kraken,All cleaned Kraken descriptors,59.08,52.170969874755976,13.373376167986493,25.95915258550245,78.3827871640095,49.99,6.217780963297144,1,59.08,59.08,0.0
4544,1a_2c,SPhos,Pd(OAc)2,KOH,MeOH,41.19,3030,M2_all_kraken,All cleaned Kraken descriptors,41.19,49.65733460871392,13.939535378406621,22.33584526703694,76.97882395039089,49.99,5.15465578326995,2,59.08,59.08,0.0
4325,1a_2c,P(Cy)3,Pd(OAc)2,None,THF,18.72,2883,M2_all_kraken,All cleaned Kraken descriptors,18.72,41.31564398382946,13.237769503351839,15.369615757259858,67.26167221039907,49.99,1.9137850743468312,3,59.08,59.08,0.0
4364,1a_2c,SPhos,Pd(OAc)2,LiOtBu,THF,15.93,2910,M2_all_kraken,All cleaned Kraken descriptors,15.93,39.386625851377104,13.997216946467526,11.952080636300753,66.82117106645346,49.99,1.702658136638814,4,59.08,59.08,0.0
4370,1a_2c,P(tBu)3,Pd(OAc)2,NaHCO3,THF,15.38,2912,M2_all_kraken,All cleaned Kraken descriptors,15.38,34.51238941895401,15.79272893674271,3.5586407029382947,65.46613813496973,49.99,1.286707033615552,5,59.08,59.08,0.0
4554,1a_2c,P(o-Tol)3,Pd(OAc)2,LiOtBu,MeOH,15.16,3036,M2_all_kraken,All cleaned Kraken descriptors,15.16,27.68176879710953,18.438045286935363,-8.456799965283782,63.820337559502846,49.99,0.958292874280684,6,59.08,59.08,0.0
4580,1a_2c,SPhos,Pd(OAc)2,Et3N,MeOH,21.06,3054,M2_all_kraken,All cleaned Kraken descriptors,21.06,31.347530120791824,16.17245542785576,-0.3504825178054638,63.04554275938911,49.99,0.938170313227217,7,59.08,59.08,0.0
4601,1a_2c,P(Cy)3,Pd(OAc)2,K3PO4,MeOH,21.39,3067,M2_all_kraken,All cleaned Kraken descriptors,21.39,34.49630915037709,13.841121663655137,7.36771068961302,61.624907611141154,49.99,0.8500704098306255,8,59.08,59.08,0.0
4551,1a_2c,P(Ph)3,Pd(OAc)2,LiOtBu,MeOH,17.63,3033,M2_all_kraken,All cleaned Kraken descriptors,17.63,34.1524706306446,13.996225281869862,6.7198690781796735,61.58507218310953,49.99,0.8393915262950371,9,59.08,59.08,0.0
4567,1a_2c,CataCXium A,Pd(OAc)2,NaHCO3,MeOH,7.73,3045,M2_all_kraken,All cleaned Kraken descriptors,7.73,25.153162690549333,16.708206721928583,-7.594922484430686,57.901247865529356,49.99,0.47161328688895443,10,59.08,59.08,0.0
4598,1a_2c,P(tBu)3,Pd(OAc)2,K3PO4,MeOH,19.82,3064,M2_all_kraken,All cleaned Kraken descriptors,19.82,25.34930091638955,16.127132832196267,-6.259879434715135,56.958481267494236,49.99,0.41268631344671025,11,59.08,59.08,0.0
4322,1a_2c,P(tBu)3,Pd(OAc)2,None,THF,15.0,2880,M2_all_kraken,All cleaned Kraken descriptors,15.0,29.95284127862473,13.53509879281087,3.4240476447154258,56.481634912534034,49.99,0.38126421030693636,12,59.08,59.08,0.0
4340,1a_2c,SPhos,Pd(OAc)2,NaOH,THF,17.39,2894,M2_all_kraken,All cleaned Kraken descriptors,17.39,29.62435053059299,13.609949547324106,2.9488494178377422,56.29985164334824,49.99,0.36970304597080594,13,59.08,59.08,0.0
4498,1a_2c,XPhos,Pd(OAc)2,CsF,DMF,20.83,2999,M2_all_kraken,All cleaned Kraken descriptors,20.83,29.400652806660194,13.56310492538446,2.8169671529066527,55.98433846041374,49.99,0.350316458396982,14,59.08,59.08,0.0
4562,1a_2c,P(tBu)3,Pd(OAc)2,NaHCO3,MeOH,23.23,3040,M2_all_kraken,All cleaned Kraken descriptors,23.23,24.340260552062187,15.971445691803547,-6.963773003872763,55.64429410799714,49.99,0.33978573705923654,15,59.08,59.08,0.0
4347,1a_2c,P(Ph)3,Pd(OAc)2,KOH,THF,20.73,2897,M2_all_kraken,All cleaned Kraken descriptors,20.73,27.790472958163548,14.212557199219667,-0.06613915230699874,55.6470850686341,49.99,0.33255713444017876,16,59.08,59.08,0.0
4604,1a_2c,SPhos,Pd(OAc)2,K3PO4,MeOH,48.66,3070,M2_all_kraken,All cleaned Kraken descriptors,48.66,24.906066839187904,15.47411383257502,-5.423196272659133,55.23532995103494,49.99,0.3167931496743259,17,59.08,59.08,0.0
4226,1a_2c,P(tBu)3,Pd(OAc)2,None,MeCN,16.56,2816,M2_all_kraken,All cleaned Kraken descriptors,16.56,27.830997022463485,13.861411342292632,0.6626307915699279,54.999363253357046,49.99,0.2967297513104883,18,59.08,59.08,0.0
4376,1a_2c,SPhos,Pd(OAc)2,NaHCO3,THF,15.82,2918,M2_all_kraken,All cleaned Kraken descriptors,15.82,29.125617314288,13.15053160054949,3.350575377211001,54.900659251365,49.99,0.2883505884030557,19,59.08,59.08,0.0
4602,1a_2c,P(o-Tol)3,Pd(OAc)2,K3PO4,MeOH,17.83,3068,M2_all_kraken,All cleaned Kraken descriptors,17.83,30.012667852664926,12.599791047060426,5.317077400426491,54.70825830490336,49.99,0.27587428989170104,20,59.08,59.08,0.0
726,1b_2a,CataCXium A,Pd(OAc)2,KOH,MeOH,85.46,485,M2_all_kraken,All cleaned Kraken descriptors,85.46,91.05760551921668,16.95687895744166,57.822122762631025,124.29308827580233,96.89,4.064916863620348,1,85.46,97.83,12.370000000000005
390,1b_2a,CataCXium A,Pd(OAc)2,NaOH,MeCN,96.38,261,M2_all_kraken,All cleaned Kraken descriptors,96.38,95.12816890589502,12.800336054333266,70.03951023940182,120.21682757238823,96.89,4.055195079086253,2,96.38,97.83,1.4500000000000028
690,1b_2a,CataCXium A,Pd(OAc)2,NaHCO3,MeOH,86.98,461,M2_all_kraken,All cleaned Kraken descriptors,86.98,91.50094918068892,16.297626604808176,59.557601035264895,123.44429732611295,96.89,3.977197283017282,3,96.38,97.83,1.4500000000000028
679,1b_2a,SPhos,Pd(OAc)2,NaOH,MeOH,92.88,454,M2_all_kraken,All cleaned Kraken descriptors,92.88,94.21043193943932,13.47733272341258,67.79485980155066,120.62600407732798,96.89,3.9358314915744117,4,96.38,97.83,1.4500000000000028
486,1b_2a,CataCXium A,Pd(OAc)2,NaOH,THF,96.57,325,M2_all_kraken,All cleaned Kraken descriptors,96.57,93.39263249722059,13.945983026600867,66.05850576508288,120.7267592293583,96.89,3.7919553993299058,5,96.57,97.83,1.2600000000000051
722,1b_2a,P(Ph)3,Pd(OAc)2,KOH,MeOH,92.61,481,M2_all_kraken,All cleaned Kraken descriptors,92.61,91.26229970757315,15.081928225423068,61.70172038574394,120.82287902940236,96.89,3.442861457762899,6,96.57,97.83,1.2600000000000051
746,1b_2a,P(Ph)3,Pd(OAc)2,Et3N,MeOH,82.99,497,M2_all_kraken,All cleaned Kraken descriptors,82.99,93.24670659839734,12.861194874578576,68.03876464422333,118.45464855257134,96.89,3.3231990020291944,7,96.57,97.83,1.2600000000000051
638,1b_2a,P(Ph)3,Pd(OAc)2,LiOtBu,DMF,81.23,425,M2_all_kraken,All cleaned Kraken descriptors,81.23,91.20841206916637,13.735580661766566,64.2866739721039,118.13015016622884,96.89,2.934653687101017,8,96.57,97.83,1.2600000000000051
759,1b_2a,AmPhos,Pd(OAc)2,None,MeOH,61.57,506,M2_all_kraken,All cleaned Kraken descriptors,61.57,88.45344082944294,15.885701446975812,57.31746599337035,119.58941566551553,96.89,2.84636621107559,9,96.57,97.83,1.2600000000000051
542,1b_2a,P(Ph)3,Pd(OAc)2,LiOtBu,THF,87.78,361,M2_all_kraken,All cleaned Kraken descriptors,87.78,89.91846375353023,14.400658338326357,61.69317341041057,118.1437540966499,96.89,2.765619347824541,10,96.57,97.83,1.2600000000000051
558,1b_2a,CataCXium A,Pd(OAc)2,Et3N,THF,97.83,373,M2_all_kraken,All cleaned Kraken descriptors,97.83,91.4294749737324,12.990711632450695,65.96768017412903,116.89126977333576,96.89,2.7384356779084453,11,97.83,97.83,0.0
482,1b_2a,P(Ph)3,Pd(OAc)2,NaOH,THF,90.21,321,M2_all_kraken,All cleaned Kraken descriptors,90.21,88.47014409888305,14.573529660472753,59.90602596435646,117.03426223340965,96.89,2.4103125696904772,12,97.83,97.83,0.0
531,1b_2a,AmPhos,Pd(OAc)2,KOH,THF,75.63,354,M2_all_kraken,All cleaned Kraken descriptors,75.63,87.96390176494529,12.818363817513312,62.839908682619196,113.08789484727139,96.89,1.7242927156989927,13,97.83,97.83,0.0
555,1b_2a,AmPhos,Pd(OAc)2,Et3N,THF,91.88,370,M2_all_kraken,All cleaned Kraken descriptors,91.88,82.72257432253022,15.780320917312755,51.79314532459722,113.65200332046322,96.89,1.5010303218100054,14,97.83,97.83,0.0
553,1b_2a,P(tBu)3,Pd(OAc)2,Et3N,THF,94.67,368,M2_all_kraken,All cleaned Kraken descriptors,94.67,83.40374742930746,14.954967686566977,54.09201076363618,112.71548409497873,96.89,1.4074274705940044,15,97.83,97.83,0.0
457,1b_2a,P(tBu)3,Pd(OAc)2,Et3N,MeCN,91.95,304,M2_all_kraken,All cleaned Kraken descriptors,91.95,80.4387883790818,16.551483449954013,47.99788081717193,112.87969594099167,96.89,1.316734209519141,16,97.83,97.83,0.0
711,1b_2a,AmPhos,Pd(OAc)2,K3PO4,MeOH,76.31,474,M2_all_kraken,All cleaned Kraken descriptors,76.31,82.40648933349789,14.927599101992591,53.14839509359241,111.66458357340336,96.89,1.2348545853020516,17,97.83,97.83,0.0
470,1b_2a,P(Ph)3,Pd(OAc)2,None,MeCN,83.34,313,M2_all_kraken,All cleaned Kraken descriptors,83.34,84.86758957634751,13.072942559947265,59.24462215885087,110.49055699384415,96.89,1.1793674925811173,18,97.83,97.83,0.0
691,1b_2a,SPhos,Pd(OAc)2,NaHCO3,MeOH,85.69,462,M2_all_kraken,All cleaned Kraken descriptors,85.69,83.33390281676961,13.65114270557408,56.57766311384441,110.09014251969481,96.89,1.0745422233183262,19,97.83,97.83,0.0
387,1b_2a,AmPhos,Pd(OAc)2,NaOH,MeCN,86.82,258,M2_all_kraken,All cleaned Kraken descriptors,86.82,81.00815668445298,15.128829790879287,51.35565029432958,110.66066307457639,96.89,1.073877641768184,20,97.83,97.83,0.0
2318,1b_2b,P(Ph)3,Pd(OAc)2,NaHCO3,MeCN,68.23,1545,M2_all_kraken,All cleaned Kraken descriptors,68.23,84.50834845692818,15.849335405136188,53.44365106286125,115.5730458509951,96.75,1.8920662184310184,1,68.23,96.19,27.959999999999994
2391,1b_2b,AmPhos,Pd(OAc)2,None,MeCN,83.89,1594,M2_all_kraken,All cleaned Kraken descriptors,83.89,79.89475843393181,14.558797206190693,51.359515909798056,108.43000095806556,96.75,0.8301424341693178,2,83.89,96.19,12.299999999999997
2355,1b_2b,AmPhos,Pd(OAc)2,KOH,MeCN,81.7,1570,M2_all_kraken,All cleaned Kraken descriptors,81.7,81.18560087793185,13.440179723890102,54.842848619107244,107.52835313675645,96.75,0.7613998459303075,3,83.89,96.19,12.299999999999997
2479,1b_2b,SPhos,Pd(OAc)2,Et3N,THF,87.02,1654,M2_all_kraken,All cleaned Kraken descriptors,87.02,79.21474870293264,14.342254795869412,51.10392930302859,107.32556810283668,96.75,0.7142527667832552,4,87.02,96.19,9.170000000000002
2666,1b_2b,P(Ph)3,Pd(OAc)2,Et3N,MeOH,53.9,1777,M2_all_kraken,All cleaned Kraken descriptors,53.9,79.62833084239983,13.67093109689887,52.83330589247805,106.42335579232162,96.75,0.6371248203508983,5,87.02,96.19,9.170000000000002
2366,1b_2b,P(Ph)3,Pd(OAc)2,LiOtBu,MeCN,73.07,1577,M2_all_kraken,All cleaned Kraken descriptors,73.07,80.61703443510164,13.098765760104488,54.94345354529685,106.29061532490644,96.75,0.6356741975644766,6,87.02,96.19,9.170000000000002
2606,1b_2b,P(Ph)3,Pd(OAc)2,NaHCO3,MeOH,68.46,1737,M2_all_kraken,All cleaned Kraken descriptors,68.46,74.25237460706342,15.994491909677633,42.903170464095254,105.60157875003158,96.75,0.5392883696279445,7,87.02,96.19,9.170000000000002
2365,1b_2b,P(tBu)3,Pd(OAc)2,LiOtBu,MeCN,92.06,1576,M2_all_kraken,All cleaned Kraken descriptors,92.06,74.81041752749078,15.32548519406524,44.77246654712292,104.84836850785865,96.75,0.487089172034298,8,92.06,96.19,4.1299999999999955
2679,1b_2b,AmPhos,Pd(OAc)2,None,MeOH,42.55,1786,M2_all_kraken,All cleaned Kraken descriptors,42.55,73.94745756981786,15.218345252246602,44.119500875414516,103.7754142642212,96.75,0.41521116087220267,9,92.06,96.19,4.1299999999999955
2437,1b_2b,P(tBu)3,Pd(OAc)2,K3PO4,THF,63.86,1624,M2_all_kraken,All cleaned Kraken descriptors,63.86,74.69773941799752,14.748304723073632,45.79106216077321,103.60441667522184,96.75,0.4043109502621578,10,92.06,96.19,4.1299999999999955
2442,1b_2b,CataCXium A,Pd(OAc)2,K3PO4,THF,76.6,1629,M2_all_kraken,All cleaned Kraken descriptors,76.6,73.48651894970541,15.029891909518085,44.02793080704997,102.94510709236086,96.75,0.3652075969489488,11,92.06,96.19,4.1299999999999955
2466,1b_2b,CataCXium A,Pd(OAc)2,LiOtBu,THF,96.19,1645,M2_all_kraken,All cleaned Kraken descriptors,96.19,73.27032457675368,15.100025229561867,43.67427512681242,102.86637402669494,96.75,0.3609584211423209,12,96.19,96.19,0.0
2488,1b_2b,P(Cy)3,Pd(OAc)2,None,THF,68.94,1659,M2_all_kraken,All cleaned Kraken descriptors,68.94,77.33514205160189,12.992178005896285,51.87047316004517,102.7998109431586,96.75,0.35315201396333773,13,96.19,96.19,0.0
2594,1b_2b,P(Ph)3,Pd(OAc)2,NaOH,MeOH,79.1,1729,M2_all_kraken,All cleaned Kraken descriptors,79.1,77.11027201980623,13.08282113221172,51.467942600671265,102.7526014389412,96.75,0.3502663481653725,14,96.19,96.19,0.0
2583,1b_2b,AmPhos,Pd(OAc)2,None,DMF,57.76,1722,M2_all_kraken,All cleaned Kraken descriptors,57.76,72.82511020086486,14.70489564047522,44.00351474553342,101.64670565619629,96.75,0.29555038404884426,15,96.19,96.19,0.0
2426,1b_2b,P(Ph)3,Pd(OAc)2,CsF,THF,67.34,1617,M2_all_kraken,All cleaned Kraken descriptors,67.34,70.80043916738502,15.032262067287103,41.337205515502305,100.26367281926774,96.75,0.2374546024653219,16,96.19,96.19,0.0
2358,1b_2b,CataCXium A,Pd(OAc)2,KOH,MeCN,78.09,1573,M2_all_kraken,All cleaned Kraken descriptors,78.09,70.42005439814994,14.960545096450451,41.09738600910706,99.74272278719283,96.75,0.2171548790051272,17,96.19,96.19,0.0
2620,1b_2b,P(Cy)3,Pd(OAc)2,CsF,MeOH,24.51,1747,M2_all_kraken,All cleaned Kraken descriptors,24.51,64.76927378158123,16.569526681827842,32.293001485198666,97.24554607796381,96.75,0.1563890330755373,18,96.19,96.19,0.0
2330,1b_2b,P(Ph)3,Pd(OAc)2,CsF,MeCN,53.51,1553,M2_all_kraken,All cleaned Kraken descriptors,53.51,73.16309185289467,12.880788660723562,47.91674607787648,98.40943762791285,96.75,0.1538782754323733,19,96.19,96.19,0.0
2439,1b_2b,AmPhos,Pd(OAc)2,K3PO4,THF,69.6,1626,M2_all_kraken,All cleaned Kraken descriptors,69.6,70.69639689499473,13.819426830583561,43.610320307050955,97.78247348293851,96.75,0.14445097670217788,20,96.19,96.19,0.0
4215,1b_2c,P(Ph)3,Pd(OAc)2,K3PO4,MeOH,72.19,2809,M2_all_kraken,All cleaned Kraken descriptors,72.19,71.89238591410646,13.966328839738145,44.518381388219694,99.26639043999322,74.84,4.016855114932983,1,72.19,73.12,0.9300000000000068
4218,1b_2c,P(o-Tol)3,Pd(OAc)2,K3PO4,MeOH,68.86,2812,M2_all_kraken,All cleaned Kraken descriptors,68.86,64.5097359303906,15.419552734698184,34.28741257038216,94.73205929039905,74.84,2.1942992823071394,2,72.19,73.12,0.9300000000000068
4167,1b_2c,P(Ph)3,Pd(OAc)2,LiOtBu,MeOH,73.12,2777,M2_all_kraken,All cleaned Kraken descriptors,73.12,62.79749298000323,13.656159411429378,36.03142053360165,89.56356542640481,74.84,1.325742245789891,3,73.12,73.12,0.0
4146,1b_2c,P(o-Tol)3,Pd(OAc)2,NaOH,MeOH,51.26,2764,M2_all_kraken,All cleaned Kraken descriptors,51.26,61.817638802068906,13.585957674286563,35.18916176046724,88.44611584367057,74.84,1.1420464454168102,4,73.12,73.12,0.0
4179,1b_2c,P(Ph)3,Pd(OAc)2,NaHCO3,MeOH,40.92,2785,M2_all_kraken,All cleaned Kraken descriptors,40.92,57.46434575921424,14.185694901523217,29.660383752228736,85.26830776619974,74.84,0.7025774505596094,5,73.12,73.12,0.0
4142,1b_2c,P(tBu)3,Pd(OAc)2,NaOH,MeOH,38.52,2760,M2_all_kraken,All cleaned Kraken descriptors,38.52,52.300742383951714,15.222517009852524,22.464609044640767,82.13687572326266,74.84,0.4325738958767684,6,73.12,73.12,0.0
3941,1b_2c,P(Cy)3,Pd(OAc)2,None,THF,18.38,2627,M2_all_kraken,All cleaned Kraken descriptors,18.38,51.28618979258549,14.372085648261809,23.116901921992344,79.45547766317864,74.84,0.2801886000012186,7,73.12,73.12,0.0
3847,1b_2c,CataCXium A,Pd(OAc)2,None,MeCN,14.79,2565,M2_all_kraken,All cleaned Kraken descriptors,14.79,48.80097885781044,14.552532896705381,20.278014380267894,77.323943335353,74.84,0.19568659972248936,8,73.12,73.12,0.0
4159,1b_2c,CataCXium A,Pd(OAc)2,KOH,MeOH,66.67,2773,M2_all_kraken,All cleaned Kraken descriptors,66.67,45.11473295199062,15.006574473636679,15.70184698366273,74.5276189203185,74.84,0.12267082801465035,9,73.12,73.12,0.0
4171,1b_2c,CataCXium A,Pd(OAc)2,LiOtBu,MeOH,61.84,2781,M2_all_kraken,All cleaned Kraken descriptors,61.84,44.56800997092731,14.294196596927767,16.551384640948882,72.58463530090573,74.84,0.07982984324406672,10,73.12,73.12,0.0
3938,1b_2c,P(tBu)3,Pd(OAc)2,None,THF,20.69,2624,M2_all_kraken,All cleaned Kraken descriptors,20.69,36.74010964765461,16.931928345659276,3.5535300901624325,69.9266892051468,74.84,0.06578217867142266,11,73.12,73.12,0.0
4154,1b_2c,P(tBu)3,Pd(OAc)2,KOH,MeOH,46.83,2768,M2_all_kraken,All cleaned Kraken descriptors,46.83,36.06301466021496,16.631969823534863,3.4643538060866277,68.6616755143433,74.84,0.050774831873630744,12,73.12,73.12,0.0
4204,1b_2c,AmPhos,Pd(OAc)2,CsF,MeOH,71.17,2802,M2_all_kraken,All cleaned Kraken descriptors,71.17,34.288493274800516,15.797333828648853,3.325718970648765,65.25126757895227,74.84,0.02322610796323646,13,73.12,73.12,0.0
4004,1b_2c,SPhos,Pd(OAc)2,Et3N,THF,17.04,2670,M2_all_kraken,All cleaned Kraken descriptors,17.04,37.04352435160459,14.516021873023895,8.592121480477754,65.49492722273142,74.84,0.018802952789829047,14,73.12,73.12,0.0
4210,1b_2c,XPhos,Pd(OAc)2,CsF,MeOH,33.45,2807,M2_all_kraken,All cleaned Kraken descriptors,33.45,29.899289916216016,15.278013489536072,-0.045616523274684795,59.844196355706714,74.84,0.006392541416821315,15,73.12,73.12,0.0
4001,1b_2c,P(Cy)3,Pd(OAc)2,Et3N,THF,20.38,2667,M2_all_kraken,All cleaned Kraken descriptors,20.38,26.917737781022893,15.53289896091582,-3.526744182372113,57.3622197444179,74.84,0.0038971790177099383,16,73.12,73.12,0.0
3964,1b_2c,AmPhos,Pd(OAc)2,KOH,THF,24.69,2642,M2_all_kraken,All cleaned Kraken descriptors,24.69,35.62896630322584,12.900842123398455,10.343315741364865,60.91461686508681,74.84,0.003730461509868964,17,73.12,73.12,0.0
4012,1b_2c,AmPhos,Pd(OAc)2,CsF,THF,52.13,2674,M2_all_kraken,All cleaned Kraken descriptors,52.13,26.967840547682442,15.27595055469146,-2.9730225395128187,56.9087036348777,74.84,0.0032019789179441177,18,73.12,73.12,0.0
4085,1b_2c,P(Cy)3,Pd(OAc)2,NaHCO3,DMF,13.09,2723,M2_all_kraken,All cleaned Kraken descriptors,13.09,24.154143695627457,15.852099002988309,-6.915970350229628,55.22425774148454,74.84,0.002636431178608213,19,73.12,73.12,0.0
3848,1b_2c,SPhos,Pd(OAc)2,None,MeCN,13.01,2566,M2_all_kraken,All cleaned Kraken descriptors,13.01,24.937938652215255,15.578040162875853,-5.595020067021416,55.470897371451926,74.84,0.0025287368996363482,20,73.12,73.12,0.0
1072,1c_2a,P(Cy)3,Pd(OAc)2,NaHCO3,MeOH,89.13,715,M2_all_kraken,All cleaned Kraken descriptors,89.13,108.86410307569356,16.00946208767394,77.48555738385264,140.2426487675345,98.53,12.472357764253186,1,89.13,97.45,8.320000000000007
1125,1c_2a,XPhos,Pd(OAc)2,LiOtBu,MeOH,82.88,751,M2_all_kraken,All cleaned Kraken descriptors,82.88,109.06230172898083,14.068021383302618,81.4889798177077,136.63562364025395,98.53,11.998021755797051,2,89.13,97.45,8.320000000000007
1084,1c_2a,P(Cy)3,Pd(OAc)2,CsF,MeOH,89.81,723,M2_all_kraken,All cleaned Kraken descriptors,89.81,93.44469823610947,14.905366016756124,64.23018084326748,122.65921562895147,98.53,3.5663878741510646,3,89.81,97.45,7.640000000000001
1113,1c_2a,XPhos,Pd(OAc)2,KOH,MeOH,82.32,743,M2_all_kraken,All cleaned Kraken descriptors,82.32,93.68923443420087,13.82472849260831,66.59276658868859,120.78570227971315,98.53,3.2514002780255007,4,89.81,97.45,7.640000000000001
928,1c_2a,P(Cy)3,Pd(OAc)2,LiOtBu,THF,65.74,619,M2_all_kraken,All cleaned Kraken descriptors,65.74,92.23451485448172,13.701313704267884,65.37993999411667,119.08908971484676,98.53,2.7271343591976454,5,89.81,97.45,7.640000000000001
1094,1c_2a,P(Ph)3,Pd(OAc)2,K3PO4,MeOH,94.15,729,M2_all_kraken,All cleaned Kraken descriptors,94.15,91.60598215415479,13.536085924471251,65.07525374219114,118.13671056611844,98.53,2.4805482757459174,6,94.15,97.45,3.299999999999997
916,1c_2a,P(Cy)3,Pd(OAc)2,KOH,THF,65.64,611,M2_all_kraken,All cleaned Kraken descriptors,65.64,89.64616517036467,14.905471215632367,60.43144158772523,118.8608887530041,98.53,2.3954803255286956,7,94.15,97.45,3.299999999999997
846,1c_2a,CataCXium A,Pd(OAc)2,Et3N,MeCN,92.52,565,M2_all_kraken,All cleaned Kraken descriptors,92.52,89.86824089834454,14.088130915021125,62.255504304903134,117.48097749178595,98.53,2.187753161860229,8,94.15,97.45,3.299999999999997
842,1c_2a,P(Ph)3,Pd(OAc)2,Et3N,MeCN,97.45,561,M2_all_kraken,All cleaned Kraken descriptors,97.45,89.54757077292683,13.38139062041715,63.32004515690922,115.77509638894445,98.53,1.8841438616478916,9,97.45,97.45,0.0
794,1c_2a,P(Ph)3,Pd(OAc)2,CsF,MeCN,96.49,529,M2_all_kraken,All cleaned Kraken descriptors,96.49,85.5448481515756,15.295746953023565,55.5651841236494,115.52451217950178,98.53,1.5885845967360237,10,97.45,97.45,0.0
1106,1c_2a,P(Ph)3,Pd(OAc)2,KOH,MeOH,93.94,737,M2_all_kraken,All cleaned Kraken descriptors,93.94,87.23194324369481,13.896289236345462,59.99521634045771,114.46867014693191,98.53,1.5309263809820113,11,97.45,97.45,0.0
855,1c_2a,AmPhos,Pd(OAc)2,None,MeCN,90.67,570,M2_all_kraken,All cleaned Kraken descriptors,90.67,78.12335332089509,15.892783340251096,46.97349797400294,109.27320866778724,98.53,0.7000745314250778,12,97.45,97.45,0.0
795,1c_2a,AmPhos,Pd(OAc)2,CsF,MeCN,93.69,530,M2_all_kraken,All cleaned Kraken descriptors,93.69,79.63355662231817,14.967803985387851,50.29666081095798,108.97045243367836,98.53,0.6874482098752581,13,97.45,97.45,0.0
921,1c_2a,XPhos,Pd(OAc)2,KOH,THF,80.83,615,M2_all_kraken,All cleaned Kraken descriptors,80.83,76.01165038777187,16.559166405833277,43.55568423233864,108.46761654320508,98.53,0.6205998853819157,14,97.45,97.45,0.0
878,1c_2a,P(Ph)3,Pd(OAc)2,NaHCO3,THF,87.25,585,M2_all_kraken,All cleaned Kraken descriptors,87.25,79.03564670862278,14.525375038084709,50.565911633976754,107.5053817832688,98.53,0.5607769342802,15,97.45,97.45,0.0
926,1c_2a,P(Ph)3,Pd(OAc)2,LiOtBu,THF,85.88,617,M2_all_kraken,All cleaned Kraken descriptors,85.88,78.4139360732294,14.587203669632888,49.82301688074894,107.00485526570985,98.53,0.5194125026504157,16,97.45,97.45,0.0
945,1c_2a,XPhos,Pd(OAc)2,Et3N,THF,95.85,631,M2_all_kraken,All cleaned Kraken descriptors,95.85,67.65961404387917,19.620034617232452,29.204346194103564,106.11488189365478,98.53,0.45719701355654974,17,97.45,97.45,0.0
831,1c_2a,AmPhos,Pd(OAc)2,LiOtBu,MeCN,84.74,554,M2_all_kraken,All cleaned Kraken descriptors,84.74,74.16849077607337,15.955558510714653,42.89559609507265,105.44138545707409,98.53,0.40899384584113907,18,97.45,97.45,0.0
786,1c_2a,CataCXium A,Pd(OAc)2,NaHCO3,MeCN,92.77,525,M2_all_kraken,All cleaned Kraken descriptors,92.77,74.53368218727674,15.572213864416108,44.012143013021166,105.05522136153232,98.53,0.3855370702827059,19,97.45,97.45,0.0
1144,1c_2a,P(Cy)3,Pd(OAc)2,None,MeOH,75.13,763,M2_all_kraken,All cleaned Kraken descriptors,75.13,72.8068524254537,16.15744331691338,41.138263524303476,104.47544132660391,98.53,0.3556544811400102,20,97.45,97.45,0.0
1636,1c_2b,P(Cy)3,Pd(OAc)2,NaOH,THF,66.25,1091,M2_all_kraken,All cleaned Kraken descriptors,66.25,89.18280748315473,15.738980316707256,58.33440606240851,120.03120890390096,97.25,2.903252360219124,1,66.25,98.61,32.36
1587,1c_2b,AmPhos,Pd(OAc)2,KOH,MeCN,90.4,1058,M2_all_kraken,All cleaned Kraken descriptors,90.4,87.47751073122691,15.84804272074192,56.41534699857275,118.53967446388108,97.25,2.469766766347754,2,90.4,98.61,8.209999999999994
1742,1c_2b,P(Ph)3,Pd(OAc)2,NaHCO3,DMF,90.99,1161,M2_all_kraken,All cleaned Kraken descriptors,90.99,85.22332847384178,16.345683216590285,53.185789369324816,117.26086757835873,97.25,2.0840666628174156,3,90.99,98.61,7.6200000000000045
1646,1c_2b,P(Ph)3,Pd(OAc)2,NaHCO3,THF,96.16,1097,M2_all_kraken,All cleaned Kraken descriptors,96.16,83.19445272105622,15.240857676713889,53.322371674697,113.06653376741545,97.25,1.3823113833080374,4,96.16,98.61,2.450000000000003
1610,1c_2b,P(Ph)3,Pd(OAc)2,Et3N,MeCN,92.43,1073,M2_all_kraken,All cleaned Kraken descriptors,92.43,84.44688471780978,13.915845873796865,57.171826805167925,111.72194263045164,97.25,1.2599301647440755,5,96.16,98.61,2.450000000000003
1539,1c_2b,AmPhos,Pd(OAc)2,NaOH,MeCN,62.59,1026,M2_all_kraken,All cleaned Kraken descriptors,62.59,81.90501353253384,15.592997368648122,51.34273868998352,112.46728837508417,97.25,1.2596485473090766,6,96.16,98.61,2.450000000000003
1802,1c_2b,P(Ph)3,Pd(OAc)2,Et3N,DMF,85.9,1201,M2_all_kraken,All cleaned Kraken descriptors,85.9,84.57100001536863,13.69492728607618,57.72894253465931,111.41305749607794,97.25,1.2252349417206996,7,96.16,98.61,2.450000000000003
1807,1c_2b,SPhos,Pd(OAc)2,Et3N,DMF,75.33,1206,M2_all_kraken,All cleaned Kraken descriptors,75.33,75.75849041300478,18.917943928518856,38.67932031310782,112.83766051290173,97.25,1.1456714901177332,8,96.16,98.61,2.450000000000003
1684,1c_2b,P(Cy)3,Pd(OAc)2,KOH,THF,75.02,1123,M2_all_kraken,All cleaned Kraken descriptors,75.02,82.11379060885123,14.454461443198491,53.78304618018219,110.44453503752027,97.25,1.0281604809330935,9,96.16,98.61,2.450000000000003
1648,1c_2b,P(Cy)3,Pd(OAc)2,NaHCO3,THF,95.29,1099,M2_all_kraken,All cleaned Kraken descriptors,95.29,80.13574717673748,15.530197783784482,49.6965595205199,110.57493483295507,97.25,0.9955842325332744,10,96.16,98.61,2.450000000000003
1828,1c_2b,P(Cy)3,Pd(OAc)2,NaOH,MeOH,62.34,1219,M2_all_kraken,All cleaned Kraken descriptors,62.34,78.59904522666584,15.532001626752088,48.15632203823175,109.04176841509992,97.25,0.8140247063092891,11,96.16,98.61,2.450000000000003
1694,1c_2b,P(Ph)3,Pd(OAc)2,LiOtBu,THF,94.45,1129,M2_all_kraken,All cleaned Kraken descriptors,94.45,78.34333391483622,15.40647718782554,48.14663862669816,108.54002920297428,97.25,0.7637994038105105,12,96.16,98.61,2.450000000000003
1551,1c_2b,AmPhos,Pd(OAc)2,NaHCO3,MeCN,89.54,1034,M2_all_kraken,All cleaned Kraken descriptors,89.54,79.32682213224973,13.793443923617623,52.29167204195919,106.36197222254027,97.25,0.5818692944175252,13,96.16,98.61,2.450000000000003
1850,1c_2b,P(Ph)3,Pd(OAc)2,CsF,MeOH,80.77,1233,M2_all_kraken,All cleaned Kraken descriptors,80.77,78.4547143911704,13.696792055283094,51.60900196281553,105.30042681952526,97.25,0.49264125223013866,14,96.16,98.61,2.450000000000003
1718,1c_2b,P(Ph)3,Pd(OAc)2,None,THF,96.15,1145,M2_all_kraken,All cleaned Kraken descriptors,96.15,72.61512258816899,16.76487146714089,39.75597451257285,105.47427066376513,97.25,0.49215562696900905,15,96.16,98.61,2.450000000000003
1879,1c_2b,SPhos,Pd(OAc)2,KOH,MeOH,73.51,1254,M2_all_kraken,All cleaned Kraken descriptors,73.51,76.41108611873804,14.013446401532864,48.94473117173363,103.87744106574246,97.25,0.3898589594985149,16,96.16,98.61,2.450000000000003
1759,1c_2b,SPhos,Pd(OAc)2,CsF,DMF,72.82,1174,M2_all_kraken,All cleaned Kraken descriptors,72.82,77.43558011243098,13.438279722062475,51.09655185718853,103.77460836767344,97.25,0.383462232705585,17,96.16,98.61,2.450000000000003
1564,1c_2b,P(Cy)3,Pd(OAc)2,CsF,MeCN,73.25,1043,M2_all_kraken,All cleaned Kraken descriptors,73.25,73.21677498013743,14.647740566446785,44.50720346990173,101.92634649037313,97.25,0.2847127931706952,18,96.16,98.61,2.450000000000003
1566,1c_2b,CataCXium A,Pd(OAc)2,CsF,MeCN,98.61,1045,M2_all_kraken,All cleaned Kraken descriptors,98.61,69.00856845538367,16.06434251398058,37.52245712798173,100.4946797827856,97.25,0.235668792792334,19,98.61,98.61,0.0
1768,1c_2b,P(Cy)3,Pd(OAc)2,K3PO4,DMF,52.88,1179,M2_all_kraken,All cleaned Kraken descriptors,52.88,75.12206991387347,13.12248442907947,49.40200043287771,100.84213939486924,97.25,0.2260946339758797,20,98.61,98.61,0.0
3447,1c_2c,P(Ph)3,Pd(OAc)2,K3PO4,MeOH,84.54,2297,M2_all_kraken,All cleaned Kraken descriptors,84.54,68.44206968434271,13.063681507737018,42.83725392917816,94.04688543950726,83.66,0.7281405092509226,1,84.54,84.54,0.0
3423,1c_2c,P(Ph)3,Pd(OAc)2,Et3N,MeOH,71.31,2281,M2_all_kraken,All cleaned Kraken descriptors,71.31,63.84753938668845,13.737958196580488,36.92114132139069,90.77393745198621,83.66,0.4227018404760068,2,84.54,84.54,0.0
3389,1c_2c,P(Cy)3,Pd(OAc)2,KOH,MeOH,49.15,2259,M2_all_kraken,All cleaned Kraken descriptors,49.15,57.505029142436435,14.31963386690957,29.43854676329368,85.5715115215792,83.66,0.17487163522651927,3,84.54,84.54,0.0
3392,1c_2c,SPhos,Pd(OAc)2,KOH,MeOH,45.38,2262,M2_all_kraken,All cleaned Kraken descriptors,45.38,47.48503016910651,15.919229999009051,16.28333937104877,78.68672096716425,83.66,0.0576414904500851,4,84.54,84.54,0.0
3425,1c_2c,P(Cy)3,Pd(OAc)2,Et3N,MeOH,69.26,2283,M2_all_kraken,All cleaned Kraken descriptors,69.26,47.711983028235835,15.661640852465636,17.01516695740319,78.40879909906849,83.66,0.0529362665100685,5,84.54,84.54,0.0
3171,1c_2c,P(Ph)3,Pd(OAc)2,None,THF,47.59,2113,M2_all_kraken,All cleaned Kraken descriptors,47.59,39.61269643750619,16.690880563318572,6.898570533401788,72.32682234161058,83.66,0.019576415178422096,6,84.54,84.54,0.0
3315,1c_2c,P(Ph)3,Pd(OAc)2,NaHCO3,DMF,14.49,2209,M2_all_kraken,All cleaned Kraken descriptors,14.49,39.1229290096216,15.386064720882494,8.966242156691912,69.27961586255128,83.66,0.007588128773294747,7,84.54,84.54,0.0
3207,1c_2c,P(Ph)3,Pd(OAc)2,LiOtBu,THF,60.47,2137,M2_all_kraken,All cleaned Kraken descriptors,60.47,43.35636445893302,13.80504364070426,16.298478923152672,70.41424999471337,83.66,0.006163873200336151,8,84.54,84.54,0.0
3390,1c_2c,P(o-Tol)3,Pd(OAc)2,KOH,MeOH,37.72,2260,M2_all_kraken,All cleaned Kraken descriptors,37.72,43.116737288539724,13.493787261362526,16.668914256269176,69.56456032081027,83.66,0.004447948877094182,9,84.54,84.54,0.0
3430,1c_2c,XPhos,Pd(OAc)2,Et3N,MeOH,30.62,2287,M2_all_kraken,All cleaned Kraken descriptors,30.62,37.57853767180504,15.061542154560358,8.057915048866736,67.09916029474334,83.66,0.0041322660907237505,10,84.54,84.54,0.0
3202,1c_2c,XPhos,Pd(OAc)2,KOH,THF,18.41,2135,M2_all_kraken,All cleaned Kraken descriptors,18.41,31.418380522799563,16.712976270150744,-1.339052966695892,64.17581401229502,83.66,0.0036453932632584674,11,84.54,84.54,0.0
3170,1c_2c,P(tBu)3,Pd(OAc)2,None,THF,14.0,2112,M2_all_kraken,All cleaned Kraken descriptors,14.0,35.47622688069786,15.4253256845373,5.24258853900475,65.70986522239096,83.66,0.0033600304767404457,12,84.54,84.54,0.0
3366,1c_2c,P(o-Tol)3,Pd(OAc)2,None,MeOH,38.2,2244,M2_all_kraken,All cleaned Kraken descriptors,38.2,34.19017815746252,15.577737437749017,3.6578127794744475,64.7225435354506,83.66,0.0028036519590617856,13,84.54,84.54,0.0
3346,1c_2c,XPhos,Pd(OAc)2,CsF,DMF,33.09,2231,M2_all_kraken,All cleaned Kraken descriptors,33.09,40.86793787207477,13.493233742982197,14.421199735829664,67.31467600831988,83.66,0.00242257322673535,14,84.54,84.54,0.0
3092,1c_2c,SPhos,Pd(OAc)2,NaOH,MeCN,15.62,2062,M2_all_kraken,All cleaned Kraken descriptors,15.62,41.26041030214968,13.071859256131942,15.639566160131075,66.88125444416829,83.66,0.001782274668932389,15,84.54,84.54,0.0
3172,1c_2c,AmPhos,Pd(OAc)2,None,THF,23.86,2114,M2_all_kraken,All cleaned Kraken descriptors,23.86,39.03932799618399,13.621360692049128,12.341461039767701,65.73719495260028,83.66,0.001653117003410632,16,84.54,84.54,0.0
3365,1c_2c,P(Cy)3,Pd(OAc)2,None,MeOH,26.1,2243,M2_all_kraken,All cleaned Kraken descriptors,26.1,41.464560530240234,12.90572829444626,16.169333073125568,66.7597879873549,83.66,0.0015917511072857833,17,84.54,84.54,0.0
3448,1c_2c,AmPhos,Pd(OAc)2,K3PO4,MeOH,31.28,2298,M2_all_kraken,All cleaned Kraken descriptors,31.28,35.93756443367476,14.432182889613134,7.650485970033017,64.2246428973165,83.66,0.0015688206211480898,18,84.54,84.54,0.0
3142,1c_2c,XPhos,Pd(OAc)2,Et3N,MeCN,12.12,2095,M2_all_kraken,All cleaned Kraken descriptors,12.12,29.52529439719053,15.921238064054574,-1.6803322083564325,60.730921002737496,83.66,0.0012198535688414391,19,84.54,84.54,0.0
3115,1c_2c,CataCXium A,Pd(OAc)2,LiOtBu,MeCN,10.18,2077,M2_all_kraken,All cleaned Kraken descriptors,10.18,23.439839383763406,17.440150540323007,-10.742855675269688,57.6225344427965,83.66,0.001097066235613342,20,84.54,84.54,0.0
1298,1d_2a,P(Ph)3,Pd(OAc)2,KOH,THF,65.45,865,M2_all_kraken,All cleaned Kraken descriptors,65.45,102.23770990081272,15.28318374559421,72.28266975944807,132.19275004217738,98.69,7.741793915513359,1,65.45,98.2,32.75
1494,1d_2a,CataCXium A,Pd(OAc)2,KOH,MeOH,95.06,997,M2_all_kraken,All cleaned Kraken descriptors,95.06,97.52736141970088,14.397444505755765,69.30837018841959,125.74635265098217,98.69,4.950686804831028,2,95.06,98.2,3.1400000000000006
1456,1d_2a,P(Cy)3,Pd(OAc)2,NaHCO3,MeOH,92.43,971,M2_all_kraken,All cleaned Kraken descriptors,92.43,96.46843352937796,15.10591687842404,66.86083644766684,126.07603061108908,98.69,4.763149192570094,3,95.06,98.2,3.1400000000000006
1358,1d_2a,P(Ph)3,Pd(OAc)2,NaHCO3,DMF,89.45,905,M2_all_kraken,All cleaned Kraken descriptors,89.45,96.37394916947048,14.473703604012282,68.00549010560641,124.74240823333454,98.69,4.475093681952249,4,95.06,98.2,3.1400000000000006
1497,1d_2a,XPhos,Pd(OAc)2,KOH,MeOH,90.57,999,M2_all_kraken,All cleaned Kraken descriptors,90.57,94.9654337326046,15.877689836778742,63.84516165251826,126.08570581269093,98.69,4.444896298732459,5,95.06,98.2,3.1400000000000006
1202,1d_2a,P(Ph)3,Pd(OAc)2,KOH,MeCN,91.35,801,M2_all_kraken,All cleaned Kraken descriptors,91.35,92.31415960962488,17.0894148321772,58.81890653855756,125.80941268069219,98.69,3.924273389774732,6,95.06,98.2,3.1400000000000006
1166,1d_2a,P(Ph)3,Pd(OAc)2,NaHCO3,MeCN,93.27,777,M2_all_kraken,All cleaned Kraken descriptors,93.27,94.21461034681457,14.756214821147358,65.29242929736574,123.13679139626339,98.69,3.7306743779592937,7,95.06,98.2,3.1400000000000006
1206,1d_2a,CataCXium A,Pd(OAc)2,KOH,MeCN,93.12,805,M2_all_kraken,All cleaned Kraken descriptors,93.12,94.10118744396496,14.39849838741167,65.88013060463808,122.32224428329184,98.69,3.5548284945905704,8,95.06,98.2,3.1400000000000006
1505,1d_2a,P(o-Tol)3,Pd(OAc)2,LiOtBu,MeOH,92.65,1004,M2_all_kraken,All cleaned Kraken descriptors,92.65,87.82871917881577,18.46125902843551,51.64465148308218,124.01278687454936,98.69,3.036607374313291,9,95.06,98.2,3.1400000000000006
1518,1d_2a,CataCXium A,Pd(OAc)2,Et3N,MeOH,89.09,1013,M2_all_kraken,All cleaned Kraken descriptors,89.09,93.42117567221365,13.34598460277197,67.26304585078059,119.57930549364671,98.69,2.929661188670638,10,95.06,98.2,3.1400000000000006
1242,1d_2a,CataCXium A,Pd(OAc)2,None,MeCN,80.77,829,M2_all_kraken,All cleaned Kraken descriptors,80.77,92.31182061832266,14.187366466381567,64.50458234421478,120.11905889243053,98.69,2.8732809615804675,11,95.06,98.2,3.1400000000000006
1527,1d_2a,AmPhos,Pd(OAc)2,None,MeOH,72.03,1018,M2_all_kraken,All cleaned Kraken descriptors,72.03,90.15311606386757,15.692772476971788,59.39528200900287,120.91095011873227,98.69,2.7523548707686265,12,95.06,98.2,3.1400000000000006
1214,1d_2a,P(Ph)3,Pd(OAc)2,LiOtBu,MeCN,98.2,809,M2_all_kraken,All cleaned Kraken descriptors,98.2,91.33137085800445,13.48148248486104,64.90766518767681,117.75507652833208,98.69,2.3377655830552966,13,98.2,98.2,0.0
1418,1d_2a,P(Ph)3,Pd(OAc)2,Et3N,DMF,87.27,945,M2_all_kraken,All cleaned Kraken descriptors,87.27,87.85740358418047,15.384186797799591,57.704397460493276,118.01040970786767,98.69,2.064893058518753,14,98.2,98.2,0.0
1204,1d_2a,P(Cy)3,Pd(OAc)2,KOH,MeCN,83.91,803,M2_all_kraken,All cleaned Kraken descriptors,83.91,90.65060583512319,13.095707171606612,64.98301977877423,116.31819189147214,98.69,2.0277109813264227,15,98.2,98.2,0.0
1218,1d_2a,CataCXium A,Pd(OAc)2,LiOtBu,MeCN,94.64,813,M2_all_kraken,All cleaned Kraken descriptors,94.64,84.49515847209014,17.603481712576546,49.99233431544011,118.99798262874017,98.69,1.9894521610634222,16,98.2,98.2,0.0
1261,1d_2a,P(tBu)3,Pd(OAc)2,NaHCO3,THF,83.82,840,M2_all_kraken,All cleaned Kraken descriptors,83.82,86.35618034785325,14.984921062567796,56.985735065220375,115.72662563048613,98.69,1.6289026071156125,17,98.2,98.2,0.0
1372,1d_2a,P(Cy)3,Pd(OAc)2,CsF,DMF,89.78,915,M2_all_kraken,All cleaned Kraken descriptors,89.78,85.35039295851931,14.991571970949366,55.96691189545855,114.73387402158006,98.69,1.4427786799412794,18,98.2,98.2,0.0
1374,1d_2a,CataCXium A,Pd(OAc)2,CsF,DMF,90.18,917,M2_all_kraken,All cleaned Kraken descriptors,90.18,87.76835733333884,13.104761085550898,62.08302560565908,113.4536890610186,98.69,1.3861364172870618,19,98.2,98.2,0.0
1276,1d_2a,P(Cy)3,Pd(OAc)2,CsF,THF,62.81,851,M2_all_kraken,All cleaned Kraken descriptors,62.81,82.42342209519882,16.660957935283008,49.76794454204412,115.07889964835351,98.69,1.3714392240030229,20,98.2,98.2,0.0
2209,1d_2b,P(tBu)3,Pd(OAc)2,NaOH,MeOH,80.02,1472,M2_all_kraken,All cleaned Kraken descriptors,80.02,100.32594944959038,14.210432324262168,72.47350209403653,128.17839680514425,98.42,6.399841144651519,1,80.02,100.0,19.980000000000004
1926,1d_2b,CataCXium A,Pd(OAc)2,NaOH,MeCN,94.39,1285,M2_all_kraken,All cleaned Kraken descriptors,94.39,99.56501651649417,13.386937587276579,73.32661884543208,125.80341418755626,98.42,5.669321737151285,2,94.39,100.0,5.609999999999999
2022,1d_2b,CataCXium A,Pd(OAc)2,NaOH,THF,92.59,1349,M2_all_kraken,All cleaned Kraken descriptors,92.59,97.60249690377705,13.76417394955164,70.62471596265584,124.58027784489826,98.42,4.857495720587945,3,94.39,100.0,5.609999999999999
2295,1d_2b,AmPhos,Pd(OAc)2,None,MeOH,66.14,1530,M2_all_kraken,All cleaned Kraken descriptors,66.14,95.33998319710042,15.885660315107025,64.20408897949065,126.4758774147102,98.42,4.707708408318946,4,94.39,100.0,5.609999999999999
2077,1d_2b,P(tBu)3,Pd(OAc)2,LiOtBu,THF,93.55,1384,M2_all_kraken,All cleaned Kraken descriptors,93.55,97.82495256360352,12.710187113642633,72.91298582086395,122.73691930634308,98.42,4.541914570776621,5,94.39,100.0,5.609999999999999
1998,1d_2b,CataCXium A,Pd(OAc)2,Et3N,MeCN,94.32,1333,M2_all_kraken,All cleaned Kraken descriptors,94.32,95.4731119750268,15.159688431659843,65.7601226489735,125.18610130108009,98.42,4.4800572819591995,6,94.39,100.0,5.609999999999999
2066,1d_2b,P(Ph)3,Pd(OAc)2,KOH,THF,77.32,1377,M2_all_kraken,All cleaned Kraken descriptors,77.32,91.11126719419511,18.544061518143668,54.76490661863352,127.4576277697567,98.42,4.14001915543456,7,94.39,100.0,5.609999999999999
1929,1d_2b,XPhos,Pd(OAc)2,NaOH,MeCN,90.64,1287,M2_all_kraken,All cleaned Kraken descriptors,90.64,94.994422497274,13.168001689832035,69.18513918520321,120.80370580934479,98.42,3.522205998344371,8,94.39,100.0,5.609999999999999
2215,1d_2b,SPhos,Pd(OAc)2,NaOH,MeOH,83.9,1478,M2_all_kraken,All cleaned Kraken descriptors,83.9,91.64012679581388,15.742456781151235,60.78491150475746,122.49534208687031,98.42,3.3001935296889537,9,94.39,100.0,5.609999999999999
2010,1d_2b,CataCXium A,Pd(OAc)2,None,MeCN,71.98,1341,M2_all_kraken,All cleaned Kraken descriptors,71.98,93.99394337233505,13.28113791750879,67.96291305401783,120.02497369065227,98.42,3.195712425819403,10,94.39,100.0,5.609999999999999
1923,1d_2b,AmPhos,Pd(OAc)2,NaOH,MeCN,94.83,1282,M2_all_kraken,All cleaned Kraken descriptors,94.83,93.39218051696771,13.236294308986613,67.44904367135395,119.33531736258148,98.42,2.9705209484170005,11,94.83,100.0,5.170000000000002
2261,1d_2b,P(o-Tol)3,Pd(OAc)2,KOH,MeOH,86.4,1508,M2_all_kraken,All cleaned Kraken descriptors,86.4,91.54151164638189,14.413311398433558,63.29142130545212,119.79160198731167,98.42,2.798246443979316,12,94.83,100.0,5.170000000000002
2083,1d_2b,SPhos,Pd(OAc)2,LiOtBu,THF,95.34,1390,M2_all_kraken,All cleaned Kraken descriptors,95.34,92.53140149740824,12.951691502980076,67.14608615156729,117.91671684324919,98.42,2.5888226185820065,13,95.34,100.0,4.659999999999997
2095,1d_2b,SPhos,Pd(OAc)2,Et3N,THF,85.37,1398,M2_all_kraken,All cleaned Kraken descriptors,85.37,89.52198734627433,14.772856276967156,60.56718904341871,118.47678564912995,98.42,2.3484410536980196,14,95.34,100.0,4.659999999999997
2281,1d_2b,P(tBu)3,Pd(OAc)2,Et3N,MeOH,70.65,1520,M2_all_kraken,All cleaned Kraken descriptors,70.65,88.95655404951597,14.37218199461298,60.78707734007453,117.12603075895741,98.42,2.07708113210407,15,95.34,100.0,4.659999999999997
2259,1d_2b,AmPhos,Pd(OAc)2,KOH,MeOH,83.8,1506,M2_all_kraken,All cleaned Kraken descriptors,83.8,87.57431636465199,15.319420737101375,57.5482517199333,117.6003810093707,98.42,2.0422127288703793,16,95.34,100.0,4.659999999999997
2101,1d_2b,P(tBu)3,Pd(OAc)2,None,THF,89.61,1400,M2_all_kraken,All cleaned Kraken descriptors,89.61,87.37403581027965,15.417201675003774,57.15632052727226,117.59175109328704,98.42,2.026068030834718,17,95.34,100.0,4.659999999999997
1972,1d_2b,P(Cy)3,Pd(OAc)2,KOH,MeCN,91.07,1315,M2_all_kraken,All cleaned Kraken descriptors,91.07,86.1263278149703,14.828938974425826,57.06160742509567,115.19104820484492,98.42,1.5937249978326622,18,95.34,100.0,4.659999999999997
2068,1d_2b,P(Cy)3,Pd(OAc)2,KOH,THF,68.45,1379,M2_all_kraken,All cleaned Kraken descriptors,68.45,84.90217875941863,15.653397074057967,54.22152049426502,115.58283702457224,98.42,1.5850581219289133,19,95.34,100.0,4.659999999999997
1921,1d_2b,P(tBu)3,Pd(OAc)2,NaOH,MeCN,93.45,1280,M2_all_kraken,All cleaned Kraken descriptors,93.45,84.99470976353581,15.103983958468401,55.39090120493775,114.59851832213387,98.42,1.4568194628395212,20,95.34,100.0,4.659999999999997
3775,1d_2c,CataCXium A,Pd(OAc)2,KOH,MeOH,64.04,2517,M2_all_kraken,All cleaned Kraken descriptors,64.04,70.75533351377398,15.17837583281334,41.00571688145983,100.50495014608812,81.25,2.080596543362377,1,64.04,80.09,16.049999999999997
3786,1d_2c,P(o-Tol)3,Pd(OAc)2,LiOtBu,MeOH,73.24,2524,M2_all_kraken,All cleaned Kraken descriptors,73.24,64.32135327227179,18.51406568281119,28.033784533961864,100.60892201058172,81.25,1.7225647648971147,2,73.24,80.09,6.8500000000000085
3790,1d_2c,XPhos,Pd(OAc)2,LiOtBu,MeOH,64.55,2527,M2_all_kraken,All cleaned Kraken descriptors,64.55,62.40318366141152,16.498851614619895,30.065434496756524,94.74093282606651,81.25,0.978829582756017,3,73.24,80.09,6.8500000000000085
3619,1d_2c,CataCXium A,Pd(OAc)2,Et3N,THF,60.3,2413,M2_all_kraken,All cleaned Kraken descriptors,60.3,66.12783420314815,13.584445325474706,39.50232136521773,92.75334704107857,81.25,0.8436354679238558,4,73.24,80.09,6.8500000000000085
3579,1d_2c,P(Ph)3,Pd(OAc)2,KOH,THF,42.44,2385,M2_all_kraken,All cleaned Kraken descriptors,42.44,62.52800529992857,13.954171879013188,35.17782841706273,89.87818218279442,81.25,0.5375527282033634,5,73.24,80.09,6.8500000000000085
3833,1d_2c,P(Cy)3,Pd(OAc)2,K3PO4,MeOH,78.59,2555,M2_all_kraken,All cleaned Kraken descriptors,78.59,61.22766954233684,14.242946783921719,33.31149384585027,89.14384523882342,81.25,0.47699338649831935,6,78.59,80.09,1.5
3810,1d_2c,P(o-Tol)3,Pd(OAc)2,Et3N,MeOH,79.4,2540,M2_all_kraken,All cleaned Kraken descriptors,79.4,57.43623619229735,15.808075234847442,26.452408731996364,88.42006365259834,81.25,0.4245442804968693,7,79.4,80.09,0.6899999999999977
3807,1d_2c,P(Ph)3,Pd(OAc)2,Et3N,MeOH,80.09,2537,M2_all_kraken,All cleaned Kraken descriptors,80.09,56.288985609180415,15.130049873290508,26.63408785753102,85.9438833608298,81.25,0.28849761611449165,8,80.09,80.09,0.0
3764,1d_2c,SPhos,Pd(OAc)2,NaOH,MeOH,62.57,2510,M2_all_kraken,All cleaned Kraken descriptors,62.57,52.940531080531535,14.216622736625379,25.075950516745795,80.80511164431728,81.25,0.11241406136381393,9,80.09,80.09,0.0
3797,1d_2c,P(Cy)3,Pd(OAc)2,NaHCO3,MeOH,69.95,2531,M2_all_kraken,All cleaned Kraken descriptors,69.95,51.03076306595828,14.763834831545966,22.09364679612819,79.96787933578838,81.25,0.10070765747540567,10,80.09,80.09,0.0
3631,1d_2c,CataCXium A,Pd(OAc)2,CsF,THF,60.07,2421,M2_all_kraken,All cleaned Kraken descriptors,60.07,49.919493915436405,15.20086572222305,20.12579709987923,79.71319073099357,81.25,0.09996730268585019,11,80.09,80.09,0.0
3557,1d_2c,P(Cy)3,Pd(OAc)2,None,THF,47.6,2371,M2_all_kraken,All cleaned Kraken descriptors,47.6,50.11369360589662,13.399342444978904,23.85098241373797,76.37640479805528,81.25,0.040967266201586694,12,80.09,80.09,0.0
3483,1d_2c,P(Ph)3,Pd(OAc)2,KOH,MeCN,16.12,2321,M2_all_kraken,All cleaned Kraken descriptors,16.12,36.19028087348116,17.97906560582344,0.9513122860672141,71.42924946089511,81.25,0.03240937726686122,13,80.09,80.09,0.0
3463,1d_2c,CataCXium A,Pd(OAc)2,None,MeCN,15.16,2309,M2_all_kraken,All cleaned Kraken descriptors,15.16,40.63979714041273,15.874400079348966,9.52597298488876,71.75362129593671,81.25,0.024010604878934888,14,80.09,80.09,0.0
3617,1d_2c,P(Cy)3,Pd(OAc)2,Et3N,THF,30.56,2411,M2_all_kraken,All cleaned Kraken descriptors,30.56,38.17246884556729,16.11462969211562,6.5877946490206725,69.75714304211391,81.25,0.016848837470982148,15,80.09,80.09,0.0
3812,1d_2c,SPhos,Pd(OAc)2,Et3N,MeOH,58.75,2542,M2_all_kraken,All cleaned Kraken descriptors,58.75,38.70241090491861,15.924916547190174,7.489574472425868,69.91524733741134,81.25,0.016708479529550402,16,80.09,80.09,0.0
3820,1d_2c,AmPhos,Pd(OAc)2,CsF,MeOH,78.92,2546,M2_all_kraken,All cleaned Kraken descriptors,78.92,39.17792422541957,14.549966813465499,10.65998927102719,67.69585917981195,81.25,0.007205986420439209,17,80.09,80.09,0.0
3594,1d_2c,P(o-Tol)3,Pd(OAc)2,LiOtBu,THF,35.01,2396,M2_all_kraken,All cleaned Kraken descriptors,35.01,34.26913868983355,16.058542851161793,2.7943947015564348,65.74388267811065,81.25,0.007144281105984515,18,80.09,80.09,0.0
3784,1d_2c,AmPhos,Pd(OAc)2,LiOtBu,MeOH,61.48,2522,M2_all_kraken,All cleaned Kraken descriptors,61.48,30.323294161153992,16.61978975568707,-2.251493759992666,62.89808208230065,81.25,0.00453408559073689,19,80.09,80.09,0.0
3640,1d_2c,AmPhos,Pd(OAc)2,K3PO4,THF,44.98,2426,M2_all_kraken,All cleaned Kraken descriptors,44.98,40.6332410477183,13.511935933433778,14.149846618188096,67.11663547724851,81.25,0.004432456815638246,20,80.09,80.09,0.0
103,1a_2a,SPhos,Pd(OAc)2,NaOH,THF,87.06,70,M3_pc_top3_each,Top 3 loading descriptors from PC1-PC4,87.06,82.99900443879656,12.628865293892442,58.246428462767376,107.75158041482575,93.67,1.3046223049201404,1,87.06,92.83,5.769999999999996
69,1a_2a,XPhos,Pd(OAc)2,LiOtBu,MeCN,92.83,47,M3_pc_top3_each,Top 3 loading descriptors from PC1-PC4,92.83,80.22771206527983,12.886186583469492,54.97078636167963,105.48463776888003,93.67,0.9162485442200132,2,92.83,92.83,0.0
163,1a_2a,SPhos,Pd(OAc)2,LiOtBu,THF,85.95,110,M3_pc_top3_each,Top 3 loading descriptors from PC1-PC4,85.95,75.43225665968215,12.337878537388846,51.25001472640001,99.6144985929643,93.67,0.3464334635071673,3,92.83,92.83,0.0
177,1a_2a,XPhos,Pd(OAc)2,Et3N,THF,88.93,119,M3_pc_top3_each,Top 3 loading descriptors from PC1-PC4,88.93,69.61631352081602,14.880003540227383,40.45150658197035,98.7811204596617,93.67,0.30699553349534514,4,92.83,92.83,0.0
115,1a_2a,SPhos,Pd(OAc)2,NaHCO3,THF,79.85,78,M3_pc_top3_each,Top 3 loading descriptors from PC1-PC4,79.85,72.91938097624296,12.382798613776155,48.649095693241705,97.18966625924422,93.67,0.21769742538436898,5,92.83,92.83,0.0
100,1a_2a,P(Cy)3,Pd(OAc)2,NaOH,THF,69.94,67,M3_pc_top3_each,Top 3 loading descriptors from PC1-PC4,69.94,68.61098676695752,12.081624604984176,44.93100254118854,92.2909709927265,93.67,0.07485970504291345,6,92.83,92.83,0.0
114,1a_2a,CataCXium A,Pd(OAc)2,NaHCO3,THF,70.45,77,M3_pc_top3_each,Top 3 loading descriptors from PC1-PC4,70.45,66.44884542486287,12.335094346726326,42.27206050527927,90.62563034444646,93.67,0.05263649140275872,7,92.83,92.83,0.0
117,1a_2a,XPhos,Pd(OAc)2,NaHCO3,THF,80.77,79,M3_pc_top3_each,Top 3 loading descriptors from PC1-PC4,80.77,60.04575733603185,13.385106455295329,33.810948683653,86.2805659884107,93.67,0.022993039436544654,8,92.83,92.83,0.0
357,1a_2a,XPhos,Pd(OAc)2,LiOtBu,MeOH,27.33,239,M3_pc_top3_each,Top 3 loading descriptors from PC1-PC4,27.33,59.38238503940008,13.205946261553258,33.498730366755694,85.26603971204446,93.67,0.01732642644644966,9,92.83,92.83,0.0
19,1a_2a,SPhos,Pd(OAc)2,NaHCO3,MeCN,69.22,14,M3_pc_top3_each,Top 3 loading descriptors from PC1-PC4,69.22,56.002806869771916,12.796954085570583,30.920776862053575,81.08483687749026,93.67,0.005201157794088619,10,92.83,92.83,0.0
247,1a_2a,SPhos,Pd(OAc)2,KOH,DMF,62.77,166,M3_pc_top3_each,Top 3 loading descriptors from PC1-PC4,62.77,44.40794396781076,14.635239834751832,15.72287389169717,73.09301404392434,93.67,0.0012675302733884813,11,92.83,92.83,0.0
31,1a_2a,SPhos,Pd(OAc)2,CsF,MeCN,68.44,22,M3_pc_top3_each,Top 3 loading descriptors from PC1-PC4,68.44,48.39028690580432,13.516277616830314,21.898382776816902,74.88219103479173,93.67,0.001231918221663835,12,92.83,92.83,0.0
249,1a_2a,XPhos,Pd(OAc)2,KOH,DMF,79.14,167,M3_pc_top3_each,Top 3 loading descriptors from PC1-PC4,79.14,42.46477782947747,15.099662835418139,12.869438672057917,72.06011698689701,93.67,0.0011904204437461798,13,92.83,92.83,0.0
261,1a_2a,XPhos,Pd(OAc)2,LiOtBu,DMF,61.47,175,M3_pc_top3_each,Top 3 loading descriptors from PC1-PC4,61.47,46.969761277532,13.001457081279048,21.48690539822507,72.45261715683893,93.67,0.0004491941734777079,14,92.83,92.83,0.0
169,1a_2a,P(tBu)3,Pd(OAc)2,Et3N,THF,68.72,112,M3_pc_top3_each,Top 3 loading descriptors from PC1-PC4,68.72,45.19056698123297,13.439620426912011,18.84891094448543,71.53222301798051,93.67,0.00043837275202994377,15,92.83,92.83,0.0
157,1a_2a,P(tBu)3,Pd(OAc)2,LiOtBu,THF,66.16,104,M3_pc_top3_each,Top 3 loading descriptors from PC1-PC4,66.16,41.65155614352315,13.154144542590883,15.869432840045022,67.43367944700128,93.67,9.714727807444402e-05,16,92.83,92.83,0.0
306,1a_2a,CataCXium A,Pd(OAc)2,NaHCO3,MeOH,25.15,205,M3_pc_top3_each,Top 3 loading descriptors from PC1-PC4,25.15,33.77104945750428,14.667035788103217,5.02365931282198,62.51843960218659,93.67,6.171929547160357e-05,17,92.83,92.83,0.0
171,1a_2a,AmPhos,Pd(OAc)2,Et3N,THF,48.8,114,M3_pc_top3_each,Top 3 loading descriptors from PC1-PC4,48.8,39.32739760925215,12.966126306503343,13.9137900485056,64.7410051699987,93.67,3.267075156755217e-05,18,92.83,92.83,0.0
375,1a_2a,AmPhos,Pd(OAc)2,None,MeOH,32.25,250,M3_pc_top3_each,Top 3 loading descriptors from PC1-PC4,32.25,35.987941807502324,13.438104282692114,9.64925741342578,62.32662620157887,93.67,2.118870266538909e-05,19,92.83,92.83,0.0
321,1a_2a,XPhos,Pd(OAc)2,CsF,MeOH,35.0,215,M3_pc_top3_each,Top 3 loading descriptors from PC1-PC4,35.0,36.96159058370681,13.174002379793503,11.140545919311542,62.782635248102075,93.67,1.9540542738905595e-05,20,92.83,92.83,0.0
2863,1a_2b,SPhos,Pd(OAc)2,Et3N,THF,76.22,1910,M3_pc_top3_each,Top 3 loading descriptors from PC1-PC4,76.22,68.9836143335995,12.960367210430359,43.581294601156,94.385934066043,77.13,1.9570160633827487,1,76.22,92.16,15.939999999999998
2875,1a_2b,SPhos,Pd(OAc)2,None,THF,69.3,1918,M3_pc_top3_each,Top 3 loading descriptors from PC1-PC4,69.3,68.81321705648803,12.377805393175533,44.552718485863984,93.07371562711208,77.13,1.7319692229741857,2,76.22,92.16,15.939999999999998
2793,1a_2b,XPhos,Pd(OAc)2,NaOH,THF,92.16,1863,M3_pc_top3_each,Top 3 loading descriptors from PC1-PC4,92.16,60.68502522877781,15.109914834713061,31.06959215274021,90.30045830481541,77.13,0.9936209969160035,3,92.16,92.16,0.0
2757,1a_2b,XPhos,Pd(OAc)2,LiOtBu,MeCN,76.56,1839,M3_pc_top3_each,Top 3 loading descriptors from PC1-PC4,76.56,62.76839804965551,13.073891766147929,37.14357018800557,88.39322591130545,77.13,0.8338571056178208,4,92.16,92.16,0.0
2877,1a_2b,XPhos,Pd(OAc)2,None,THF,84.83,1919,M3_pc_top3_each,Top 3 loading descriptors from PC1-PC4,84.83,56.15701507572264,13.419957309385632,29.853898749326802,82.46013140211848,77.13,0.31184850617818816,5,92.16,92.16,0.0
2721,1a_2b,XPhos,Pd(OAc)2,CsF,MeCN,77.78,1815,M3_pc_top3_each,Top 3 loading descriptors from PC1-PC4,77.78,56.44757065570908,12.72641267942835,31.503801804029514,81.39133950738864,77.13,0.25367448487041155,6,92.16,92.16,0.0
2781,1a_2b,XPhos,Pd(OAc)2,None,MeCN,66.37,1855,M3_pc_top3_each,Top 3 loading descriptors from PC1-PC4,66.37,53.595393012166106,12.717890387899548,28.668327851882992,78.52245817244922,77.13,0.1443469746888918,7,92.16,92.16,0.0
2731,1a_2b,SPhos,Pd(OAc)2,K3PO4,MeCN,69.42,1822,M3_pc_top3_each,Top 3 loading descriptors from PC1-PC4,69.42,50.45283194500304,12.953391716296455,25.06418418106199,75.84147970894409,77.13,0.08423344665941812,8,92.16,92.16,0.0
2983,1a_2b,SPhos,Pd(OAc)2,NaOH,MeOH,63.06,1990,M3_pc_top3_each,Top 3 loading descriptors from PC1-PC4,63.06,42.80894865751482,14.052084579211298,15.266862882260675,70.35103443276896,77.13,0.030142803900101656,9,92.16,92.16,0.0
2778,1a_2b,CataCXium A,Pd(OAc)2,None,MeCN,18.06,1853,M3_pc_top3_each,Top 3 loading descriptors from PC1-PC4,18.06,41.12605521275503,13.770309592562317,14.136248411332886,68.11586201417717,77.13,0.017121993341610575,10,92.16,92.16,0.0
2992,1a_2b,P(Cy)3,Pd(OAc)2,NaHCO3,MeOH,30.49,1995,M3_pc_top3_each,Top 3 loading descriptors from PC1-PC4,30.49,38.08007510512568,14.258633836181328,10.133152786210278,66.02699742404108,77.13,0.01184815776140935,11,92.16,92.16,0.0
2838,1a_2b,CataCXium A,Pd(OAc)2,KOH,THF,33.61,1893,M3_pc_top3_each,Top 3 loading descriptors from PC1-PC4,33.61,40.31343273572926,12.93585439691028,14.959158117785108,65.6677073536734,77.13,0.007384445097916956,12,92.16,92.16,0.0
2994,1a_2b,CataCXium A,Pd(OAc)2,NaHCO3,MeOH,16.27,1997,M3_pc_top3_each,Top 3 loading descriptors from PC1-PC4,16.27,40.30071324838184,12.656016086985932,15.494921717889412,65.10650477887427,77.13,0.005773982796305879,13,92.16,92.16,0.0
2935,1a_2b,SPhos,Pd(OAc)2,KOH,DMF,13.53,1958,M3_pc_top3_each,Top 3 loading descriptors from PC1-PC4,13.53,33.927988650095756,14.366776063014774,5.769107566586801,62.086869733604715,77.13,0.004731678327193192,14,92.16,92.16,0.0
3021,1a_2b,XPhos,Pd(OAc)2,K3PO4,MeOH,51.75,2015,M3_pc_top3_each,Top 3 loading descriptors from PC1-PC4,51.75,38.454560857892304,12.769466332560198,13.426406846074318,63.48271486971029,77.13,0.0038314769680664884,15,92.16,92.16,0.0
2694,1a_2b,CataCXium A,Pd(OAc)2,NaOH,MeCN,15.97,1797,M3_pc_top3_each,Top 3 loading descriptors from PC1-PC4,15.97,34.29240257697471,13.988435800887004,6.875068407236181,61.70973674671323,77.13,0.0037641726153187435,16,92.16,92.16,0.0
2836,1a_2b,P(Cy)3,Pd(OAc)2,KOH,THF,46.21,1891,M3_pc_top3_each,Top 3 loading descriptors from PC1-PC4,46.21,32.95512890292406,13.85173842813982,5.805721583770012,60.10453622207811,77.13,0.0023361903729671105,17,92.16,92.16,0.0
2845,1a_2b,P(tBu)3,Pd(OAc)2,LiOtBu,THF,52.95,1896,M3_pc_top3_each,Top 3 loading descriptors from PC1-PC4,52.95,35.91186584109984,12.750471983302877,10.920940753826201,60.90279092837348,77.13,0.001804965707041993,18,92.16,92.16,0.0
2812,1a_2b,P(Cy)3,Pd(OAc)2,CsF,THF,43.78,1875,M3_pc_top3_each,Top 3 loading descriptors from PC1-PC4,43.78,36.15826994716808,12.40167793027652,11.850981203826102,60.46555869051006,77.13,0.001334056793605147,19,92.16,92.16,0.0
2871,1a_2b,AmPhos,Pd(OAc)2,None,THF,31.05,1914,M3_pc_top3_each,Top 3 loading descriptors from PC1-PC4,31.05,30.32981074954656,13.836215932604109,3.210827521642507,57.44879397745061,77.13,0.001115313733842882,20,92.16,92.16,0.0
4558,1a_2c,XPhos,Pd(OAc)2,LiOtBu,MeOH,59.08,3039,M3_pc_top3_each,Top 3 loading descriptors from PC1-PC4,59.08,48.45364750011362,12.754885470580842,23.45407197777517,73.45322302245206,49.99,4.134999366398623,1,59.08,59.08,0.0
4544,1a_2c,SPhos,Pd(OAc)2,KOH,MeOH,41.19,3030,M3_pc_top3_each,Top 3 loading descriptors from PC1-PC4,41.19,40.415591491273105,12.655531357513448,15.610750030546747,65.22043295199947,49.99,1.531911362145872,2,59.08,59.08,0.0
4325,1a_2c,P(Cy)3,Pd(OAc)2,None,THF,18.72,2883,M3_pc_top3_each,Top 3 loading descriptors from PC1-PC4,18.72,35.48881959555465,12.36098629320573,11.261286460871421,59.71635273023789,49.99,0.674370763720439,3,59.08,59.08,0.0
4370,1a_2c,P(tBu)3,Pd(OAc)2,NaHCO3,THF,15.38,2912,M3_pc_top3_each,Top 3 loading descriptors from PC1-PC4,15.38,31.132936381657544,14.02838580675648,3.637300200414842,58.628572562900246,49.99,0.5376533126182843,4,59.08,59.08,0.0
4322,1a_2c,P(tBu)3,Pd(OAc)2,None,THF,15.0,2880,M3_pc_top3_each,Top 3 loading descriptors from PC1-PC4,15.0,32.32310205214077,12.897074304763168,7.044836414804962,57.601367689476575,49.99,0.4640194880342514,5,59.08,59.08,0.0
4364,1a_2c,SPhos,Pd(OAc)2,LiOtBu,THF,15.93,2910,M3_pc_top3_each,Top 3 loading descriptors from PC1-PC4,15.93,32.72265093626909,12.60901070532524,8.00898995383162,57.436311918706565,49.99,0.4531612902220079,6,59.08,59.08,0.0
4567,1a_2c,CataCXium A,Pd(OAc)2,NaHCO3,MeOH,7.73,3045,M3_pc_top3_each,Top 3 loading descriptors from PC1-PC4,7.73,29.977726945006438,14.002171856035083,2.533470107177674,57.4219837828352,49.99,0.4442946761780522,7,59.08,59.08,0.0
4554,1a_2c,P(o-Tol)3,Pd(OAc)2,LiOtBu,MeOH,15.16,3036,M3_pc_top3_each,Top 3 loading descriptors from PC1-PC4,15.16,28.03866192661141,14.625708619275292,-0.6277269671681616,56.70505082039098,49.99,0.39551951708789157,8,59.08,59.08,0.0
4602,1a_2c,P(o-Tol)3,Pd(OAc)2,K3PO4,MeOH,17.83,3068,M3_pc_top3_each,Top 3 loading descriptors from PC1-PC4,17.83,33.24931520757099,11.914503182513275,9.89688896984497,56.60174144529701,49.99,0.3935584599582369,9,59.08,59.08,0.0
4601,1a_2c,P(Cy)3,Pd(OAc)2,K3PO4,MeOH,21.39,3067,M3_pc_top3_each,Top 3 loading descriptors from PC1-PC4,21.39,31.382442726168414,12.637203683543746,6.613523506422673,56.151361945914154,49.99,0.3603351147332634,10,59.08,59.08,0.0
4226,1a_2c,P(tBu)3,Pd(OAc)2,None,MeCN,16.56,2816,M3_pc_top3_each,Top 3 loading descriptors from PC1-PC4,16.56,29.82103684667416,13.233733765529523,3.8829186662362964,55.75915502711203,49.99,0.33634302299318786,11,59.08,59.08,0.0
4604,1a_2c,SPhos,Pd(OAc)2,K3PO4,MeOH,48.66,3070,M3_pc_top3_each,Top 3 loading descriptors from PC1-PC4,48.66,28.77725301248956,13.67712414711557,1.9700896841430406,55.58441634083608,49.99,0.32735374781890836,12,59.08,59.08,0.0
4580,1a_2c,SPhos,Pd(OAc)2,Et3N,MeOH,21.06,3054,M3_pc_top3_each,Top 3 loading descriptors from PC1-PC4,21.06,27.503426744292035,13.756702963904656,0.5402889350389088,54.46656455354516,49.99,0.2699534601324427,13,59.08,59.08,0.0
4541,1a_2c,P(Cy)3,Pd(OAc)2,KOH,MeOH,18.12,3027,M3_pc_top3_each,Top 3 loading descriptors from PC1-PC4,18.12,29.2089135143119,12.842140569466846,4.038317998156881,54.37950903046692,49.99,0.2605271909908877,14,59.08,59.08,0.0
4551,1a_2c,P(Ph)3,Pd(OAc)2,LiOtBu,MeOH,17.63,3033,M3_pc_top3_each,Top 3 loading descriptors from PC1-PC4,17.63,27.390181512957813,12.930465340106636,2.0464694463488087,52.73389357956682,49.99,0.1909727131682739,15,59.08,59.08,0.0
4340,1a_2c,SPhos,Pd(OAc)2,NaOH,THF,17.39,2894,M3_pc_top3_each,Top 3 loading descriptors from PC1-PC4,17.39,27.461591410858126,12.502732827923168,2.9562350681287164,51.96694775358753,49.99,0.16051844775431434,16,59.08,59.08,0.0
4594,1a_2c,XPhos,Pd(OAc)2,CsF,MeOH,29.03,3063,M3_pc_top3_each,Top 3 loading descriptors from PC1-PC4,29.03,25.659663165410315,13.244113237337528,-0.29879877977123925,51.61812511059187,49.99,0.15626133970151546,17,59.08,59.08,0.0
4563,1a_2c,P(Ph)3,Pd(OAc)2,NaHCO3,MeOH,21.3,3041,M3_pc_top3_each,Top 3 loading descriptors from PC1-PC4,21.3,27.82175946848269,12.264112238801562,3.784099480431628,51.85941945653375,49.99,0.15487542155334477,18,59.08,59.08,0.0
4498,1a_2c,XPhos,Pd(OAc)2,CsF,DMF,20.83,2999,M3_pc_top3_each,Top 3 loading descriptors from PC1-PC4,20.83,26.793153143012567,12.653208203488608,1.9928650641748966,51.59344122185024,49.99,0.15007126137521076,19,59.08,59.08,0.0
4347,1a_2c,P(Ph)3,Pd(OAc)2,KOH,THF,20.73,2897,M3_pc_top3_each,Top 3 loading descriptors from PC1-PC4,20.73,25.04554900841565,12.888115669176988,-0.21515770317124705,50.306255720002554,49.99,0.11721176960157187,20,59.08,59.08,0.0
690,1b_2a,CataCXium A,Pd(OAc)2,NaHCO3,MeOH,86.98,461,M3_pc_top3_each,Top 3 loading descriptors from PC1-PC4,86.98,107.4435554142726,13.046841204301067,81.87174665384251,133.01536417470268,96.89,11.704864259169478,1,86.98,97.83,10.849999999999994
726,1b_2a,CataCXium A,Pd(OAc)2,KOH,MeOH,85.46,485,M3_pc_top3_each,Top 3 loading descriptors from PC1-PC4,85.46,99.16990133849819,13.908034310494147,71.91015408992966,126.42964858706672,96.89,6.483828317671486,2,86.98,97.83,10.849999999999994
390,1b_2a,CataCXium A,Pd(OAc)2,NaOH,MeCN,96.38,261,M3_pc_top3_each,Top 3 loading descriptors from PC1-PC4,96.38,99.94913815829923,12.035795137908528,76.35897968799853,123.53929662859994,96.89,6.189290281355178,3,96.38,97.83,1.4500000000000028
722,1b_2a,P(Ph)3,Pd(OAc)2,KOH,MeOH,92.61,481,M3_pc_top3_each,Top 3 loading descriptors from PC1-PC4,92.61,98.08698810886469,12.920839859025538,72.76214198517464,123.41183423255474,96.89,5.510661188366568,4,96.38,97.83,1.4500000000000028
486,1b_2a,CataCXium A,Pd(OAc)2,NaOH,THF,96.57,325,M3_pc_top3_each,Top 3 loading descriptors from PC1-PC4,96.57,94.38453352672325,12.837881427387101,69.22228592904453,119.54678112440196,96.89,3.758552315172939,5,96.57,97.83,1.2600000000000051
679,1b_2a,SPhos,Pd(OAc)2,NaOH,MeOH,92.88,454,M3_pc_top3_each,Top 3 loading descriptors from PC1-PC4,92.88,94.04851749194457,12.718131987365433,69.12097879670831,118.97605618718082,96.89,3.577178621607536,6,96.57,97.83,1.2600000000000051
558,1b_2a,CataCXium A,Pd(OAc)2,Et3N,THF,97.83,373,M3_pc_top3_each,Top 3 loading descriptors from PC1-PC4,97.83,93.31456189096494,12.393879845938715,69.02255739292505,117.60656638900483,96.89,3.1716545844318462,7,97.83,97.83,0.0
746,1b_2a,P(Ph)3,Pd(OAc)2,Et3N,MeOH,82.99,497,M3_pc_top3_each,Top 3 loading descriptors from PC1-PC4,82.99,92.8638256931906,12.14870281259499,69.05236818050443,116.67528320587678,96.89,2.9160731170756877,8,97.83,97.83,0.0
542,1b_2a,P(Ph)3,Pd(OAc)2,LiOtBu,THF,87.78,361,M3_pc_top3_each,Top 3 loading descriptors from PC1-PC4,87.78,90.75664803881895,13.338945275772776,64.61231529830431,116.9009807793336,96.89,2.6495592653955464,9,97.83,97.83,0.0
714,1b_2a,CataCXium A,Pd(OAc)2,K3PO4,MeOH,89.42,477,M3_pc_top3_each,Top 3 loading descriptors from PC1-PC4,89.42,85.86291414063564,14.609704913191827,57.227892510779654,114.49793577049162,96.89,1.7904894454482325,10,97.83,97.83,0.0
482,1b_2a,P(Ph)3,Pd(OAc)2,NaOH,THF,90.21,321,M3_pc_top3_each,Top 3 loading descriptors from PC1-PC4,90.21,87.20046256690412,13.468700000471427,60.80181056598012,113.59911456782812,96.89,1.7467882964544441,11,97.83,97.83,0.0
759,1b_2a,AmPhos,Pd(OAc)2,None,MeOH,61.57,506,M3_pc_top3_each,Top 3 loading descriptors from PC1-PC4,61.57,85.23964137622602,14.148859104755932,57.507877530904395,112.97140522154764,96.89,1.5316484574651454,12,97.83,97.83,0.0
387,1b_2a,AmPhos,Pd(OAc)2,NaOH,MeCN,86.82,258,M3_pc_top3_each,Top 3 loading descriptors from PC1-PC4,86.82,85.18411953822812,13.477539278714115,58.76814255194845,111.60009652450779,96.89,1.3396155825837996,13,97.83,97.83,0.0
457,1b_2a,P(tBu)3,Pd(OAc)2,Et3N,MeCN,91.95,304,M3_pc_top3_each,Top 3 loading descriptors from PC1-PC4,91.95,83.13764788853716,14.715082207227534,54.29608676237119,111.97920901470313,96.89,1.301187468791265,14,97.83,97.83,0.0
553,1b_2a,P(tBu)3,Pd(OAc)2,Et3N,THF,94.67,368,M3_pc_top3_each,Top 3 loading descriptors from PC1-PC4,94.67,84.51985137256695,13.584210816102175,57.894798173006684,111.14490457212722,96.89,1.2496853812151607,15,97.83,97.83,0.0
555,1b_2a,AmPhos,Pd(OAc)2,Et3N,THF,91.88,370,M3_pc_top3_each,Top 3 loading descriptors from PC1-PC4,91.88,83.62885194866001,14.074762427820083,56.042317590132654,111.21538630718737,96.89,1.2232537444298481,16,97.83,97.83,0.0
723,1b_2a,AmPhos,Pd(OAc)2,KOH,MeOH,71.62,482,M3_pc_top3_each,Top 3 loading descriptors from PC1-PC4,71.62,83.59008362321404,13.299107201142492,57.52383350897476,109.65633373745332,96.89,1.030818412122366,17,97.83,97.83,0.0
531,1b_2a,AmPhos,Pd(OAc)2,KOH,THF,75.63,354,M3_pc_top3_each,Top 3 loading descriptors from PC1-PC4,75.63,84.94435390923309,12.394291093960321,60.65154336507086,109.23716445339531,96.89,1.0245141635099009,18,97.83,97.83,0.0
483,1b_2a,AmPhos,Pd(OAc)2,NaOH,THF,86.25,322,M3_pc_top3_each,Top 3 loading descriptors from PC1-PC4,86.25,81.8625452001272,13.996058218181092,54.43027109249226,109.29481930776214,96.89,0.9426578318981709,19,97.83,97.83,0.0
691,1b_2a,SPhos,Pd(OAc)2,NaHCO3,MeOH,85.69,462,M3_pc_top3_each,Top 3 loading descriptors from PC1-PC4,85.69,83.75364817501317,12.64129748472036,58.97670510496127,108.53059124506507,96.89,0.9045727751867776,20,97.83,97.83,0.0
2391,1b_2b,AmPhos,Pd(OAc)2,None,MeCN,83.89,1594,M3_pc_top3_each,Top 3 loading descriptors from PC1-PC4,83.89,84.83386268566997,13.186439981412041,58.98844032210237,110.67928504923756,96.75,1.2263971144206458,1,83.89,96.19,12.299999999999997
2366,1b_2b,P(Ph)3,Pd(OAc)2,LiOtBu,MeCN,73.07,1577,M3_pc_top3_each,Top 3 loading descriptors from PC1-PC4,73.07,84.9750683546761,12.431779716054177,60.60878011120991,109.34135659814228,96.75,1.0608847732500788,2,83.89,96.19,12.299999999999997
2355,1b_2b,AmPhos,Pd(OAc)2,KOH,MeCN,81.7,1570,M3_pc_top3_each,Top 3 loading descriptors from PC1-PC4,81.7,82.92434100243639,12.817577940222275,57.80188823960073,108.04679376527206,96.75,0.8492640117655039,3,83.89,96.19,12.299999999999997
2365,1b_2b,P(tBu)3,Pd(OAc)2,LiOtBu,MeCN,92.06,1576,M3_pc_top3_each,Top 3 loading descriptors from PC1-PC4,92.06,80.0844228374603,14.186823083491698,52.27824959381657,107.89059608110402,96.75,0.7797821751820417,4,92.06,96.19,4.1299999999999955
2479,1b_2b,SPhos,Pd(OAc)2,Et3N,THF,87.02,1654,M3_pc_top3_each,Top 3 loading descriptors from PC1-PC4,87.02,79.16985781601355,13.098052903558177,53.497674125039524,104.84204150698757,96.75,0.5014277581254887,5,92.06,96.19,4.1299999999999955
2318,1b_2b,P(Ph)3,Pd(OAc)2,NaHCO3,MeCN,68.23,1545,M3_pc_top3_each,Top 3 loading descriptors from PC1-PC4,68.23,77.78114789863321,13.456553414252953,51.406303206697416,104.155992590569,96.75,0.4447342457929868,6,92.06,96.19,4.1299999999999955
2358,1b_2b,CataCXium A,Pd(OAc)2,KOH,MeCN,78.09,1573,M3_pc_top3_each,Top 3 loading descriptors from PC1-PC4,78.09,79.4187044766295,12.555441143920715,54.810039834544895,104.0273691187141,96.75,0.4402786323249983,7,92.06,96.19,4.1299999999999955
2490,1b_2b,CataCXium A,Pd(OAc)2,None,THF,93.15,1661,M3_pc_top3_each,Top 3 loading descriptors from PC1-PC4,93.15,76.7259867104163,12.463961647036939,52.29662188222389,101.1553515386087,96.75,0.259280116576865,8,93.15,96.19,3.039999999999992
2466,1b_2b,CataCXium A,Pd(OAc)2,LiOtBu,THF,96.19,1645,M3_pc_top3_each,Top 3 loading descriptors from PC1-PC4,96.19,75.53495884309478,12.60296438359704,50.833148651244585,100.23676903494498,96.75,0.21786604894663053,9,96.19,96.19,0.0
2437,1b_2b,P(tBu)3,Pd(OAc)2,K3PO4,THF,63.86,1624,M3_pc_top3_each,Top 3 loading descriptors from PC1-PC4,63.86,71.88481062565847,13.39309632931612,45.634341820198884,98.13527943111806,96.75,0.1504143617380801,10,96.19,96.19,0.0
2439,1b_2b,AmPhos,Pd(OAc)2,K3PO4,THF,69.6,1626,M3_pc_top3_each,Top 3 loading descriptors from PC1-PC4,69.6,72.89315430480814,12.936191241996468,47.53821947049506,98.24808913912122,96.75,0.149500175181715,11,96.19,96.19,0.0
2583,1b_2b,AmPhos,Pd(OAc)2,None,DMF,57.76,1722,M3_pc_top3_each,Top 3 loading descriptors from PC1-PC4,57.76,71.32973385474727,13.511641386536372,44.846916737135984,97.81255097235857,96.75,0.1423842740589769,12,96.19,96.19,0.0
2594,1b_2b,P(Ph)3,Pd(OAc)2,NaOH,MeOH,79.1,1729,M3_pc_top3_each,Top 3 loading descriptors from PC1-PC4,79.1,73.97887623673604,12.309989597932415,49.85129662478851,98.10645584868357,96.75,0.13950062426931487,13,96.19,96.19,0.0
2606,1b_2b,P(Ph)3,Pd(OAc)2,NaHCO3,MeOH,68.46,1737,M3_pc_top3_each,Top 3 loading descriptors from PC1-PC4,68.46,69.9787607604315,13.8157417769799,42.89990687755089,97.0576146433121,96.75,0.12575898957288578,14,96.19,96.19,0.0
2331,1b_2b,AmPhos,Pd(OAc)2,CsF,MeCN,68.33,1554,M3_pc_top3_each,Top 3 loading descriptors from PC1-PC4,68.33,69.31339635765568,14.061360000945891,41.753130755801735,96.87366195950962,96.75,0.12369208934308062,15,96.19,96.19,0.0
2488,1b_2b,P(Cy)3,Pd(OAc)2,None,THF,68.94,1659,M3_pc_top3_each,Top 3 loading descriptors from PC1-PC4,68.94,71.91816208229244,12.084984860981264,48.23159175476916,95.60473240981571,96.75,0.07900645292972763,16,96.19,96.19,0.0
2359,1b_2b,SPhos,Pd(OAc)2,KOH,MeCN,89.93,1574,M3_pc_top3_each,Top 3 loading descriptors from PC1-PC4,89.93,70.36953427774357,12.605684348589062,45.66239295450901,95.07667560097812,96.75,0.07452402899001992,17,96.19,96.19,0.0
2330,1b_2b,P(Ph)3,Pd(OAc)2,CsF,MeCN,53.51,1553,M3_pc_top3_each,Top 3 loading descriptors from PC1-PC4,53.51,70.88525092226683,12.356073552999336,46.667346758388135,95.10315508614553,96.75,0.07277585596719471,18,96.19,96.19,0.0
2666,1b_2b,P(Ph)3,Pd(OAc)2,Et3N,MeOH,53.9,1777,M3_pc_top3_each,Top 3 loading descriptors from PC1-PC4,53.9,70.30194685029926,12.418304735955816,45.962069567825864,94.64182413277265,96.75,0.06606575608651544,19,96.19,96.19,0.0
2426,1b_2b,P(Ph)3,Pd(OAc)2,CsF,THF,67.34,1617,M3_pc_top3_each,Top 3 loading descriptors from PC1-PC4,67.34,68.12286479051885,13.264919957263368,42.123621674282646,94.12210790675505,96.75,0.0656041986446747,20,96.19,96.19,0.0
4215,1b_2c,P(Ph)3,Pd(OAc)2,K3PO4,MeOH,72.19,2809,M3_pc_top3_each,Top 3 loading descriptors from PC1-PC4,72.19,72.9670612934206,12.84432150358158,47.7921911464007,98.1419314404405,74.84,4.024872085142014,1,72.19,73.12,0.9300000000000068
4218,1b_2c,P(o-Tol)3,Pd(OAc)2,K3PO4,MeOH,68.86,2812,M3_pc_top3_each,Top 3 loading descriptors from PC1-PC4,68.86,69.61372823432735,13.425216404631488,43.300304081249635,95.92715238740507,74.84,2.972691407266925,2,72.19,73.12,0.9300000000000068
4179,1b_2c,P(Ph)3,Pd(OAc)2,NaHCO3,MeOH,40.92,2785,M3_pc_top3_each,Top 3 loading descriptors from PC1-PC4,40.92,61.851395580311696,13.075297310492168,36.22381285174705,87.47897830887635,74.84,1.0253651697720332,3,72.19,73.12,0.9300000000000068
4146,1b_2c,P(o-Tol)3,Pd(OAc)2,NaOH,MeOH,51.26,2764,M3_pc_top3_each,Top 3 loading descriptors from PC1-PC4,51.26,58.61444811377428,12.46503308154824,34.182983273939726,83.04591295360883,74.84,0.5189059778065523,4,72.19,73.12,0.9300000000000068
4167,1b_2c,P(Ph)3,Pd(OAc)2,LiOtBu,MeOH,73.12,2777,M3_pc_top3_each,Top 3 loading descriptors from PC1-PC4,73.12,57.45341416982704,12.758225116614417,32.44729294126279,82.4595353983913,74.84,0.4657994807845689,5,73.12,73.12,0.0
4142,1b_2c,P(tBu)3,Pd(OAc)2,NaOH,MeOH,38.52,2760,M3_pc_top3_each,Top 3 loading descriptors from PC1-PC4,38.52,46.7732096014367,13.690050446191627,19.94071072690111,73.60570847597228,74.84,0.09186238572741712,6,73.12,73.12,0.0
3938,1b_2c,P(tBu)3,Pd(OAc)2,None,THF,20.69,2624,M3_pc_top3_each,Top 3 loading descriptors from PC1-PC4,20.69,42.71578149287893,15.103337942323325,13.113239125925215,72.31832385983265,74.84,0.082635582368764,7,73.12,73.12,0.0
3941,1b_2c,P(Cy)3,Pd(OAc)2,None,THF,18.38,2627,M3_pc_top3_each,Top 3 loading descriptors from PC1-PC4,18.38,45.4892884490819,12.896991336456207,20.211185429627733,70.76739146853606,74.84,0.0452494799952447,8,73.12,73.12,0.0
3847,1b_2c,CataCXium A,Pd(OAc)2,None,MeCN,14.79,2565,M3_pc_top3_each,Top 3 loading descriptors from PC1-PC4,14.79,44.58995491787961,13.140727941935213,18.834128151686592,70.34578168407262,74.84,0.04276065970922244,9,73.12,73.12,0.0
4159,1b_2c,CataCXium A,Pd(OAc)2,KOH,MeOH,66.67,2773,M3_pc_top3_each,Top 3 loading descriptors from PC1-PC4,66.67,44.8460479008141,12.705569547900616,19.943131586928892,69.7489642146993,74.84,0.03455999463948148,10,73.12,73.12,0.0
4204,1b_2c,AmPhos,Pd(OAc)2,CsF,MeOH,71.17,2802,M3_pc_top3_each,Top 3 loading descriptors from PC1-PC4,71.17,39.96694359856443,13.893429688775198,12.735821408565041,67.19806578856381,74.84,0.024121672741650807,11,73.12,73.12,0.0
4154,1b_2c,P(tBu)3,Pd(OAc)2,KOH,MeOH,46.83,2768,M3_pc_top3_each,Top 3 loading descriptors from PC1-PC4,46.83,34.493405756708235,14.703093625879026,5.675342249985345,63.31146926343112,74.84,0.01204175346264684,12,73.12,73.12,0.0
3942,1b_2c,P(o-Tol)3,Pd(OAc)2,None,THF,20.14,2628,M3_pc_top3_each,Top 3 loading descriptors from PC1-PC4,20.14,36.882897803209595,12.519420426135987,12.344833767983062,61.42096183843613,74.84,0.003704216127900957,13,73.12,73.12,0.0
4004,1b_2c,SPhos,Pd(OAc)2,Et3N,THF,17.04,2670,M3_pc_top3_each,Top 3 loading descriptors from PC1-PC4,17.04,32.60847026657646,13.030773510597628,7.06815418580511,58.14878634734781,74.84,0.001793883389260724,14,73.12,73.12,0.0
4210,1b_2c,XPhos,Pd(OAc)2,CsF,MeOH,33.45,2807,M3_pc_top3_each,Top 3 loading descriptors from PC1-PC4,33.45,30.03018085900776,13.695085039929332,3.1878141807462725,56.87254753726925,74.84,0.0016877066153971818,15,73.12,73.12,0.0
3964,1b_2c,AmPhos,Pd(OAc)2,KOH,THF,24.69,2642,M3_pc_top3_each,Top 3 loading descriptors from PC1-PC4,24.69,31.502284806417205,12.568383059901695,6.868254009009881,56.13631560382453,74.84,0.0007710925950723743,16,73.12,73.12,0.0
3927,1b_2c,P(Ph)3,Pd(OAc)2,K3PO4,MeCN,17.77,2617,M3_pc_top3_each,Top 3 loading descriptors from PC1-PC4,17.77,31.252727970636702,12.571890775176017,6.611822051291707,55.8936338899817,74.84,0.0007155426597386695,17,73.12,73.12,0.0
4192,1b_2c,AmPhos,Pd(OAc)2,Et3N,MeOH,57.24,2794,M3_pc_top3_each,Top 3 loading descriptors from PC1-PC4,57.24,26.951637277444014,13.544851159366496,0.4037290050856832,53.49954554980235,74.84,0.0005923671024079518,18,73.12,73.12,0.0
4171,1b_2c,CataCXium A,Pd(OAc)2,LiOtBu,MeOH,61.84,2781,M3_pc_top3_each,Top 3 loading descriptors from PC1-PC4,61.84,31.25646723609357,12.412980588610095,6.927025282417784,55.58590918976935,74.84,0.0005909706961435279,19,73.12,73.12,0.0
4012,1b_2c,AmPhos,Pd(OAc)2,CsF,THF,52.13,2674,M3_pc_top3_each,Top 3 loading descriptors from PC1-PC4,52.13,26.447539895918336,13.653380564516736,-0.31308601053446594,53.20816580237114,74.84,0.000576866007197344,20,73.12,73.12,0.0
1072,1c_2a,P(Cy)3,Pd(OAc)2,NaHCO3,MeOH,89.13,715,M3_pc_top3_each,Top 3 loading descriptors from PC1-PC4,89.13,99.49699622109927,13.828223485144537,72.39367819021598,126.60031425198255,98.53,5.753306690060681,1,89.13,97.45,8.320000000000007
1125,1c_2a,XPhos,Pd(OAc)2,LiOtBu,MeOH,82.88,751,M3_pc_top3_each,Top 3 loading descriptors from PC1-PC4,82.88,99.27787322847372,13.420037233782393,72.97460025026024,125.58114620668721,98.53,5.478670086802369,2,89.13,97.45,8.320000000000007
842,1c_2a,P(Ph)3,Pd(OAc)2,Et3N,MeCN,97.45,561,M3_pc_top3_each,Top 3 loading descriptors from PC1-PC4,97.45,95.64541266899812,12.587611649190384,70.97369383658497,120.31713150141127,98.53,3.509880909616432,3,97.45,97.45,0.0
794,1c_2a,P(Ph)3,Pd(OAc)2,CsF,MeCN,96.49,529,M3_pc_top3_each,Top 3 loading descriptors from PC1-PC4,96.49,94.26720334897814,13.340224402969177,68.12036351915856,120.41404317879773,98.53,3.2762121003360125,4,97.45,97.45,0.0
1084,1c_2a,P(Cy)3,Pd(OAc)2,CsF,MeOH,89.81,723,M3_pc_top3_each,Top 3 loading descriptors from PC1-PC4,89.81,92.81371543865822,13.361974652416787,66.62424511992131,119.00318575739513,98.53,2.7891920461947803,5,97.45,97.45,0.0
1106,1c_2a,P(Ph)3,Pd(OAc)2,KOH,MeOH,93.94,737,M3_pc_top3_each,Top 3 loading descriptors from PC1-PC4,93.94,92.67139723624939,12.506566916327898,68.1585260802467,117.18426839225208,98.53,2.441416826341305,6,97.45,97.45,0.0
1113,1c_2a,XPhos,Pd(OAc)2,KOH,MeOH,82.32,743,M3_pc_top3_each,Top 3 loading descriptors from PC1-PC4,82.32,90.99166677558676,13.141968602647786,65.23340831439711,116.74992523677642,98.53,2.1749859920051486,7,97.45,97.45,0.0
835,1c_2a,SPhos,Pd(OAc)2,LiOtBu,MeCN,90.89,558,M3_pc_top3_each,Top 3 loading descriptors from PC1-PC4,90.89,84.63849893333834,13.975579103309848,57.24636389085104,112.03063397582564,98.53,1.0998764587333976,8,97.45,97.45,0.0
1094,1c_2a,P(Ph)3,Pd(OAc)2,K3PO4,MeOH,94.15,729,M3_pc_top3_each,Top 3 loading descriptors from PC1-PC4,94.15,86.09510249746324,12.49360804088978,61.607630737319276,110.5825742576072,98.53,0.9727615262013505,9,97.45,97.45,0.0
795,1c_2a,AmPhos,Pd(OAc)2,CsF,MeCN,93.69,530,M3_pc_top3_each,Top 3 loading descriptors from PC1-PC4,93.69,84.00127889203296,13.474331056528634,57.59159002123684,110.41096776282907,98.53,0.896869258393177,10,97.45,97.45,0.0
846,1c_2a,CataCXium A,Pd(OAc)2,Et3N,MeCN,92.52,565,M3_pc_top3_each,Top 3 loading descriptors from PC1-PC4,92.52,83.17882887570227,12.832776420993262,58.026587090555466,108.33107066084906,98.53,0.6694801808424222,11,97.45,97.45,0.0
986,1c_2a,P(Ph)3,Pd(OAc)2,CsF,DMF,91.14,657,M3_pc_top3_each,Top 3 loading descriptors from PC1-PC4,91.14,82.1214315300488,13.172021745189099,56.30426890947816,107.93859415061942,98.53,0.6208161944891346,12,97.45,97.45,0.0
855,1c_2a,AmPhos,Pd(OAc)2,None,MeCN,90.67,570,M3_pc_top3_each,Top 3 loading descriptors from PC1-PC4,90.67,79.8808790659683,14.01489391839575,52.41168698591263,107.35007114602396,98.53,0.5532029847460855,13,97.45,97.45,0.0
1074,1c_2a,CataCXium A,Pd(OAc)2,NaHCO3,MeOH,64.52,717,M3_pc_top3_each,Top 3 loading descriptors from PC1-PC4,64.52,81.12022043155072,13.121753427425114,55.40158371379749,106.83885714930395,98.53,0.519583666459541,14,97.45,97.45,0.0
1123,1c_2a,SPhos,Pd(OAc)2,LiOtBu,MeOH,90.9,750,M3_pc_top3_each,Top 3 loading descriptors from PC1-PC4,90.9,79.14141646291944,13.875092182507125,51.946235785205474,106.3365971406334,98.53,0.47248777466113867,15,97.45,97.45,0.0
945,1c_2a,XPhos,Pd(OAc)2,Et3N,THF,95.85,631,M3_pc_top3_each,Top 3 loading descriptors from PC1-PC4,95.85,73.66705693224668,16.316546553941585,41.686625686521175,105.64748817797218,98.53,0.42189893734087014,16,97.45,97.45,0.0
878,1c_2a,P(Ph)3,Pd(OAc)2,NaHCO3,THF,87.25,585,M3_pc_top3_each,Top 3 loading descriptors from PC1-PC4,87.25,80.00458276209906,12.933944356314138,54.65405182372335,105.35511370047477,98.53,0.40485477607824727,17,97.45,97.45,0.0
786,1c_2a,CataCXium A,Pd(OAc)2,NaHCO3,MeCN,92.77,525,M3_pc_top3_each,Top 3 loading descriptors from PC1-PC4,92.77,79.11170046368002,13.321030949128694,53.002479803387786,105.22092112397226,98.53,0.39464154687793007,18,97.45,97.45,0.0
926,1c_2a,P(Ph)3,Pd(OAc)2,LiOtBu,THF,85.88,617,M3_pc_top3_each,Top 3 loading descriptors from PC1-PC4,85.88,79.64279597596408,13.003993268424662,54.15496916985174,105.13062278207641,98.53,0.3891116894887676,19,97.45,97.45,0.0
831,1c_2a,AmPhos,Pd(OAc)2,LiOtBu,MeCN,84.74,554,M3_pc_top3_each,Top 3 loading descriptors from PC1-PC4,84.74,77.31975117495612,14.019914419781692,49.84071891218401,104.79878343772825,98.53,0.36751151251880176,20,97.45,97.45,0.0
1610,1c_2b,P(Ph)3,Pd(OAc)2,Et3N,MeCN,92.43,1073,M3_pc_top3_each,Top 3 loading descriptors from PC1-PC4,92.43,90.87727657740724,12.969041040282386,65.45795613845377,116.29659701636072,97.25,2.4474917008096098,1,92.43,98.61,6.179999999999993
1802,1c_2b,P(Ph)3,Pd(OAc)2,Et3N,DMF,85.9,1201,M3_pc_top3_each,Top 3 loading descriptors from PC1-PC4,85.9,88.92410304055134,12.939847648994013,63.56200164852308,114.28620443257961,97.25,1.9056241692466238,2,92.43,98.61,6.179999999999993
1742,1c_2b,P(Ph)3,Pd(OAc)2,NaHCO3,DMF,90.99,1161,M3_pc_top3_each,Top 3 loading descriptors from PC1-PC4,90.99,86.69793322085997,14.128385644781758,59.00629735708772,114.38956908463221,97.25,1.7520810541616458,3,92.43,98.61,6.179999999999993
1636,1c_2b,P(Cy)3,Pd(OAc)2,NaOH,THF,66.25,1091,M3_pc_top3_each,Top 3 loading descriptors from PC1-PC4,66.25,83.79224581200734,13.562576326182834,57.20959621268898,110.3748954113257,97.25,1.0686549352312498,4,92.43,98.61,6.179999999999993
1587,1c_2b,AmPhos,Pd(OAc)2,KOH,MeCN,90.4,1058,M3_pc_top3_each,Top 3 loading descriptors from PC1-PC4,90.4,81.23638142838962,14.165774721278588,53.47146297468359,109.00129988209565,97.25,0.8522157698262687,5,92.43,98.61,6.179999999999993
1718,1c_2b,P(Ph)3,Pd(OAc)2,None,THF,96.15,1145,M3_pc_top3_each,Top 3 loading descriptors from PC1-PC4,96.15,81.42348935672865,13.986039728269677,54.01085148932009,108.83612722413721,97.25,0.8386748469649543,6,96.15,98.61,2.4599999999999937
1828,1c_2b,P(Cy)3,Pd(OAc)2,NaOH,MeOH,62.34,1219,M3_pc_top3_each,Top 3 loading descriptors from PC1-PC4,62.34,82.53576737880485,13.266231885570976,56.53395288308573,108.53758187452397,97.25,0.8291384364858199,7,96.15,98.61,2.4599999999999937
1694,1c_2b,P(Ph)3,Pd(OAc)2,LiOtBu,THF,94.45,1129,M3_pc_top3_each,Top 3 loading descriptors from PC1-PC4,94.45,82.53927985476201,13.131484382988818,56.80157046410393,108.2769892454201,97.25,0.8019084269817827,8,96.15,98.61,2.4599999999999937
1591,1c_2b,SPhos,Pd(OAc)2,KOH,MeCN,84.76,1062,M3_pc_top3_each,Top 3 loading descriptors from PC1-PC4,84.76,82.1384846752328,13.122946901105612,56.4175087490658,107.8594606013998,97.25,0.7520188254079927,9,96.15,98.61,2.4599999999999937
1646,1c_2b,P(Ph)3,Pd(OAc)2,NaHCO3,THF,96.16,1097,M3_pc_top3_each,Top 3 loading descriptors from PC1-PC4,96.16,81.15924256237345,13.335159842669027,55.02232927074216,107.29615585400474,97.25,0.682886954348157,10,96.16,98.61,2.450000000000003
1778,1c_2b,P(Ph)3,Pd(OAc)2,KOH,DMF,83.87,1185,M3_pc_top3_each,Top 3 loading descriptors from PC1-PC4,83.87,80.51381840835671,13.054447358302882,54.92710158608307,106.10053523063036,97.25,0.5691097935330425,11,96.16,98.61,2.450000000000003
1539,1c_2b,AmPhos,Pd(OAc)2,NaOH,MeCN,62.59,1026,M3_pc_top3_each,Top 3 loading descriptors from PC1-PC4,62.59,78.1523535573043,13.880603855272753,50.9463700009697,105.3583371136389,97.25,0.4958128528348511,12,96.16,98.61,2.450000000000003
1768,1c_2b,P(Cy)3,Pd(OAc)2,K3PO4,DMF,52.88,1179,M3_pc_top3_each,Top 3 loading descriptors from PC1-PC4,52.88,78.95638868828911,12.17904640618079,55.08545773217476,102.82731964440346,97.25,0.32328671958618194,13,96.16,98.61,2.450000000000003
1795,1c_2b,SPhos,Pd(OAc)2,LiOtBu,DMF,77.06,1198,M3_pc_top3_each,Top 3 loading descriptors from PC1-PC4,77.06,77.60592791063054,12.760481263193249,52.595384634771776,102.6164711864893,97.25,0.31184925937279817,14,96.16,98.61,2.450000000000003
1850,1c_2b,P(Ph)3,Pd(OAc)2,CsF,MeOH,80.77,1233,M3_pc_top3_each,Top 3 loading descriptors from PC1-PC4,80.77,76.75651653788574,12.848194107285199,51.574056087606756,101.93897698816474,97.25,0.2755115960487031,15,96.16,98.61,2.450000000000003
1627,1c_2b,SPhos,Pd(OAc)2,None,MeCN,61.68,1086,M3_pc_top3_each,Top 3 loading descriptors from PC1-PC4,61.68,75.71056500225833,12.810289338907587,50.60239789799947,100.8187321065172,97.25,0.22284724359864694,16,96.16,98.61,2.450000000000003
1759,1c_2b,SPhos,Pd(OAc)2,CsF,DMF,72.82,1174,M3_pc_top3_each,Top 3 loading descriptors from PC1-PC4,72.82,75.92253550508019,12.437855717270388,51.54433829923023,100.30073271093015,97.25,0.19872797948959664,17,96.16,98.61,2.450000000000003
1807,1c_2b,SPhos,Pd(OAc)2,Et3N,DMF,75.33,1206,M3_pc_top3_each,Top 3 loading descriptors from PC1-PC4,75.33,69.27807633602032,15.409471625954144,39.0755119491502,99.48064072289044,97.25,0.1949193665902521,18,96.16,98.61,2.450000000000003
1879,1c_2b,SPhos,Pd(OAc)2,KOH,MeOH,73.51,1254,M3_pc_top3_each,Top 3 loading descriptors from PC1-PC4,73.51,74.24750079188905,12.80711709729897,49.145551281183074,99.34945030259503,97.25,0.16728193471498154,19,96.16,98.61,2.450000000000003
1564,1c_2b,P(Cy)3,Pd(OAc)2,CsF,MeCN,73.25,1043,M3_pc_top3_each,Top 3 loading descriptors from PC1-PC4,73.25,72.84846345242839,13.193497614353769,46.989208128295004,98.70771877656178,97.25,0.15068479408466284,20,96.16,98.61,2.450000000000003
3447,1c_2c,P(Ph)3,Pd(OAc)2,K3PO4,MeOH,84.54,2297,M3_pc_top3_each,Top 3 loading descriptors from PC1-PC4,84.54,67.499388605787,12.229924901055885,43.52873579971747,91.47004141185654,83.66,0.487025933387238,1,84.54,84.54,0.0
3423,1c_2c,P(Ph)3,Pd(OAc)2,Et3N,MeOH,71.31,2281,M3_pc_top3_each,Top 3 loading descriptors from PC1-PC4,71.31,59.020173579720606,12.752721308811376,34.02483981445031,84.01550734499091,83.66,0.11688581685756261,2,84.54,84.54,0.0
3389,1c_2c,P(Cy)3,Pd(OAc)2,KOH,MeOH,49.15,2259,M3_pc_top3_each,Top 3 loading descriptors from PC1-PC4,49.15,55.271547337135864,12.529063404255579,30.71458306479493,79.8285116094768,83.66,0.04511407831803471,3,84.54,84.54,0.0
3171,1c_2c,P(Ph)3,Pd(OAc)2,None,THF,47.59,2113,M3_pc_top3_each,Top 3 loading descriptors from PC1-PC4,47.59,49.57307384942364,13.975432904492443,22.181225356618455,76.96492234222883,83.66,0.030271549039845774,4,84.54,84.54,0.0
3425,1c_2c,P(Cy)3,Pd(OAc)2,Et3N,MeOH,69.26,2283,M3_pc_top3_each,Top 3 loading descriptors from PC1-PC4,69.26,46.493900222354455,13.847474501399171,19.35285019961208,73.63495024509683,83.66,0.013744792121788335,5,84.54,84.54,0.0
3390,1c_2c,P(o-Tol)3,Pd(OAc)2,KOH,MeOH,37.72,2260,M3_pc_top3_each,Top 3 loading descriptors from PC1-PC4,37.72,49.79601852395476,12.488220016852196,25.319107290924453,74.27292975698506,83.66,0.011166046753226452,6,84.54,84.54,0.0
3392,1c_2c,SPhos,Pd(OAc)2,KOH,MeOH,45.38,2262,M3_pc_top3_each,Top 3 loading descriptors from PC1-PC4,45.38,44.06702888703393,13.717104618533634,17.181503834708007,70.95255393935985,83.66,0.00686635424501339,7,84.54,84.54,0.0
3207,1c_2c,P(Ph)3,Pd(OAc)2,LiOtBu,THF,60.47,2137,M3_pc_top3_each,Top 3 loading descriptors from PC1-PC4,60.47,44.38413820423107,12.678252669773256,19.53476297147549,69.23351343698666,83.66,0.0029580791036147025,8,84.54,84.54,0.0
3378,1c_2c,P(o-Tol)3,Pd(OAc)2,NaOH,MeOH,35.64,2252,M3_pc_top3_each,Top 3 loading descriptors from PC1-PC4,35.64,45.744253057859645,12.178651861451563,21.874095409414583,69.61441070630471,83.66,0.00266983728213311,9,84.54,84.54,0.0
3170,1c_2c,P(tBu)3,Pd(OAc)2,None,THF,14.0,2112,M3_pc_top3_each,Top 3 loading descriptors from PC1-PC4,14.0,37.34488416425127,14.146553025897333,9.617640233492498,65.07212809501004,83.66,0.001737897582806007,10,84.54,84.54,0.0
3315,1c_2c,P(Ph)3,Pd(OAc)2,NaHCO3,DMF,14.49,2209,M3_pc_top3_each,Top 3 loading descriptors from PC1-PC4,14.49,37.22828868114721,13.654110940916997,10.466231236949898,63.99034612534453,83.66,0.001023346183058875,11,84.54,84.54,0.0
3448,1c_2c,AmPhos,Pd(OAc)2,K3PO4,MeOH,31.28,2298,M3_pc_top3_each,Top 3 loading descriptors from PC1-PC4,31.28,38.03844032767732,13.201260281947892,12.163970175059454,63.91291048029519,83.66,0.0007915240073642221,12,84.54,84.54,0.0
3366,1c_2c,P(o-Tol)3,Pd(OAc)2,None,MeOH,38.2,2244,M3_pc_top3_each,Top 3 loading descriptors from PC1-PC4,38.2,38.26629025110619,13.102606992236135,12.585180546323368,63.94739995588901,83.66,0.0007582466610387018,13,84.54,84.54,0.0
3430,1c_2c,XPhos,Pd(OAc)2,Et3N,MeOH,30.62,2287,M3_pc_top3_each,Top 3 loading descriptors from PC1-PC4,30.62,34.793258412134406,13.756447833126833,7.830620659205813,61.755896165063,83.66,0.0005634763453468104,14,84.54,84.54,0.0
3341,1c_2c,P(Cy)3,Pd(OAc)2,CsF,DMF,13.65,2227,M3_pc_top3_each,Top 3 loading descriptors from PC1-PC4,13.65,34.563798628809856,13.501708052259184,8.100450846381854,61.02714641123786,83.66,0.00039091060727964883,15,84.54,84.54,0.0
3376,1c_2c,AmPhos,Pd(OAc)2,NaOH,MeOH,39.11,2250,M3_pc_top3_each,Top 3 loading descriptors from PC1-PC4,39.11,33.972505414715606,13.557069416787726,7.4006493578116626,60.54436147161955,83.66,0.00034858791595118125,16,84.54,84.54,0.0
3374,1c_2c,P(tBu)3,Pd(OAc)2,NaOH,MeOH,23.77,2248,M3_pc_top3_each,Top 3 loading descriptors from PC1-PC4,23.77,34.81812524914781,13.212789761947326,8.921057315731055,60.71519318256457,83.66,0.0002966759101707319,17,84.54,84.54,0.0
3365,1c_2c,P(Cy)3,Pd(OAc)2,None,MeOH,26.1,2243,M3_pc_top3_each,Top 3 loading descriptors from PC1-PC4,26.1,38.15198971085368,12.250246446213444,14.141506676275327,62.16247274543203,83.66,0.0002515498315402388,18,84.54,84.54,0.0
3202,1c_2c,XPhos,Pd(OAc)2,KOH,THF,18.41,2135,M3_pc_top3_each,Top 3 loading descriptors from PC1-PC4,18.41,27.137810712441375,14.904508341124433,-2.075025636162515,56.350647061045265,83.66,0.00022728721992811268,19,84.54,84.54,0.0
3439,1c_2c,CataCXium A,Pd(OAc)2,CsF,MeOH,43.3,2293,M3_pc_top3_each,Top 3 loading descriptors from PC1-PC4,43.3,35.00174281036786,12.644087549478082,10.21933121339082,59.7841544073449,83.66,0.00014767322965840088,20,84.54,84.54,0.0
1298,1d_2a,P(Ph)3,Pd(OAc)2,KOH,THF,65.45,865,M3_pc_top3_each,Top 3 loading descriptors from PC1-PC4,65.45,96.34366264464549,13.495011354673982,69.89344038948448,122.7938848998065,98.69,4.079871066670087,1,65.45,98.2,32.75
1206,1d_2a,CataCXium A,Pd(OAc)2,KOH,MeCN,93.12,805,M3_pc_top3_each,Top 3 loading descriptors from PC1-PC4,93.12,96.69951895916341,12.833538346064579,71.54578380087685,121.85325411744998,98.69,3.9707042501603613,2,93.12,98.2,5.079999999999998
1497,1d_2a,XPhos,Pd(OAc)2,KOH,MeOH,90.57,999,M3_pc_top3_each,Top 3 loading descriptors from PC1-PC4,90.57,95.17323271859925,14.255012479187595,67.23340825939157,123.11305717780694,98.69,3.902831267172977,3,93.12,98.2,5.079999999999998
1214,1d_2a,P(Ph)3,Pd(OAc)2,LiOtBu,MeCN,98.2,809,M3_pc_top3_each,Top 3 loading descriptors from PC1-PC4,98.2,95.45913683571047,12.81696357797385,70.33788822288173,120.5803854485392,98.69,3.462907835976364,4,98.2,98.2,0.0
1456,1d_2a,P(Cy)3,Pd(OAc)2,NaHCO3,MeOH,92.43,971,M3_pc_top3_each,Top 3 loading descriptors from PC1-PC4,92.43,94.96162673692649,12.89079356783332,69.69567134397317,120.2275821298798,98.69,3.302702239542473,5,98.2,98.2,0.0
1202,1d_2a,P(Ph)3,Pd(OAc)2,KOH,MeCN,91.35,801,M3_pc_top3_each,Top 3 loading descriptors from PC1-PC4,91.35,93.39914640797784,14.311823575274222,65.34797220044037,121.45032061551531,98.69,3.27527125109483,6,98.2,98.2,0.0
1494,1d_2a,CataCXium A,Pd(OAc)2,KOH,MeOH,95.06,997,M3_pc_top3_each,Top 3 loading descriptors from PC1-PC4,95.06,95.0480503260377,12.504776490469805,70.53868840471688,119.55741224735851,98.69,3.1888959220456377,7,98.2,98.2,0.0
1242,1d_2a,CataCXium A,Pd(OAc)2,None,MeCN,80.77,829,M3_pc_top3_each,Top 3 loading descriptors from PC1-PC4,80.77,94.30030632384339,12.779697508680993,69.25209920682865,119.34851344085813,98.69,3.0222117872692693,8,98.2,98.2,0.0
1518,1d_2a,CataCXium A,Pd(OAc)2,Et3N,MeOH,89.09,1013,M3_pc_top3_each,Top 3 loading descriptors from PC1-PC4,89.09,94.57546648628845,11.91569282367154,71.22070855189223,117.93022442068467,98.69,2.7984823729982704,9,98.2,98.2,0.0
1166,1d_2a,P(Ph)3,Pd(OAc)2,NaHCO3,MeCN,93.27,777,M3_pc_top3_each,Top 3 loading descriptors from PC1-PC4,93.27,92.32712385546554,13.310534939663713,66.23847537372467,118.41577233720642,98.69,2.5692914465404284,10,98.2,98.2,0.0
1358,1d_2a,P(Ph)3,Pd(OAc)2,NaHCO3,DMF,89.45,905,M3_pc_top3_each,Top 3 loading descriptors from PC1-PC4,89.45,92.73723753913237,12.79486505696536,67.65930202748027,117.81517305078447,98.69,2.5137509880989057,11,98.2,98.2,0.0
1372,1d_2a,P(Cy)3,Pd(OAc)2,CsF,DMF,89.78,915,M3_pc_top3_each,Top 3 loading descriptors from PC1-PC4,89.78,92.23732442682575,12.880335050159292,66.99186772851354,117.48278112513796,98.69,2.3931235802496227,12,98.2,98.2,0.0
1218,1d_2a,CataCXium A,Pd(OAc)2,LiOtBu,MeCN,94.64,813,M3_pc_top3_each,Top 3 loading descriptors from PC1-PC4,94.64,89.93636254763045,14.654205570022693,61.21411963038597,118.65860546487494,98.69,2.3477050433234576,13,98.2,98.2,0.0
1505,1d_2a,P(o-Tol)3,Pd(OAc)2,LiOtBu,MeOH,92.65,1004,M3_pc_top3_each,Top 3 loading descriptors from PC1-PC4,92.65,89.43828232828378,14.433599889697033,61.14842654447759,117.72813811208997,98.69,2.1487334474256503,14,98.2,98.2,0.0
1418,1d_2a,P(Ph)3,Pd(OAc)2,Et3N,DMF,87.27,945,M3_pc_top3_each,Top 3 loading descriptors from PC1-PC4,87.27,90.05635940086106,13.59784202324353,63.40458903530374,116.70812976641838,98.69,2.0376823361646004,15,98.2,98.2,0.0
1213,1d_2a,P(tBu)3,Pd(OAc)2,LiOtBu,MeCN,92.92,808,M3_pc_top3_each,Top 3 loading descriptors from PC1-PC4,92.92,86.09128233196424,14.068402551644997,58.51721333074005,113.66535133318843,98.69,1.334233167230268,16,98.2,98.2,0.0
1170,1d_2a,CataCXium A,Pd(OAc)2,NaHCO3,MeCN,92.01,781,M3_pc_top3_each,Top 3 loading descriptors from PC1-PC4,92.01,87.4170828938235,13.063336156442947,61.81294402719533,113.02122176045168,98.69,1.3090390459408887,17,98.2,98.2,0.0
1374,1d_2a,CataCXium A,Pd(OAc)2,CsF,DMF,90.18,917,M3_pc_top3_each,Top 3 loading descriptors from PC1-PC4,90.18,88.45355155197521,12.088859728015406,64.75938648506502,112.1477166188854,98.69,1.240742727248422,18,98.2,98.2,0.0
1204,1d_2a,P(Cy)3,Pd(OAc)2,KOH,MeCN,83.91,803,M3_pc_top3_each,Top 3 loading descriptors from PC1-PC4,83.91,87.68265813674535,12.284093397547345,63.605835077552555,111.75948119593814,98.69,1.1527582233372766,19,98.2,98.2,0.0
1209,1d_2a,XPhos,Pd(OAc)2,KOH,MeCN,85.95,807,M3_pc_top3_each,Top 3 loading descriptors from PC1-PC4,85.95,84.51368302017835,14.13086458926436,56.8171884252202,112.2101776151365,98.69,1.093295261735046,20,98.2,98.2,0.0
2066,1d_2b,P(Ph)3,Pd(OAc)2,KOH,THF,77.32,1377,M3_pc_top3_each,Top 3 loading descriptors from PC1-PC4,77.32,98.77042305841996,15.039535765635284,69.29293295777481,128.24791315906512,98.42,5.925414960496136,1,77.32,100.0,22.680000000000007
1998,1d_2b,CataCXium A,Pd(OAc)2,Et3N,MeCN,94.32,1333,M3_pc_top3_each,Top 3 loading descriptors from PC1-PC4,94.32,99.81747584577411,12.649966144765163,75.02354220203439,124.61140948951383,98.42,5.508039890011518,2,94.32,100.0,5.680000000000007
1926,1d_2b,CataCXium A,Pd(OAc)2,NaOH,MeCN,94.39,1285,M3_pc_top3_each,Top 3 loading descriptors from PC1-PC4,94.39,99.73376495543025,12.066675816269528,76.08308035554197,123.38444955531853,98.42,5.231732378575726,3,94.39,100.0,5.609999999999999
1923,1d_2b,AmPhos,Pd(OAc)2,NaOH,MeCN,94.83,1282,M3_pc_top3_each,Top 3 loading descriptors from PC1-PC4,94.83,97.20297995420745,12.600606417140991,72.50579137661111,121.90016853180379,98.42,4.21500272167697,4,94.83,100.0,5.170000000000002
2078,1d_2b,P(Ph)3,Pd(OAc)2,LiOtBu,THF,94.71,1385,M3_pc_top3_each,Top 3 loading descriptors from PC1-PC4,94.71,95.42015335843986,13.954485956279441,68.06936088413215,122.77094583274757,98.42,3.9912902329491495,5,94.83,100.0,5.170000000000002
2077,1d_2b,P(tBu)3,Pd(OAc)2,LiOtBu,THF,93.55,1384,M3_pc_top3_each,Top 3 loading descriptors from PC1-PC4,93.55,96.33255564501371,12.250225932049876,72.32211281819596,120.34299847183146,98.42,3.702020345511266,6,94.83,100.0,5.170000000000002
2022,1d_2b,CataCXium A,Pd(OAc)2,NaOH,THF,92.59,1349,M3_pc_top3_each,Top 3 loading descriptors from PC1-PC4,92.59,94.41366015364063,12.379933192963847,70.1489910954315,118.67832921184977,98.42,3.009340654073325,7,94.83,100.0,5.170000000000002
2261,1d_2b,P(o-Tol)3,Pd(OAc)2,KOH,MeOH,86.4,1508,M3_pc_top3_each,Top 3 loading descriptors from PC1-PC4,86.4,93.39035345493892,13.104186899931763,67.70614713107267,119.07455977880517,98.42,2.921646588023984,8,94.83,100.0,5.170000000000002
2083,1d_2b,SPhos,Pd(OAc)2,LiOtBu,THF,95.34,1390,M3_pc_top3_each,Top 3 loading descriptors from PC1-PC4,95.34,93.57975912731878,12.234432922386777,69.6002705994407,117.55924765519686,98.42,2.6684306347270277,9,95.34,100.0,4.659999999999997
2095,1d_2b,SPhos,Pd(OAc)2,Et3N,THF,85.37,1398,M3_pc_top3_each,Top 3 loading descriptors from PC1-PC4,85.37,91.5821383016747,13.416909457520264,65.28499576493499,117.87928083841442,98.42,2.4647790961023714,10,95.34,100.0,4.659999999999997
1929,1d_2b,XPhos,Pd(OAc)2,NaOH,MeCN,90.64,1287,M3_pc_top3_each,Top 3 loading descriptors from PC1-PC4,90.64,92.43002377320921,12.463127417545023,68.00229403482098,116.85775351159745,98.42,2.386373628136622,11,95.34,100.0,4.659999999999997
2209,1d_2b,P(tBu)3,Pd(OAc)2,NaOH,MeOH,80.02,1472,M3_pc_top3_each,Top 3 loading descriptors from PC1-PC4,80.02,90.97159256570316,13.428517260921952,64.65169873429613,117.29148639711019,98.42,2.2949836578096634,12,95.34,100.0,4.659999999999997
2259,1d_2b,AmPhos,Pd(OAc)2,KOH,MeOH,83.8,1506,M3_pc_top3_each,Top 3 loading descriptors from PC1-PC4,83.8,90.17576338063681,13.870106730590262,62.990354188679895,117.36117257259372,98.42,2.225854468741254,13,95.34,100.0,4.659999999999997
2295,1d_2b,AmPhos,Pd(OAc)2,None,MeOH,66.14,1530,M3_pc_top3_each,Top 3 loading descriptors from PC1-PC4,66.14,89.51544424891785,14.220723779631975,61.64282564083918,117.38806285699651,98.42,2.168266528917398,14,95.34,100.0,4.659999999999997
2163,1d_2b,AmPhos,Pd(OAc)2,KOH,DMF,91.35,1442,M3_pc_top3_each,Top 3 loading descriptors from PC1-PC4,91.35,91.071000133371,12.415155967714758,66.73729443665007,115.40470583009193,98.42,1.986554995035211,15,95.34,100.0,4.659999999999997
2030,1d_2b,P(Ph)3,Pd(OAc)2,NaHCO3,THF,94.23,1353,M3_pc_top3_each,Top 3 loading descriptors from PC1-PC4,94.23,88.55046168648855,14.09713810570033,60.9200709993159,116.1808523736612,98.42,1.8955980583365242,16,95.34,100.0,4.659999999999997
2101,1d_2b,P(tBu)3,Pd(OAc)2,None,THF,89.61,1400,M3_pc_top3_each,Top 3 loading descriptors from PC1-PC4,89.61,88.30462719557755,13.801944816046262,61.252815356126874,115.35643903502823,98.42,1.751304581364089,17,95.34,100.0,4.659999999999997
2010,1d_2b,CataCXium A,Pd(OAc)2,None,MeCN,71.98,1341,M3_pc_top3_each,Top 3 loading descriptors from PC1-PC4,71.98,90.10616763135585,12.163605713755045,66.26550043239595,113.94683483031574,98.42,1.666649908873997,18,95.34,100.0,4.659999999999997
1959,1d_2b,AmPhos,Pd(OAc)2,K3PO4,MeCN,85.14,1306,M3_pc_top3_each,Top 3 loading descriptors from PC1-PC4,85.14,87.64066386801667,13.926248251788156,60.34521729451189,114.93611044152146,98.42,1.6449267455746668,19,95.34,100.0,4.659999999999997
2079,1d_2b,AmPhos,Pd(OAc)2,LiOtBu,THF,95.53,1386,M3_pc_top3_each,Top 3 loading descriptors from PC1-PC4,95.53,88.02991401269765,13.045865459855907,62.46001771138007,113.59981031401523,98.42,1.4744146407764989,20,95.53,100.0,4.469999999999999
3775,1d_2c,CataCXium A,Pd(OAc)2,KOH,MeOH,64.04,2517,M3_pc_top3_each,Top 3 loading descriptors from PC1-PC4,64.04,69.17007753073935,13.259160914545266,43.182122138230625,95.15803292324807,81.25,1.216739644984849,1,64.04,80.09,16.049999999999997
3786,1d_2c,P(o-Tol)3,Pd(OAc)2,LiOtBu,MeOH,73.24,2524,M3_pc_top3_each,Top 3 loading descriptors from PC1-PC4,73.24,63.65187239638364,14.714225840026756,34.8119897499312,92.49175504283608,81.25,0.776020174016923,2,73.24,80.09,6.8500000000000085
3833,1d_2c,P(Cy)3,Pd(OAc)2,K3PO4,MeOH,78.59,2555,M3_pc_top3_each,Top 3 loading descriptors from PC1-PC4,78.59,61.83289986131851,12.899598031170825,36.54968772022369,87.11611200241333,81.25,0.34170188092802034,3,78.59,80.09,1.5
3810,1d_2c,P(o-Tol)3,Pd(OAc)2,Et3N,MeOH,79.4,2540,M3_pc_top3_each,Top 3 loading descriptors from PC1-PC4,79.4,59.21393686433478,13.610904891262317,32.53656327746064,85.89131045120891,81.25,0.27704885981755045,4,79.4,80.09,0.6899999999999977
3619,1d_2c,CataCXium A,Pd(OAc)2,Et3N,THF,60.3,2413,M3_pc_top3_each,Top 3 loading descriptors from PC1-PC4,60.3,60.80226506484884,12.547075737834511,36.2099966186932,85.39453351100448,81.25,0.24705267562039102,5,79.4,80.09,0.6899999999999977
3790,1d_2c,XPhos,Pd(OAc)2,LiOtBu,MeOH,64.55,2527,M3_pc_top3_each,Top 3 loading descriptors from PC1-PC4,64.55,55.07392960566818,14.677085294200023,26.306842429036134,83.84101678230022,81.25,0.2004547042345849,6,79.4,80.09,0.6899999999999977
3797,1d_2c,P(Cy)3,Pd(OAc)2,NaHCO3,MeOH,69.95,2531,M3_pc_top3_each,Top 3 loading descriptors from PC1-PC4,69.95,58.92091483966409,12.862005044994344,33.71138495147518,84.130444727853,81.25,0.1955251156999347,7,79.4,80.09,0.6899999999999977
3807,1d_2c,P(Ph)3,Pd(OAc)2,Et3N,MeOH,80.09,2537,M3_pc_top3_each,Top 3 loading descriptors from PC1-PC4,80.09,56.53257908036367,13.525858595714865,30.021896232762533,83.0432619279648,81.25,0.1639283480176691,8,80.09,80.09,0.0
3579,1d_2c,P(Ph)3,Pd(OAc)2,KOH,THF,42.44,2385,M3_pc_top3_each,Top 3 loading descriptors from PC1-PC4,42.44,55.041886286360324,12.366806817937267,30.80294492320328,79.28082764951736,81.25,0.06774026092822827,9,80.09,80.09,0.0
3764,1d_2c,SPhos,Pd(OAc)2,NaOH,MeOH,62.57,2510,M3_pc_top3_each,Top 3 loading descriptors from PC1-PC4,62.57,51.35602243857696,13.152473465684633,25.577174445835077,77.13487043131883,81.25,0.046644179066689107,10,80.09,80.09,0.0
3631,1d_2c,CataCXium A,Pd(OAc)2,CsF,THF,60.07,2421,M3_pc_top3_each,Top 3 loading descriptors from PC1-PC4,60.07,48.38986512129518,13.077217083936768,22.758519636779116,74.02121060581125,81.25,0.02235201410060672,11,80.09,80.09,0.0
3617,1d_2c,P(Cy)3,Pd(OAc)2,Et3N,THF,30.56,2411,M3_pc_top3_each,Top 3 loading descriptors from PC1-PC4,30.56,44.804773766637624,13.649732917300389,18.05129724872886,71.55825028454639,81.25,0.014157984028780962,12,80.09,80.09,0.0
3820,1d_2c,AmPhos,Pd(OAc)2,CsF,MeOH,78.92,2546,M3_pc_top3_each,Top 3 loading descriptors from PC1-PC4,78.92,45.004401485179365,13.247211772992328,19.039866410114403,70.96893656024433,81.25,0.011004649918734205,13,80.09,80.09,0.0
3812,1d_2c,SPhos,Pd(OAc)2,Et3N,MeOH,58.75,2542,M3_pc_top3_each,Top 3 loading descriptors from PC1-PC4,58.75,42.5943494869931,13.980286983511974,15.192986999309635,69.99571197467657,81.25,0.010612527784400916,14,80.09,80.09,0.0
3788,1d_2c,SPhos,Pd(OAc)2,LiOtBu,MeOH,69.82,2526,M3_pc_top3_each,Top 3 loading descriptors from PC1-PC4,69.82,45.072498871043614,13.156344116589485,19.286064402528222,70.858933339559,81.25,0.010430424123389084,15,80.09,80.09,0.0
3557,1d_2c,P(Cy)3,Pd(OAc)2,None,THF,47.6,2371,M3_pc_top3_each,Top 3 loading descriptors from PC1-PC4,47.6,43.407514021972105,12.541414430895196,18.826341737417522,67.98868630652669,81.25,0.003909324233830044,16,80.09,80.09,0.0
3581,1d_2c,P(Cy)3,Pd(OAc)2,KOH,THF,27.31,2387,M3_pc_top3_each,Top 3 loading descriptors from PC1-PC4,27.31,41.129949517253564,12.425310364813637,16.776341202218838,65.48355783228828,81.25,0.0017772880027069754,17,80.09,80.09,0.0
3808,1d_2c,AmPhos,Pd(OAc)2,Et3N,MeOH,74.74,2538,M3_pc_top3_each,Top 3 loading descriptors from PC1-PC4,74.74,36.21124034997281,13.639203716626351,9.478401065385164,62.94407963456046,81.25,0.0014968960029200853,18,80.09,80.09,0.0
3784,1d_2c,AmPhos,Pd(OAc)2,LiOtBu,MeOH,61.48,2522,M3_pc_top3_each,Top 3 loading descriptors from PC1-PC4,61.48,33.44240990568697,14.340270839268374,5.33547906072096,61.54934075065299,81.25,0.0014031056814760925,19,80.09,80.09,0.0
3602,1d_2c,P(tBu)3,Pd(OAc)2,NaHCO3,THF,26.44,2400,M3_pc_top3_each,Top 3 loading descriptors from PC1-PC4,26.44,35.30052068620771,13.2941873084732,9.243913561600241,61.357127810815186,81.25,0.0007963200933542441,20,80.09,80.09,0.0
103,1a_2a,SPhos,Pd(OAc)2,NaOH,THF,87.06,70,M4_pc_scores,PC1-PC4 scores,87.06,85.23395695121943,13.291572711276741,59.182474437117015,111.28543946532184,93.67,1.989749708513155,1,87.06,92.83,5.769999999999996
163,1a_2a,SPhos,Pd(OAc)2,LiOtBu,THF,85.95,110,M4_pc_scores,PC1-PC4 scores,85.95,81.4500916740862,12.282586067371426,57.3762229820382,105.52396036613419,93.67,0.9558074582684137,2,87.06,92.83,5.769999999999996
177,1a_2a,XPhos,Pd(OAc)2,Et3N,THF,88.93,119,M4_pc_scores,PC1-PC4 scores,88.93,76.64317667754513,14.362454447703517,48.492765960046235,104.79358739504403,93.67,0.7727538364576385,3,88.93,92.83,3.8999999999999915
69,1a_2a,XPhos,Pd(OAc)2,LiOtBu,MeCN,92.83,47,M4_pc_scores,PC1-PC4 scores,92.83,76.59570658207429,13.72327106405634,49.69809529652386,103.49331786762471,93.67,0.6509828843721415,4,92.83,92.83,0.0
100,1a_2a,P(Cy)3,Pd(OAc)2,NaOH,THF,69.94,67,M4_pc_scores,PC1-PC4 scores,69.94,73.58242122341251,12.518321169406065,49.046511731376626,98.1183307154484,93.67,0.2617061743106941,5,92.83,92.83,0.0
115,1a_2a,SPhos,Pd(OAc)2,NaHCO3,THF,79.85,78,M4_pc_scores,PC1-PC4 scores,79.85,71.92024808538486,13.127414293257047,46.19051607060105,97.64998010016866,93.67,0.24306676810394579,6,92.83,92.83,0.0
117,1a_2a,XPhos,Pd(OAc)2,NaHCO3,THF,80.77,79,M4_pc_scores,PC1-PC4 scores,80.77,64.40635325737547,14.124813161874531,36.72171946010139,92.09098705464956,93.67,0.08956574454849309,7,92.83,92.83,0.0
19,1a_2a,SPhos,Pd(OAc)2,NaHCO3,MeCN,69.22,14,M4_pc_scores,PC1-PC4 scores,69.22,54.864618111629454,13.688372917409945,28.035407193505964,81.69382902975295,93.67,0.008178137224401985,8,92.83,92.83,0.0
31,1a_2a,SPhos,Pd(OAc)2,CsF,MeCN,68.44,22,M4_pc_scores,PC1-PC4 scores,68.44,52.103672019309286,13.224258687810012,26.184124991201664,78.02321904741692,93.67,0.002628238761073678,9,92.83,92.83,0.0
169,1a_2a,P(tBu)3,Pd(OAc)2,Et3N,THF,68.72,112,M4_pc_scores,PC1-PC4 scores,68.72,45.924869286038536,14.563289850155515,17.380821179733726,74.46891739234334,93.67,0.0017654332813637416,10,92.83,92.83,0.0
249,1a_2a,XPhos,Pd(OAc)2,KOH,DMF,79.14,167,M4_pc_scores,PC1-PC4 scores,79.14,40.78273235525307,15.89701363146251,9.624585637586549,71.94087907291959,93.67,0.0016187167854458395,11,92.83,92.83,0.0
157,1a_2a,P(tBu)3,Pd(OAc)2,LiOtBu,THF,66.16,104,M4_pc_scores,PC1-PC4 scores,66.16,46.51190773651788,14.21174576053178,18.656886045875588,74.36692942716016,93.67,0.001474608800269974,12,92.83,92.83,0.0
114,1a_2a,CataCXium A,Pd(OAc)2,NaHCO3,THF,70.45,77,M4_pc_scores,PC1-PC4 scores,70.45,54.98646367760354,11.494869626353552,32.45651920995058,77.51640814525649,93.67,0.0009626597075120952,13,92.83,92.83,0.0
247,1a_2a,SPhos,Pd(OAc)2,KOH,DMF,62.77,166,M4_pc_scores,PC1-PC4 scores,62.77,39.16885617287707,15.10675420209232,9.559617936776124,68.77809440897802,93.67,0.0005000381993793311,14,92.83,92.83,0.0
357,1a_2a,XPhos,Pd(OAc)2,LiOtBu,MeOH,27.33,239,M4_pc_scores,PC1-PC4 scores,27.33,45.641825898471716,13.260922779836294,19.65041724999258,71.63323454695086,93.67,0.0004065160608667786,15,92.83,92.83,0.0
261,1a_2a,XPhos,Pd(OAc)2,LiOtBu,DMF,61.47,175,M4_pc_scores,PC1-PC4 scores,61.47,42.884291857016386,13.898994976127817,15.642261703805865,70.12632201022691,93.67,0.00037573894173678537,16,92.83,92.83,0.0
321,1a_2a,XPhos,Pd(OAc)2,CsF,MeOH,35.0,215,M4_pc_scores,PC1-PC4 scores,35.0,33.47830645564841,14.291289696981302,5.467378649565056,61.48923426173176,93.67,3.325972143395587e-05,17,92.83,92.83,0.0
133,1a_2a,P(tBu)3,Pd(OAc)2,K3PO4,THF,41.23,88,M4_pc_scores,PC1-PC4 scores,41.23,32.45714273247301,14.335362322707084,4.359832579967126,60.55445288497889,93.67,2.5400729767731454e-05,18,92.83,92.83,0.0
171,1a_2a,AmPhos,Pd(OAc)2,Et3N,THF,48.8,114,M4_pc_scores,PC1-PC4 scores,48.8,34.53367773085352,13.766380484803936,7.5515719806378065,61.515783481069235,93.67,2.1461591493666075e-05,19,92.83,92.83,0.0
375,1a_2a,AmPhos,Pd(OAc)2,None,MeOH,32.25,250,M4_pc_scores,PC1-PC4 scores,32.25,36.10767031388752,13.385438044894528,9.872211745894244,62.34312888188079,93.67,2.0311592752489253e-05,20,92.83,92.83,0.0
2757,1a_2b,XPhos,Pd(OAc)2,LiOtBu,MeCN,76.56,1839,M4_pc_scores,PC1-PC4 scores,76.56,69.62663886322682,13.155200840455091,43.84244521593484,95.41083251051879,77.13,2.1888434925021083,1,76.56,92.16,15.599999999999994
2793,1a_2b,XPhos,Pd(OAc)2,NaOH,THF,92.16,1863,M4_pc_scores,PC1-PC4 scores,92.16,64.11225967586927,15.90795817263419,32.93266165750626,95.29185769423228,77.13,1.750221152954516,2,92.16,92.16,0.0
2875,1a_2b,SPhos,Pd(OAc)2,None,THF,69.3,1918,M4_pc_scores,PC1-PC4 scores,69.3,67.61864400211533,13.023472366137002,42.092638164486814,93.14464983974385,77.13,1.6536916153466241,3,92.16,92.16,0.0
2877,1a_2b,XPhos,Pd(OAc)2,None,THF,84.83,1919,M4_pc_scores,PC1-PC4 scores,84.83,62.49942066941442,14.11426174774766,34.835467643829006,90.16337369499983,77.13,1.0233337102491187,4,92.16,92.16,0.0
2863,1a_2b,SPhos,Pd(OAc)2,Et3N,THF,76.22,1910,M4_pc_scores,PC1-PC4 scores,76.22,62.47360725790766,13.473647727013118,36.06525771296195,88.88195680285337,77.13,0.8799564296786653,5,92.16,92.16,0.0
2781,1a_2b,XPhos,Pd(OAc)2,None,MeCN,66.37,1855,M4_pc_scores,PC1-PC4 scores,66.37,58.9179123954451,12.922968223924094,33.58889467655388,84.24693011433632,77.13,0.4259745436794775,6,92.16,92.16,0.0
2721,1a_2b,XPhos,Pd(OAc)2,CsF,MeCN,77.78,1815,M4_pc_scores,PC1-PC4 scores,77.78,56.67504889772203,13.546889253348082,30.12314596115979,83.22695183428426,77.13,0.35649946924878617,7,92.16,92.16,0.0
2731,1a_2b,SPhos,Pd(OAc)2,K3PO4,MeCN,69.42,1822,M4_pc_scores,PC1-PC4 scores,69.42,52.35338075696399,13.690617156709637,25.519771129813105,79.18699038411488,77.13,0.17380491978842594,8,92.16,92.16,0.0
2983,1a_2b,SPhos,Pd(OAc)2,NaOH,MeOH,63.06,1990,M4_pc_scores,PC1-PC4 scores,63.06,39.708504745780075,14.868293012376823,10.566650441521503,68.85035905003865,77.13,0.02545473984878921,9,92.16,92.16,0.0
2992,1a_2b,P(Cy)3,Pd(OAc)2,NaHCO3,MeOH,30.49,1995,M4_pc_scores,PC1-PC4 scores,30.49,37.77664244782558,14.44715327286333,9.460222033013451,66.09306286263771,77.13,0.012627298670799966,10,92.16,92.16,0.0
3021,1a_2b,XPhos,Pd(OAc)2,K3PO4,MeOH,51.75,2015,M4_pc_scores,PC1-PC4 scores,51.75,39.09470257046064,13.825880161669481,11.99597745358846,66.19342768733281,77.13,0.010984471074989774,11,92.16,92.16,0.0
2845,1a_2b,P(tBu)3,Pd(OAc)2,LiOtBu,THF,52.95,1896,M4_pc_scores,PC1-PC4 scores,52.95,38.13949459909976,13.818929683113534,11.054392420197235,65.2245967780023,77.13,0.00865235985980116,12,92.16,92.16,0.0
2836,1a_2b,P(Cy)3,Pd(OAc)2,KOH,THF,46.21,1891,M4_pc_scores,PC1-PC4 scores,46.21,36.21390954653471,14.06913522792877,8.63840449979432,63.7894145932751,77.13,0.006549161009106172,13,92.16,92.16,0.0
2994,1a_2b,CataCXium A,Pd(OAc)2,NaHCO3,MeOH,16.27,1997,M4_pc_scores,PC1-PC4 scores,16.27,39.842251655966116,12.827364299388273,14.700617629165102,64.98388568276712,77.13,0.005927287063617441,14,92.16,92.16,0.0
2871,1a_2b,AmPhos,Pd(OAc)2,None,THF,31.05,1914,M4_pc_scores,PC1-PC4 scores,31.05,33.231310820003316,14.300842075833451,5.201660351369753,61.26096128863688,77.13,0.0037584454465020914,15,92.16,92.16,0.0
2798,1a_2b,P(Ph)3,Pd(OAc)2,NaHCO3,THF,15.63,1865,M4_pc_scores,PC1-PC4 scores,15.63,33.116206831915676,13.97759748229293,5.720115766621532,60.51229789720982,77.13,0.00274069871509474,16,92.16,92.16,0.0
3043,1a_2b,SPhos,Pd(OAc)2,LiOtBu,MeOH,60.02,2030,M4_pc_scores,PC1-PC4 scores,60.02,36.2207780537874,12.973262820768822,10.793182925080508,61.64837318249429,77.13,0.0024765815592171017,17,92.16,92.16,0.0
2812,1a_2b,P(Cy)3,Pd(OAc)2,CsF,THF,43.78,1875,M4_pc_scores,PC1-PC4 scores,43.78,36.03539729915566,12.970553445881025,10.613112545228852,61.45768205308247,77.13,0.0023424338562218136,18,92.16,92.16,0.0
2778,1a_2b,CataCXium A,Pd(OAc)2,None,MeCN,18.06,1853,M4_pc_scores,PC1-PC4 scores,18.06,35.87737514142112,12.876455622960762,10.639522120418025,61.115228162424216,77.13,0.002035366950270092,19,92.16,92.16,0.0
3019,1a_2b,SPhos,Pd(OAc)2,K3PO4,MeOH,60.45,2014,M4_pc_scores,PC1-PC4 scores,60.45,31.865508961364764,13.996766404129998,4.431846809269967,59.299171113459565,77.13,0.0019982208125194044,20,92.16,92.16,0.0
4558,1a_2c,XPhos,Pd(OAc)2,LiOtBu,MeOH,59.08,3039,M4_pc_scores,PC1-PC4 scores,59.08,48.23066933648231,12.940379827296217,22.867524874981722,73.59381379798289,49.99,4.11128515501658,1,59.08,59.08,0.0
4544,1a_2c,SPhos,Pd(OAc)2,KOH,MeOH,41.19,3030,M4_pc_scores,PC1-PC4 scores,41.19,40.395596127852954,12.669416331143255,15.563540118812174,65.22765213689374,49.99,1.5316882901851914,2,59.08,59.08,0.0
4604,1a_2c,SPhos,Pd(OAc)2,K3PO4,MeOH,48.66,3070,M4_pc_scores,PC1-PC4 scores,48.66,37.429595827013735,14.179037168453421,9.638682976845029,65.22050867718244,49.99,1.3697680660835996,3,59.08,59.08,0.0
4322,1a_2c,P(tBu)3,Pd(OAc)2,None,THF,15.0,2880,M4_pc_scores,PC1-PC4 scores,15.0,36.522324601874985,13.826312125756164,9.422752835392902,63.62189636835707,49.99,1.1296919431286971,4,59.08,59.08,0.0
4370,1a_2c,P(tBu)3,Pd(OAc)2,NaHCO3,THF,15.38,2912,M4_pc_scores,PC1-PC4 scores,15.38,31.759942231462063,15.119435653512156,2.125848350578238,61.39403611234589,49.99,0.7828985357285259,5,59.08,59.08,0.0
4567,1a_2c,CataCXium A,Pd(OAc)2,NaHCO3,MeOH,7.73,3045,M4_pc_scores,PC1-PC4 scores,7.73,33.727072558189796,13.879562315841056,6.523130419141328,60.93101469723827,49.99,0.7663934377452768,6,59.08,59.08,0.0
4226,1a_2c,P(tBu)3,Pd(OAc)2,None,MeCN,16.56,2816,M4_pc_scores,PC1-PC4 scores,16.56,31.91122773625992,14.172506327813085,4.133115333746275,59.68934013877357,49.99,0.6304319573692976,7,59.08,59.08,0.0
4325,1a_2c,P(Cy)3,Pd(OAc)2,None,THF,18.72,2883,M4_pc_scores,PC1-PC4 scores,18.72,33.66648196221011,13.00593319674802,8.174852896583996,59.15811102783623,49.99,0.6003305946136257,8,59.08,59.08,0.0
4601,1a_2c,P(Cy)3,Pd(OAc)2,K3PO4,MeOH,21.39,3067,M4_pc_scores,PC1-PC4 scores,21.39,32.112892865615486,13.357500473153353,5.932191938234915,58.293593792996056,49.99,0.5165037145132823,9,59.08,59.08,0.0
4594,1a_2c,XPhos,Pd(OAc)2,CsF,MeOH,29.03,3063,M4_pc_scores,PC1-PC4 scores,29.03,28.67478837770837,14.103282017908462,1.0323556226077848,56.31722113280895,49.99,0.37116545973224224,10,59.08,59.08,0.0
4580,1a_2c,SPhos,Pd(OAc)2,Et3N,MeOH,21.06,3054,M4_pc_scores,PC1-PC4 scores,21.06,28.693877167484583,14.055423983298017,1.14524616022047,56.24250817474869,49.99,0.36657015049485153,11,59.08,59.08,0.0
4541,1a_2c,P(Cy)3,Pd(OAc)2,KOH,MeOH,18.12,3027,M4_pc_scores,PC1-PC4 scores,18.12,28.22053764364515,13.510863797132295,1.7392446012658525,54.70183068602445,49.99,0.2799865573320732,12,59.08,59.08,0.0
4420,1a_2c,AmPhos,Pd(OAc)2,None,DMF,15.57,2946,M4_pc_scores,PC1-PC4 scores,15.57,26.564603395144186,14.167129090510338,-1.2029696222560773,54.33217641254445,49.99,0.26624320341106933,13,59.08,59.08,0.0
4491,1a_2c,P(Ph)3,Pd(OAc)2,CsF,DMF,24.48,2993,M4_pc_scores,PC1-PC4 scores,24.48,26.005049883043366,13.933377745344838,-1.3043704978325152,53.31447026391925,49.99,0.22131980212511926,14,59.08,59.08,0.0
4598,1a_2c,P(tBu)3,Pd(OAc)2,K3PO4,MeOH,19.82,3064,M4_pc_scores,PC1-PC4 scores,19.82,22.264055195515837,15.245090635934156,-7.61632245091511,52.14443284194678,49.99,0.19098138879023707,15,59.08,59.08,0.0
4563,1a_2c,P(Ph)3,Pd(OAc)2,NaHCO3,MeOH,21.3,3041,M4_pc_scores,PC1-PC4 scores,21.3,27.26417116517868,12.961213604736622,1.8601924998949002,52.66814983046246,49.99,0.18881175203303402,16,59.08,59.08,0.0
4602,1a_2c,P(o-Tol)3,Pd(OAc)2,K3PO4,MeOH,17.83,3068,M4_pc_scores,PC1-PC4 scores,17.83,28.44856094076495,12.378325494917357,4.187042970726928,52.71007891080297,49.99,0.18549995199579883,17,59.08,59.08,0.0
4347,1a_2c,P(Ph)3,Pd(OAc)2,KOH,THF,20.73,2897,M4_pc_scores,PC1-PC4 scores,20.73,26.07331885617049,13.36736657263994,-0.12671962620379063,52.27335733854477,49.99,0.17842370711914513,18,59.08,59.08,0.0
4318,1a_2c,XPhos,Pd(OAc)2,K3PO4,MeCN,16.17,2879,M4_pc_scores,PC1-PC4 scores,16.17,22.17829472094936,15.04355810346699,-7.307079161845941,51.66366860374466,49.99,0.17424261347100933,19,59.08,59.08,0.0
4562,1a_2c,P(tBu)3,Pd(OAc)2,NaHCO3,MeOH,23.23,3040,M4_pc_scores,PC1-PC4 scores,23.23,19.79635095099764,15.212004609752002,-10.019178084116284,49.61187998611156,49.99,0.12315377574350117,20,59.08,59.08,0.0
690,1b_2a,CataCXium A,Pd(OAc)2,NaHCO3,MeOH,86.98,461,M4_pc_scores,PC1-PC4 scores,86.98,104.58649857136984,11.633445048119638,81.78494627705535,127.38805086568433,96.89,9.100054871478825,1,86.98,97.83,10.849999999999994
722,1b_2a,P(Ph)3,Pd(OAc)2,KOH,MeOH,92.61,481,M4_pc_scores,PC1-PC4 scores,92.61,99.3434969613999,13.459842823304717,72.96220502772265,125.72478889507714,96.89,6.4029040974410485,2,92.61,97.83,5.219999999999999
726,1b_2a,CataCXium A,Pd(OAc)2,KOH,MeOH,85.46,485,M4_pc_scores,PC1-PC4 scores,85.46,98.19302712207363,12.385763555684738,73.91693055293155,122.46912369121571,96.89,5.353099950179605,3,92.61,97.83,5.219999999999999
542,1b_2a,P(Ph)3,Pd(OAc)2,LiOtBu,THF,87.78,361,M4_pc_scores,PC1-PC4 scores,87.78,93.47648809472133,13.769127767279734,66.48899767085305,120.46397851858961,96.89,3.756723895668226,4,92.61,97.83,5.219999999999999
746,1b_2a,P(Ph)3,Pd(OAc)2,Et3N,MeOH,82.99,497,M4_pc_scores,PC1-PC4 scores,82.99,92.1626555983932,13.111451632307165,66.46421039907116,117.86110079771524,96.89,3.027331075292165,5,92.61,97.83,5.219999999999999
679,1b_2a,SPhos,Pd(OAc)2,NaOH,MeOH,92.88,454,M4_pc_scores,PC1-PC4 scores,92.88,90.92043559309207,13.53800117772348,64.38595328475404,117.4549179014301,96.89,2.7713274538119146,6,92.88,97.83,4.950000000000003
531,1b_2a,AmPhos,Pd(OAc)2,KOH,THF,75.63,354,M4_pc_scores,PC1-PC4 scores,75.63,89.77322228471667,13.289545835162677,63.72571244779782,115.82073212163552,96.89,2.34108450742488,7,92.88,97.83,4.950000000000003
482,1b_2a,P(Ph)3,Pd(OAc)2,NaOH,THF,90.21,321,M4_pc_scores,PC1-PC4 scores,90.21,88.37893953744157,14.170877168162836,60.60402028784241,116.15385878704072,96.89,2.253792002433556,8,92.88,97.83,4.950000000000003
723,1b_2a,AmPhos,Pd(OAc)2,KOH,MeOH,71.62,482,M4_pc_scores,PC1-PC4 scores,71.62,88.26696573588299,13.418818908821002,61.966080674593826,114.56785079717216,96.89,1.9834893284681856,9,92.88,97.83,4.950000000000003
558,1b_2a,CataCXium A,Pd(OAc)2,Et3N,THF,97.83,373,M4_pc_scores,PC1-PC4 scores,97.83,88.58769810033407,12.872238941115823,63.35810977574705,113.81728642492108,96.89,1.8900981925626104,10,97.83,97.83,0.0
553,1b_2a,P(tBu)3,Pd(OAc)2,Et3N,THF,94.67,368,M4_pc_scores,PC1-PC4 scores,94.67,84.00345539807813,14.533096949943,55.518585376189854,112.4883254199664,96.89,1.4039696308382696,11,97.83,97.83,0.0
390,1b_2a,CataCXium A,Pd(OAc)2,NaOH,MeCN,96.38,261,M4_pc_scores,PC1-PC4 scores,96.38,87.81655840390317,11.795408634846593,64.69755747960386,110.93555932820249,96.89,1.3890751075946064,12,97.83,97.83,0.0
759,1b_2a,AmPhos,Pd(OAc)2,None,MeOH,61.57,506,M4_pc_scores,PC1-PC4 scores,61.57,84.5353126236804,14.010944363986672,57.073861670266524,111.99676357709427,96.89,1.362636494501217,13,97.83,97.83,0.0
711,1b_2a,AmPhos,Pd(OAc)2,K3PO4,MeOH,76.31,474,M4_pc_scores,PC1-PC4 scores,76.31,83.97199225580798,14.013912106956372,56.50472452617349,111.43925998544246,96.89,1.2652281635499847,14,97.83,97.83,0.0
555,1b_2a,AmPhos,Pd(OAc)2,Et3N,THF,91.88,370,M4_pc_scores,PC1-PC4 scores,91.88,83.303745280303,14.333972279340967,55.20915961279471,111.3983309478113,96.89,1.2340642622198916,15,97.83,97.83,0.0
486,1b_2a,CataCXium A,Pd(OAc)2,NaOH,THF,96.57,325,M4_pc_scores,PC1-PC4 scores,96.57,84.804824015136,13.153759290157414,59.02345580642748,110.58619222384453,96.89,1.1891367322172157,16,97.83,97.83,0.0
714,1b_2a,CataCXium A,Pd(OAc)2,K3PO4,MeOH,89.42,477,M4_pc_scores,PC1-PC4 scores,89.42,81.01055167610818,13.682216128249092,54.193408064739955,107.8276952874764,96.89,0.7721287794256402,17,97.83,97.83,0.0
691,1b_2a,SPhos,Pd(OAc)2,NaHCO3,MeOH,85.69,462,M4_pc_scores,PC1-PC4 scores,85.69,81.4298891697796,13.369387996429918,55.22588869677696,107.63388964278224,96.89,0.759674364642194,18,97.83,97.83,0.0
724,1b_2a,P(Cy)3,Pd(OAc)2,KOH,MeOH,89.74,483,M4_pc_scores,PC1-PC4 scores,89.74,81.31688424680337,13.425389608226444,55.00312061467954,107.63064787892719,96.89,0.7575054165358859,19,97.83,97.83,0.0
736,1b_2a,P(Cy)3,Pd(OAc)2,LiOtBu,MeOH,89.34,491,M4_pc_scores,PC1-PC4 scores,89.34,80.04503739135482,13.417363350467863,53.747005224437814,106.34306955827184,96.89,0.6203749170944965,20,97.83,97.83,0.0
2355,1b_2b,AmPhos,Pd(OAc)2,KOH,MeCN,81.7,1570,M4_pc_scores,PC1-PC4 scores,81.7,82.90953638375385,13.680330372307415,56.096088854031315,109.72298391347638,96.75,1.0388414720545098,1,81.7,96.19,14.489999999999995
2366,1b_2b,P(Ph)3,Pd(OAc)2,LiOtBu,MeCN,73.07,1577,M4_pc_scores,PC1-PC4 scores,73.07,82.33358398962787,13.40341925088619,56.062882257890934,108.6042857213648,96.75,0.8965537720063432,2,81.7,96.19,14.489999999999995
2391,1b_2b,AmPhos,Pd(OAc)2,None,MeCN,83.89,1594,M4_pc_scores,PC1-PC4 scores,83.89,81.15376139152289,13.266099955671287,55.15220547840717,107.15531730463861,96.75,0.7241306089782404,3,83.89,96.19,12.299999999999997
2365,1b_2b,P(tBu)3,Pd(OAc)2,LiOtBu,MeCN,92.06,1576,M4_pc_scores,PC1-PC4 scores,92.06,76.84018331681477,15.221251365987083,47.00653063948009,106.67383599414946,96.75,0.634905082245321,4,92.06,96.19,4.1299999999999955
2479,1b_2b,SPhos,Pd(OAc)2,Et3N,THF,87.02,1654,M4_pc_scores,PC1-PC4 scores,87.02,75.62192362051238,13.819453180365603,48.535795386995794,102.70805185402895,96.75,0.34861604796648593,5,92.06,96.19,4.1299999999999955
2358,1b_2b,CataCXium A,Pd(OAc)2,KOH,MeCN,78.09,1573,M4_pc_scores,PC1-PC4 scores,78.09,77.90051796824207,12.228900460390578,53.93187306587654,101.8691628706076,96.75,0.2963170422393917,6,92.06,96.19,4.1299999999999955
2318,1b_2b,P(Ph)3,Pd(OAc)2,NaHCO3,MeCN,68.23,1545,M4_pc_scores,PC1-PC4 scores,68.23,73.83458226969216,13.697207821619168,46.988054939318594,100.68110960006572,96.75,0.24474868609000966,7,92.06,96.19,4.1299999999999955
2594,1b_2b,P(Ph)3,Pd(OAc)2,NaOH,MeOH,79.1,1729,M4_pc_scores,PC1-PC4 scores,79.1,74.70957820349355,13.210781538210659,48.81644638860066,100.60271001838643,96.75,0.23796139152846763,8,92.06,96.19,4.1299999999999955
2331,1b_2b,AmPhos,Pd(OAc)2,CsF,MeCN,68.33,1554,M4_pc_scores,PC1-PC4 scores,68.33,70.77007664203083,14.650566920711574,42.05496547743614,99.48518780662552,96.75,0.20526429469390073,9,92.06,96.19,4.1299999999999955
2359,1b_2b,SPhos,Pd(OAc)2,KOH,MeCN,89.93,1574,M4_pc_scores,PC1-PC4 scores,89.93,74.1215035733881,12.465953947715711,49.688233835865304,98.55477331091089,96.75,0.15463228713760502,10,92.06,96.19,4.1299999999999955
2439,1b_2b,AmPhos,Pd(OAc)2,K3PO4,THF,69.6,1626,M4_pc_scores,PC1-PC4 scores,69.6,69.61246009123971,13.93485612382131,42.30014208854995,96.92477809392948,96.75,0.12370426410142099,11,92.06,96.19,4.1299999999999955
2437,1b_2b,P(tBu)3,Pd(OAc)2,K3PO4,THF,63.86,1624,M4_pc_scores,PC1-PC4 scores,63.86,67.90649425216017,14.533441667481881,39.42094858389569,96.39203992042465,96.75,0.11724627790729036,12,92.06,96.19,4.1299999999999955
2606,1b_2b,P(Ph)3,Pd(OAc)2,NaHCO3,MeOH,68.46,1737,M4_pc_scores,PC1-PC4 scores,68.46,67.03689808005595,14.38156364631259,38.84903333328327,95.22476282682862,96.75,0.09281353923892555,13,92.06,96.19,4.1299999999999955
2490,1b_2b,CataCXium A,Pd(OAc)2,None,THF,93.15,1661,M4_pc_scores,PC1-PC4 scores,93.15,72.4268798215374,11.957645104351895,48.98989541700769,95.86386422606711,96.75,0.0826446443108661,14,93.15,96.19,3.039999999999992
2583,1b_2b,AmPhos,Pd(OAc)2,None,DMF,57.76,1722,M4_pc_scores,PC1-PC4 scores,57.76,67.21892505779613,13.87470805022835,40.024497279348566,94.41335283624369,96.75,0.07498344970826815,15,93.15,96.19,3.039999999999992
2666,1b_2b,P(Ph)3,Pd(OAc)2,Et3N,MeOH,53.9,1777,M4_pc_scores,PC1-PC4 scores,53.9,68.9864415846429,13.15949063466412,43.193839940701224,94.77904322858458,96.75,0.0745283699765587,16,93.15,96.19,3.039999999999992
2426,1b_2b,P(Ph)3,Pd(OAc)2,CsF,THF,67.34,1617,M4_pc_scores,PC1-PC4 scores,67.34,67.00291279431357,13.763959669632634,40.02555184183361,93.98027374679353,96.75,0.06773353539415516,17,93.15,96.19,3.039999999999992
2330,1b_2b,P(Ph)3,Pd(OAc)2,CsF,MeCN,53.51,1553,M4_pc_scores,PC1-PC4 scores,53.51,67.84785948250071,13.358809523366906,41.66459281670157,94.03112614829985,96.75,0.06510742729892527,18,93.15,96.19,3.039999999999992
2488,1b_2b,P(Cy)3,Pd(OAc)2,None,THF,68.94,1659,M4_pc_scores,PC1-PC4 scores,68.94,68.70734990947096,12.897943226134892,43.42738118624658,93.98731863269535,96.75,0.06074611729078977,19,93.15,96.19,3.039999999999992
2679,1b_2b,AmPhos,Pd(OAc)2,None,MeOH,42.55,1786,M4_pc_scores,PC1-PC4 scores,42.55,64.4246142263085,14.21203630075435,36.56902307682998,92.28020537578703,96.75,0.05058059757931793,20,93.15,96.19,3.039999999999992
4215,1b_2c,P(Ph)3,Pd(OAc)2,K3PO4,MeOH,72.19,2809,M4_pc_scores,PC1-PC4 scores,72.19,68.21380852275831,13.404081389026805,41.94180900026578,94.48580804525085,74.84,2.522764744517757,1,72.19,73.12,0.9300000000000068
4218,1b_2c,P(o-Tol)3,Pd(OAc)2,K3PO4,MeOH,68.86,2812,M4_pc_scores,PC1-PC4 scores,68.86,61.89334301242043,12.819456580771087,36.767208114109096,87.01947791073177,74.84,0.9722024659238488,2,72.19,73.12,0.9300000000000068
4179,1b_2c,P(Ph)3,Pd(OAc)2,NaHCO3,MeOH,40.92,2785,M4_pc_scores,PC1-PC4 scores,40.92,59.27225709275146,13.724994109630028,32.371268637876604,86.17324554762632,74.84,0.8174506748317265,3,72.19,73.12,0.9300000000000068
3938,1b_2c,P(tBu)3,Pd(OAc)2,None,THF,20.69,2624,M4_pc_scores,PC1-PC4 scores,20.69,47.74044293173099,16.021646207498172,16.338016365034573,79.1428694984274,74.84,0.2772153227562546,4,72.19,73.12,0.9300000000000068
4142,1b_2c,P(tBu)3,Pd(OAc)2,NaOH,MeOH,38.52,2760,M4_pc_scores,PC1-PC4 scores,38.52,49.70780273960634,14.62365511638142,21.04543871149876,78.37016676771393,74.84,0.23489044683507143,5,72.19,73.12,0.9300000000000068
4159,1b_2c,CataCXium A,Pd(OAc)2,KOH,MeOH,66.67,2773,M4_pc_scores,PC1-PC4 scores,66.67,55.78358132802325,11.531195958683695,33.182437249003215,78.38472540704329,74.84,0.21296637444929944,6,72.19,73.12,0.9300000000000068
4204,1b_2c,AmPhos,Pd(OAc)2,CsF,MeOH,71.17,2802,M4_pc_scores,PC1-PC4 scores,71.17,46.3967264318372,14.41492002059242,18.143483191476058,74.64996967219835,74.84,0.11983614232284945,7,72.19,73.12,0.9300000000000068
4146,1b_2c,P(o-Tol)3,Pd(OAc)2,NaOH,MeOH,51.26,2764,M4_pc_scores,PC1-PC4 scores,51.26,52.14338003854298,11.867864765708806,28.88236509775372,75.40439497933224,74.84,0.11371279663844502,8,72.19,73.12,0.9300000000000068
4154,1b_2c,P(tBu)3,Pd(OAc)2,KOH,MeOH,46.83,2768,M4_pc_scores,PC1-PC4 scores,46.83,42.29768799075605,15.397542538345391,12.118504615599086,72.47687136591301,74.84,0.08764983759983458,9,72.19,73.12,0.9300000000000068
4167,1b_2c,P(Ph)3,Pd(OAc)2,LiOtBu,MeOH,73.12,2777,M4_pc_scores,PC1-PC4 scores,73.12,46.69161334220152,13.189255517583646,20.840672527737574,72.54255415666546,74.84,0.06975799837294905,10,73.12,73.12,0.0
3941,1b_2c,P(Cy)3,Pd(OAc)2,None,THF,18.38,2627,M4_pc_scores,PC1-PC4 scores,18.38,41.96568667485913,13.673290005870625,15.166038263352704,68.76533508636555,74.84,0.032866960901511616,11,73.12,73.12,0.0
4192,1b_2c,AmPhos,Pd(OAc)2,Et3N,MeOH,57.24,2794,M4_pc_scores,PC1-PC4 scores,57.24,35.05909932904879,13.918462138962923,7.778913536681465,62.33928512141612,74.84,0.00769492565333911,12,73.12,73.12,0.0
3964,1b_2c,AmPhos,Pd(OAc)2,KOH,THF,24.69,2642,M4_pc_scores,PC1-PC4 scores,24.69,35.139597586025275,12.992840397699915,9.67363040653344,60.60556476551711,74.84,0.003547977902733021,13,73.12,73.12,0.0
4190,1b_2c,P(tBu)3,Pd(OAc)2,Et3N,MeOH,40.8,2792,M4_pc_scores,PC1-PC4 scores,40.8,31.831979152897556,13.950532575871387,4.4889353041896385,59.175023001605474,74.84,0.003483210658487057,14,73.12,73.12,0.0
3942,1b_2c,P(o-Tol)3,Pd(OAc)2,None,THF,20.14,2628,M4_pc_scores,PC1-PC4 scores,20.14,34.678694987892186,13.043531541384013,9.113373166779521,60.24401680900485,74.84,0.0032731506891053724,15,73.12,73.12,0.0
4210,1b_2c,XPhos,Pd(OAc)2,CsF,MeOH,33.45,2807,M4_pc_scores,PC1-PC4 scores,33.45,30.334107112472182,14.207338031870592,2.487724570005824,58.18048965493854,74.84,0.002964476694176696,16,73.12,73.12,0.0
3847,1b_2c,CataCXium A,Pd(OAc)2,None,MeCN,14.79,2565,M4_pc_scores,PC1-PC4 scores,14.79,36.34894283855693,12.358544687121226,12.126195251799327,60.57169042531453,74.84,0.002702955103043303,17,73.12,73.12,0.0
4004,1b_2c,SPhos,Pd(OAc)2,Et3N,THF,17.04,2670,M4_pc_scores,PC1-PC4 scores,17.04,28.53692918563712,13.65149142577391,1.7800059911202553,55.293852380153986,74.84,0.001058885280711172,18,73.12,73.12,0.0
4012,1b_2c,AmPhos,Pd(OAc)2,CsF,THF,52.13,2674,M4_pc_scores,PC1-PC4 scores,52.13,26.05385414672274,14.263754421967533,-1.9031045203336276,54.010812813779104,74.84,0.000995424098581955,19,73.12,73.12,0.0
4035,1b_2c,P(Ph)3,Pd(OAc)2,None,DMF,13.72,2689,M4_pc_scores,PC1-PC4 scores,13.72,25.64524506233003,14.23747281517572,-2.260201655414381,53.550691780074445,74.84,0.0008649276880739066,20,73.12,73.12,0.0
842,1c_2a,P(Ph)3,Pd(OAc)2,Et3N,MeCN,97.45,561,M4_pc_scores,PC1-PC4 scores,97.45,97.5695554738706,13.464207263918764,71.17970923658982,123.95940171115137,98.53,4.6727870562248235,1,97.45,97.45,0.0
794,1c_2a,P(Ph)3,Pd(OAc)2,CsF,MeCN,96.49,529,M4_pc_scores,PC1-PC4 scores,96.49,96.89733260993751,14.03401661187359,69.39066005066528,124.40400516920974,98.53,4.5969511741716325,2,97.45,97.45,0.0
1125,1c_2a,XPhos,Pd(OAc)2,LiOtBu,MeOH,82.88,751,M4_pc_scores,PC1-PC4 scores,82.88,94.76102152732994,14.39187221418215,66.55295198753294,122.96909106712695,98.53,3.8577880759446446,3,97.45,97.45,0.0
1072,1c_2a,P(Cy)3,Pd(OAc)2,NaHCO3,MeOH,89.13,715,M4_pc_scores,PC1-PC4 scores,89.13,91.61381705537613,14.013063836495865,64.14821193584424,119.07942217490802,98.53,2.647440769241559,4,97.45,97.45,0.0
1106,1c_2a,P(Ph)3,Pd(OAc)2,KOH,MeOH,93.94,737,M4_pc_scores,PC1-PC4 scores,93.94,91.7652523423177,13.10721998590254,66.07510116994871,117.45540351468668,98.53,2.379879565506394,5,97.45,97.45,0.0
1113,1c_2a,XPhos,Pd(OAc)2,KOH,MeOH,82.32,743,M4_pc_scores,PC1-PC4 scores,82.32,89.80375447581191,13.226495826381871,63.87982265610344,115.72768629552039,98.53,1.897621606414301,6,97.45,97.45,0.0
1084,1c_2a,P(Cy)3,Pd(OAc)2,CsF,MeOH,89.81,723,M4_pc_scores,PC1-PC4 scores,89.81,87.71453439310328,14.083767482528172,60.11035012734806,115.3187186588585,98.53,1.6827301159695014,7,97.45,97.45,0.0
795,1c_2a,AmPhos,Pd(OAc)2,CsF,MeCN,93.69,530,M4_pc_scores,PC1-PC4 scores,93.69,87.05077722901771,14.069133298030598,59.47527596487774,114.62627849315768,98.53,1.5431669139173434,8,97.45,97.45,0.0
835,1c_2a,SPhos,Pd(OAc)2,LiOtBu,MeCN,90.89,558,M4_pc_scores,PC1-PC4 scores,90.89,86.78896015551314,13.367603053278446,60.58845817108738,112.9894621399389,98.53,1.3042723294493404,9,97.45,97.45,0.0
1123,1c_2a,SPhos,Pd(OAc)2,LiOtBu,MeOH,90.9,750,M4_pc_scores,PC1-PC4 scores,90.9,85.05219705037453,14.277681074961766,57.06794214344947,113.03645195729959,98.53,1.237896309618717,10,97.45,97.45,0.0
846,1c_2a,CataCXium A,Pd(OAc)2,Et3N,MeCN,92.52,565,M4_pc_scores,PC1-PC4 scores,92.52,86.5768472845898,13.119481643468703,60.86266326339114,112.29103130578847,98.53,1.2029361023242444,11,97.45,97.45,0.0
986,1c_2a,P(Ph)3,Pd(OAc)2,CsF,DMF,91.14,657,M4_pc_scores,PC1-PC4 scores,91.14,85.66218231795645,13.568777618899936,59.06737818491257,112.25698645100033,98.53,1.1627343101039327,12,97.45,97.45,0.0
945,1c_2a,XPhos,Pd(OAc)2,Et3N,THF,95.85,631,M4_pc_scores,PC1-PC4 scores,95.85,82.32129909543488,15.127166222735497,52.67205329887331,111.97054489199645,98.53,1.028716503777336,13,97.45,97.45,0.0
1094,1c_2a,P(Ph)3,Pd(OAc)2,K3PO4,MeOH,94.15,729,M4_pc_scores,PC1-PC4 scores,94.15,85.0580324328071,12.947502629354027,59.680927279273206,110.43513758634099,98.53,0.9257391378340651,14,97.45,97.45,0.0
855,1c_2a,AmPhos,Pd(OAc)2,None,MeCN,90.67,570,M4_pc_scores,PC1-PC4 scores,90.67,82.34979089945415,14.326228873552163,54.27038230729191,110.42919949161639,98.53,0.8643646089137103,15,97.45,97.45,0.0
831,1c_2a,AmPhos,Pd(OAc)2,LiOtBu,MeCN,84.74,554,M4_pc_scores,PC1-PC4 scores,84.74,82.5843278375802,13.745767338067912,55.6426238549671,109.52603182019331,98.53,0.7768554163343804,16,97.45,97.45,0.0
786,1c_2a,CataCXium A,Pd(OAc)2,NaHCO3,MeCN,92.77,525,M4_pc_scores,PC1-PC4 scores,92.77,82.69198926114538,13.262174552620607,56.69812713800899,108.68585138428176,98.53,0.6966155738700543,17,97.45,97.45,0.0
1074,1c_2a,CataCXium A,Pd(OAc)2,NaHCO3,MeOH,64.52,717,M4_pc_scores,PC1-PC4 scores,64.52,81.31590917331731,13.02575838128867,55.78542274599152,106.84639560064309,98.53,0.5213783645396084,18,97.45,97.45,0.0
843,1c_2a,AmPhos,Pd(OAc)2,Et3N,MeCN,85.04,562,M4_pc_scores,PC1-PC4 scores,85.04,80.03284625188242,13.686493504908539,53.20731898226168,106.85837352150315,98.53,0.5152451433585494,19,97.45,97.45,0.0
784,1c_2a,P(Cy)3,Pd(OAc)2,NaHCO3,MeCN,93.05,523,M4_pc_scores,PC1-PC4 scores,93.05,79.90790510832329,13.719002069776446,53.01866105156146,106.79714916508513,98.53,0.5099139933818782,20,97.45,97.45,0.0
1610,1c_2b,P(Ph)3,Pd(OAc)2,Et3N,MeCN,92.43,1073,M4_pc_scores,PC1-PC4 scores,92.43,97.44300011635147,13.49730547931982,70.98828137688463,123.89771885581831,97.25,5.232538691571912,1,92.43,98.61,6.179999999999993
1802,1c_2b,P(Ph)3,Pd(OAc)2,Et3N,DMF,85.9,1201,M4_pc_scores,PC1-PC4 scores,85.9,88.04728587232819,13.685158924714816,61.22437437988715,114.87019736476923,97.25,1.9257130805785563,2,92.43,98.61,6.179999999999993
1778,1c_2b,P(Ph)3,Pd(OAc)2,KOH,DMF,83.87,1185,M4_pc_scores,PC1-PC4 scores,83.87,84.95192894322687,13.977601454932243,57.555830091559685,112.34802779489407,97.25,1.3640701886796869,3,92.43,98.61,6.179999999999993
1742,1c_2b,P(Ph)3,Pd(OAc)2,NaHCO3,DMF,90.99,1161,M4_pc_scores,PC1-PC4 scores,90.99,81.67154925114914,14.715612614241827,52.82894852723516,110.51414997506313,97.25,1.02461590014037,4,92.43,98.61,6.179999999999993
1587,1c_2b,AmPhos,Pd(OAc)2,KOH,MeCN,90.4,1058,M4_pc_scores,PC1-PC4 scores,90.4,81.37819335637732,14.664626176733117,52.63552604998041,110.12086066277423,97.25,0.9740500368208935,5,92.43,98.61,6.179999999999993
1591,1c_2b,SPhos,Pd(OAc)2,KOH,MeCN,84.76,1062,M4_pc_scores,PC1-PC4 scores,84.76,80.8629426158363,13.697032330058153,54.01675924892233,107.70912598275028,97.25,0.7180050600600394,6,92.43,98.61,6.179999999999993
1636,1c_2b,P(Cy)3,Pd(OAc)2,NaOH,THF,66.25,1091,M4_pc_scores,PC1-PC4 scores,66.25,79.72458184480624,14.20154044309939,51.889562576331436,107.55960111328105,97.25,0.6899941715052889,7,92.43,98.61,6.179999999999993
1828,1c_2b,P(Cy)3,Pd(OAc)2,NaOH,MeOH,62.34,1219,M4_pc_scores,PC1-PC4 scores,62.34,79.15733518218305,13.64325250139608,52.41656027944673,105.89811008491937,97.25,0.5427283049354772,8,92.43,98.61,6.179999999999993
1850,1c_2b,P(Ph)3,Pd(OAc)2,CsF,MeOH,80.77,1233,M4_pc_scores,PC1-PC4 scores,80.77,78.23144162079981,13.696157176949589,51.38697355397862,105.075909687621,97.25,0.47507638804429364,9,92.43,98.61,6.179999999999993
1694,1c_2b,P(Ph)3,Pd(OAc)2,LiOtBu,THF,94.45,1129,M4_pc_scores,PC1-PC4 scores,94.45,77.64152977462885,13.528939243389235,51.12480885758595,104.15825069167175,97.25,0.40900990302987483,10,94.45,98.61,4.159999999999997
1795,1c_2b,SPhos,Pd(OAc)2,LiOtBu,DMF,77.06,1198,M4_pc_scores,PC1-PC4 scores,77.06,77.24284633128178,12.580598501635544,52.584873268076116,101.90081939448746,97.25,0.2722935001556199,11,94.45,98.61,4.159999999999997
1566,1c_2b,CataCXium A,Pd(OAc)2,CsF,MeCN,98.61,1045,M4_pc_scores,PC1-PC4 scores,98.61,75.77951243634402,12.96906655707997,50.360141984467276,101.19888288822077,97.25,0.24062532749303267,12,98.61,98.61,0.0
1718,1c_2b,P(Ph)3,Pd(OAc)2,None,THF,96.15,1145,M4_pc_scores,PC1-PC4 scores,96.15,73.50776996166012,13.945027492952445,46.175516075473325,100.84002384784691,97.25,0.23209758779937117,13,98.61,98.61,0.0
1768,1c_2b,P(Cy)3,Pd(OAc)2,K3PO4,DMF,52.88,1179,M4_pc_scores,PC1-PC4 scores,52.88,75.30064061025692,12.8858663993381,50.044342467554245,100.5569387529596,97.25,0.21248983788232967,14,98.61,98.61,0.0
1879,1c_2b,SPhos,Pd(OAc)2,KOH,MeOH,73.51,1254,M4_pc_scores,PC1-PC4 scores,73.51,73.50231317896355,13.55458378369448,46.93532896292237,100.06929739500472,97.25,0.1989758722660553,15,98.61,98.61,0.0
1759,1c_2b,SPhos,Pd(OAc)2,CsF,DMF,72.82,1174,M4_pc_scores,PC1-PC4 scores,72.82,75.66101965559457,12.426861691910007,51.30437073945096,100.01766857173818,97.25,0.18768987940512427,16,98.61,98.61,0.0
1564,1c_2b,P(Cy)3,Pd(OAc)2,CsF,MeCN,73.25,1043,M4_pc_scores,PC1-PC4 scores,73.25,72.59924838517557,13.598321963848555,45.94653733603241,99.25195943431874,97.25,0.17119440794382224,17,98.61,98.61,0.0
1646,1c_2b,P(Ph)3,Pd(OAc)2,NaHCO3,THF,96.16,1097,M4_pc_scores,PC1-PC4 scores,96.16,71.65656502404732,13.847326861942806,44.51580437463943,98.79732567345522,97.25,0.159402091763436,18,98.61,98.61,0.0
1881,1c_2b,XPhos,Pd(OAc)2,KOH,MeOH,71.6,1255,M4_pc_scores,PC1-PC4 scores,71.6,70.02844014120342,14.542337067247484,41.52545948939835,98.5314207930085,97.25,0.1581581205764403,19,98.61,98.61,0.0
1684,1c_2b,P(Cy)3,Pd(OAc)2,KOH,THF,75.02,1123,M4_pc_scores,PC1-PC4 scores,75.02,72.35635945728373,13.405070610550421,46.0824210606049,98.63029785396256,97.25,0.15038081743102638,20,98.61,98.61,0.0
3447,1c_2c,P(Ph)3,Pd(OAc)2,K3PO4,MeOH,84.54,2297,M4_pc_scores,PC1-PC4 scores,84.54,65.64978447689414,12.906229012353105,40.35357561268205,90.94599334110623,83.66,0.4387064891772168,1,84.54,84.54,0.0
3423,1c_2c,P(Ph)3,Pd(OAc)2,Et3N,MeOH,71.31,2281,M4_pc_scores,PC1-PC4 scores,71.31,59.770310209895655,13.710622638396014,32.89748983863947,86.64313058115184,83.66,0.2063707535020659,2,84.54,84.54,0.0
3425,1c_2c,P(Cy)3,Pd(OAc)2,Et3N,MeOH,69.26,2283,M4_pc_scores,PC1-PC4 scores,69.26,46.42344211710402,14.679919046282041,17.650800786391216,75.19608344781682,83.66,0.023587955829109247,3,84.54,84.54,0.0
3171,1c_2c,P(Ph)3,Pd(OAc)2,None,THF,47.59,2113,M4_pc_scores,PC1-PC4 scores,47.59,47.27110351256791,14.197102315718606,19.444782973759445,75.09742405137638,83.66,0.02089298757533284,4,84.54,84.54,0.0
3389,1c_2c,P(Cy)3,Pd(OAc)2,KOH,MeOH,49.15,2259,M4_pc_scores,PC1-PC4 scores,49.15,50.18259562914193,12.813737048065544,25.067671014933463,75.29752024335039,83.66,0.01589548961052023,5,84.54,84.54,0.0
3392,1c_2c,SPhos,Pd(OAc)2,KOH,MeOH,45.38,2262,M4_pc_scores,PC1-PC4 scores,45.38,43.815607930257606,14.235270542862736,15.914477666246643,71.71673819426857,83.66,0.009656939155829117,6,84.54,84.54,0.0
3170,1c_2c,P(tBu)3,Pd(OAc)2,None,THF,14.0,2112,M4_pc_scores,PC1-PC4 scores,14.0,37.546855036385125,15.122240592939471,7.907263474223761,67.1864465985465,83.66,0.004306366386165973,7,84.54,84.54,0.0
3376,1c_2c,AmPhos,Pd(OAc)2,NaOH,MeOH,39.11,2250,M4_pc_scores,PC1-PC4 scores,39.11,41.636690700755985,13.83098483651725,14.527960421182176,68.7454209803298,83.66,0.004052723013445905,8,84.54,84.54,0.0
3448,1c_2c,AmPhos,Pd(OAc)2,K3PO4,MeOH,31.28,2298,M4_pc_scores,PC1-PC4 scores,31.28,41.119491778096666,13.814552766195918,14.042968356352667,68.19601519984067,83.66,0.0034889083922818656,9,84.54,84.54,0.0
3207,1c_2c,P(Ph)3,Pd(OAc)2,LiOtBu,THF,60.47,2137,M4_pc_scores,PC1-PC4 scores,60.47,42.389748295155584,13.118862404951509,16.676777981450627,68.10271860886054,83.66,0.0025786810427770625,10,84.54,84.54,0.0
3430,1c_2c,XPhos,Pd(OAc)2,Et3N,MeOH,30.62,2287,M4_pc_scores,PC1-PC4 scores,30.62,34.131022182236144,14.954009935698748,4.821162708266598,63.44088165620569,83.66,0.001599495892003304,11,84.54,84.54,0.0
3315,1c_2c,P(Ph)3,Pd(OAc)2,NaHCO3,DMF,14.49,2209,M4_pc_scores,PC1-PC4 scores,14.49,36.69899416044124,13.997365842154453,9.264157109818509,64.13383121106396,83.66,0.001257572854021366,12,84.54,84.54,0.0
3374,1c_2c,P(tBu)3,Pd(OAc)2,NaOH,MeOH,23.77,2248,M4_pc_scores,PC1-PC4 scores,23.77,35.74853208281842,14.223936504832954,7.86961653334583,63.62744763229101,83.66,0.0012158750950742835,13,84.54,84.54,0.0
3439,1c_2c,CataCXium A,Pd(OAc)2,CsF,MeOH,43.3,2293,M4_pc_scores,PC1-PC4 scores,43.3,42.267155020483955,12.032470392548385,18.683513051089122,65.85079698987879,83.66,0.0007568411300279392,14,84.54,84.54,0.0
3378,1c_2c,P(o-Tol)3,Pd(OAc)2,NaOH,MeOH,35.64,2252,M4_pc_scores,PC1-PC4 scores,35.64,39.97947121932911,12.380033987905962,15.714604603033429,64.2443378356248,83.66,0.0005497208661367475,15,84.54,84.54,0.0
3341,1c_2c,P(Cy)3,Pd(OAc)2,CsF,DMF,13.65,2227,M4_pc_scores,PC1-PC4 scores,13.65,32.93646719958844,13.938013373679647,5.617960987176335,60.25497341200055,83.66,0.00040060357588471516,16,84.54,84.54,0.0
3172,1c_2c,AmPhos,Pd(OAc)2,None,THF,23.86,2114,M4_pc_scores,PC1-PC4 scores,23.86,34.560327265009434,13.505856213504023,8.08884908654155,61.03180544347732,83.66,0.00039244159564881184,17,84.54,84.54,0.0
3303,1c_2c,P(Ph)3,Pd(OAc)2,LiOtBu,DMF,13.1,2201,M4_pc_scores,PC1-PC4 scores,13.1,34.61140990952599,13.317360190217675,8.509383936699347,60.71343588235263,83.66,0.00031679755364236607,18,84.54,84.54,0.0
3142,1c_2c,XPhos,Pd(OAc)2,Et3N,MeCN,12.12,2095,M4_pc_scores,PC1-PC4 scores,12.12,25.260140234928212,15.432839879003382,-4.988225927918414,55.50850639777484,83.66,0.00024488319713201253,19,84.54,84.54,0.0
3202,1c_2c,XPhos,Pd(OAc)2,KOH,THF,18.41,2135,M4_pc_scores,PC1-PC4 scores,18.41,24.138289379889653,15.58084760184,-6.4001719197167475,54.67675067949605,83.66,0.00021214924298391556,20,84.54,84.54,0.0
1298,1d_2a,P(Ph)3,Pd(OAc)2,KOH,THF,65.45,865,M4_pc_scores,PC1-PC4 scores,65.45,97.38417118439318,14.178258071202272,69.59478536483672,125.17355700394964,98.69,4.799208899507022,1,65.45,98.2,32.75
1202,1d_2a,P(Ph)3,Pd(OAc)2,KOH,MeCN,91.35,801,M4_pc_scores,PC1-PC4 scores,91.35,96.96070825562612,14.442151160763151,68.65409198053034,125.2673245307219,98.69,4.715443624415057,2,91.35,98.2,6.8500000000000085
1214,1d_2a,P(Ph)3,Pd(OAc)2,LiOtBu,MeCN,98.2,809,M4_pc_scores,PC1-PC4 scores,98.2,97.10911020991966,13.729928510727035,70.19845032889468,124.01977009094465,98.69,4.499792543351314,3,98.2,98.2,0.0
1206,1d_2a,CataCXium A,Pd(OAc)2,KOH,MeCN,93.12,805,M4_pc_scores,PC1-PC4 scores,93.12,97.00084121967565,12.960724109382443,71.59782196528606,122.40386047406524,98.69,4.149583938971927,4,98.2,98.2,0.0
1494,1d_2a,CataCXium A,Pd(OAc)2,KOH,MeOH,95.06,997,M4_pc_scores,PC1-PC4 scores,95.06,97.85115949494256,11.494776682018015,75.32139719818726,120.38092179169787,98.69,3.947402554412805,5,98.2,98.2,0.0
1497,1d_2a,XPhos,Pd(OAc)2,KOH,MeOH,90.57,999,M4_pc_scores,PC1-PC4 scores,90.57,92.90406755161825,15.149410532431597,63.21122290805232,122.59691219518419,98.69,3.4137003727270336,6,98.2,98.2,0.0
1218,1d_2a,CataCXium A,Pd(OAc)2,LiOtBu,MeCN,94.64,813,M4_pc_scores,PC1-PC4 scores,94.64,92.17730591387014,14.292819194716927,64.16338029222497,120.19123153551531,98.69,2.8685472401150833,7,98.2,98.2,0.0
1518,1d_2a,CataCXium A,Pd(OAc)2,Et3N,MeOH,89.09,1013,M4_pc_scores,PC1-PC4 scores,89.09,94.43261418857469,12.05278672980072,70.80915219816528,118.0560761789841,98.69,2.7994518333811746,8,98.2,98.2,0.0
1166,1d_2a,P(Ph)3,Pd(OAc)2,NaHCO3,MeCN,93.27,777,M4_pc_scores,PC1-PC4 scores,93.27,91.5387926320088,14.10214223705202,63.89859384738685,119.17899141663077,98.69,2.608654046091663,9,98.2,98.2,0.0
1358,1d_2a,P(Ph)3,Pd(OAc)2,NaHCO3,DMF,89.45,905,M4_pc_scores,PC1-PC4 scores,89.45,92.27486487738075,13.375576246281886,66.05873543466825,118.49099432009325,98.69,2.576176147271578,10,98.2,98.2,0.0
1394,1d_2a,P(Ph)3,Pd(OAc)2,KOH,DMF,92.73,929,M4_pc_scores,PC1-PC4 scores,92.73,91.17585384228148,13.12244332696931,65.45586492142164,116.89584276314133,98.69,2.1750671365221366,11,98.2,98.2,0.0
1418,1d_2a,P(Ph)3,Pd(OAc)2,Et3N,DMF,87.27,945,M4_pc_scores,PC1-PC4 scores,87.27,88.76342469625712,14.00061921956604,61.32221102590768,116.20463836660656,98.69,1.85322215722804,12,98.2,98.2,0.0
1456,1d_2a,P(Cy)3,Pd(OAc)2,NaHCO3,MeOH,92.43,971,M4_pc_scores,PC1-PC4 scores,92.43,90.11695584805412,12.930348969335174,64.77347186815717,115.46043982795106,98.69,1.8422111616348964,13,98.2,98.2,0.0
1213,1d_2a,P(tBu)3,Pd(OAc)2,LiOtBu,MeCN,92.92,808,M4_pc_scores,PC1-PC4 scores,92.92,86.52525957951863,15.18923816769341,56.754352770839546,116.29616638819772,98.69,1.7195906534336363,14,98.2,98.2,0.0
1170,1d_2a,CataCXium A,Pd(OAc)2,NaHCO3,MeCN,92.01,781,M4_pc_scores,PC1-PC4 scores,92.01,88.75967389251957,13.228919866304546,62.830990954562665,114.68835683047648,98.69,1.6228419014496716,15,98.2,98.2,0.0
1372,1d_2a,P(Cy)3,Pd(OAc)2,CsF,DMF,89.78,915,M4_pc_scores,PC1-PC4 scores,89.78,88.50915770973491,13.211691536524238,62.6142422981474,114.40407312132241,98.69,1.5646573019261725,16,98.2,98.2,0.0
1242,1d_2a,CataCXium A,Pd(OAc)2,None,MeCN,80.77,829,M4_pc_scores,PC1-PC4 scores,80.77,89.13549999475482,12.721554038816418,64.20125407867465,114.069745910835,98.69,1.5553986159006064,17,98.2,98.2,0.0
1204,1d_2a,P(Cy)3,Pd(OAc)2,KOH,MeCN,83.91,803,M4_pc_scores,PC1-PC4 scores,83.91,86.79358206761106,13.243329399634362,60.8366564443277,112.75050769089441,98.69,1.24443336637981,18,98.2,98.2,0.0
1479,1d_2a,AmPhos,Pd(OAc)2,K3PO4,MeOH,92.82,986,M4_pc_scores,PC1-PC4 scores,92.82,86.39245327235655,13.507907206071831,59.916955148455756,112.86795139625734,98.69,1.2427188966440665,19,98.2,98.2,0.0
1374,1d_2a,CataCXium A,Pd(OAc)2,CsF,DMF,90.18,917,M4_pc_scores,PC1-PC4 scores,90.18,87.0287332285807,12.244413495244729,63.02968277790104,111.02778367926038,98.69,1.0334092017619227,20,98.2,98.2,0.0
2077,1d_2b,P(tBu)3,Pd(OAc)2,LiOtBu,THF,93.55,1384,M4_pc_scores,PC1-PC4 scores,93.55,99.55080942815798,13.19877633456808,73.68120781240454,125.42041104391141,98.42,5.586967212816808,1,93.55,100.0,6.450000000000003
2066,1d_2b,P(Ph)3,Pd(OAc)2,KOH,THF,77.32,1377,M4_pc_scores,PC1-PC4 scores,77.32,98.07441400490137,14.718939212644539,69.22529314811807,126.92353486168467,98.42,5.45890140901335,2,93.55,100.0,6.450000000000003
1998,1d_2b,CataCXium A,Pd(OAc)2,Et3N,MeCN,94.32,1333,M4_pc_scores,PC1-PC4 scores,94.32,98.61465460936887,12.247778064663745,74.60900960262794,122.6202996161098,98.42,4.735002204500485,3,94.32,100.0,5.680000000000007
2078,1d_2b,P(Ph)3,Pd(OAc)2,LiOtBu,THF,94.71,1385,M4_pc_scores,PC1-PC4 scores,94.71,96.33016382984795,14.206496556100443,68.48543057989107,124.17489707980482,98.42,4.466569541318009,4,94.71,100.0,5.290000000000006
1926,1d_2b,CataCXium A,Pd(OAc)2,NaOH,MeCN,94.39,1285,M4_pc_scores,PC1-PC4 scores,94.39,97.58948653003536,12.191781627935175,73.69359453928242,121.4853785207883,98.42,4.227495245206987,5,94.71,100.0,5.290000000000006
1923,1d_2b,AmPhos,Pd(OAc)2,NaOH,MeCN,94.83,1282,M4_pc_scores,PC1-PC4 scores,94.83,95.28518451387346,13.139695260997495,69.53138180231838,121.03898722542854,98.42,3.623869981024086,6,94.83,100.0,5.170000000000002
2083,1d_2b,SPhos,Pd(OAc)2,LiOtBu,THF,95.34,1390,M4_pc_scores,PC1-PC4 scores,95.34,92.69175314767119,12.949564130876562,67.31060745115313,118.07289884418925,98.42,2.638273396179587,7,95.34,100.0,4.659999999999997
1994,1d_2b,P(Ph)3,Pd(OAc)2,Et3N,MeCN,94.38,1329,M4_pc_scores,PC1-PC4 scores,94.38,91.47404606335996,13.13071547775729,65.73784372695567,117.21024839976425,98.42,2.3357901010787487,8,95.34,100.0,4.659999999999997
1959,1d_2b,AmPhos,Pd(OAc)2,K3PO4,MeCN,85.14,1306,M4_pc_scores,PC1-PC4 scores,85.14,88.2230641050078,14.571329984898261,59.6632573346072,116.78287087540838,98.42,1.9643109054938943,9,95.34,100.0,4.659999999999997
2079,1d_2b,AmPhos,Pd(OAc)2,LiOtBu,THF,95.53,1386,M4_pc_scores,PC1-PC4 scores,95.53,89.75767220859193,13.30973382036227,63.67059392068188,115.84475049650197,98.42,1.9393471524407393,10,95.53,100.0,4.469999999999999
2114,1d_2b,P(Ph)3,Pd(OAc)2,NaOH,DMF,88.53,1409,M4_pc_scores,PC1-PC4 scores,88.53,90.33489261218432,12.763002605950344,65.31940750452165,115.35037771984699,98.42,1.909513201889669,11,95.53,100.0,4.469999999999999
2030,1d_2b,P(Ph)3,Pd(OAc)2,NaHCO3,THF,94.23,1353,M4_pc_scores,PC1-PC4 scores,94.23,88.23912484794789,14.364440551979943,60.0848213660672,116.39342832982858,98.42,1.9051820296915158,12,95.53,100.0,4.469999999999999
2095,1d_2b,SPhos,Pd(OAc)2,Et3N,THF,85.37,1398,M4_pc_scores,PC1-PC4 scores,85.37,88.4140912535242,14.104860120600272,60.76856541714767,116.05961708990074,98.42,1.8666316234948486,13,95.53,100.0,4.469999999999999
2022,1d_2b,CataCXium A,Pd(OAc)2,NaOH,THF,92.59,1349,M4_pc_scores,PC1-PC4 scores,92.59,91.20694659426013,11.883020462332453,67.91622648808853,114.49766670043174,98.42,1.8491079534352919,14,95.53,100.0,4.469999999999999
2222,1d_2b,P(Ph)3,Pd(OAc)2,NaHCO3,MeOH,87.84,1481,M4_pc_scores,PC1-PC4 scores,87.84,88.89001341628065,13.631514644386117,62.17224471328386,115.60778211927745,98.42,1.832305692792323,15,95.53,100.0,4.469999999999999
1929,1d_2b,XPhos,Pd(OAc)2,NaOH,MeCN,90.64,1287,M4_pc_scores,PC1-PC4 scores,90.64,89.596039020485,12.712384627436021,64.6797651507104,114.5123128902596,98.42,1.715636396782092,16,95.53,100.0,4.469999999999999
2209,1d_2b,P(tBu)3,Pd(OAc)2,NaOH,MeOH,80.02,1472,M4_pc_scores,PC1-PC4 scores,80.02,87.09933901120348,14.511800218369581,58.656210583199105,115.54246743920785,98.42,1.7001186675526996,17,95.53,100.0,4.469999999999999
2226,1d_2b,CataCXium A,Pd(OAc)2,NaHCO3,MeOH,83.75,1485,M4_pc_scores,PC1-PC4 scores,83.75,88.55184711803801,13.437958073790305,62.21344929340901,114.89024494266701,98.42,1.6979003356270024,18,95.53,100.0,4.469999999999999
2101,1d_2b,P(tBu)3,Pd(OAc)2,None,THF,89.61,1400,M4_pc_scores,PC1-PC4 scores,89.61,86.50428413294964,14.796675151400105,57.50280083620543,115.50576742969383,98.42,1.6593757165155343,19,95.53,100.0,4.469999999999999
2215,1d_2b,SPhos,Pd(OAc)2,NaOH,MeOH,83.9,1478,M4_pc_scores,PC1-PC4 scores,83.9,87.85003421477452,13.728259537821138,60.942645520645094,114.75742290890395,98.42,1.6318091905547885,20,95.53,100.0,4.469999999999999
3775,1d_2c,CataCXium A,Pd(OAc)2,KOH,MeOH,64.04,2517,M4_pc_scores,PC1-PC4 scores,64.04,74.92195771621248,12.12443959927697,51.15805610162961,98.68585933079534,81.25,2.170310776989762,1,64.04,80.09,16.049999999999997
3833,1d_2c,P(Cy)3,Pd(OAc)2,K3PO4,MeOH,78.59,2555,M4_pc_scores,PC1-PC4 scores,78.59,65.42512677227106,13.618096643868766,38.733657350288276,92.11659619425384,81.25,0.7659487084689263,2,78.59,80.09,1.5
3807,1d_2c,P(Ph)3,Pd(OAc)2,Et3N,MeOH,80.09,2537,M4_pc_scores,PC1-PC4 scores,80.09,60.598142767570856,14.030332628340496,33.098690816023485,88.09759471911823,81.25,0.40413057987228584,3,80.09,80.09,0.0
3810,1d_2c,P(o-Tol)3,Pd(OAc)2,Et3N,MeOH,79.4,2540,M4_pc_scores,PC1-PC4 scores,79.4,63.36973045920618,12.490609454926261,38.88813592755071,87.85132499086166,81.25,0.3904844934546108,4,80.09,80.09,0.0
3797,1d_2c,P(Cy)3,Pd(OAc)2,NaHCO3,MeOH,69.95,2531,M4_pc_scores,PC1-PC4 scores,69.95,61.309184514887036,13.302471903369872,35.23633958428209,87.38202944549198,81.25,0.3584446082714676,5,80.09,80.09,0.0
3790,1d_2c,XPhos,Pd(OAc)2,LiOtBu,MeOH,64.55,2527,M4_pc_scores,PC1-PC4 scores,64.55,53.93508941475808,15.220972876997436,24.101982575843106,83.76819625367305,81.25,0.20274356645477354,6,80.09,80.09,0.0
3579,1d_2c,P(Ph)3,Pd(OAc)2,KOH,THF,42.44,2385,M4_pc_scores,PC1-PC4 scores,42.44,57.34620502692117,13.020469205052883,31.826085385017517,82.86632466882482,81.25,0.15384324846303998,7,80.09,80.09,0.0
3619,1d_2c,CataCXium A,Pd(OAc)2,Et3N,THF,60.3,2413,M4_pc_scores,PC1-PC4 scores,60.3,57.11337213117164,12.975538853622156,31.68131597807221,82.54542828427107,81.25,0.1439220785593558,8,80.09,80.09,0.0
3788,1d_2c,SPhos,Pd(OAc)2,LiOtBu,MeOH,69.82,2526,M4_pc_scores,PC1-PC4 scores,69.82,53.40546477590718,13.758598736888837,26.438611251605057,80.3723183002093,81.25,0.09928851235378766,9,80.09,80.09,0.0
3764,1d_2c,SPhos,Pd(OAc)2,NaOH,MeOH,62.57,2510,M4_pc_scores,PC1-PC4 scores,62.57,51.80475357404703,13.835669226227015,24.68684189064208,78.92266525745197,81.25,0.07479272537689402,10,80.09,80.09,0.0
3820,1d_2c,AmPhos,Pd(OAc)2,CsF,MeOH,78.92,2546,M4_pc_scores,PC1-PC4 scores,78.92,49.385340345059454,13.951178688404553,22.04103011578653,76.72965057433238,81.25,0.04819008807963371,11,80.09,80.09,0.0
3786,1d_2c,P(o-Tol)3,Pd(OAc)2,LiOtBu,MeOH,73.24,2524,M4_pc_scores,PC1-PC4 scores,73.24,52.427791790262674,12.799809540007523,27.34016509184793,77.51541848867743,81.25,0.04814144775763579,12,80.09,80.09,0.0
3812,1d_2c,SPhos,Pd(OAc)2,Et3N,MeOH,58.75,2542,M4_pc_scores,PC1-PC4 scores,58.75,44.98330956887324,14.40726747307608,16.74506532164412,73.22155381610236,81.25,0.024552539956195357,13,80.09,80.09,0.0
3631,1d_2c,CataCXium A,Pd(OAc)2,CsF,THF,60.07,2421,M4_pc_scores,PC1-PC4 scores,60.07,48.31945286297378,12.900944933634518,23.033600793050127,73.60530493289744,81.25,0.01941371491346844,14,80.09,80.09,0.0
3808,1d_2c,AmPhos,Pd(OAc)2,Et3N,MeOH,74.74,2538,M4_pc_scores,PC1-PC4 scores,74.74,43.6938548504977,14.261365341901062,15.741578780371619,71.64613092062379,81.25,0.01675306755473055,15,80.09,80.09,0.0
3617,1d_2c,P(Cy)3,Pd(OAc)2,Et3N,THF,30.56,2411,M4_pc_scores,PC1-PC4 scores,30.56,43.984628026467846,14.063787571399052,16.419604386525705,71.54965166640999,81.25,0.015642322623780347,16,80.09,80.09,0.0
3784,1d_2c,AmPhos,Pd(OAc)2,LiOtBu,MeOH,61.48,2522,M4_pc_scores,PC1-PC4 scores,61.48,38.116256756628644,14.961145418849934,8.792411735682773,67.44010177757451,81.25,0.0076561742544213884,17,80.09,80.09,0.0
3806,1d_2c,P(tBu)3,Pd(OAc)2,Et3N,MeOH,46.61,2536,M4_pc_scores,PC1-PC4 scores,46.61,34.0626584008649,15.197942888974438,4.274690338475001,63.8506264632548,81.25,0.003540536021099272,18,80.09,80.09,0.0
3557,1d_2c,P(Cy)3,Pd(OAc)2,None,THF,47.6,2371,M4_pc_scores,PC1-PC4 scores,47.6,39.74884627980248,13.48588758841107,13.316506606516782,66.18118595308817,81.25,0.003420036204687067,19,80.09,80.09,0.0
3814,1d_2c,XPhos,Pd(OAc)2,Et3N,MeOH,44.35,2543,M4_pc_scores,PC1-PC4 scores,44.35,35.61228337088083,14.699453070906353,6.80135535190438,64.42321138985729,81.25,0.003412075064046366,20,80.09,80.09,0.0
163,1a_2a,SPhos,Pd(OAc)2,LiOtBu,THF,85.95,110,M5_ligand_onehot,Ligand identity one-hot baseline,85.95,81.95684342690242,11.83077897184246,58.7685166420912,105.14517021171365,93.67,0.926499812462964,1,85.95,92.83,6.8799999999999955
103,1a_2a,SPhos,Pd(OAc)2,NaOH,THF,87.06,70,M5_ligand_onehot,Ligand identity one-hot baseline,87.06,79.55944114492075,11.980874865056077,56.076926409410845,103.04195588043066,93.67,0.6457250799181127,2,87.06,92.83,5.769999999999996
177,1a_2a,XPhos,Pd(OAc)2,Et3N,THF,88.93,119,M5_ligand_onehot,Ligand identity one-hot baseline,88.93,71.21787564279742,14.397669263766328,42.99844388581542,99.43730739977943,93.67,0.3392686944088199,3,88.93,92.83,3.8999999999999915
115,1a_2a,SPhos,Pd(OAc)2,NaHCO3,THF,79.85,78,M5_ligand_onehot,Ligand identity one-hot baseline,79.85,75.83897106899522,11.878477323350872,52.557155515227514,99.12078662276292,93.67,0.31523281679853477,4,88.93,92.83,3.8999999999999915
114,1a_2a,CataCXium A,Pd(OAc)2,NaHCO3,THF,70.45,77,M5_ligand_onehot,Ligand identity one-hot baseline,70.45,68.942304562415,12.132101722313989,45.16338518667959,92.72122393815042,93.67,0.08304997990569074,5,88.93,92.83,3.8999999999999915
117,1a_2a,XPhos,Pd(OAc)2,NaHCO3,THF,80.77,79,M5_ligand_onehot,Ligand identity one-hot baseline,80.77,65.39469648632262,12.415429740617812,41.06045419471171,89.72893877793352,93.67,0.04315720592752781,6,88.93,92.83,3.8999999999999915
69,1a_2a,XPhos,Pd(OAc)2,LiOtBu,MeCN,92.83,47,M5_ligand_onehot,Ligand identity one-hot baseline,92.83,62.995377552301505,11.940903870759984,39.591205965611934,86.39954913899108,93.67,0.01689142472632499,7,92.83,92.83,0.0
100,1a_2a,P(Cy)3,Pd(OAc)2,NaOH,THF,69.94,67,M5_ligand_onehot,Ligand identity one-hot baseline,69.94,62.38232260680551,11.793596668081218,39.26687313736632,85.4977720762447,93.67,0.01269460105231178,8,92.83,92.83,0.0
157,1a_2a,P(tBu)3,Pd(OAc)2,LiOtBu,THF,66.16,104,M5_ligand_onehot,Ligand identity one-hot baseline,66.16,59.196999140412196,12.148654864280577,35.38563560642227,83.00836267440212,93.67,0.007078831280986478,9,92.83,92.83,0.0
169,1a_2a,P(tBu)3,Pd(OAc)2,Et3N,THF,68.72,112,M5_ligand_onehot,Ligand identity one-hot baseline,68.72,53.89255360514236,13.08085686145666,28.25407415668731,79.53103305359741,93.67,0.0037697307936404856,10,92.83,92.83,0.0
19,1a_2a,SPhos,Pd(OAc)2,NaHCO3,MeCN,69.22,14,M5_ligand_onehot,Ligand identity one-hot baseline,69.22,52.72869020812527,12.770791112040477,27.697939628525937,77.7594407877246,93.67,0.0020002000777400095,11,92.83,92.83,0.0
31,1a_2a,SPhos,Pd(OAc)2,CsF,MeCN,68.44,22,M5_ligand_onehot,Ligand identity one-hot baseline,68.44,48.59510288573884,13.518996924781415,22.097868913167265,75.09233685831042,93.67,0.0013100025870076276,12,92.83,92.83,0.0
171,1a_2a,AmPhos,Pd(OAc)2,Et3N,THF,48.8,114,M5_ligand_onehot,Ligand identity one-hot baseline,48.8,47.578647077047954,12.785203791158425,22.51964764637744,72.63764650771847,93.67,0.00041744534904561686,13,92.83,92.83,0.0
247,1a_2a,SPhos,Pd(OAc)2,KOH,DMF,62.77,166,M5_ligand_onehot,Ligand identity one-hot baseline,62.77,38.172587867086925,15.060020784512457,8.654947129442512,67.69022860473135,93.67,0.0003617390007934875,14,92.83,92.83,0.0
357,1a_2a,XPhos,Pd(OAc)2,LiOtBu,MeOH,27.33,239,M5_ligand_onehot,Ligand identity one-hot baseline,27.33,44.51997262462715,12.509993174396916,20.000386002809197,69.03955924644511,93.67,0.00010258534427776155,15,92.83,92.83,0.0
316,1a_2a,P(Cy)3,Pd(OAc)2,CsF,MeOH,30.94,211,M5_ligand_onehot,Ligand identity one-hot baseline,30.94,36.93751282177652,13.815070783178347,9.859974086746963,64.01505155680609,93.67,5.193960361504638e-05,16,92.83,92.83,0.0
249,1a_2a,XPhos,Pd(OAc)2,KOH,DMF,79.14,167,M5_ligand_onehot,Ligand identity one-hot baseline,79.14,30.96346464983145,15.091359741419735,1.38439955664877,60.54252974301413,93.67,4.60548052817855e-05,17,92.83,92.83,0.0
321,1a_2a,XPhos,Pd(OAc)2,CsF,MeOH,35.0,215,M5_ligand_onehot,Ligand identity one-hot baseline,35.0,39.943045842467924,12.85798330451447,14.741398565619566,65.14469311931629,93.67,3.430134195337201e-05,18,92.83,92.83,0.0
306,1a_2a,CataCXium A,Pd(OAc)2,NaHCO3,MeOH,25.15,205,M5_ligand_onehot,Ligand identity one-hot baseline,25.15,29.77514672207628,14.888639641938607,0.5934130238766109,58.95688042027595,93.67,2.398508682721547e-05,19,92.83,92.83,0.0
294,1a_2a,CataCXium A,Pd(OAc)2,NaOH,MeOH,14.91,197,M5_ligand_onehot,Ligand identity one-hot baseline,14.91,33.385035369729984,13.388898957605562,7.142793412823082,59.627277326636886,93.67,7.638238852230065e-06,20,92.83,92.83,0.0
2875,1a_2b,SPhos,Pd(OAc)2,None,THF,69.3,1918,M5_ligand_onehot,Ligand identity one-hot baseline,69.3,70.21225783873865,12.399156367757072,45.90991135793479,94.51460431954251,77.13,2.0973714023720516,1,69.3,92.16,22.86
2863,1a_2b,SPhos,Pd(OAc)2,Et3N,THF,76.22,1910,M5_ligand_onehot,Ligand identity one-hot baseline,76.22,60.390134473191985,12.55625313992409,35.779878318940774,85.0003906274432,77.13,0.48847541944559736,2,76.22,92.16,15.939999999999998
2877,1a_2b,XPhos,Pd(OAc)2,None,THF,84.83,1919,M5_ligand_onehot,Ligand identity one-hot baseline,84.83,58.8906298629784,12.943824766128087,33.52073332136735,84.26052640458946,77.13,0.42687739707302375,3,84.83,92.16,7.329999999999998
2757,1a_2b,XPhos,Pd(OAc)2,LiOtBu,MeCN,76.56,1839,M5_ligand_onehot,Ligand identity one-hot baseline,76.56,57.92747622900187,12.434766300228988,33.555334280553055,82.29961817745068,77.13,0.2997580031513267,4,84.83,92.16,7.329999999999998
2793,1a_2b,XPhos,Pd(OAc)2,NaOH,THF,92.16,1863,M5_ligand_onehot,Ligand identity one-hot baseline,92.16,48.35268002983954,13.858959856825365,21.189118710461827,75.51624134921725,77.13,0.0865918871195015,5,92.16,92.16,0.0
2781,1a_2b,XPhos,Pd(OAc)2,None,MeCN,66.37,1855,M5_ligand_onehot,Ligand identity one-hot baseline,66.37,51.89033082623088,12.193081930350209,27.99189024274447,75.78877140971728,77.13,0.07650354630355033,6,92.16,92.16,0.0
2721,1a_2b,XPhos,Pd(OAc)2,CsF,MeCN,77.78,1815,M5_ligand_onehot,Ligand identity one-hot baseline,77.78,48.323378858440215,12.117601636218376,24.572879651452197,72.07387806542823,77.13,0.0311717558674606,7,92.16,92.16,0.0
2731,1a_2b,SPhos,Pd(OAc)2,K3PO4,MeCN,69.42,1822,M5_ligand_onehot,Ligand identity one-hot baseline,69.42,46.28499505128978,12.623115109730977,21.54368943621707,71.0263006663625,77.13,0.02665164515951618,8,92.16,92.16,0.0
2778,1a_2b,CataCXium A,Pd(OAc)2,None,MeCN,18.06,1853,M5_ligand_onehot,Ligand identity one-hot baseline,18.06,42.09582525077597,13.746387727038352,15.152905305780799,69.03874519577113,77.13,0.021106622163634875,9,92.16,92.16,0.0
2983,1a_2b,SPhos,Pd(OAc)2,NaOH,MeOH,63.06,1990,M5_ligand_onehot,Ligand identity one-hot baseline,63.06,38.46836101177769,13.889982033162864,11.243996226778474,65.6927257967769,77.13,0.009902741468249321,10,92.16,92.16,0.0
2992,1a_2b,P(Cy)3,Pd(OAc)2,NaHCO3,MeOH,30.49,1995,M5_ligand_onehot,Ligand identity one-hot baseline,30.49,38.37669351886396,13.898403652520813,11.135822359923168,65.61756467780475,77.13,0.009746590312172052,11,92.16,92.16,0.0
2798,1a_2b,P(Ph)3,Pd(OAc)2,NaHCO3,THF,15.63,1865,M5_ligand_onehot,Ligand identity one-hot baseline,15.63,41.215848419258684,12.89897727878948,15.933852952831302,66.49784388568607,77.13,0.00908482083046172,12,92.16,92.16,0.0
2702,1a_2b,P(Ph)3,Pd(OAc)2,NaHCO3,MeCN,14.74,1801,M5_ligand_onehot,Ligand identity one-hot baseline,14.74,35.85643152029023,14.433451626153735,7.5668663330289085,64.14599670755155,77.13,0.007975352810740605,13,92.16,92.16,0.0
2838,1a_2b,CataCXium A,Pd(OAc)2,KOH,THF,33.61,1893,M5_ligand_onehot,Ligand identity one-hot baseline,33.61,41.3442766455803,12.290130793970027,17.255620289399047,65.43293300176155,77.13,0.005550630918562276,14,92.16,92.16,0.0
2871,1a_2b,AmPhos,Pd(OAc)2,None,THF,31.05,1914,M5_ligand_onehot,Ligand identity one-hot baseline,31.05,36.65140747489121,13.441878559570279,10.305325498133463,62.99748945164895,77.13,0.004322425946456841,15,92.16,92.16,0.0
2694,1a_2b,CataCXium A,Pd(OAc)2,NaOH,MeCN,15.97,1797,M5_ligand_onehot,Ligand identity one-hot baseline,15.97,32.20825686011425,13.901660538281492,4.961002205082522,59.45551151514597,77.13,0.00200182597514097,16,92.16,92.16,0.0
2994,1a_2b,CataCXium A,Pd(OAc)2,NaHCO3,MeOH,16.27,1997,M5_ligand_onehot,Ligand identity one-hot baseline,16.27,37.75824374658141,12.312130689788292,13.626467594596356,61.89001989856646,77.13,0.001976601451405425,17,92.16,92.16,0.0
2845,1a_2b,P(tBu)3,Pd(OAc)2,LiOtBu,THF,52.95,1896,M5_ligand_onehot,Ligand identity one-hot baseline,52.95,38.56641537114659,11.850608400253936,15.339222906648875,61.79360783564431,77.13,0.0015293476354374773,18,92.16,92.16,0.0
2836,1a_2b,P(Cy)3,Pd(OAc)2,KOH,THF,46.21,1891,M5_ligand_onehot,Ligand identity one-hot baseline,46.21,31.886594342727463,13.34701722793798,5.726440575969022,58.046748109485904,77.13,0.0010400748987076588,19,92.16,92.16,0.0
2901,1a_2b,XPhos,Pd(OAc)2,NaHCO3,DMF,52.93,1935,M5_ligand_onehot,Ligand identity one-hot baseline,52.93,37.008196089457385,11.934620276382345,13.61634034774799,60.40005183116678,77.13,0.0010194932672969031,20,92.16,92.16,0.0
4558,1a_2c,XPhos,Pd(OAc)2,LiOtBu,MeOH,59.08,3039,M5_ligand_onehot,Ligand identity one-hot baseline,59.08,46.43292173199012,12.630360242815001,21.677415656072718,71.18842780790752,49.99,3.267984060655274,1,59.08,59.08,0.0
4544,1a_2c,SPhos,Pd(OAc)2,KOH,MeOH,41.19,3030,M5_ligand_onehot,Ligand identity one-hot baseline,41.19,40.22052114958108,12.324658657797988,16.064190180297025,64.37685211886514,49.99,1.396660619961207,2,59.08,59.08,0.0
4601,1a_2c,P(Cy)3,Pd(OAc)2,K3PO4,MeOH,21.39,3067,M5_ligand_onehot,Ligand identity one-hot baseline,21.39,32.62609571738027,12.758633830313665,7.619173409965484,57.63301802479505,49.99,0.4676886970202476,3,59.08,59.08,0.0
4325,1a_2c,P(Cy)3,Pd(OAc)2,None,THF,18.72,2883,M5_ligand_onehot,Ligand identity one-hot baseline,18.72,33.91769036423836,12.038889433996879,10.321467073604477,57.51391365487224,49.99,0.46472847207342616,4,59.08,59.08,0.0
4594,1a_2c,XPhos,Pd(OAc)2,CsF,MeOH,29.03,3063,M5_ligand_onehot,Ligand identity one-hot baseline,29.03,30.06540036585317,13.602107222500818,3.405270209751567,56.72553052195477,49.99,0.3972040713626741,5,59.08,59.08,0.0
4551,1a_2c,P(Ph)3,Pd(OAc)2,LiOtBu,MeOH,17.63,3033,M5_ligand_onehot,Ligand identity one-hot baseline,17.63,30.86292707394695,12.890709174940902,5.5971370910627805,56.12871705683112,49.99,0.358764505047533,6,59.08,59.08,0.0
4364,1a_2c,SPhos,Pd(OAc)2,LiOtBu,THF,15.93,2910,M5_ligand_onehot,Ligand identity one-hot baseline,15.93,32.6068314954885,11.97278240252143,9.140177986546497,56.0734850044305,49.99,0.3559928975269411,7,59.08,59.08,0.0
4498,1a_2c,XPhos,Pd(OAc)2,CsF,DMF,20.83,2999,M5_ligand_onehot,Ligand identity one-hot baseline,20.83,32.86183081113157,11.785230667016364,9.762778703779496,55.96088291848364,49.99,0.34871968222540684,8,59.08,59.08,0.0
4322,1a_2c,P(tBu)3,Pd(OAc)2,None,THF,15.0,2880,M5_ligand_onehot,Ligand identity one-hot baseline,15.0,31.64511610687525,12.184164509295803,7.764153668655478,55.52607854509502,49.99,0.3207686254566757,9,59.08,59.08,0.0
4604,1a_2c,SPhos,Pd(OAc)2,K3PO4,MeOH,48.66,3070,M5_ligand_onehot,Ligand identity one-hot baseline,48.66,28.44033799075504,13.566861202512117,1.8492900338312914,55.031385947678785,49.99,0.2970153368065227,10,59.08,59.08,0.0
4226,1a_2c,P(tBu)3,Pd(OAc)2,None,MeCN,16.56,2816,M5_ligand_onehot,Ligand identity one-hot baseline,16.56,30.315307112312624,12.562880402724309,5.692061522972978,54.93855270165227,49.99,0.2879504532164414,11,59.08,59.08,0.0
4554,1a_2c,P(o-Tol)3,Pd(OAc)2,LiOtBu,MeOH,15.16,3036,M5_ligand_onehot,Ligand identity one-hot baseline,15.16,25.498510386938396,14.762013598274239,-3.4350362656791127,54.4320570395559,49.99,0.2746310074949625,12,59.08,59.08,0.0
4541,1a_2c,P(Cy)3,Pd(OAc)2,KOH,MeOH,18.12,3027,M5_ligand_onehot,Ligand identity one-hot baseline,18.12,29.719098063628945,12.520603803361604,5.178714609040199,54.25948151821769,49.99,0.25290248320325226,13,59.08,59.08,0.0
4602,1a_2c,P(o-Tol)3,Pd(OAc)2,K3PO4,MeOH,17.83,3068,M5_ligand_onehot,Ligand identity one-hot baseline,17.83,29.869780320362118,12.120150632771422,6.114285080130131,53.625275560594105,49.99,0.22094034046908229,14,59.08,59.08,0.0
4567,1a_2c,CataCXium A,Pd(OAc)2,NaHCO3,MeOH,7.73,3045,M5_ligand_onehot,Ligand identity one-hot baseline,7.73,25.298715004721792,14.244618047761655,-2.620736368891052,53.21816637833464,49.99,0.22005336346179039,15,59.08,59.08,0.0
4491,1a_2c,P(Ph)3,Pd(OAc)2,CsF,DMF,24.48,2993,M5_ligand_onehot,Ligand identity one-hot baseline,24.48,28.286813295042165,12.845152980570331,3.1103134531243164,53.46331313696001,49.99,0.2190631541846988,16,59.08,59.08,0.0
4370,1a_2c,P(tBu)3,Pd(OAc)2,NaHCO3,THF,15.38,2912,M5_ligand_onehot,Ligand identity one-hot baseline,15.38,24.191830372559505,13.251051862531062,-1.7802312780013771,50.16389202312038,49.99,0.1172358694094221,17,59.08,59.08,0.0
4580,1a_2c,SPhos,Pd(OAc)2,Et3N,MeOH,21.06,3054,M5_ligand_onehot,Ligand identity one-hot baseline,21.06,23.56793676433257,13.429125913459615,-2.7531500260482744,49.88902355471341,49.99,0.11257915608492097,18,59.08,59.08,0.0
4563,1a_2c,P(Ph)3,Pd(OAc)2,NaHCO3,MeOH,21.3,3041,M5_ligand_onehot,Ligand identity one-hot baseline,21.3,25.751032622483173,12.270977429075996,1.69991686149422,49.80214838347213,49.99,0.09979163943876379,19,59.08,59.08,0.0
4598,1a_2c,P(tBu)3,Pd(OAc)2,K3PO4,MeOH,19.82,3064,M5_ligand_onehot,Ligand identity one-hot baseline,19.82,21.795330646394866,13.72141277741199,-5.098638397332632,48.68929969012237,49.99,0.09092677145020545,20,59.08,59.08,0.0
390,1b_2a,CataCXium A,Pd(OAc)2,NaOH,MeCN,96.38,261,M5_ligand_onehot,Ligand identity one-hot baseline,96.38,104.8465008220366,11.441371912316287,82.42141187389669,127.27158977017652,96.89,9.22912339434447,1,96.38,97.83,1.4500000000000028
726,1b_2a,CataCXium A,Pd(OAc)2,KOH,MeOH,85.46,485,M5_ligand_onehot,Ligand identity one-hot baseline,85.46,102.16161319258364,13.872715360067897,74.97109108685056,129.3521352983167,96.89,8.244407186350807,2,96.38,97.83,1.4500000000000028
690,1b_2a,CataCXium A,Pd(OAc)2,NaHCO3,MeOH,86.98,461,M5_ligand_onehot,Ligand identity one-hot baseline,86.98,101.60598494516285,12.95700723598607,76.21025076263015,127.00171912769554,96.89,7.548337714821427,3,96.38,97.83,1.4500000000000028
486,1b_2a,CataCXium A,Pd(OAc)2,NaOH,THF,96.57,325,M5_ligand_onehot,Ligand identity one-hot baseline,96.57,100.44272950779134,12.83686316808539,75.28247769834398,125.6029813172387,96.89,6.791663353569918,4,96.57,97.83,1.2600000000000051
722,1b_2a,P(Ph)3,Pd(OAc)2,KOH,MeOH,92.61,481,M5_ligand_onehot,Ligand identity one-hot baseline,92.61,98.01574492577478,12.72157673710782,73.08145452104345,122.95003533050611,96.89,5.394185570423773,5,96.57,97.83,1.2600000000000051
542,1b_2a,P(Ph)3,Pd(OAc)2,LiOtBu,THF,87.78,361,M5_ligand_onehot,Ligand identity one-hot baseline,87.78,97.79969483117475,12.871544096131322,72.57146840275736,123.02792125959213,96.89,5.342451529908292,6,96.57,97.83,1.2600000000000051
558,1b_2a,CataCXium A,Pd(OAc)2,Et3N,THF,97.83,373,M5_ligand_onehot,Ligand identity one-hot baseline,97.83,96.29604453139726,12.456596055566974,71.88111626248599,120.71097280030853,96.89,4.441636521830777,7,97.83,97.83,0.0
679,1b_2a,SPhos,Pd(OAc)2,NaOH,MeOH,92.88,454,M5_ligand_onehot,Ligand identity one-hot baseline,92.88,93.77334206770357,12.33188470763763,69.60284804073382,117.94383609467332,96.89,3.3214532450550944,8,97.83,97.83,0.0
387,1b_2a,AmPhos,Pd(OAc)2,NaOH,MeCN,86.82,258,M5_ligand_onehot,Ligand identity one-hot baseline,86.82,91.61700338193717,12.518148402975816,67.08143251210457,116.15257425176976,96.89,2.629363519943942,9,97.83,97.83,0.0
482,1b_2a,P(Ph)3,Pd(OAc)2,NaOH,THF,90.21,321,M5_ligand_onehot,Ligand identity one-hot baseline,90.21,90.67057901940807,13.213991268325332,64.77115613349042,116.57000190532571,96.89,2.579162682123359,10,97.83,97.83,0.0
714,1b_2a,CataCXium A,Pd(OAc)2,K3PO4,MeOH,89.42,477,M5_ligand_onehot,Ligand identity one-hot baseline,89.42,85.24084112770257,14.834542739227729,56.16513735881622,114.31654489658891,96.89,1.7243467647579647,11,97.83,97.83,0.0
483,1b_2a,AmPhos,Pd(OAc)2,NaOH,THF,86.25,322,M5_ligand_onehot,Ligand identity one-hot baseline,86.25,84.7898732689325,13.596736245130087,58.140270228477526,111.43947630938746,96.89,1.2999895113215132,12,97.83,97.83,0.0
736,1b_2a,P(Cy)3,Pd(OAc)2,LiOtBu,MeOH,89.34,491,M5_ligand_onehot,Ligand identity one-hot baseline,89.34,86.67256239837644,12.049662898660046,63.055223117002754,110.28990167975013,96.89,1.233764031928597,13,97.83,97.83,0.0
746,1b_2a,P(Ph)3,Pd(OAc)2,Et3N,MeOH,82.99,497,M5_ligand_onehot,Ligand identity one-hot baseline,82.99,86.18897076487933,12.146835070055008,62.38117402757152,109.99676750218714,96.89,1.1712173753235475,14,97.83,97.83,0.0
723,1b_2a,AmPhos,Pd(OAc)2,KOH,MeOH,71.62,482,M5_ligand_onehot,Ligand identity one-hot baseline,71.62,84.15037745731647,12.624888270026888,59.40559644806376,108.89515846656917,96.89,0.9578803508572622,15,97.83,97.83,0.0
555,1b_2a,AmPhos,Pd(OAc)2,Et3N,THF,91.88,370,M5_ligand_onehot,Ligand identity one-hot baseline,91.88,81.60862652526416,13.775472466833842,54.608700490269825,108.60855256025849,96.89,0.8630898050692857,16,97.83,97.83,0.0
691,1b_2a,SPhos,Pd(OAc)2,NaHCO3,MeOH,85.69,462,M5_ligand_onehot,Ligand identity one-hot baseline,85.69,84.38288743726915,11.828930029934222,61.198184578598074,107.56759029594022,96.89,0.8123346376667364,17,97.83,97.83,0.0
457,1b_2a,P(tBu)3,Pd(OAc)2,Et3N,MeCN,91.95,304,M5_ligand_onehot,Ligand identity one-hot baseline,91.95,81.20480983482292,13.697020424420826,54.358649802958105,108.05096986668775,96.89,0.7977965793055213,18,97.83,97.83,0.0
553,1b_2a,P(tBu)3,Pd(OAc)2,Et3N,THF,94.67,368,M5_ligand_onehot,Ligand identity one-hot baseline,94.67,81.74644736248166,13.259401991142717,55.75801945984193,107.73487526512139,96.89,0.7752216447718308,19,97.83,97.83,0.0
711,1b_2a,AmPhos,Pd(OAc)2,K3PO4,MeOH,76.31,474,M5_ligand_onehot,Ligand identity one-hot baseline,76.31,80.53578624240963,13.419445061713635,54.2336739214509,106.83789856336836,96.89,0.6704488441400103,20,97.83,97.83,0.0
2355,1b_2b,AmPhos,Pd(OAc)2,KOH,MeCN,81.7,1570,M5_ligand_onehot,Ligand identity one-hot baseline,81.7,86.53953875638848,12.157873721638765,62.710106261976506,110.36897125080046,96.75,1.2642524700733486,1,81.7,96.19,14.489999999999995
2366,1b_2b,P(Ph)3,Pd(OAc)2,LiOtBu,MeCN,73.07,1577,M5_ligand_onehot,Ligand identity one-hot baseline,73.07,85.41450250752979,12.360516924624758,61.18788933526527,109.64111567979431,96.75,1.115855599864625,2,81.7,96.19,14.489999999999995
2365,1b_2b,P(tBu)3,Pd(OAc)2,LiOtBu,MeCN,92.06,1576,M5_ligand_onehot,Ligand identity one-hot baseline,92.06,83.35593923625424,13.500842365060223,56.89428820073621,109.81759027177227,96.75,1.063815024656913,3,92.06,96.19,4.1299999999999955
2391,1b_2b,AmPhos,Pd(OAc)2,None,MeCN,83.89,1594,M5_ligand_onehot,Ligand identity one-hot baseline,83.89,84.79677568013621,12.016040223842515,61.24533684140488,108.34821451886754,96.75,0.9336615775146981,4,92.06,96.19,4.1299999999999955
2479,1b_2b,SPhos,Pd(OAc)2,Et3N,THF,87.02,1654,M5_ligand_onehot,Ligand identity one-hot baseline,87.02,83.48604809967208,12.346633804754239,59.286645842353764,107.68545035699039,96.75,0.8227326577393808,5,92.06,96.19,4.1299999999999955
2358,1b_2b,CataCXium A,Pd(OAc)2,KOH,MeCN,78.09,1573,M5_ligand_onehot,Ligand identity one-hot baseline,78.09,79.23961864484345,12.56373042223861,54.61470701725577,103.86453027243113,96.75,0.4277177731540316,6,92.06,96.19,4.1299999999999955
2466,1b_2b,CataCXium A,Pd(OAc)2,LiOtBu,THF,96.19,1645,M5_ligand_onehot,Ligand identity one-hot baseline,96.19,79.7896825365395,12.256656196079453,55.766636392223774,103.81272868085523,96.75,0.42566823378269203,7,96.19,96.19,0.0
2490,1b_2b,CataCXium A,Pd(OAc)2,None,THF,93.15,1661,M5_ligand_onehot,Ligand identity one-hot baseline,93.15,77.38784095212367,12.079451517631892,53.71211597756516,101.06356592668217,96.75,0.2527142110178825,8,96.19,96.19,0.0
2318,1b_2b,P(Ph)3,Pd(OAc)2,NaHCO3,MeCN,68.23,1545,M5_ligand_onehot,Ligand identity one-hot baseline,68.23,74.8995219959321,12.952226034786385,49.51315896775079,100.28588502411341,96.75,0.22247920096197704,9,96.19,96.19,0.0
2359,1b_2b,SPhos,Pd(OAc)2,KOH,MeCN,89.93,1574,M5_ligand_onehot,Ligand identity one-hot baseline,89.93,75.634166020909,12.148072912568297,51.823943112275145,99.44438892954287,96.75,0.18263523952421312,10,96.19,96.19,0.0
2488,1b_2b,P(Cy)3,Pd(OAc)2,None,THF,68.94,1659,M5_ligand_onehot,Ligand identity one-hot baseline,68.94,74.79283500297139,11.563456755292586,52.12845976259791,97.45721024334486,96.75,0.1145072531717034,11,96.19,96.19,0.0
2502,1b_2b,CataCXium A,Pd(OAc)2,NaOH,DMF,65.95,1669,M5_ligand_onehot,Ligand identity one-hot baseline,65.95,69.32000618992677,13.228472657378727,43.39219978146447,95.24781259838907,96.75,0.0829198500964356,12,96.19,96.19,0.0
2594,1b_2b,P(Ph)3,Pd(OAc)2,NaOH,MeOH,79.1,1729,M5_ligand_onehot,Ligand identity one-hot baseline,79.1,71.57314384108676,12.296653268074827,47.4717034356601,95.67458424651342,96.75,0.0821873740170615,13,96.19,96.19,0.0
2331,1b_2b,AmPhos,Pd(OAc)2,CsF,MeCN,68.33,1554,M5_ligand_onehot,Ligand identity one-hot baseline,68.33,66.08627845440728,14.332787318190219,37.99401531075445,94.17854159806011,96.75,0.07533779523954903,14,96.19,96.19,0.0
2330,1b_2b,P(Ph)3,Pd(OAc)2,CsF,MeCN,53.51,1553,M5_ligand_onehot,Ligand identity one-hot baseline,53.51,69.21462272027297,12.98768437716565,43.7587613410283,94.67048409951764,96.75,0.07135121466993588,15,96.19,96.19,0.0
2491,1b_2b,SPhos,Pd(OAc)2,None,THF,74.94,1662,M5_ligand_onehot,Ligand identity one-hot baseline,74.94,70.08487352803458,12.515865734716726,45.553776687989796,94.61597036807936,96.75,0.06650436391198494,16,96.19,96.19,0.0
2503,1b_2b,SPhos,Pd(OAc)2,NaOH,DMF,66.0,1670,M5_ligand_onehot,Ligand identity one-hot baseline,66.0,61.49101659837306,13.909318687471723,34.228751970928485,88.75328122581763,96.75,0.022332745576659235,17,96.19,96.19,0.0
2442,1b_2b,CataCXium A,Pd(OAc)2,K3PO4,THF,76.6,1629,M5_ligand_onehot,Ligand identity one-hot baseline,76.6,64.47057884578011,12.720830630023622,39.537750810933815,89.4034068806264,96.75,0.02004292829271287,18,96.19,96.19,0.0
2469,1b_2b,XPhos,Pd(OAc)2,LiOtBu,THF,62.77,1647,M5_ligand_onehot,Ligand identity one-hot baseline,62.77,65.89571298874019,12.128099739250557,42.1246374998091,89.66678847767128,96.75,0.01860550569728478,19,96.19,96.19,0.0
2597,1b_2b,P(o-Tol)3,Pd(OAc)2,NaOH,MeOH,64.08,1732,M5_ligand_onehot,Ligand identity one-hot baseline,64.08,61.598222501099954,13.475132082503338,35.18696361939341,88.0094813828065,96.75,0.01703677861391628,20,96.19,96.19,0.0
4215,1b_2c,P(Ph)3,Pd(OAc)2,K3PO4,MeOH,72.19,2809,M5_ligand_onehot,Ligand identity one-hot baseline,72.19,75.74668556350659,12.459177610210782,51.32669744749346,100.16667367951972,74.84,5.176483214813712,1,72.19,73.12,0.9300000000000068
4218,1b_2c,P(o-Tol)3,Pd(OAc)2,K3PO4,MeOH,68.86,2812,M5_ligand_onehot,Ligand identity one-hot baseline,68.86,66.77798616261641,13.113330673411017,41.07585804273082,92.480114282502,74.84,2.027579480984217,2,72.19,73.12,0.9300000000000068
4179,1b_2c,P(Ph)3,Pd(OAc)2,NaHCO3,MeOH,40.92,2785,M5_ligand_onehot,Ligand identity one-hot baseline,40.92,63.5303504869694,12.556223025266045,38.92015335744795,88.14054761649084,74.84,1.1700523963498206,3,72.19,73.12,0.9300000000000068
4146,1b_2c,P(o-Tol)3,Pd(OAc)2,NaOH,MeOH,51.26,2764,M5_ligand_onehot,Ligand identity one-hot baseline,51.26,59.03676395895056,12.012403272957549,35.49245354395376,82.58107437394736,74.84,0.4836723086053196,4,72.19,73.12,0.9300000000000068
4167,1b_2c,P(Ph)3,Pd(OAc)2,LiOtBu,MeOH,73.12,2777,M5_ligand_onehot,Ligand identity one-hot baseline,73.12,56.22410250713998,11.98643261505786,32.73069458162658,79.71751043265338,74.84,0.28202553085342785,5,73.12,73.12,0.0
4159,1b_2c,CataCXium A,Pd(OAc)2,KOH,MeOH,66.67,2773,M5_ligand_onehot,Ligand identity one-hot baseline,66.67,52.41368446560021,12.748987291024978,27.425669375191255,77.40169955600916,74.84,0.18278621291771113,6,73.12,73.12,0.0
4142,1b_2c,P(tBu)3,Pd(OAc)2,NaOH,MeOH,38.52,2760,M5_ligand_onehot,Ligand identity one-hot baseline,38.52,48.43584258225385,12.665138384800983,23.612171348043923,73.25951381646377,74.84,0.07659243292492429,7,73.12,73.12,0.0
4154,1b_2c,P(tBu)3,Pd(OAc)2,KOH,MeOH,46.83,2768,M5_ligand_onehot,Ligand identity one-hot baseline,46.83,46.363351463768936,13.469646737960538,19.96284385736628,72.76385907017159,74.84,0.07554332389732377,8,73.12,73.12,0.0
4204,1b_2c,AmPhos,Pd(OAc)2,CsF,MeOH,71.17,2802,M5_ligand_onehot,Ligand identity one-hot baseline,71.17,45.294890255682326,13.15520063286528,19.510697015266377,71.07908349609828,74.84,0.05048972459804141,9,73.12,73.12,0.0
3938,1b_2c,P(tBu)3,Pd(OAc)2,None,THF,20.69,2624,M5_ligand_onehot,Ligand identity one-hot baseline,20.69,42.27240098040969,14.290627335967441,14.262771401913508,70.28203055890587,74.84,0.050229462957069815,10,73.12,73.12,0.0
4210,1b_2c,XPhos,Pd(OAc)2,CsF,MeOH,33.45,2807,M5_ligand_onehot,Ligand identity one-hot baseline,33.45,42.6093330646714,12.910376307940057,17.304995501108884,67.91367062823392,74.84,0.0231867920477776,11,73.12,73.12,0.0
3941,1b_2c,P(Cy)3,Pd(OAc)2,None,THF,18.38,2627,M5_ligand_onehot,Ligand identity one-hot baseline,18.38,38.743820487796526,12.938420668553011,13.384515977432624,64.10312499816042,74.84,0.00894590837627482,12,73.12,73.12,0.0
3847,1b_2c,CataCXium A,Pd(OAc)2,None,MeCN,14.79,2565,M5_ligand_onehot,Ligand identity one-hot baseline,14.79,36.189758762251834,13.12240844660553,10.469838206904996,61.90967931759867,74.84,0.005315774925826064,13,73.12,73.12,0.0
4171,1b_2c,CataCXium A,Pd(OAc)2,LiOtBu,MeOH,61.84,2781,M5_ligand_onehot,Ligand identity one-hot baseline,61.84,35.0832098610331,12.307277056190046,10.960946830900607,59.205472891165584,74.84,0.0017482506605322433,14,73.12,73.12,0.0
3942,1b_2c,P(o-Tol)3,Pd(OAc)2,None,THF,20.14,2628,M5_ligand_onehot,Ligand identity one-hot baseline,20.14,33.23334652492033,12.547829238480858,8.639601217497848,57.82709183234281,74.84,0.0012906778582417872,15,73.12,73.12,0.0
4012,1b_2c,AmPhos,Pd(OAc)2,CsF,THF,52.13,2674,M5_ligand_onehot,Ligand identity one-hot baseline,52.13,29.704749830474967,13.254830253010626,3.7252825345741414,55.68421712637579,74.84,0.000971336791654202,16,73.12,73.12,0.0
4035,1b_2c,P(Ph)3,Pd(OAc)2,None,DMF,13.72,2689,M5_ligand_onehot,Ligand identity one-hot baseline,13.72,29.275774020678682,13.261126093536404,3.2839668773473285,55.26758116401004,74.84,0.0008610274277731939,17,73.12,73.12,0.0
4192,1b_2c,AmPhos,Pd(OAc)2,Et3N,MeOH,57.24,2794,M5_ligand_onehot,Ligand identity one-hot baseline,57.24,30.87738771630225,12.602972734596346,6.175561156493412,55.57921427611109,74.84,0.0006592576089522375,18,73.12,73.12,0.0
4004,1b_2c,SPhos,Pd(OAc)2,Et3N,THF,17.04,2670,M5_ligand_onehot,Ligand identity one-hot baseline,17.04,31.535383116695574,12.390933430732655,7.249153592459571,55.821612640931576,74.84,0.0006295625659420243,19,73.12,73.12,0.0
4198,1b_2c,XPhos,Pd(OAc)2,Et3N,MeOH,24.86,2799,M5_ligand_onehot,Ligand identity one-hot baseline,24.86,32.284188454864804,11.891205456765729,8.977425759603975,55.59095115012563,74.84,0.00042723913305209305,20,73.12,73.12,0.0
842,1c_2a,P(Ph)3,Pd(OAc)2,Et3N,MeCN,97.45,561,M5_ligand_onehot,Ligand identity one-hot baseline,97.45,97.10485744932026,13.281160553203,71.07378276504238,123.13593213359815,98.53,4.391411355717382,1,97.45,97.45,0.0
1072,1c_2a,P(Cy)3,Pd(OAc)2,NaHCO3,MeOH,89.13,715,M5_ligand_onehot,Ligand identity one-hot baseline,89.13,94.92965917495451,13.072512013197183,69.30753562908802,120.551782720821,98.53,3.4194680043522103,2,97.45,97.45,0.0
1084,1c_2a,P(Cy)3,Pd(OAc)2,CsF,MeOH,89.81,723,M5_ligand_onehot,Ligand identity one-hot baseline,89.81,94.12219754461452,13.392371096143247,67.87315019617375,120.37124489305529,98.53,3.2436742079708902,3,97.45,97.45,0.0
1106,1c_2a,P(Ph)3,Pd(OAc)2,KOH,MeOH,93.94,737,M5_ligand_onehot,Ligand identity one-hot baseline,93.94,95.3147629105338,12.114271400307262,71.57079096593156,119.05873485513604,98.53,3.2007889456205567,4,97.45,97.45,0.0
835,1c_2a,SPhos,Pd(OAc)2,LiOtBu,MeCN,90.89,558,M5_ligand_onehot,Ligand identity one-hot baseline,90.89,90.35765405307555,13.306677687951112,64.27656578469137,116.43874232145973,98.53,2.0615648386747703,5,97.45,97.45,0.0
846,1c_2a,CataCXium A,Pd(OAc)2,Et3N,MeCN,92.52,565,M5_ligand_onehot,Ligand identity one-hot baseline,92.52,89.47231920526674,13.694860280689552,62.63039305511522,116.31424535541827,98.53,1.963672046688452,6,97.45,97.45,0.0
986,1c_2a,P(Ph)3,Pd(OAc)2,CsF,DMF,91.14,657,M5_ligand_onehot,Ligand identity one-hot baseline,91.14,91.14488378515574,12.329055793528253,66.97993442984037,115.30983314047111,98.53,1.9490153709295877,7,97.45,97.45,0.0
1094,1c_2a,P(Ph)3,Pd(OAc)2,K3PO4,MeOH,94.15,729,M5_ligand_onehot,Ligand identity one-hot baseline,94.15,90.68709297874808,11.726757586338003,67.7026481095256,113.67153784797057,98.53,1.643284980099472,8,97.45,97.45,0.0
1125,1c_2a,XPhos,Pd(OAc)2,LiOtBu,MeOH,82.88,751,M5_ligand_onehot,Ligand identity one-hot baseline,82.88,88.54099098298475,12.907881687378108,63.24154287572366,113.84043909024584,98.53,1.517447163850905,9,97.45,97.45,0.0
794,1c_2a,P(Ph)3,Pd(OAc)2,CsF,MeCN,96.49,529,M5_ligand_onehot,Ligand identity one-hot baseline,96.49,88.25080031680295,12.694145401904727,63.370275329069685,113.13132530453622,98.53,1.3981378249717373,10,97.45,97.45,0.0
831,1c_2a,AmPhos,Pd(OAc)2,LiOtBu,MeCN,84.74,554,M5_ligand_onehot,Ligand identity one-hot baseline,84.74,86.43001169107302,12.957703840091057,61.03291216449455,111.82711121765149,98.53,1.1375363942668963,11,97.45,97.45,0.0
988,1c_2a,P(Cy)3,Pd(OAc)2,CsF,DMF,94.46,659,M5_ligand_onehot,Ligand identity one-hot baseline,94.46,86.6398063340928,11.46921809022552,64.16013887725077,109.11947379093482,98.53,0.8181537172674365,12,97.45,97.45,0.0
1113,1c_2a,XPhos,Pd(OAc)2,KOH,MeOH,82.32,743,M5_ligand_onehot,Ligand identity one-hot baseline,82.32,83.93990150923435,12.343697528709232,59.74625435296426,108.13354866550443,98.53,0.6611622457780482,13,97.45,97.45,0.0
855,1c_2a,AmPhos,Pd(OAc)2,None,MeCN,90.67,570,M5_ligand_onehot,Ligand identity one-hot baseline,90.67,81.02076701323286,12.95835202894788,55.622397036495016,106.4191369899707,98.53,0.4859575666384972,14,97.45,97.45,0.0
786,1c_2a,CataCXium A,Pd(OAc)2,NaHCO3,MeCN,92.77,525,M5_ligand_onehot,Ligand identity one-hot baseline,92.77,79.64375746229128,13.457162283315212,53.26771938699346,106.01979553758909,98.53,0.4509671655322163,15,97.45,97.45,0.0
787,1c_2a,SPhos,Pd(OAc)2,NaHCO3,MeCN,78.31,526,M5_ligand_onehot,Ligand identity one-hot baseline,78.31,80.3585601629332,12.952557840505444,54.97154679554254,105.74557353032387,98.53,0.4331504489316551,16,97.45,97.45,0.0
784,1c_2a,P(Cy)3,Pd(OAc)2,NaHCO3,MeCN,93.05,523,M5_ligand_onehot,Ligand identity one-hot baseline,93.05,78.94961120086408,13.164621462899762,53.14695313358055,104.75226926814761,98.53,0.3640756299703227,17,97.45,97.45,0.0
843,1c_2a,AmPhos,Pd(OAc)2,Et3N,MeCN,85.04,562,M5_ligand_onehot,Ligand identity one-hot baseline,85.04,78.09773184569842,13.475535635370703,51.68568200037184,104.509781691025,98.53,0.34931129339040257,18,97.45,97.45,0.0
878,1c_2a,P(Ph)3,Pd(OAc)2,NaHCO3,THF,87.25,585,M5_ligand_onehot,Ligand identity one-hot baseline,87.25,78.65250591148897,12.482987617373311,54.18585018143729,103.11916164154066,98.53,0.2686663939032399,19,97.45,97.45,0.0
789,1c_2a,XPhos,Pd(OAc)2,NaHCO3,MeCN,78.08,527,M5_ligand_onehot,Ligand identity one-hot baseline,78.08,76.02023636183978,12.717240947087781,51.09444410554772,100.94602861813183,98.53,0.17732354859242094,20,97.45,97.45,0.0
1610,1c_2b,P(Ph)3,Pd(OAc)2,Et3N,MeCN,92.43,1073,M5_ligand_onehot,Ligand identity one-hot baseline,92.43,100.32515923040714,12.554008374212927,75.7193028169498,124.93101564386447,97.25,6.400903727820312,1,92.43,98.61,6.179999999999993
1802,1c_2b,P(Ph)3,Pd(OAc)2,Et3N,DMF,85.9,1201,M5_ligand_onehot,Ligand identity one-hot baseline,85.9,90.45648089126941,12.895466943205703,65.18136568258623,115.73159609995258,97.25,2.299378144158985,2,92.43,98.61,6.179999999999993
1718,1c_2b,P(Ph)3,Pd(OAc)2,None,THF,96.15,1145,M5_ligand_onehot,Ligand identity one-hot baseline,96.15,85.88978190194467,13.170477568561385,60.07564586756436,111.70391793632498,97.25,1.3214770507658327,3,96.15,98.61,2.4599999999999937
1591,1c_2b,SPhos,Pd(OAc)2,KOH,MeCN,84.76,1062,M5_ligand_onehot,Ligand identity one-hot baseline,84.76,85.70447507647636,13.091555787506463,60.045025732963694,111.36392441998902,97.25,1.2670684143869289,4,96.15,98.61,2.4599999999999937
1742,1c_2b,P(Ph)3,Pd(OAc)2,NaHCO3,DMF,90.99,1161,M5_ligand_onehot,Ligand identity one-hot baseline,90.99,83.8957626197474,13.268341348135323,57.889813577402165,109.90171166209264,97.25,1.0155866496660741,5,96.15,98.61,2.4599999999999937
1778,1c_2b,P(Ph)3,Pd(OAc)2,KOH,DMF,83.87,1185,M5_ligand_onehot,Ligand identity one-hot baseline,83.87,80.70138001197509,13.820273660909674,53.61364363659213,107.78911638735805,97.25,0.7234194980084385,6,96.15,98.61,2.4599999999999937
1587,1c_2b,AmPhos,Pd(OAc)2,KOH,MeCN,90.4,1058,M5_ligand_onehot,Ligand identity one-hot baseline,90.4,79.9347176145008,13.725112843262743,53.03349644170582,106.83593878729577,97.25,0.6275299744475644,7,96.15,98.61,2.4599999999999937
1627,1c_2b,SPhos,Pd(OAc)2,None,MeCN,61.68,1086,M5_ligand_onehot,Ligand identity one-hot baseline,61.68,81.94495793488014,12.227229225358107,57.97958865317825,105.91032721658203,97.25,0.5654847214939989,8,96.15,98.61,2.4599999999999937
1694,1c_2b,P(Ph)3,Pd(OAc)2,LiOtBu,THF,94.45,1129,M5_ligand_onehot,Ligand identity one-hot baseline,94.45,81.06446228201467,12.60883046240319,56.35115457570442,105.77776998832493,97.25,0.5461710820353671,9,96.15,98.61,2.4599999999999937
1636,1c_2b,P(Cy)3,Pd(OAc)2,NaOH,THF,66.25,1091,M5_ligand_onehot,Ligand identity one-hot baseline,66.25,77.26191773970555,14.546799140366407,48.7501914245874,105.7736440548237,97.25,0.523583295718069,10,96.15,98.61,2.4599999999999937
1795,1c_2b,SPhos,Pd(OAc)2,LiOtBu,DMF,77.06,1198,M5_ligand_onehot,Ligand identity one-hot baseline,77.06,81.05042381803409,11.91651002671242,57.694064165677744,104.40678347039044,97.25,0.4356285638815862,11,96.15,98.61,2.4599999999999937
1646,1c_2b,P(Ph)3,Pd(OAc)2,NaHCO3,THF,96.16,1097,M5_ligand_onehot,Ligand identity one-hot baseline,96.16,78.23089457153984,12.75760026800949,53.22599804624123,103.23579109683844,97.25,0.3490492879247098,12,96.16,98.61,2.450000000000003
1807,1c_2b,SPhos,Pd(OAc)2,Et3N,DMF,75.33,1206,M5_ligand_onehot,Ligand identity one-hot baseline,75.33,72.81128752930968,15.080252291239598,43.25399303848007,102.36858202013929,97.25,0.3084368701150435,13,96.16,98.61,2.450000000000003
1684,1c_2b,P(Cy)3,Pd(OAc)2,KOH,THF,75.02,1123,M5_ligand_onehot,Ligand identity one-hot baseline,75.02,75.75678063251648,12.731050762898438,50.80392113723555,100.70964012779741,97.25,0.21765215587874442,14,96.16,98.61,2.450000000000003
1759,1c_2b,SPhos,Pd(OAc)2,CsF,DMF,72.82,1174,M5_ligand_onehot,Ligand identity one-hot baseline,72.82,77.32194234854535,11.85707080440402,54.08208357191347,100.56180112517723,97.25,0.20504832060198674,15,96.16,98.61,2.450000000000003
1828,1c_2b,P(Cy)3,Pd(OAc)2,NaOH,MeOH,62.34,1219,M5_ligand_onehot,Ligand identity one-hot baseline,62.34,74.0135963680546,13.077356903115733,48.381976837947775,99.64521589816144,97.25,0.1797191240652739,16,96.16,98.61,2.450000000000003
1539,1c_2b,AmPhos,Pd(OAc)2,NaOH,MeCN,62.59,1026,M5_ligand_onehot,Ligand identity one-hot baseline,62.59,74.13122655004828,12.755169812219043,49.13109371809896,99.13135938199761,97.25,0.15969746084987801,17,96.16,98.61,2.450000000000003
1629,1c_2b,XPhos,Pd(OAc)2,None,MeCN,49.48,1087,M5_ligand_onehot,Ligand identity one-hot baseline,49.48,74.30751438154208,12.142046025063651,50.509104172417324,98.10592459066683,97.25,0.12389060687995779,18,96.16,98.61,2.450000000000003
1566,1c_2b,CataCXium A,Pd(OAc)2,CsF,MeCN,98.61,1045,M5_ligand_onehot,Ligand identity one-hot baseline,98.61,71.0078423810237,13.083509811570071,45.36416315034637,96.65152161170104,97.25,0.09866656477999336,19,98.61,98.61,0.0
1879,1c_2b,SPhos,Pd(OAc)2,KOH,MeOH,73.51,1254,M5_ligand_onehot,Ligand identity one-hot baseline,73.51,71.47036920238855,12.783493079340678,46.41472276688083,96.52601563789628,97.25,0.09336152316066293,20,98.61,98.61,0.0
3423,1c_2c,P(Ph)3,Pd(OAc)2,Et3N,MeOH,71.31,2281,M5_ligand_onehot,Ligand identity one-hot baseline,71.31,60.969593760496586,13.515055075291686,34.480085812924884,87.45910170806829,83.66,0.23774639110688278,1,71.31,84.54,13.230000000000004
3447,1c_2c,P(Ph)3,Pd(OAc)2,K3PO4,MeOH,84.54,2297,M5_ligand_onehot,Ligand identity one-hot baseline,84.54,64.36374604201977,11.444554960543929,41.93241831935367,86.79507376468587,83.66,0.1945890669637862,2,84.54,84.54,0.0
3425,1c_2c,P(Cy)3,Pd(OAc)2,Et3N,MeOH,69.26,2283,M5_ligand_onehot,Ligand identity one-hot baseline,69.26,48.477258925347044,14.605185427480896,19.85109548748449,77.1034223632096,83.66,0.03485999754381025,3,84.54,84.54,0.0
3389,1c_2c,P(Cy)3,Pd(OAc)2,KOH,MeOH,49.15,2259,M5_ligand_onehot,Ligand identity one-hot baseline,49.15,53.620382221421984,12.65924959773128,28.808253009868675,78.43251143297529,83.66,0.03317003685883163,4,84.54,84.54,0.0
3171,1c_2c,P(Ph)3,Pd(OAc)2,None,THF,47.59,2113,M5_ligand_onehot,Ligand identity one-hot baseline,47.59,49.42317099145531,13.597485395565542,22.772099616146846,76.07424236676377,83.66,0.02297690412352138,5,84.54,84.54,0.0
3376,1c_2c,AmPhos,Pd(OAc)2,NaOH,MeOH,39.11,2250,M5_ligand_onehot,Ligand identity one-hot baseline,39.11,43.33773774662148,12.665611745136141,18.51313872615464,68.16233676708832,83.66,0.002153257231774279,6,84.54,84.54,0.0
3170,1c_2c,P(tBu)3,Pd(OAc)2,None,THF,14.0,2112,M5_ligand_onehot,Ligand identity one-hot baseline,14.0,41.27946148223097,13.17070026629788,15.464888960287126,67.09403400417482,83.66,0.001981278633034579,7,84.54,84.54,0.0
3392,1c_2c,SPhos,Pd(OAc)2,KOH,MeOH,45.38,2262,M5_ligand_onehot,Ligand identity one-hot baseline,45.38,41.194578895798884,13.186867339347165,15.34831891067844,67.04083888091932,83.66,0.001965554749379494,8,84.54,84.54,0.0
3430,1c_2c,XPhos,Pd(OAc)2,Et3N,MeOH,30.62,2287,M5_ligand_onehot,Ligand identity one-hot baseline,30.62,35.83166967364973,14.192096696815947,8.015160147890473,63.648179199408986,83.66,0.0012047887817556828,9,84.54,84.54,0.0
3390,1c_2c,P(o-Tol)3,Pd(OAc)2,KOH,MeOH,37.72,2260,M5_ligand_onehot,Ligand identity one-hot baseline,37.72,42.283953961617414,12.233169040875076,18.306942641502264,66.26096528173257,83.66,0.0009686170948448869,10,84.54,84.54,0.0
3365,1c_2c,P(Cy)3,Pd(OAc)2,None,MeOH,26.1,2243,M5_ligand_onehot,Ligand identity one-hot baseline,26.1,43.0686609748679,12.008608840558859,19.53178764737254,66.60553430236327,83.66,0.0009558013038683429,11,84.54,84.54,0.0
3448,1c_2c,AmPhos,Pd(OAc)2,K3PO4,MeOH,31.28,2298,M5_ligand_onehot,Ligand identity one-hot baseline,31.28,41.8421499102127,12.261930276216567,17.808766568828226,65.87553325159718,83.66,0.0008699324993797827,12,84.54,84.54,0.0
3378,1c_2c,P(o-Tol)3,Pd(OAc)2,NaOH,MeOH,35.64,2252,M5_ligand_onehot,Ligand identity one-hot baseline,35.64,43.10562530597371,11.85751130429786,19.864903149549903,66.34634746239752,83.66,0.0008050866591556224,13,84.54,84.54,0.0
3315,1c_2c,P(Ph)3,Pd(OAc)2,NaHCO3,DMF,14.49,2209,M5_ligand_onehot,Ligand identity one-hot baseline,14.49,39.26432184902899,12.775602046665103,14.224141837565387,64.30450186049259,83.66,0.0007061080625919737,14,84.54,84.54,0.0
3439,1c_2c,CataCXium A,Pd(OAc)2,CsF,MeOH,43.3,2293,M5_ligand_onehot,Ligand identity one-hot baseline,43.3,40.518120869614975,12.211484756768487,16.583610746348743,64.45263099288121,83.66,0.000531072288110862,15,84.54,84.54,0.0
3366,1c_2c,P(o-Tol)3,Pd(OAc)2,None,MeOH,38.2,2244,M5_ligand_onehot,Ligand identity one-hot baseline,38.2,37.1289020201753,13.024665164742975,11.600558297279072,62.657245743071535,83.66,0.0004872355608380565,16,84.54,84.54,0.0
3172,1c_2c,AmPhos,Pd(OAc)2,None,THF,23.86,2114,M5_ligand_onehot,Ligand identity one-hot baseline,23.86,40.76526267371926,12.064531425883615,17.11878107898738,64.41174426845114,83.66,0.0004778705295278938,17,84.54,84.54,0.0
3374,1c_2c,P(tBu)3,Pd(OAc)2,NaOH,MeOH,23.77,2248,M5_ligand_onehot,Ligand identity one-hot baseline,23.77,39.248905508796966,12.216816142919047,15.303945868675633,63.1938651489183,83.66,0.0003495761053505138,18,84.54,84.54,0.0
3207,1c_2c,P(Ph)3,Pd(OAc)2,LiOtBu,THF,60.47,2137,M5_ligand_onehot,Ligand identity one-hot baseline,60.47,39.41443047463886,11.983695380292863,15.92638752926485,62.902473420012875,83.66,0.0002696783315415509,19,84.54,84.54,0.0
3142,1c_2c,XPhos,Pd(OAc)2,Et3N,MeCN,12.12,2095,M5_ligand_onehot,Ligand identity one-hot baseline,12.12,26.992917117174642,14.771779433998935,-1.9597705734632704,55.94560480781256,83.66,0.00018633870763466428,20,84.54,84.54,0.0
1358,1d_2a,P(Ph)3,Pd(OAc)2,NaHCO3,DMF,89.45,905,M5_ligand_onehot,Ligand identity one-hot baseline,89.45,99.33111434511254,12.342766511767312,75.1392919820486,123.52293670817647,98.69,4.994930405387518,1,89.45,98.2,8.75
1298,1d_2a,P(Ph)3,Pd(OAc)2,KOH,THF,65.45,865,M5_ligand_onehot,Ligand identity one-hot baseline,65.45,95.89146101759587,14.195042716079195,68.06917729408065,123.7137447411111,98.69,4.16594158845897,2,89.45,98.2,8.75
1214,1d_2a,P(Ph)3,Pd(OAc)2,LiOtBu,MeCN,98.2,809,M5_ligand_onehot,Ligand identity one-hot baseline,98.2,96.18899277846728,13.46658859030062,69.79447914147806,122.5835064154565,98.69,4.004738834106496,3,98.2,98.2,0.0
1494,1d_2a,CataCXium A,Pd(OAc)2,KOH,MeOH,95.06,997,M5_ligand_onehot,Ligand identity one-hot baseline,95.06,96.2668334718723,12.482567933371103,71.80100032246494,120.73266662127966,98.69,3.6541675746663373,4,98.2,98.2,0.0
1166,1d_2a,P(Ph)3,Pd(OAc)2,NaHCO3,MeCN,93.27,777,M5_ligand_onehot,Ligand identity one-hot baseline,93.27,94.81770709659492,13.95209514467457,67.47160061303276,122.16381358015707,98.69,3.651031501274531,5,98.2,98.2,0.0
1202,1d_2a,P(Ph)3,Pd(OAc)2,KOH,MeCN,91.35,801,M5_ligand_onehot,Ligand identity one-hot baseline,91.35,94.89489941874297,13.830695810630148,67.78673562990788,122.00306320757805,98.69,3.6340431408031537,6,98.2,98.2,0.0
1218,1d_2a,CataCXium A,Pd(OAc)2,LiOtBu,MeCN,94.64,813,M5_ligand_onehot,Ligand identity one-hot baseline,94.64,92.89929002986517,15.621358373917854,62.28142761698618,123.51715244274416,98.69,3.5852589052579718,7,98.2,98.2,0.0
1206,1d_2a,CataCXium A,Pd(OAc)2,KOH,MeCN,93.12,805,M5_ligand_onehot,Ligand identity one-hot baseline,93.12,95.71839962310511,12.638715932167225,70.94651639605735,120.49028285015288,98.69,3.4953424038166068,8,98.2,98.2,0.0
1456,1d_2a,P(Cy)3,Pd(OAc)2,NaHCO3,MeOH,92.43,971,M5_ligand_onehot,Ligand identity one-hot baseline,92.43,95.28321022690233,12.758969355709247,70.2756302897122,120.29079016409246,98.69,3.373469154677977,9,98.2,98.2,0.0
1518,1d_2a,CataCXium A,Pd(OAc)2,Et3N,MeOH,89.09,1013,M5_ligand_onehot,Ligand identity one-hot baseline,89.09,93.57116290983399,12.092926617077355,69.86902674036237,117.2732990793056,98.69,2.526555364498207,10,98.2,98.2,0.0
1213,1d_2a,P(tBu)3,Pd(OAc)2,LiOtBu,MeCN,92.92,808,M5_ligand_onehot,Ligand identity one-hot baseline,92.92,90.56046216962281,14.471140239110872,62.1970273009655,118.92389703828012,98.69,2.455494848713403,11,98.2,98.2,0.0
1242,1d_2a,CataCXium A,Pd(OAc)2,None,MeCN,80.77,829,M5_ligand_onehot,Ligand identity one-hot baseline,80.77,92.89713458466,12.151872691509393,69.07946410930158,116.7148050600184,98.69,2.3373474693263914,12,98.2,98.2,0.0
1394,1d_2a,P(Ph)3,Pd(OAc)2,KOH,DMF,92.73,929,M5_ligand_onehot,Ligand identity one-hot baseline,92.73,92.11485087245691,12.159861467649293,68.2815223958643,115.94817934904952,98.69,2.112253520085207,13,98.2,98.2,0.0
1505,1d_2a,P(o-Tol)3,Pd(OAc)2,LiOtBu,MeOH,92.65,1004,M5_ligand_onehot,Ligand identity one-hot baseline,92.65,87.9891360044711,14.80243873758284,58.97635607880874,117.00191593013346,98.69,1.9192458374342758,14,98.2,98.2,0.0
1418,1d_2a,P(Ph)3,Pd(OAc)2,Et3N,DMF,87.27,945,M5_ligand_onehot,Ligand identity one-hot baseline,87.27,89.7812296082192,13.416413758799738,63.485058640971715,116.0774005754667,98.69,1.9127509949919523,15,98.2,98.2,0.0
1497,1d_2a,XPhos,Pd(OAc)2,KOH,MeOH,90.57,999,M5_ligand_onehot,Ligand identity one-hot baseline,90.57,89.86957630199038,12.887484623657318,64.61010643962203,115.12904616435873,98.69,1.770042504050617,16,98.2,98.2,0.0
1479,1d_2a,AmPhos,Pd(OAc)2,K3PO4,MeOH,92.82,986,M5_ligand_onehot,Ligand identity one-hot baseline,92.82,90.3464302677049,12.432255575337399,65.97920934004361,114.7136511953662,98.69,1.7424472484097304,17,98.2,98.2,0.0
1170,1d_2a,CataCXium A,Pd(OAc)2,NaHCO3,MeCN,92.01,781,M5_ligand_onehot,Ligand identity one-hot baseline,92.01,88.28085425191031,13.913761951004055,61.00988082794237,115.55182767587826,98.69,1.720052488241131,18,98.2,98.2,0.0
1204,1d_2a,P(Cy)3,Pd(OAc)2,KOH,MeCN,83.91,803,M5_ligand_onehot,Ligand identity one-hot baseline,83.91,86.06041403193186,11.956452203871189,62.62576771234433,109.49506035151938,98.69,0.8235045519959745,19,98.2,98.2,0.0
1209,1d_2a,XPhos,Pd(OAc)2,KOH,MeCN,85.95,807,M5_ligand_onehot,Ligand identity one-hot baseline,85.95,83.5422290878321,13.065499203336392,57.933850649292765,109.15060752637143,98.69,0.7365609772485282,20,98.2,98.2,0.0
2077,1d_2b,P(tBu)3,Pd(OAc)2,LiOtBu,THF,93.55,1384,M5_ligand_onehot,Ligand identity one-hot baseline,93.55,102.7557841192302,11.57504720179453,80.06869160371292,125.44287663474748,98.42,6.786923869471506,1,93.55,100.0,6.450000000000003
1998,1d_2b,CataCXium A,Pd(OAc)2,Et3N,MeCN,94.32,1333,M5_ligand_onehot,Ligand identity one-hot baseline,94.32,100.70276651403753,12.629499698404201,75.9489471051653,125.45658592290977,98.42,5.979939069512753,2,94.32,100.0,5.680000000000007
1926,1d_2b,CataCXium A,Pd(OAc)2,NaOH,MeCN,94.39,1285,M5_ligand_onehot,Ligand identity one-hot baseline,94.39,100.0004708182289,11.860654572213253,76.75358785669093,123.24735377976688,98.42,5.291571914369355,3,94.39,100.0,5.609999999999999
2083,1d_2b,SPhos,Pd(OAc)2,LiOtBu,THF,95.34,1390,M5_ligand_onehot,Ligand identity one-hot baseline,95.34,99.29682257919131,11.837566720509676,76.09519180699235,122.49845335139028,98.42,4.913309667170315,4,95.34,100.0,4.659999999999997
2078,1d_2b,P(Ph)3,Pd(OAc)2,LiOtBu,THF,94.71,1385,M5_ligand_onehot,Ligand identity one-hot baseline,94.71,96.77542591169366,13.674580370220117,69.97324838606224,123.57760343732508,98.42,4.450032577678537,5,95.34,100.0,4.659999999999997
2066,1d_2b,P(Ph)3,Pd(OAc)2,KOH,THF,77.32,1377,M5_ligand_onehot,Ligand identity one-hot baseline,77.32,95.79631810389134,14.070906357220002,68.21734164374013,123.37529456404255,98.42,4.189395349247457,6,95.34,100.0,4.659999999999997
1923,1d_2b,AmPhos,Pd(OAc)2,NaOH,MeCN,94.83,1282,M5_ligand_onehot,Ligand identity one-hot baseline,94.83,95.42356025160325,11.89607830238517,72.10724677892831,118.73987372427818,98.42,3.201153663875143,7,95.34,100.0,4.659999999999997
2079,1d_2b,AmPhos,Pd(OAc)2,LiOtBu,THF,95.53,1386,M5_ligand_onehot,Ligand identity one-hot baseline,95.53,94.36284145713756,12.399226385970742,70.06035774063491,118.66532517364021,98.42,2.9983835847216866,8,95.53,100.0,4.469999999999999
2022,1d_2b,CataCXium A,Pd(OAc)2,NaOH,THF,92.59,1349,M5_ligand_onehot,Ligand identity one-hot baseline,92.59,94.80660935544313,11.801906459979046,71.6748726938842,117.93834601700206,98.42,2.9346988183826315,9,95.53,100.0,4.469999999999999
1929,1d_2b,XPhos,Pd(OAc)2,NaOH,MeCN,90.64,1287,M5_ligand_onehot,Ligand identity one-hot baseline,90.64,94.66343126820064,11.829318238873142,71.47796752000929,117.84889501639199,98.42,2.8931964903388554,10,95.53,100.0,4.469999999999999
2095,1d_2b,SPhos,Pd(OAc)2,Et3N,THF,85.37,1398,M5_ligand_onehot,Ligand identity one-hot baseline,85.37,92.47276090099999,12.858183785863435,67.27072068070765,117.67480112129232,98.42,2.5377099004323544,11,95.53,100.0,4.469999999999999
2163,1d_2b,AmPhos,Pd(OAc)2,KOH,DMF,91.35,1442,M5_ligand_onehot,Ligand identity one-hot baseline,91.35,93.80347910235841,11.62952511976266,71.0096098676236,116.59734833709322,98.42,2.5231657148379765,12,95.53,100.0,4.469999999999999
1994,1d_2b,P(Ph)3,Pd(OAc)2,Et3N,MeCN,94.38,1329,M5_ligand_onehot,Ligand identity one-hot baseline,94.38,90.30117742529944,12.064582060441804,66.6545965868335,113.94775826376538,98.42,1.682160170020099,13,95.53,100.0,4.469999999999999
2261,1d_2b,P(o-Tol)3,Pd(OAc)2,KOH,MeOH,86.4,1508,M5_ligand_onehot,Ligand identity one-hot baseline,86.4,88.66572025872293,13.08979582698738,63.00972043782767,114.32172007961819,98.42,1.6201048171880972,14,95.53,100.0,4.469999999999999
2222,1d_2b,P(Ph)3,Pd(OAc)2,NaHCO3,MeOH,87.84,1481,M5_ligand_onehot,Ligand identity one-hot baseline,87.84,89.04290681146124,12.691971123615124,64.16664340917559,113.91917021374688,98.42,1.5851187636672393,15,95.53,100.0,4.469999999999999
2215,1d_2b,SPhos,Pd(OAc)2,NaOH,MeOH,83.9,1478,M5_ligand_onehot,Ligand identity one-hot baseline,83.9,88.86092941109413,12.76741440047769,63.83679718615786,113.8850616360304,98.42,1.5678166459729406,16,95.53,100.0,4.469999999999999
2226,1d_2b,CataCXium A,Pd(OAc)2,NaHCO3,MeOH,83.75,1485,M5_ligand_onehot,Ligand identity one-hot baseline,83.75,87.56103245524993,13.419371171698636,61.2590649587206,113.86299995177926,98.42,1.485163345711202,17,95.53,100.0,4.469999999999999
1972,1d_2b,P(Cy)3,Pd(OAc)2,KOH,MeCN,91.07,1315,M5_ligand_onehot,Ligand identity one-hot baseline,91.07,88.09326344847148,12.749066826867212,63.105092467811744,113.0814344291312,98.42,1.404008693628473,18,95.53,100.0,4.469999999999999
2114,1d_2b,P(Ph)3,Pd(OAc)2,NaOH,DMF,88.53,1409,M5_ligand_onehot,Ligand identity one-hot baseline,88.53,89.52635156922085,11.470228144784773,67.0447044054427,112.007998732999,98.42,1.3333272387530066,19,95.53,100.0,4.469999999999999
2209,1d_2b,P(tBu)3,Pd(OAc)2,NaOH,MeOH,80.02,1472,M5_ligand_onehot,Ligand identity one-hot baseline,80.02,87.9255971749532,12.576950864293513,63.27477348093791,112.57642086896848,98.42,1.324034910244409,20,95.53,100.0,4.469999999999999
3833,1d_2c,P(Cy)3,Pd(OAc)2,K3PO4,MeOH,78.59,2555,M5_ligand_onehot,Ligand identity one-hot baseline,78.59,70.0821996473577,12.959056751392776,44.682448414627856,95.48195088008754,81.25,1.3006372806100588,1,78.59,80.09,1.5
3775,1d_2c,CataCXium A,Pd(OAc)2,KOH,MeOH,64.04,2517,M5_ligand_onehot,Ligand identity one-hot baseline,64.04,70.11689661318798,12.7642461704833,45.098974119040705,95.13481910733525,81.25,1.2554064106122174,2,78.59,80.09,1.5
3790,1d_2c,XPhos,Pd(OAc)2,LiOtBu,MeOH,64.55,2527,M5_ligand_onehot,Ligand identity one-hot baseline,64.55,68.09179632431199,13.49211095095788,41.64725886043454,94.53633378818944,81.25,1.0979964486627156,3,78.59,80.09,1.5
3786,1d_2c,P(o-Tol)3,Pd(OAc)2,LiOtBu,MeOH,73.24,2524,M5_ligand_onehot,Ligand identity one-hot baseline,73.24,66.64156008750737,14.282977155566009,38.646924862598,94.63619531241675,81.25,1.064689576872067,4,78.59,80.09,1.5
3797,1d_2c,P(Cy)3,Pd(OAc)2,NaHCO3,MeOH,69.95,2531,M5_ligand_onehot,Ligand identity one-hot baseline,69.95,66.30412043601793,12.635406020216662,41.53872463639327,91.06951623564258,81.25,0.6768789833017153,5,78.59,80.09,1.5
3810,1d_2c,P(o-Tol)3,Pd(OAc)2,Et3N,MeOH,79.4,2540,M5_ligand_onehot,Ligand identity one-hot baseline,79.4,63.75499827891732,13.720600655392795,36.86262099434744,90.6473755634872,81.25,0.6095106844282692,6,79.4,80.09,0.6899999999999977
3807,1d_2c,P(Ph)3,Pd(OAc)2,Et3N,MeOH,80.09,2537,M5_ligand_onehot,Ligand identity one-hot baseline,80.09,63.4672022466152,13.504991075043222,36.997419739530486,89.93698475369992,81.25,0.5478171517987651,7,80.09,80.09,0.0
3820,1d_2c,AmPhos,Pd(OAc)2,CsF,MeOH,78.92,2546,M5_ligand_onehot,Ligand identity one-hot baseline,78.92,58.44481009735285,12.974709886349135,33.014378720108546,83.87524147459715,81.25,0.18699989715717513,8,80.09,80.09,0.0
3619,1d_2c,CataCXium A,Pd(OAc)2,Et3N,THF,60.3,2413,M5_ligand_onehot,Ligand identity one-hot baseline,60.3,59.617572854884955,12.226806611718732,35.65303189591624,83.58211381385367,81.25,0.1701326279229166,9,80.09,80.09,0.0
3764,1d_2c,SPhos,Pd(OAc)2,NaOH,MeOH,62.57,2510,M5_ligand_onehot,Ligand identity one-hot baseline,62.57,57.49372308598404,13.007794696686842,31.998445480477827,82.98900069149025,81.25,0.15750249650778825,10,80.09,80.09,0.0
3579,1d_2c,P(Ph)3,Pd(OAc)2,KOH,THF,42.44,2385,M5_ligand_onehot,Ligand identity one-hot baseline,42.44,57.036566956501034,11.876850562298513,33.75793985439595,80.31519405860612,81.25,0.08099295473294399,11,80.09,80.09,0.0
3808,1d_2c,AmPhos,Pd(OAc)2,Et3N,MeOH,74.74,2538,M5_ligand_onehot,Ligand identity one-hot baseline,74.74,52.0961102360061,13.377189513213127,25.87681879010837,78.31540168190382,81.25,0.062324813132200285,12,80.09,80.09,0.0
3631,1d_2c,CataCXium A,Pd(OAc)2,CsF,THF,60.07,2421,M5_ligand_onehot,Ligand identity one-hot baseline,60.07,52.6198163730285,13.171571459664833,26.803536312085427,78.43609643397157,81.25,0.06227730055822067,13,80.09,80.09,0.0
3788,1d_2c,SPhos,Pd(OAc)2,LiOtBu,MeOH,69.82,2526,M5_ligand_onehot,Ligand identity one-hot baseline,69.82,52.04586343430954,12.49463542419758,27.55637800288228,76.5353488657368,81.25,0.036383847137769265,14,80.09,80.09,0.0
3812,1d_2c,SPhos,Pd(OAc)2,Et3N,MeOH,58.75,2542,M5_ligand_onehot,Ligand identity one-hot baseline,58.75,48.0174058917643,13.890933400542272,20.791176426701448,75.24363535682716,81.25,0.034679327772110524,15,80.09,80.09,0.0
3784,1d_2c,AmPhos,Pd(OAc)2,LiOtBu,MeOH,61.48,2522,M5_ligand_onehot,Ligand identity one-hot baseline,61.48,49.26833836850332,13.358085841571842,23.08649011902251,75.45018661798413,81.25,0.03302420691900654,16,80.09,80.09,0.0
3814,1d_2c,XPhos,Pd(OAc)2,Et3N,MeOH,44.35,2543,M5_ligand_onehot,Ligand identity one-hot baseline,44.35,46.54284711141507,13.392012961275546,20.294501707315003,72.79119251551514,81.25,0.017870568778965423,17,80.09,80.09,0.0
3826,1d_2c,XPhos,Pd(OAc)2,CsF,MeOH,50.87,2551,M5_ligand_onehot,Ligand identity one-hot baseline,50.87,47.616913273572344,12.886323161669504,22.35971987670012,72.87410667044458,81.25,0.016133504550826905,18,80.09,80.09,0.0
3557,1d_2c,P(Cy)3,Pd(OAc)2,None,THF,47.6,2371,M5_ligand_onehot,Ligand identity one-hot baseline,47.6,43.59109358575778,12.48238489633822,19.125619188934873,68.05656798258069,81.25,0.003894399091998048,19,80.09,80.09,0.0
3617,1d_2c,P(Cy)3,Pd(OAc)2,Et3N,THF,30.56,2411,M5_ligand_onehot,Ligand identity one-hot baseline,30.56,39.06749918285654,13.37385568724581,12.854742035854752,65.28025632985832,81.25,0.002556851569972266,20,80.09,80.09,0.0
