Reaction_No,Reactant_1_Name,Reactant_1_Short_Hand,Reactant_1_eq,Reactant_1_mmol,Reactant_2_Name,Reactant_2_eq,Catalyst_1_Short_Hand,Catalyst_1_eq,Ligand_Short_Hand,Ligand_eq,Reagent_1_Short_Hand,Reagent_1_eq,Solvent_1_Short_Hand,Product_Yield_PCT_Area_UV,Product_Yield_Mass_Ion_Count,Unnamed: 16,Unnamed: 17
1,6-chloroquinoline,"1a, 6-Cl-Q",1.0,0.0004,"2a, Boronic Acid",1.0,Pd(OAc)2,0.0625,P(tBu)3,0.125,NaOH,2.5,MeCN,4.76,6262.06,,
2,6-chloroquinoline,"1a, 6-Cl-Q",1.0,0.0004,"2a, Boronic Acid",1.0,Pd(OAc)2,0.0625,P(Ph)3 ,0.125,NaOH,2.5,MeCN,4.12,13245.57,,
3,6-chloroquinoline,"1a, 6-Cl-Q",1.0,0.0004,"2a, Boronic Acid",1.0,Pd(OAc)2,0.0625,AmPhos,0.125,NaOH,2.5,MeCN,2.58,3009.17,,
4,6-chloroquinoline,"1a, 6-Cl-Q",1.0,0.0004,"2a, Boronic Acid",1.0,Pd(OAc)2,0.0625,P(Cy)3,0.125,NaOH,2.5,MeCN,4.44,30860.7,,
5,6-chloroquinoline,"1a, 6-Cl-Q",1.0,0.0004,"2a, Boronic Acid",1.0,Pd(OAc)2,0.0625,P(o-Tol)3,0.125,NaOH,2.5,MeCN,1.95,2486.31,,
6,6-chloroquinoline,"1a, 6-Cl-Q",1.0,0.0004,"2a, Boronic Acid",1.0,Pd(OAc)2,0.0625,CataCXium A,0.125,NaOH,2.5,MeCN,3.25,9592.45,,
7,6-chloroquinoline,"1a, 6-Cl-Q",1.0,0.0004,"2a, Boronic Acid",1.0,Pd(OAc)2,0.0625,SPhos,0.125,NaOH,2.5,MeCN,86.26,108343.14,,
8,6-chloroquinoline,"1a, 6-Cl-Q",1.0,0.0004,"2a, Boronic Acid",1.0,Pd(OAc)2,0.0625,dtbpf,0.125,NaOH,2.5,MeCN,7.55,9373.4,,
9,6-chloroquinoline,"1a, 6-Cl-Q",1.0,0.0004,"2a, Boronic Acid",1.0,Pd(OAc)2,0.0625,XPhos,0.125,NaOH,2.5,MeCN,93.67,27239.2,,
10,6-chloroquinoline,"1a, 6-Cl-Q",1.0,0.0004,"2a, Boronic Acid",1.0,Pd(OAc)2,0.0625,dppf,0.125,NaOH,2.5,MeCN,14.32,7746.46,,
11,6-chloroquinoline,"1a, 6-Cl-Q",1.0,0.0004,"2a, Boronic Acid",1.0,Pd(OAc)2,0.0625,Xantphos,0.125,NaOH,2.5,MeCN,2.11,897.82,,
12,6-chloroquinoline,"1a, 6-Cl-Q",1.0,0.0004,"2a, Boronic Acid",1.0,Pd(OAc)2,0.0625,,,NaOH,2.5,MeCN,17.09,81111.32,,
13,6-chloroquinoline,"1a, 6-Cl-Q",1.0,0.0004,"2a, Boronic Acid",1.0,Pd(OAc)2,0.0625,P(tBu)3,0.125,NaHCO3,2.5,MeCN,3.16,4185.92,,
14,6-chloroquinoline,"1a, 6-Cl-Q",1.0,0.0004,"2a, Boronic Acid",1.0,Pd(OAc)2,0.0625,P(Ph)3 ,0.125,NaHCO3,2.5,MeCN,4.75,12755.63,,
15,6-chloroquinoline,"1a, 6-Cl-Q",1.0,0.0004,"2a, Boronic Acid",1.0,Pd(OAc)2,0.0625,AmPhos,0.125,NaHCO3,2.5,MeCN,2.46,2850.54,,
16,6-chloroquinoline,"1a, 6-Cl-Q",1.0,0.0004,"2a, Boronic Acid",1.0,Pd(OAc)2,0.0625,P(Cy)3,0.125,NaHCO3,2.5,MeCN,5.27,35567.25,,
17,6-chloroquinoline,"1a, 6-Cl-Q",1.0,0.0004,"2a, Boronic Acid",1.0,Pd(OAc)2,0.0625,P(o-Tol)3,0.125,NaHCO3,2.5,MeCN,1.96,2606.64,,
18,6-chloroquinoline,"1a, 6-Cl-Q",1.0,0.0004,"2a, Boronic Acid",1.0,Pd(OAc)2,0.0625,CataCXium A,0.125,NaHCO3,2.5,MeCN,3.35,11110.37,,
19,6-chloroquinoline,"1a, 6-Cl-Q",1.0,0.0004,"2a, Boronic Acid",1.0,Pd(OAc)2,0.0625,SPhos,0.125,NaHCO3,2.5,MeCN,69.22,80639.83,,
20,6-chloroquinoline,"1a, 6-Cl-Q",1.0,0.0004,"2a, Boronic Acid",1.0,Pd(OAc)2,0.0625,dtbpf,0.125,NaHCO3,2.5,MeCN,5.1,6992.26,,
21,6-chloroquinoline,"1a, 6-Cl-Q",1.0,0.0004,"2a, Boronic Acid",1.0,Pd(OAc)2,0.0625,XPhos,0.125,NaHCO3,2.5,MeCN,83.19,93978.65,,
22,6-chloroquinoline,"1a, 6-Cl-Q",1.0,0.0004,"2a, Boronic Acid",1.0,Pd(OAc)2,0.0625,dppf,0.125,NaHCO3,2.5,MeCN,13.68,7748.88,,
23,6-chloroquinoline,"1a, 6-Cl-Q",1.0,0.0004,"2a, Boronic Acid",1.0,Pd(OAc)2,0.0625,Xantphos,0.125,NaHCO3,2.5,MeCN,1.82,511.73,,
24,6-chloroquinoline,"1a, 6-Cl-Q",1.0,0.0004,"2a, Boronic Acid",1.0,Pd(OAc)2,0.0625,,,NaHCO3,2.5,MeCN,10.99,49531.99,,
25,6-chloroquinoline,"1a, 6-Cl-Q",1.0,0.0004,"2a, Boronic Acid",1.0,Pd(OAc)2,0.0625,P(tBu)3,0.125,CsF,2.5,MeCN,1.79,3366.81,,
26,6-chloroquinoline,"1a, 6-Cl-Q",1.0,0.0004,"2a, Boronic Acid",1.0,Pd(OAc)2,0.0625,P(Ph)3 ,0.125,CsF,2.5,MeCN,4.36,14015.84,,
27,6-chloroquinoline,"1a, 6-Cl-Q",1.0,0.0004,"2a, Boronic Acid",1.0,Pd(OAc)2,0.0625,AmPhos,0.125,CsF,2.5,MeCN,2.71,4001.6,,
28,6-chloroquinoline,"1a, 6-Cl-Q",1.0,0.0004,"2a, Boronic Acid",1.0,Pd(OAc)2,0.0625,P(Cy)3,0.125,CsF,2.5,MeCN,6.49,37162.74,,
29,6-chloroquinoline,"1a, 6-Cl-Q",1.0,0.0004,"2a, Boronic Acid",1.0,Pd(OAc)2,0.0625,P(o-Tol)3,0.125,CsF,2.5,MeCN,2.1,2770.51,,
30,6-chloroquinoline,"1a, 6-Cl-Q",1.0,0.0004,"2a, Boronic Acid",1.0,Pd(OAc)2,0.0625,CataCXium A,0.125,CsF,2.5,MeCN,3.32,9690.61,,
31,6-chloroquinoline,"1a, 6-Cl-Q",1.0,0.0004,"2a, Boronic Acid",1.0,Pd(OAc)2,0.0625,SPhos,0.125,CsF,2.5,MeCN,68.44,77744.35,,
32,6-chloroquinoline,"1a, 6-Cl-Q",1.0,0.0004,"2a, Boronic Acid",1.0,Pd(OAc)2,0.0625,dtbpf,0.125,CsF,2.5,MeCN,5.84,6066.0,,
33,6-chloroquinoline,"1a, 6-Cl-Q",1.0,0.0004,"2a, Boronic Acid",1.0,Pd(OAc)2,0.0625,XPhos,0.125,CsF,2.5,MeCN,73.02,83146.08,,
34,6-chloroquinoline,"1a, 6-Cl-Q",1.0,0.0004,"2a, Boronic Acid",1.0,Pd(OAc)2,0.0625,dppf,0.125,CsF,2.5,MeCN,13.2,4335.3,,
35,6-chloroquinoline,"1a, 6-Cl-Q",1.0,0.0004,"2a, Boronic Acid",1.0,Pd(OAc)2,0.0625,Xantphos,0.125,CsF,2.5,MeCN,2.1,517.93,,
36,6-chloroquinoline,"1a, 6-Cl-Q",1.0,0.0004,"2a, Boronic Acid",1.0,Pd(OAc)2,0.0625,,,CsF,2.5,MeCN,10.22,40428.33,,
37,6-chloroquinoline,"1a, 6-Cl-Q",1.0,0.0004,"2a, Boronic Acid",1.0,Pd(OAc)2,0.0625,P(tBu)3,0.125,K3PO4,2.5,MeCN,3.0,4636.03,,
38,6-chloroquinoline,"1a, 6-Cl-Q",1.0,0.0004,"2a, Boronic Acid",1.0,Pd(OAc)2,0.0625,P(Ph)3 ,0.125,K3PO4,2.5,MeCN,4.73,11853.53,,
39,6-chloroquinoline,"1a, 6-Cl-Q",1.0,0.0004,"2a, Boronic Acid",1.0,Pd(OAc)2,0.0625,AmPhos,0.125,K3PO4,2.5,MeCN,2.58,3677.14,,
40,6-chloroquinoline,"1a, 6-Cl-Q",1.0,0.0004,"2a, Boronic Acid",1.0,Pd(OAc)2,0.0625,P(Cy)3,0.125,K3PO4,2.5,MeCN,5.83,36076.51,,
41,6-chloroquinoline,"1a, 6-Cl-Q",1.0,0.0004,"2a, Boronic Acid",1.0,Pd(OAc)2,0.0625,P(o-Tol)3,0.125,K3PO4,2.5,MeCN,1.88,2827.82,,
42,6-chloroquinoline,"1a, 6-Cl-Q",1.0,0.0004,"2a, Boronic Acid",1.0,Pd(OAc)2,0.0625,CataCXium A,0.125,K3PO4,2.5,MeCN,3.69,10833.31,,
43,6-chloroquinoline,"1a, 6-Cl-Q",1.0,0.0004,"2a, Boronic Acid",1.0,Pd(OAc)2,0.0625,SPhos,0.125,K3PO4,2.5,MeCN,53.34,63071.2,,
44,6-chloroquinoline,"1a, 6-Cl-Q",1.0,0.0004,"2a, Boronic Acid",1.0,Pd(OAc)2,0.0625,dtbpf,0.125,K3PO4,2.5,MeCN,5.8,5469.16,,
45,6-chloroquinoline,"1a, 6-Cl-Q",1.0,0.0004,"2a, Boronic Acid",1.0,Pd(OAc)2,0.0625,XPhos,0.125,K3PO4,2.5,MeCN,60.67,63192.9,,
46,6-chloroquinoline,"1a, 6-Cl-Q",1.0,0.0004,"2a, Boronic Acid",1.0,Pd(OAc)2,0.0625,dppf,0.125,K3PO4,2.5,MeCN,14.39,3661.02,,
47,6-chloroquinoline,"1a, 6-Cl-Q",1.0,0.0004,"2a, Boronic Acid",1.0,Pd(OAc)2,0.0625,Xantphos,0.125,K3PO4,2.5,MeCN,2.27,700.15,,
48,6-chloroquinoline,"1a, 6-Cl-Q",1.0,0.0004,"2a, Boronic Acid",1.0,Pd(OAc)2,0.0625,,,K3PO4,2.5,MeCN,10.0,39301.82,,
49,6-chloroquinoline,"1a, 6-Cl-Q",1.0,0.0004,"2a, Boronic Acid",1.0,Pd(OAc)2,0.0625,P(tBu)3,0.125,KOH,2.5,MeCN,5.6,9067.92,,
50,6-chloroquinoline,"1a, 6-Cl-Q",1.0,0.0004,"2a, Boronic Acid",1.0,Pd(OAc)2,0.0625,P(Ph)3 ,0.125,KOH,2.5,MeCN,4.82,11886.08,,
51,6-chloroquinoline,"1a, 6-Cl-Q",1.0,0.0004,"2a, Boronic Acid",1.0,Pd(OAc)2,0.0625,AmPhos,0.125,KOH,2.5,MeCN,2.49,4111.19,,
52,6-chloroquinoline,"1a, 6-Cl-Q",1.0,0.0004,"2a, Boronic Acid",1.0,Pd(OAc)2,0.0625,P(Cy)3,0.125,KOH,2.5,MeCN,6.46,38789.5,,
53,6-chloroquinoline,"1a, 6-Cl-Q",1.0,0.0004,"2a, Boronic Acid",1.0,Pd(OAc)2,0.0625,P(o-Tol)3,0.125,KOH,2.5,MeCN,2.06,3781.08,,
54,6-chloroquinoline,"1a, 6-Cl-Q",1.0,0.0004,"2a, Boronic Acid",1.0,Pd(OAc)2,0.0625,CataCXium A,0.125,KOH,2.5,MeCN,3.22,8983.8,,
55,6-chloroquinoline,"1a, 6-Cl-Q",1.0,0.0004,"2a, Boronic Acid",1.0,Pd(OAc)2,0.0625,SPhos,0.125,KOH,2.5,MeCN,78.42,90780.38,,
56,6-chloroquinoline,"1a, 6-Cl-Q",1.0,0.0004,"2a, Boronic Acid",1.0,Pd(OAc)2,0.0625,dtbpf,0.125,KOH,2.5,MeCN,8.94,8182.37,,
57,6-chloroquinoline,"1a, 6-Cl-Q",1.0,0.0004,"2a, Boronic Acid",1.0,Pd(OAc)2,0.0625,XPhos,0.125,KOH,2.5,MeCN,92.22,111091.48,,
58,6-chloroquinoline,"1a, 6-Cl-Q",1.0,0.0004,"2a, Boronic Acid",1.0,Pd(OAc)2,0.0625,dppf,0.125,KOH,2.5,MeCN,14.22,7878.91,,
59,6-chloroquinoline,"1a, 6-Cl-Q",1.0,0.0004,"2a, Boronic Acid",1.0,Pd(OAc)2,0.0625,Xantphos,0.125,KOH,2.5,MeCN,2.35,1067.08,,
60,6-chloroquinoline,"1a, 6-Cl-Q",1.0,0.0004,"2a, Boronic Acid",1.0,Pd(OAc)2,0.0625,,,KOH,2.5,MeCN,18.16,67813.47,,
61,6-chloroquinoline,"1a, 6-Cl-Q",1.0,0.0004,"2a, Boronic Acid",1.0,Pd(OAc)2,0.0625,P(tBu)3,0.125,LiOtBu,2.5,MeCN,7.08,11614.38,,
62,6-chloroquinoline,"1a, 6-Cl-Q",1.0,0.0004,"2a, Boronic Acid",1.0,Pd(OAc)2,0.0625,P(Ph)3 ,0.125,LiOtBu,2.5,MeCN,5.45,12111.78,,
63,6-chloroquinoline,"1a, 6-Cl-Q",1.0,0.0004,"2a, Boronic Acid",1.0,Pd(OAc)2,0.0625,AmPhos,0.125,LiOtBu,2.5,MeCN,1.99,3362.72,,
64,6-chloroquinoline,"1a, 6-Cl-Q",1.0,0.0004,"2a, Boronic Acid",1.0,Pd(OAc)2,0.0625,P(Cy)3,0.125,LiOtBu,2.5,MeCN,6.08,32427.2,,
65,6-chloroquinoline,"1a, 6-Cl-Q",1.0,0.0004,"2a, Boronic Acid",1.0,Pd(OAc)2,0.0625,P(o-Tol)3,0.125,LiOtBu,2.5,MeCN,2.45,4340.44,,
66,6-chloroquinoline,"1a, 6-Cl-Q",1.0,0.0004,"2a, Boronic Acid",1.0,Pd(OAc)2,0.0625,CataCXium A,0.125,LiOtBu,2.5,MeCN,3.57,9150.86,,
67,6-chloroquinoline,"1a, 6-Cl-Q",1.0,0.0004,"2a, Boronic Acid",1.0,Pd(OAc)2,0.0625,SPhos,0.125,LiOtBu,2.5,MeCN,85.77,95117.75,,
68,6-chloroquinoline,"1a, 6-Cl-Q",1.0,0.0004,"2a, Boronic Acid",1.0,Pd(OAc)2,0.0625,dtbpf,0.125,LiOtBu,2.5,MeCN,9.78,9542.27,,
69,6-chloroquinoline,"1a, 6-Cl-Q",1.0,0.0004,"2a, Boronic Acid",1.0,Pd(OAc)2,0.0625,XPhos,0.125,LiOtBu,2.5,MeCN,92.83,102595.86,,
70,6-chloroquinoline,"1a, 6-Cl-Q",1.0,0.0004,"2a, Boronic Acid",1.0,Pd(OAc)2,0.0625,dppf,0.125,LiOtBu,2.5,MeCN,15.41,6378.37,,
71,6-chloroquinoline,"1a, 6-Cl-Q",1.0,0.0004,"2a, Boronic Acid",1.0,Pd(OAc)2,0.0625,Xantphos,0.125,LiOtBu,2.5,MeCN,2.43,1126.0,,
72,6-chloroquinoline,"1a, 6-Cl-Q",1.0,0.0004,"2a, Boronic Acid",1.0,Pd(OAc)2,0.0625,,,LiOtBu,2.5,MeCN,17.18,68542.48,,
73,6-chloroquinoline,"1a, 6-Cl-Q",1.0,0.0004,"2a, Boronic Acid",1.0,Pd(OAc)2,0.0625,P(tBu)3,0.125,Et3N,2.5,MeCN,7.82,13319.81,,
74,6-chloroquinoline,"1a, 6-Cl-Q",1.0,0.0004,"2a, Boronic Acid",1.0,Pd(OAc)2,0.0625,P(Ph)3 ,0.125,Et3N,2.5,MeCN,6.14,11270.71,,
75,6-chloroquinoline,"1a, 6-Cl-Q",1.0,0.0004,"2a, Boronic Acid",1.0,Pd(OAc)2,0.0625,AmPhos,0.125,Et3N,2.5,MeCN,2.13,3474.55,,
76,6-chloroquinoline,"1a, 6-Cl-Q",1.0,0.0004,"2a, Boronic Acid",1.0,Pd(OAc)2,0.0625,P(Cy)3,0.125,Et3N,2.5,MeCN,5.05,26015.73,,
77,6-chloroquinoline,"1a, 6-Cl-Q",1.0,0.0004,"2a, Boronic Acid",1.0,Pd(OAc)2,0.0625,P(o-Tol)3,0.125,Et3N,2.5,MeCN,1.98,3662.19,,
78,6-chloroquinoline,"1a, 6-Cl-Q",1.0,0.0004,"2a, Boronic Acid",1.0,Pd(OAc)2,0.0625,CataCXium A,0.125,Et3N,2.5,MeCN,4.47,11625.47,,
79,6-chloroquinoline,"1a, 6-Cl-Q",1.0,0.0004,"2a, Boronic Acid",1.0,Pd(OAc)2,0.0625,SPhos,0.125,Et3N,2.5,MeCN,78.96,96066.25,,
80,6-chloroquinoline,"1a, 6-Cl-Q",1.0,0.0004,"2a, Boronic Acid",1.0,Pd(OAc)2,0.0625,dtbpf,0.125,Et3N,2.5,MeCN,7.0,7068.83,,
81,6-chloroquinoline,"1a, 6-Cl-Q",1.0,0.0004,"2a, Boronic Acid",1.0,Pd(OAc)2,0.0625,XPhos,0.125,Et3N,2.5,MeCN,90.3,95108.57,,
82,6-chloroquinoline,"1a, 6-Cl-Q",1.0,0.0004,"2a, Boronic Acid",1.0,Pd(OAc)2,0.0625,dppf,0.125,Et3N,2.5,MeCN,15.36,7148.57,,
83,6-chloroquinoline,"1a, 6-Cl-Q",1.0,0.0004,"2a, Boronic Acid",1.0,Pd(OAc)2,0.0625,Xantphos,0.125,Et3N,2.5,MeCN,2.51,989.11,,
84,6-chloroquinoline,"1a, 6-Cl-Q",1.0,0.0004,"2a, Boronic Acid",1.0,Pd(OAc)2,0.0625,,,Et3N,2.5,MeCN,19.51,70616.92,,
85,6-chloroquinoline,"1a, 6-Cl-Q",1.0,0.0004,"2a, Boronic Acid",1.0,Pd(OAc)2,0.0625,P(tBu)3,0.125,,2.5,MeCN,9.76,16376.61,,
86,6-chloroquinoline,"1a, 6-Cl-Q",1.0,0.0004,"2a, Boronic Acid",1.0,Pd(OAc)2,0.0625,P(Ph)3 ,0.125,,2.5,MeCN,4.15,13262.26,,
87,6-chloroquinoline,"1a, 6-Cl-Q",1.0,0.0004,"2a, Boronic Acid",1.0,Pd(OAc)2,0.0625,AmPhos,0.125,,2.5,MeCN,1.53,3331.08,,
88,6-chloroquinoline,"1a, 6-Cl-Q",1.0,0.0004,"2a, Boronic Acid",1.0,Pd(OAc)2,0.0625,P(Cy)3,0.125,,2.5,MeCN,5.8,30328.13,,
89,6-chloroquinoline,"1a, 6-Cl-Q",1.0,0.0004,"2a, Boronic Acid",1.0,Pd(OAc)2,0.0625,P(o-Tol)3,0.125,,2.5,MeCN,2.65,4243.24,,
90,6-chloroquinoline,"1a, 6-Cl-Q",1.0,0.0004,"2a, Boronic Acid",1.0,Pd(OAc)2,0.0625,CataCXium A,0.125,,2.5,MeCN,4.43,12910.26,,
91,6-chloroquinoline,"1a, 6-Cl-Q",1.0,0.0004,"2a, Boronic Acid",1.0,Pd(OAc)2,0.0625,SPhos,0.125,,2.5,MeCN,66.8,75956.2,,
92,6-chloroquinoline,"1a, 6-Cl-Q",1.0,0.0004,"2a, Boronic Acid",1.0,Pd(OAc)2,0.0625,dtbpf,0.125,,2.5,MeCN,6.42,6849.33,,
93,6-chloroquinoline,"1a, 6-Cl-Q",1.0,0.0004,"2a, Boronic Acid",1.0,Pd(OAc)2,0.0625,XPhos,0.125,,2.5,MeCN,78.23,83904.55,,
94,6-chloroquinoline,"1a, 6-Cl-Q",1.0,0.0004,"2a, Boronic Acid",1.0,Pd(OAc)2,0.0625,dppf,0.125,,2.5,MeCN,13.95,6493.08,,
95,6-chloroquinoline,"1a, 6-Cl-Q",1.0,0.0004,"2a, Boronic Acid",1.0,Pd(OAc)2,0.0625,Xantphos,0.125,,2.5,MeCN,2.11,809.64,,
96,6-chloroquinoline,"1a, 6-Cl-Q",1.0,0.0004,"2a, Boronic Acid",1.0,Pd(OAc)2,0.0625,,,,2.5,MeCN,8.29,28481.36,,
97,6-chloroquinoline,"1a, 6-Cl-Q",1.0,0.0004,"2a, Boronic Acid",1.0,Pd(OAc)2,0.0625,P(tBu)3,0.125,NaOH,2.5,THF,33.79,46748.74,,
98,6-chloroquinoline,"1a, 6-Cl-Q",1.0,0.0004,"2a, Boronic Acid",1.0,Pd(OAc)2,0.0625,P(Ph)3 ,0.125,NaOH,2.5,THF,8.08,9823.26,,
99,6-chloroquinoline,"1a, 6-Cl-Q",1.0,0.0004,"2a, Boronic Acid",1.0,Pd(OAc)2,0.0625,AmPhos,0.125,NaOH,2.5,THF,61.2,65207.4,,
100,6-chloroquinoline,"1a, 6-Cl-Q",1.0,0.0004,"2a, Boronic Acid",1.0,Pd(OAc)2,0.0625,P(Cy)3,0.125,NaOH,2.5,THF,69.94,237558.38,,
101,6-chloroquinoline,"1a, 6-Cl-Q",1.0,0.0004,"2a, Boronic Acid",1.0,Pd(OAc)2,0.0625,P(o-Tol)3,0.125,NaOH,2.5,THF,7.2,13195.0,,
102,6-chloroquinoline,"1a, 6-Cl-Q",1.0,0.0004,"2a, Boronic Acid",1.0,Pd(OAc)2,0.0625,CataCXium A,0.125,NaOH,2.5,THF,79.47,256433.68,,
103,6-chloroquinoline,"1a, 6-Cl-Q",1.0,0.0004,"2a, Boronic Acid",1.0,Pd(OAc)2,0.0625,SPhos,0.125,NaOH,2.5,THF,87.06,94998.11,,
104,6-chloroquinoline,"1a, 6-Cl-Q",1.0,0.0004,"2a, Boronic Acid",1.0,Pd(OAc)2,0.0625,dtbpf,0.125,NaOH,2.5,THF,12.7,27853.76,,
105,6-chloroquinoline,"1a, 6-Cl-Q",1.0,0.0004,"2a, Boronic Acid",1.0,Pd(OAc)2,0.0625,XPhos,0.125,NaOH,2.5,THF,88.97,85607.99,,
106,6-chloroquinoline,"1a, 6-Cl-Q",1.0,0.0004,"2a, Boronic Acid",1.0,Pd(OAc)2,0.0625,dppf,0.125,NaOH,2.5,THF,27.93,16943.26,,
107,6-chloroquinoline,"1a, 6-Cl-Q",1.0,0.0004,"2a, Boronic Acid",1.0,Pd(OAc)2,0.0625,Xantphos,0.125,NaOH,2.5,THF,6.11,10507.55,,
108,6-chloroquinoline,"1a, 6-Cl-Q",1.0,0.0004,"2a, Boronic Acid",1.0,Pd(OAc)2,0.0625,,,NaOH,2.5,THF,20.0,51980.56,,
109,6-chloroquinoline,"1a, 6-Cl-Q",1.0,0.0004,"2a, Boronic Acid",1.0,Pd(OAc)2,0.0625,P(tBu)3,0.125,NaHCO3,2.5,THF,66.74,66473.58,,
110,6-chloroquinoline,"1a, 6-Cl-Q",1.0,0.0004,"2a, Boronic Acid",1.0,Pd(OAc)2,0.0625,P(Ph)3 ,0.125,NaHCO3,2.5,THF,8.11,12207.89,,
111,6-chloroquinoline,"1a, 6-Cl-Q",1.0,0.0004,"2a, Boronic Acid",1.0,Pd(OAc)2,0.0625,AmPhos,0.125,NaHCO3,2.5,THF,57.48,71710.58,,
112,6-chloroquinoline,"1a, 6-Cl-Q",1.0,0.0004,"2a, Boronic Acid",1.0,Pd(OAc)2,0.0625,P(Cy)3,0.125,NaHCO3,2.5,THF,61.89,263714.76,,
113,6-chloroquinoline,"1a, 6-Cl-Q",1.0,0.0004,"2a, Boronic Acid",1.0,Pd(OAc)2,0.0625,P(o-Tol)3,0.125,NaHCO3,2.5,THF,2.23,5509.06,,
114,6-chloroquinoline,"1a, 6-Cl-Q",1.0,0.0004,"2a, Boronic Acid",1.0,Pd(OAc)2,0.0625,CataCXium A,0.125,NaHCO3,2.5,THF,70.45,229816.31,,
115,6-chloroquinoline,"1a, 6-Cl-Q",1.0,0.0004,"2a, Boronic Acid",1.0,Pd(OAc)2,0.0625,SPhos,0.125,NaHCO3,2.5,THF,79.85,87916.29,,
116,6-chloroquinoline,"1a, 6-Cl-Q",1.0,0.0004,"2a, Boronic Acid",1.0,Pd(OAc)2,0.0625,dtbpf,0.125,NaHCO3,2.5,THF,9.6,32750.31,,
117,6-chloroquinoline,"1a, 6-Cl-Q",1.0,0.0004,"2a, Boronic Acid",1.0,Pd(OAc)2,0.0625,XPhos,0.125,NaHCO3,2.5,THF,80.77,90618.75,,
118,6-chloroquinoline,"1a, 6-Cl-Q",1.0,0.0004,"2a, Boronic Acid",1.0,Pd(OAc)2,0.0625,dppf,0.125,NaHCO3,2.5,THF,19.24,16490.13,,
119,6-chloroquinoline,"1a, 6-Cl-Q",1.0,0.0004,"2a, Boronic Acid",1.0,Pd(OAc)2,0.0625,Xantphos,0.125,NaHCO3,2.5,THF,5.2,13373.46,,
120,6-chloroquinoline,"1a, 6-Cl-Q",1.0,0.0004,"2a, Boronic Acid",1.0,Pd(OAc)2,0.0625,,,NaHCO3,2.5,THF,8.33,24316.82,,
121,6-chloroquinoline,"1a, 6-Cl-Q",1.0,0.0004,"2a, Boronic Acid",1.0,Pd(OAc)2,0.0625,P(tBu)3,0.125,CsF,2.5,THF,39.17,55746.74,,
122,6-chloroquinoline,"1a, 6-Cl-Q",1.0,0.0004,"2a, Boronic Acid",1.0,Pd(OAc)2,0.0625,P(Ph)3 ,0.125,CsF,2.5,THF,7.24,14962.33,,
123,6-chloroquinoline,"1a, 6-Cl-Q",1.0,0.0004,"2a, Boronic Acid",1.0,Pd(OAc)2,0.0625,AmPhos,0.125,CsF,2.5,THF,44.98,46546.91,,
124,6-chloroquinoline,"1a, 6-Cl-Q",1.0,0.0004,"2a, Boronic Acid",1.0,Pd(OAc)2,0.0625,P(Cy)3,0.125,CsF,2.5,THF,50.95,221587.37,,
125,6-chloroquinoline,"1a, 6-Cl-Q",1.0,0.0004,"2a, Boronic Acid",1.0,Pd(OAc)2,0.0625,P(o-Tol)3,0.125,CsF,2.5,THF,2.23,5386.74,,
126,6-chloroquinoline,"1a, 6-Cl-Q",1.0,0.0004,"2a, Boronic Acid",1.0,Pd(OAc)2,0.0625,CataCXium A,0.125,CsF,2.5,THF,61.29,217114.79,,
127,6-chloroquinoline,"1a, 6-Cl-Q",1.0,0.0004,"2a, Boronic Acid",1.0,Pd(OAc)2,0.0625,SPhos,0.125,CsF,2.5,THF,60.83,72183.68,,
128,6-chloroquinoline,"1a, 6-Cl-Q",1.0,0.0004,"2a, Boronic Acid",1.0,Pd(OAc)2,0.0625,dtbpf,0.125,CsF,2.5,THF,9.94,30859.05,,
129,6-chloroquinoline,"1a, 6-Cl-Q",1.0,0.0004,"2a, Boronic Acid",1.0,Pd(OAc)2,0.0625,XPhos,0.125,CsF,2.5,THF,53.52,65529.0,,
130,6-chloroquinoline,"1a, 6-Cl-Q",1.0,0.0004,"2a, Boronic Acid",1.0,Pd(OAc)2,0.0625,dppf,0.125,CsF,2.5,THF,18.18,11452.8,,
131,6-chloroquinoline,"1a, 6-Cl-Q",1.0,0.0004,"2a, Boronic Acid",1.0,Pd(OAc)2,0.0625,Xantphos,0.125,CsF,2.5,THF,3.68,560.83,,
132,6-chloroquinoline,"1a, 6-Cl-Q",1.0,0.0004,"2a, Boronic Acid",1.0,Pd(OAc)2,0.0625,,,CsF,2.5,THF,8.42,25981.95,,
133,6-chloroquinoline,"1a, 6-Cl-Q",1.0,0.0004,"2a, Boronic Acid",1.0,Pd(OAc)2,0.0625,P(tBu)3,0.125,K3PO4,2.5,THF,41.23,49419.39,,
134,6-chloroquinoline,"1a, 6-Cl-Q",1.0,0.0004,"2a, Boronic Acid",1.0,Pd(OAc)2,0.0625,P(Ph)3 ,0.125,K3PO4,2.5,THF,6.66,10124.35,,
135,6-chloroquinoline,"1a, 6-Cl-Q",1.0,0.0004,"2a, Boronic Acid",1.0,Pd(OAc)2,0.0625,AmPhos,0.125,K3PO4,2.5,THF,33.02,42027.54,,
136,6-chloroquinoline,"1a, 6-Cl-Q",1.0,0.0004,"2a, Boronic Acid",1.0,Pd(OAc)2,0.0625,P(Cy)3,0.125,K3PO4,2.5,THF,50.06,183695.99,,
137,6-chloroquinoline,"1a, 6-Cl-Q",1.0,0.0004,"2a, Boronic Acid",1.0,Pd(OAc)2,0.0625,P(o-Tol)3,0.125,K3PO4,2.5,THF,2.68,7336.68,,
138,6-chloroquinoline,"1a, 6-Cl-Q",1.0,0.0004,"2a, Boronic Acid",1.0,Pd(OAc)2,0.0625,CataCXium A,0.125,K3PO4,2.5,THF,55.85,204776.24,,
139,6-chloroquinoline,"1a, 6-Cl-Q",1.0,0.0004,"2a, Boronic Acid",1.0,Pd(OAc)2,0.0625,SPhos,0.125,K3PO4,2.5,THF,47.94,57820.99,,
140,6-chloroquinoline,"1a, 6-Cl-Q",1.0,0.0004,"2a, Boronic Acid",1.0,Pd(OAc)2,0.0625,dtbpf,0.125,K3PO4,2.5,THF,9.37,24803.31,,
141,6-chloroquinoline,"1a, 6-Cl-Q",1.0,0.0004,"2a, Boronic Acid",1.0,Pd(OAc)2,0.0625,XPhos,0.125,K3PO4,2.5,THF,52.33,62079.68,,
142,6-chloroquinoline,"1a, 6-Cl-Q",1.0,0.0004,"2a, Boronic Acid",1.0,Pd(OAc)2,0.0625,dppf,0.125,K3PO4,2.5,THF,20.18,11350.12,,
143,6-chloroquinoline,"1a, 6-Cl-Q",1.0,0.0004,"2a, Boronic Acid",1.0,Pd(OAc)2,0.0625,Xantphos,0.125,K3PO4,2.5,THF,4.25,2472.09,,
144,6-chloroquinoline,"1a, 6-Cl-Q",1.0,0.0004,"2a, Boronic Acid",1.0,Pd(OAc)2,0.0625,,,K3PO4,2.5,THF,7.98,22295.72,,
145,6-chloroquinoline,"1a, 6-Cl-Q",1.0,0.0004,"2a, Boronic Acid",1.0,Pd(OAc)2,0.0625,P(tBu)3,0.125,KOH,2.5,THF,48.56,54417.42,,
146,6-chloroquinoline,"1a, 6-Cl-Q",1.0,0.0004,"2a, Boronic Acid",1.0,Pd(OAc)2,0.0625,P(Ph)3 ,0.125,KOH,2.5,THF,7.77,10113.48,,
147,6-chloroquinoline,"1a, 6-Cl-Q",1.0,0.0004,"2a, Boronic Acid",1.0,Pd(OAc)2,0.0625,AmPhos,0.125,KOH,2.5,THF,42.73,48015.66,,
148,6-chloroquinoline,"1a, 6-Cl-Q",1.0,0.0004,"2a, Boronic Acid",1.0,Pd(OAc)2,0.0625,P(Cy)3,0.125,KOH,2.5,THF,55.08,203826.36,,
149,6-chloroquinoline,"1a, 6-Cl-Q",1.0,0.0004,"2a, Boronic Acid",1.0,Pd(OAc)2,0.0625,P(o-Tol)3,0.125,KOH,2.5,THF,3.03,6519.41,,
150,6-chloroquinoline,"1a, 6-Cl-Q",1.0,0.0004,"2a, Boronic Acid",1.0,Pd(OAc)2,0.0625,CataCXium A,0.125,KOH,2.5,THF,62.33,190660.18,,
151,6-chloroquinoline,"1a, 6-Cl-Q",1.0,0.0004,"2a, Boronic Acid",1.0,Pd(OAc)2,0.0625,SPhos,0.125,KOH,2.5,THF,73.31,75482.94,,
152,6-chloroquinoline,"1a, 6-Cl-Q",1.0,0.0004,"2a, Boronic Acid",1.0,Pd(OAc)2,0.0625,dtbpf,0.125,KOH,2.5,THF,12.3,21790.38,,
153,6-chloroquinoline,"1a, 6-Cl-Q",1.0,0.0004,"2a, Boronic Acid",1.0,Pd(OAc)2,0.0625,XPhos,0.125,KOH,2.5,THF,72.0,66944.06,,
154,6-chloroquinoline,"1a, 6-Cl-Q",1.0,0.0004,"2a, Boronic Acid",1.0,Pd(OAc)2,0.0625,dppf,0.125,KOH,2.5,THF,26.14,20002.93,,
155,6-chloroquinoline,"1a, 6-Cl-Q",1.0,0.0004,"2a, Boronic Acid",1.0,Pd(OAc)2,0.0625,Xantphos,0.125,KOH,2.5,THF,4.54,655.51,,
156,6-chloroquinoline,"1a, 6-Cl-Q",1.0,0.0004,"2a, Boronic Acid",1.0,Pd(OAc)2,0.0625,,,KOH,2.5,THF,17.83,49843.33,,
157,6-chloroquinoline,"1a, 6-Cl-Q",1.0,0.0004,"2a, Boronic Acid",1.0,Pd(OAc)2,0.0625,P(tBu)3,0.125,LiOtBu,2.5,THF,66.16,70107.76,,
158,6-chloroquinoline,"1a, 6-Cl-Q",1.0,0.0004,"2a, Boronic Acid",1.0,Pd(OAc)2,0.0625,P(Ph)3 ,0.125,LiOtBu,2.5,THF,9.92,10341.3,,
159,6-chloroquinoline,"1a, 6-Cl-Q",1.0,0.0004,"2a, Boronic Acid",1.0,Pd(OAc)2,0.0625,AmPhos,0.125,LiOtBu,2.5,THF,58.51,56193.51,,
160,6-chloroquinoline,"1a, 6-Cl-Q",1.0,0.0004,"2a, Boronic Acid",1.0,Pd(OAc)2,0.0625,P(Cy)3,0.125,LiOtBu,2.5,THF,78.15,209458.82,,
161,6-chloroquinoline,"1a, 6-Cl-Q",1.0,0.0004,"2a, Boronic Acid",1.0,Pd(OAc)2,0.0625,P(o-Tol)3,0.125,LiOtBu,2.5,THF,5.12,7813.62,,
162,6-chloroquinoline,"1a, 6-Cl-Q",1.0,0.0004,"2a, Boronic Acid",1.0,Pd(OAc)2,0.0625,CataCXium A,0.125,LiOtBu,2.5,THF,62.02,151551.59,,
163,6-chloroquinoline,"1a, 6-Cl-Q",1.0,0.0004,"2a, Boronic Acid",1.0,Pd(OAc)2,0.0625,SPhos,0.125,LiOtBu,2.5,THF,85.95,81248.64,,
164,6-chloroquinoline,"1a, 6-Cl-Q",1.0,0.0004,"2a, Boronic Acid",1.0,Pd(OAc)2,0.0625,dtbpf,0.125,LiOtBu,2.5,THF,13.91,24225.32,,
165,6-chloroquinoline,"1a, 6-Cl-Q",1.0,0.0004,"2a, Boronic Acid",1.0,Pd(OAc)2,0.0625,XPhos,0.125,LiOtBu,2.5,THF,85.21,76725.2,,
166,6-chloroquinoline,"1a, 6-Cl-Q",1.0,0.0004,"2a, Boronic Acid",1.0,Pd(OAc)2,0.0625,dppf,0.125,LiOtBu,2.5,THF,26.83,8388.39,,
167,6-chloroquinoline,"1a, 6-Cl-Q",1.0,0.0004,"2a, Boronic Acid",1.0,Pd(OAc)2,0.0625,Xantphos,0.125,LiOtBu,2.5,THF,0.0,0.0,,
168,6-chloroquinoline,"1a, 6-Cl-Q",1.0,0.0004,"2a, Boronic Acid",1.0,Pd(OAc)2,0.0625,,,LiOtBu,2.5,THF,35.37,83297.45,,
169,6-chloroquinoline,"1a, 6-Cl-Q",1.0,0.0004,"2a, Boronic Acid",1.0,Pd(OAc)2,0.0625,P(tBu)3,0.125,Et3N,2.5,THF,68.72,72856.09,,
170,6-chloroquinoline,"1a, 6-Cl-Q",1.0,0.0004,"2a, Boronic Acid",1.0,Pd(OAc)2,0.0625,P(Ph)3 ,0.125,Et3N,2.5,THF,10.16,13324.94,,
171,6-chloroquinoline,"1a, 6-Cl-Q",1.0,0.0004,"2a, Boronic Acid",1.0,Pd(OAc)2,0.0625,AmPhos,0.125,Et3N,2.5,THF,48.8,48965.85,,
172,6-chloroquinoline,"1a, 6-Cl-Q",1.0,0.0004,"2a, Boronic Acid",1.0,Pd(OAc)2,0.0625,P(Cy)3,0.125,Et3N,2.5,THF,82.65,240353.84,,
173,6-chloroquinoline,"1a, 6-Cl-Q",1.0,0.0004,"2a, Boronic Acid",1.0,Pd(OAc)2,0.0625,P(o-Tol)3,0.125,Et3N,2.5,THF,5.97,10295.61,,
174,6-chloroquinoline,"1a, 6-Cl-Q",1.0,0.0004,"2a, Boronic Acid",1.0,Pd(OAc)2,0.0625,CataCXium A,0.125,Et3N,2.5,THF,80.74,244764.62,,
175,6-chloroquinoline,"1a, 6-Cl-Q",1.0,0.0004,"2a, Boronic Acid",1.0,Pd(OAc)2,0.0625,SPhos,0.125,Et3N,2.5,THF,87.82,90083.17,,
176,6-chloroquinoline,"1a, 6-Cl-Q",1.0,0.0004,"2a, Boronic Acid",1.0,Pd(OAc)2,0.0625,dtbpf,0.125,Et3N,2.5,THF,13.56,29227.75,,
177,6-chloroquinoline,"1a, 6-Cl-Q",1.0,0.0004,"2a, Boronic Acid",1.0,Pd(OAc)2,0.0625,XPhos,0.125,Et3N,2.5,THF,88.93,84613.03,,
178,6-chloroquinoline,"1a, 6-Cl-Q",1.0,0.0004,"2a, Boronic Acid",1.0,Pd(OAc)2,0.0625,dppf,0.125,Et3N,2.5,THF,21.65,9602.58,,
179,6-chloroquinoline,"1a, 6-Cl-Q",1.0,0.0004,"2a, Boronic Acid",1.0,Pd(OAc)2,0.0625,Xantphos,0.125,Et3N,2.5,THF,3.64,596.0,,
180,6-chloroquinoline,"1a, 6-Cl-Q",1.0,0.0004,"2a, Boronic Acid",1.0,Pd(OAc)2,0.0625,,,Et3N,2.5,THF,14.67,43513.75,,
181,6-chloroquinoline,"1a, 6-Cl-Q",1.0,0.0004,"2a, Boronic Acid",1.0,Pd(OAc)2,0.0625,P(tBu)3,0.125,,2.5,THF,67.57,71020.34,,
182,6-chloroquinoline,"1a, 6-Cl-Q",1.0,0.0004,"2a, Boronic Acid",1.0,Pd(OAc)2,0.0625,P(Ph)3 ,0.125,,2.5,THF,9.44,13470.54,,
183,6-chloroquinoline,"1a, 6-Cl-Q",1.0,0.0004,"2a, Boronic Acid",1.0,Pd(OAc)2,0.0625,AmPhos,0.125,,2.5,THF,64.56,71647.53,,
184,6-chloroquinoline,"1a, 6-Cl-Q",1.0,0.0004,"2a, Boronic Acid",1.0,Pd(OAc)2,0.0625,P(Cy)3,0.125,,2.5,THF,73.97,250627.03,,
185,6-chloroquinoline,"1a, 6-Cl-Q",1.0,0.0004,"2a, Boronic Acid",1.0,Pd(OAc)2,0.0625,P(o-Tol)3,0.125,,2.5,THF,4.81,9423.82,,
186,6-chloroquinoline,"1a, 6-Cl-Q",1.0,0.0004,"2a, Boronic Acid",1.0,Pd(OAc)2,0.0625,CataCXium A,0.125,,2.5,THF,83.62,253988.6,,
187,6-chloroquinoline,"1a, 6-Cl-Q",1.0,0.0004,"2a, Boronic Acid",1.0,Pd(OAc)2,0.0625,SPhos,0.125,,2.5,THF,89.17,94300.41,,
188,6-chloroquinoline,"1a, 6-Cl-Q",1.0,0.0004,"2a, Boronic Acid",1.0,Pd(OAc)2,0.0625,dtbpf,0.125,,2.5,THF,10.97,27643.82,,
189,6-chloroquinoline,"1a, 6-Cl-Q",1.0,0.0004,"2a, Boronic Acid",1.0,Pd(OAc)2,0.0625,XPhos,0.125,,2.5,THF,91.35,91692.7,,
190,6-chloroquinoline,"1a, 6-Cl-Q",1.0,0.0004,"2a, Boronic Acid",1.0,Pd(OAc)2,0.0625,dppf,0.125,,2.5,THF,21.87,19546.31,,
191,6-chloroquinoline,"1a, 6-Cl-Q",1.0,0.0004,"2a, Boronic Acid",1.0,Pd(OAc)2,0.0625,Xantphos,0.125,,2.5,THF,4.57,2953.41,,
192,6-chloroquinoline,"1a, 6-Cl-Q",1.0,0.0004,"2a, Boronic Acid",1.0,Pd(OAc)2,0.0625,,,,2.5,THF,11.53,39514.18,,
193,6-chloroquinoline,"1a, 6-Cl-Q",1.0,0.0004,"2a, Boronic Acid",1.0,Pd(OAc)2,0.0625,P(tBu)3,0.125,NaOH,2.5,DMF,17.33,24718.36,,
194,6-chloroquinoline,"1a, 6-Cl-Q",1.0,0.0004,"2a, Boronic Acid",1.0,Pd(OAc)2,0.0625,P(Ph)3 ,0.125,NaOH,2.5,DMF,6.27,7528.3,,
195,6-chloroquinoline,"1a, 6-Cl-Q",1.0,0.0004,"2a, Boronic Acid",1.0,Pd(OAc)2,0.0625,AmPhos,0.125,NaOH,2.5,DMF,5.34,8328.13,,
196,6-chloroquinoline,"1a, 6-Cl-Q",1.0,0.0004,"2a, Boronic Acid",1.0,Pd(OAc)2,0.0625,P(Cy)3,0.125,NaOH,2.5,DMF,12.74,54270.16,,
197,6-chloroquinoline,"1a, 6-Cl-Q",1.0,0.0004,"2a, Boronic Acid",1.0,Pd(OAc)2,0.0625,P(o-Tol)3,0.125,NaOH,2.5,DMF,5.37,8183.34,,
198,6-chloroquinoline,"1a, 6-Cl-Q",1.0,0.0004,"2a, Boronic Acid",1.0,Pd(OAc)2,0.0625,CataCXium A,0.125,NaOH,2.5,DMF,8.6,26348.41,,
199,6-chloroquinoline,"1a, 6-Cl-Q",1.0,0.0004,"2a, Boronic Acid",1.0,Pd(OAc)2,0.0625,SPhos,0.125,NaOH,2.5,DMF,77.85,87857.73,,
200,6-chloroquinoline,"1a, 6-Cl-Q",1.0,0.0004,"2a, Boronic Acid",1.0,Pd(OAc)2,0.0625,dtbpf,0.125,NaOH,2.5,DMF,10.03,19606.22,,
201,6-chloroquinoline,"1a, 6-Cl-Q",1.0,0.0004,"2a, Boronic Acid",1.0,Pd(OAc)2,0.0625,XPhos,0.125,NaOH,2.5,DMF,88.28,97337.82,,
202,6-chloroquinoline,"1a, 6-Cl-Q",1.0,0.0004,"2a, Boronic Acid",1.0,Pd(OAc)2,0.0625,dppf,0.125,NaOH,2.5,DMF,13.87,6359.04,,
203,6-chloroquinoline,"1a, 6-Cl-Q",1.0,0.0004,"2a, Boronic Acid",1.0,Pd(OAc)2,0.0625,Xantphos,0.125,NaOH,2.5,DMF,4.8,655.62,,
204,6-chloroquinoline,"1a, 6-Cl-Q",1.0,0.0004,"2a, Boronic Acid",1.0,Pd(OAc)2,0.0625,,,NaOH,2.5,DMF,8.31,31065.07,,
205,6-chloroquinoline,"1a, 6-Cl-Q",1.0,0.0004,"2a, Boronic Acid",1.0,Pd(OAc)2,0.0625,P(tBu)3,0.125,NaHCO3,2.5,DMF,3.5,6295.17,,
206,6-chloroquinoline,"1a, 6-Cl-Q",1.0,0.0004,"2a, Boronic Acid",1.0,Pd(OAc)2,0.0625,P(Ph)3 ,0.125,NaHCO3,2.5,DMF,6.84,8214.46,,
207,6-chloroquinoline,"1a, 6-Cl-Q",1.0,0.0004,"2a, Boronic Acid",1.0,Pd(OAc)2,0.0625,AmPhos,0.125,NaHCO3,2.5,DMF,2.54,4152.3,,
208,6-chloroquinoline,"1a, 6-Cl-Q",1.0,0.0004,"2a, Boronic Acid",1.0,Pd(OAc)2,0.0625,P(Cy)3,0.125,NaHCO3,2.5,DMF,10.59,45881.4,,
209,6-chloroquinoline,"1a, 6-Cl-Q",1.0,0.0004,"2a, Boronic Acid",1.0,Pd(OAc)2,0.0625,P(o-Tol)3,0.125,NaHCO3,2.5,DMF,1.19,2340.68,,
210,6-chloroquinoline,"1a, 6-Cl-Q",1.0,0.0004,"2a, Boronic Acid",1.0,Pd(OAc)2,0.0625,CataCXium A,0.125,NaHCO3,2.5,DMF,7.85,29570.86,,
211,6-chloroquinoline,"1a, 6-Cl-Q",1.0,0.0004,"2a, Boronic Acid",1.0,Pd(OAc)2,0.0625,SPhos,0.125,NaHCO3,2.5,DMF,42.13,50255.85,,
212,6-chloroquinoline,"1a, 6-Cl-Q",1.0,0.0004,"2a, Boronic Acid",1.0,Pd(OAc)2,0.0625,dtbpf,0.125,NaHCO3,2.5,DMF,6.81,5739.18,,
213,6-chloroquinoline,"1a, 6-Cl-Q",1.0,0.0004,"2a, Boronic Acid",1.0,Pd(OAc)2,0.0625,XPhos,0.125,NaHCO3,2.5,DMF,37.01,44467.92,,
214,6-chloroquinoline,"1a, 6-Cl-Q",1.0,0.0004,"2a, Boronic Acid",1.0,Pd(OAc)2,0.0625,dppf,0.125,NaHCO3,2.5,DMF,16.24,12564.87,,
215,6-chloroquinoline,"1a, 6-Cl-Q",1.0,0.0004,"2a, Boronic Acid",1.0,Pd(OAc)2,0.0625,Xantphos,0.125,NaHCO3,2.5,DMF,0.0,0.0,,
216,6-chloroquinoline,"1a, 6-Cl-Q",1.0,0.0004,"2a, Boronic Acid",1.0,Pd(OAc)2,0.0625,,,NaHCO3,2.5,DMF,5.3,5458.02,,
217,6-chloroquinoline,"1a, 6-Cl-Q",1.0,0.0004,"2a, Boronic Acid",1.0,Pd(OAc)2,0.0625,P(tBu)3,0.125,CsF,2.5,DMF,1.22,2309.15,,
218,6-chloroquinoline,"1a, 6-Cl-Q",1.0,0.0004,"2a, Boronic Acid",1.0,Pd(OAc)2,0.0625,P(Ph)3 ,0.125,CsF,2.5,DMF,6.24,7540.01,,
219,6-chloroquinoline,"1a, 6-Cl-Q",1.0,0.0004,"2a, Boronic Acid",1.0,Pd(OAc)2,0.0625,AmPhos,0.125,CsF,2.5,DMF,4.25,7006.69,,
220,6-chloroquinoline,"1a, 6-Cl-Q",1.0,0.0004,"2a, Boronic Acid",1.0,Pd(OAc)2,0.0625,P(Cy)3,0.125,CsF,2.5,DMF,42.54,139599.5,,
221,6-chloroquinoline,"1a, 6-Cl-Q",1.0,0.0004,"2a, Boronic Acid",1.0,Pd(OAc)2,0.0625,P(o-Tol)3,0.125,CsF,2.5,DMF,1.05,1868.34,,
222,6-chloroquinoline,"1a, 6-Cl-Q",1.0,0.0004,"2a, Boronic Acid",1.0,Pd(OAc)2,0.0625,CataCXium A,0.125,CsF,2.5,DMF,12.89,41438.09,,
223,6-chloroquinoline,"1a, 6-Cl-Q",1.0,0.0004,"2a, Boronic Acid",1.0,Pd(OAc)2,0.0625,SPhos,0.125,CsF,2.5,DMF,63.88,64457.05,,
224,6-chloroquinoline,"1a, 6-Cl-Q",1.0,0.0004,"2a, Boronic Acid",1.0,Pd(OAc)2,0.0625,dtbpf,0.125,CsF,2.5,DMF,8.67,13095.47,,
225,6-chloroquinoline,"1a, 6-Cl-Q",1.0,0.0004,"2a, Boronic Acid",1.0,Pd(OAc)2,0.0625,XPhos,0.125,CsF,2.5,DMF,60.88,67185.26,,
226,6-chloroquinoline,"1a, 6-Cl-Q",1.0,0.0004,"2a, Boronic Acid",1.0,Pd(OAc)2,0.0625,dppf,0.125,CsF,2.5,DMF,8.67,13095.47,,
227,6-chloroquinoline,"1a, 6-Cl-Q",1.0,0.0004,"2a, Boronic Acid",1.0,Pd(OAc)2,0.0625,Xantphos,0.125,CsF,2.5,DMF,5.15,331.92,,
228,6-chloroquinoline,"1a, 6-Cl-Q",1.0,0.0004,"2a, Boronic Acid",1.0,Pd(OAc)2,0.0625,,,CsF,2.5,DMF,18.73,11222.71,,
229,6-chloroquinoline,"1a, 6-Cl-Q",1.0,0.0004,"2a, Boronic Acid",1.0,Pd(OAc)2,0.0625,P(tBu)3,0.125,K3PO4,2.5,DMF,3.69,6501.01,,
230,6-chloroquinoline,"1a, 6-Cl-Q",1.0,0.0004,"2a, Boronic Acid",1.0,Pd(OAc)2,0.0625,P(Ph)3 ,0.125,K3PO4,2.5,DMF,5.3,5242.61,,
231,6-chloroquinoline,"1a, 6-Cl-Q",1.0,0.0004,"2a, Boronic Acid",1.0,Pd(OAc)2,0.0625,AmPhos,0.125,K3PO4,2.5,DMF,5.08,8859.68,,
232,6-chloroquinoline,"1a, 6-Cl-Q",1.0,0.0004,"2a, Boronic Acid",1.0,Pd(OAc)2,0.0625,P(Cy)3,0.125,K3PO4,2.5,DMF,6.97,6565.96,,
233,6-chloroquinoline,"1a, 6-Cl-Q",1.0,0.0004,"2a, Boronic Acid",1.0,Pd(OAc)2,0.0625,P(o-Tol)3,0.125,K3PO4,2.5,DMF,0.99,1416.17,,
234,6-chloroquinoline,"1a, 6-Cl-Q",1.0,0.0004,"2a, Boronic Acid",1.0,Pd(OAc)2,0.0625,CataCXium A,0.125,K3PO4,2.5,DMF,11.91,51295.45,,
235,6-chloroquinoline,"1a, 6-Cl-Q",1.0,0.0004,"2a, Boronic Acid",1.0,Pd(OAc)2,0.0625,SPhos,0.125,K3PO4,2.5,DMF,39.83,46718.44,,
236,6-chloroquinoline,"1a, 6-Cl-Q",1.0,0.0004,"2a, Boronic Acid",1.0,Pd(OAc)2,0.0625,dtbpf,0.125,K3PO4,2.5,DMF,7.58,21645.89,,
237,6-chloroquinoline,"1a, 6-Cl-Q",1.0,0.0004,"2a, Boronic Acid",1.0,Pd(OAc)2,0.0625,XPhos,0.125,K3PO4,2.5,DMF,39.49,46691.67,,
238,6-chloroquinoline,"1a, 6-Cl-Q",1.0,0.0004,"2a, Boronic Acid",1.0,Pd(OAc)2,0.0625,dppf,0.125,K3PO4,2.5,DMF,9.03,12991.63,,
239,6-chloroquinoline,"1a, 6-Cl-Q",1.0,0.0004,"2a, Boronic Acid",1.0,Pd(OAc)2,0.0625,Xantphos,0.125,K3PO4,2.5,DMF,0.0,0.0,,
240,6-chloroquinoline,"1a, 6-Cl-Q",1.0,0.0004,"2a, Boronic Acid",1.0,Pd(OAc)2,0.0625,,,K3PO4,2.5,DMF,14.08,2959.43,,
241,6-chloroquinoline,"1a, 6-Cl-Q",1.0,0.0004,"2a, Boronic Acid",1.0,Pd(OAc)2,0.0625,P(tBu)3,0.125,KOH,2.5,DMF,13.55,19818.35,,
242,6-chloroquinoline,"1a, 6-Cl-Q",1.0,0.0004,"2a, Boronic Acid",1.0,Pd(OAc)2,0.0625,P(Ph)3 ,0.125,KOH,2.5,DMF,4.36,3723.81,,
243,6-chloroquinoline,"1a, 6-Cl-Q",1.0,0.0004,"2a, Boronic Acid",1.0,Pd(OAc)2,0.0625,AmPhos,0.125,KOH,2.5,DMF,3.3,5789.42,,
244,6-chloroquinoline,"1a, 6-Cl-Q",1.0,0.0004,"2a, Boronic Acid",1.0,Pd(OAc)2,0.0625,P(Cy)3,0.125,KOH,2.5,DMF,7.47,7020.31,,
245,6-chloroquinoline,"1a, 6-Cl-Q",1.0,0.0004,"2a, Boronic Acid",1.0,Pd(OAc)2,0.0625,P(o-Tol)3,0.125,KOH,2.5,DMF,3.54,6230.07,,
246,6-chloroquinoline,"1a, 6-Cl-Q",1.0,0.0004,"2a, Boronic Acid",1.0,Pd(OAc)2,0.0625,CataCXium A,0.125,KOH,2.5,DMF,10.67,44994.31,,
247,6-chloroquinoline,"1a, 6-Cl-Q",1.0,0.0004,"2a, Boronic Acid",1.0,Pd(OAc)2,0.0625,SPhos,0.125,KOH,2.5,DMF,62.77,68293.3,,
248,6-chloroquinoline,"1a, 6-Cl-Q",1.0,0.0004,"2a, Boronic Acid",1.0,Pd(OAc)2,0.0625,dtbpf,0.125,KOH,2.5,DMF,8.83,23602.66,,
249,6-chloroquinoline,"1a, 6-Cl-Q",1.0,0.0004,"2a, Boronic Acid",1.0,Pd(OAc)2,0.0625,XPhos,0.125,KOH,2.5,DMF,79.14,78869.83,,
250,6-chloroquinoline,"1a, 6-Cl-Q",1.0,0.0004,"2a, Boronic Acid",1.0,Pd(OAc)2,0.0625,dppf,0.125,KOH,2.5,DMF,10.07,19256.08,,
251,6-chloroquinoline,"1a, 6-Cl-Q",1.0,0.0004,"2a, Boronic Acid",1.0,Pd(OAc)2,0.0625,Xantphos,0.125,KOH,2.5,DMF,4.46,571.84,,
252,6-chloroquinoline,"1a, 6-Cl-Q",1.0,0.0004,"2a, Boronic Acid",1.0,Pd(OAc)2,0.0625,,,KOH,2.5,DMF,15.88,5760.54,,
253,6-chloroquinoline,"1a, 6-Cl-Q",1.0,0.0004,"2a, Boronic Acid",1.0,Pd(OAc)2,0.0625,P(tBu)3,0.125,LiOtBu,2.5,DMF,23.07,30709.08,,
254,6-chloroquinoline,"1a, 6-Cl-Q",1.0,0.0004,"2a, Boronic Acid",1.0,Pd(OAc)2,0.0625,P(Ph)3 ,0.125,LiOtBu,2.5,DMF,7.07,20762.6,,
255,6-chloroquinoline,"1a, 6-Cl-Q",1.0,0.0004,"2a, Boronic Acid",1.0,Pd(OAc)2,0.0625,AmPhos,0.125,LiOtBu,2.5,DMF,4.12,6526.23,,
256,6-chloroquinoline,"1a, 6-Cl-Q",1.0,0.0004,"2a, Boronic Acid",1.0,Pd(OAc)2,0.0625,P(Cy)3,0.125,LiOtBu,2.5,DMF,6.71,8015.99,,
257,6-chloroquinoline,"1a, 6-Cl-Q",1.0,0.0004,"2a, Boronic Acid",1.0,Pd(OAc)2,0.0625,P(o-Tol)3,0.125,LiOtBu,2.5,DMF,2.67,4236.39,,
258,6-chloroquinoline,"1a, 6-Cl-Q",1.0,0.0004,"2a, Boronic Acid",1.0,Pd(OAc)2,0.0625,CataCXium A,0.125,LiOtBu,2.5,DMF,6.27,19317.04,,
259,6-chloroquinoline,"1a, 6-Cl-Q",1.0,0.0004,"2a, Boronic Acid",1.0,Pd(OAc)2,0.0625,SPhos,0.125,LiOtBu,2.5,DMF,71.54,81731.55,,
260,6-chloroquinoline,"1a, 6-Cl-Q",1.0,0.0004,"2a, Boronic Acid",1.0,Pd(OAc)2,0.0625,dtbpf,0.125,LiOtBu,2.5,DMF,10.01,24128.48,,
261,6-chloroquinoline,"1a, 6-Cl-Q",1.0,0.0004,"2a, Boronic Acid",1.0,Pd(OAc)2,0.0625,XPhos,0.125,LiOtBu,2.5,DMF,61.47,60868.66,,
262,6-chloroquinoline,"1a, 6-Cl-Q",1.0,0.0004,"2a, Boronic Acid",1.0,Pd(OAc)2,0.0625,dppf,0.125,LiOtBu,2.5,DMF,9.54,16883.8,,
263,6-chloroquinoline,"1a, 6-Cl-Q",1.0,0.0004,"2a, Boronic Acid",1.0,Pd(OAc)2,0.0625,Xantphos,0.125,LiOtBu,2.5,DMF,0.0,0.0,,
264,6-chloroquinoline,"1a, 6-Cl-Q",1.0,0.0004,"2a, Boronic Acid",1.0,Pd(OAc)2,0.0625,,,LiOtBu,2.5,DMF,15.89,3317.87,,
265,6-chloroquinoline,"1a, 6-Cl-Q",1.0,0.0004,"2a, Boronic Acid",1.0,Pd(OAc)2,0.0625,P(tBu)3,0.125,Et3N,2.5,DMF,17.9,23048.48,,
266,6-chloroquinoline,"1a, 6-Cl-Q",1.0,0.0004,"2a, Boronic Acid",1.0,Pd(OAc)2,0.0625,P(Ph)3 ,0.125,Et3N,2.5,DMF,4.61,9397.23,,
267,6-chloroquinoline,"1a, 6-Cl-Q",1.0,0.0004,"2a, Boronic Acid",1.0,Pd(OAc)2,0.0625,AmPhos,0.125,Et3N,2.5,DMF,4.6,7168.32,,
268,6-chloroquinoline,"1a, 6-Cl-Q",1.0,0.0004,"2a, Boronic Acid",1.0,Pd(OAc)2,0.0625,P(Cy)3,0.125,Et3N,2.5,DMF,7.56,5533.4,,
269,6-chloroquinoline,"1a, 6-Cl-Q",1.0,0.0004,"2a, Boronic Acid",1.0,Pd(OAc)2,0.0625,P(o-Tol)3,0.125,Et3N,2.5,DMF,2.56,3714.79,,
270,6-chloroquinoline,"1a, 6-Cl-Q",1.0,0.0004,"2a, Boronic Acid",1.0,Pd(OAc)2,0.0625,CataCXium A,0.125,Et3N,2.5,DMF,6.26,23127.27,,
271,6-chloroquinoline,"1a, 6-Cl-Q",1.0,0.0004,"2a, Boronic Acid",1.0,Pd(OAc)2,0.0625,SPhos,0.125,Et3N,2.5,DMF,72.84,80673.39,,
272,6-chloroquinoline,"1a, 6-Cl-Q",1.0,0.0004,"2a, Boronic Acid",1.0,Pd(OAc)2,0.0625,dtbpf,0.125,Et3N,2.5,DMF,10.17,26623.9,,
273,6-chloroquinoline,"1a, 6-Cl-Q",1.0,0.0004,"2a, Boronic Acid",1.0,Pd(OAc)2,0.0625,XPhos,0.125,Et3N,2.5,DMF,67.48,70499.49,,
274,6-chloroquinoline,"1a, 6-Cl-Q",1.0,0.0004,"2a, Boronic Acid",1.0,Pd(OAc)2,0.0625,dppf,0.125,Et3N,2.5,DMF,9.64,15943.64,,
275,6-chloroquinoline,"1a, 6-Cl-Q",1.0,0.0004,"2a, Boronic Acid",1.0,Pd(OAc)2,0.0625,Xantphos,0.125,Et3N,2.5,DMF,0.0,0.0,,
276,6-chloroquinoline,"1a, 6-Cl-Q",1.0,0.0004,"2a, Boronic Acid",1.0,Pd(OAc)2,0.0625,,,Et3N,2.5,DMF,15.05,3012.02,,
277,6-chloroquinoline,"1a, 6-Cl-Q",1.0,0.0004,"2a, Boronic Acid",1.0,Pd(OAc)2,0.0625,P(tBu)3,0.125,,2.5,DMF,19.08,23964.81,,
278,6-chloroquinoline,"1a, 6-Cl-Q",1.0,0.0004,"2a, Boronic Acid",1.0,Pd(OAc)2,0.0625,P(Ph)3 ,0.125,,2.5,DMF,4.88,12553.8,,
279,6-chloroquinoline,"1a, 6-Cl-Q",1.0,0.0004,"2a, Boronic Acid",1.0,Pd(OAc)2,0.0625,AmPhos,0.125,,2.5,DMF,5.43,9045.3,,
280,6-chloroquinoline,"1a, 6-Cl-Q",1.0,0.0004,"2a, Boronic Acid",1.0,Pd(OAc)2,0.0625,P(Cy)3,0.125,,2.5,DMF,7.06,6774.79,,
281,6-chloroquinoline,"1a, 6-Cl-Q",1.0,0.0004,"2a, Boronic Acid",1.0,Pd(OAc)2,0.0625,P(o-Tol)3,0.125,,2.5,DMF,1.22,2204.5,,
282,6-chloroquinoline,"1a, 6-Cl-Q",1.0,0.0004,"2a, Boronic Acid",1.0,Pd(OAc)2,0.0625,CataCXium A,0.125,,2.5,DMF,8.89,36044.49,,
283,6-chloroquinoline,"1a, 6-Cl-Q",1.0,0.0004,"2a, Boronic Acid",1.0,Pd(OAc)2,0.0625,SPhos,0.125,,2.5,DMF,49.12,53073.76,,
284,6-chloroquinoline,"1a, 6-Cl-Q",1.0,0.0004,"2a, Boronic Acid",1.0,Pd(OAc)2,0.0625,dtbpf,0.125,,2.5,DMF,11.15,30547.13,,
285,6-chloroquinoline,"1a, 6-Cl-Q",1.0,0.0004,"2a, Boronic Acid",1.0,Pd(OAc)2,0.0625,XPhos,0.125,,2.5,DMF,43.52,48387.18,,
286,6-chloroquinoline,"1a, 6-Cl-Q",1.0,0.0004,"2a, Boronic Acid",1.0,Pd(OAc)2,0.0625,dppf,0.125,,2.5,DMF,8.86,11900.98,,
287,6-chloroquinoline,"1a, 6-Cl-Q",1.0,0.0004,"2a, Boronic Acid",1.0,Pd(OAc)2,0.0625,Xantphos,0.125,,2.5,DMF,0.0,0.0,,
288,6-chloroquinoline,"1a, 6-Cl-Q",1.0,0.0004,"2a, Boronic Acid",1.0,Pd(OAc)2,0.0625,,,,2.5,DMF,15.12,5314.2,,
289,6-chloroquinoline,"1a, 6-Cl-Q",1.0,0.0004,"2a, Boronic Acid",1.0,Pd(OAc)2,0.0625,P(tBu)3,0.125,NaOH,2.5,MeOH,33.37,8449.87,,
290,6-chloroquinoline,"1a, 6-Cl-Q",1.0,0.0004,"2a, Boronic Acid",1.0,Pd(OAc)2,0.0625,P(Ph)3 ,0.125,NaOH,2.5,MeOH,15.35,1943.0,,
291,6-chloroquinoline,"1a, 6-Cl-Q",1.0,0.0004,"2a, Boronic Acid",1.0,Pd(OAc)2,0.0625,AmPhos,0.125,NaOH,2.5,MeOH,30.96,8289.0,,
292,6-chloroquinoline,"1a, 6-Cl-Q",1.0,0.0004,"2a, Boronic Acid",1.0,Pd(OAc)2,0.0625,P(Cy)3,0.125,NaOH,2.5,MeOH,32.72,7755.36,,
293,6-chloroquinoline,"1a, 6-Cl-Q",1.0,0.0004,"2a, Boronic Acid",1.0,Pd(OAc)2,0.0625,P(o-Tol)3,0.125,NaOH,2.5,MeOH,34.24,5380.28,,
294,6-chloroquinoline,"1a, 6-Cl-Q",1.0,0.0004,"2a, Boronic Acid",1.0,Pd(OAc)2,0.0625,CataCXium A,0.125,NaOH,2.5,MeOH,14.91,5190.78,,
295,6-chloroquinoline,"1a, 6-Cl-Q",1.0,0.0004,"2a, Boronic Acid",1.0,Pd(OAc)2,0.0625,SPhos,0.125,NaOH,2.5,MeOH,43.3,32620.61,,
296,6-chloroquinoline,"1a, 6-Cl-Q",1.0,0.0004,"2a, Boronic Acid",1.0,Pd(OAc)2,0.0625,dtbpf,0.125,NaOH,2.5,MeOH,17.57,2948.89,,
297,6-chloroquinoline,"1a, 6-Cl-Q",1.0,0.0004,"2a, Boronic Acid",1.0,Pd(OAc)2,0.0625,XPhos,0.125,NaOH,2.5,MeOH,37.65,44253.81,,
298,6-chloroquinoline,"1a, 6-Cl-Q",1.0,0.0004,"2a, Boronic Acid",1.0,Pd(OAc)2,0.0625,dppf,0.125,NaOH,2.5,MeOH,14.59,883.08,,
299,6-chloroquinoline,"1a, 6-Cl-Q",1.0,0.0004,"2a, Boronic Acid",1.0,Pd(OAc)2,0.0625,Xantphos,0.125,NaOH,2.5,MeOH,13.1,829.01,,
300,6-chloroquinoline,"1a, 6-Cl-Q",1.0,0.0004,"2a, Boronic Acid",1.0,Pd(OAc)2,0.0625,,,NaOH,2.5,MeOH,15.33,8820.16,,
301,6-chloroquinoline,"1a, 6-Cl-Q",1.0,0.0004,"2a, Boronic Acid",1.0,Pd(OAc)2,0.0625,P(tBu)3,0.125,NaHCO3,2.5,MeOH,27.3,5678.32,,
302,6-chloroquinoline,"1a, 6-Cl-Q",1.0,0.0004,"2a, Boronic Acid",1.0,Pd(OAc)2,0.0625,P(Ph)3 ,0.125,NaHCO3,2.5,MeOH,37.47,8083.24,,
303,6-chloroquinoline,"1a, 6-Cl-Q",1.0,0.0004,"2a, Boronic Acid",1.0,Pd(OAc)2,0.0625,AmPhos,0.125,NaHCO3,2.5,MeOH,13.08,1516.94,,
304,6-chloroquinoline,"1a, 6-Cl-Q",1.0,0.0004,"2a, Boronic Acid",1.0,Pd(OAc)2,0.0625,P(Cy)3,0.125,NaHCO3,2.5,MeOH,27.89,6237.55,,
305,6-chloroquinoline,"1a, 6-Cl-Q",1.0,0.0004,"2a, Boronic Acid",1.0,Pd(OAc)2,0.0625,P(o-Tol)3,0.125,NaHCO3,2.5,MeOH,14.4,1132.76,,
306,6-chloroquinoline,"1a, 6-Cl-Q",1.0,0.0004,"2a, Boronic Acid",1.0,Pd(OAc)2,0.0625,CataCXium A,0.125,NaHCO3,2.5,MeOH,25.15,7077.68,,
307,6-chloroquinoline,"1a, 6-Cl-Q",1.0,0.0004,"2a, Boronic Acid",1.0,Pd(OAc)2,0.0625,SPhos,0.125,NaHCO3,2.5,MeOH,16.51,10441.33,,
308,6-chloroquinoline,"1a, 6-Cl-Q",1.0,0.0004,"2a, Boronic Acid",1.0,Pd(OAc)2,0.0625,dtbpf,0.125,NaHCO3,2.5,MeOH,27.56,2860.38,,
309,6-chloroquinoline,"1a, 6-Cl-Q",1.0,0.0004,"2a, Boronic Acid",1.0,Pd(OAc)2,0.0625,XPhos,0.125,NaHCO3,2.5,MeOH,30.98,19234.85,,
310,6-chloroquinoline,"1a, 6-Cl-Q",1.0,0.0004,"2a, Boronic Acid",1.0,Pd(OAc)2,0.0625,dppf,0.125,NaHCO3,2.5,MeOH,20.16,196.15,,
311,6-chloroquinoline,"1a, 6-Cl-Q",1.0,0.0004,"2a, Boronic Acid",1.0,Pd(OAc)2,0.0625,Xantphos,0.125,NaHCO3,2.5,MeOH,25.9,324.95,,
312,6-chloroquinoline,"1a, 6-Cl-Q",1.0,0.0004,"2a, Boronic Acid",1.0,Pd(OAc)2,0.0625,,,NaHCO3,2.5,MeOH,12.65,3197.31,,
313,6-chloroquinoline,"1a, 6-Cl-Q",1.0,0.0004,"2a, Boronic Acid",1.0,Pd(OAc)2,0.0625,P(tBu)3,0.125,CsF,2.5,MeOH,28.45,2166.06,,
314,6-chloroquinoline,"1a, 6-Cl-Q",1.0,0.0004,"2a, Boronic Acid",1.0,Pd(OAc)2,0.0625,P(Ph)3 ,0.125,CsF,2.5,MeOH,13.64,997.98,,
315,6-chloroquinoline,"1a, 6-Cl-Q",1.0,0.0004,"2a, Boronic Acid",1.0,Pd(OAc)2,0.0625,AmPhos,0.125,CsF,2.5,MeOH,31.82,2894.16,,
316,6-chloroquinoline,"1a, 6-Cl-Q",1.0,0.0004,"2a, Boronic Acid",1.0,Pd(OAc)2,0.0625,P(Cy)3,0.125,CsF,2.5,MeOH,30.94,7073.22,,
317,6-chloroquinoline,"1a, 6-Cl-Q",1.0,0.0004,"2a, Boronic Acid",1.0,Pd(OAc)2,0.0625,P(o-Tol)3,0.125,CsF,2.5,MeOH,31.98,1654.61,,
318,6-chloroquinoline,"1a, 6-Cl-Q",1.0,0.0004,"2a, Boronic Acid",1.0,Pd(OAc)2,0.0625,CataCXium A,0.125,CsF,2.5,MeOH,28.13,6219.25,,
319,6-chloroquinoline,"1a, 6-Cl-Q",1.0,0.0004,"2a, Boronic Acid",1.0,Pd(OAc)2,0.0625,SPhos,0.125,CsF,2.5,MeOH,18.42,21916.33,,
320,6-chloroquinoline,"1a, 6-Cl-Q",1.0,0.0004,"2a, Boronic Acid",1.0,Pd(OAc)2,0.0625,dtbpf,0.125,CsF,2.5,MeOH,15.46,3193.02,,
321,6-chloroquinoline,"1a, 6-Cl-Q",1.0,0.0004,"2a, Boronic Acid",1.0,Pd(OAc)2,0.0625,XPhos,0.125,CsF,2.5,MeOH,35.0,45451.58,,
322,6-chloroquinoline,"1a, 6-Cl-Q",1.0,0.0004,"2a, Boronic Acid",1.0,Pd(OAc)2,0.0625,dppf,0.125,CsF,2.5,MeOH,20.71,159.03,,
323,6-chloroquinoline,"1a, 6-Cl-Q",1.0,0.0004,"2a, Boronic Acid",1.0,Pd(OAc)2,0.0625,Xantphos,0.125,CsF,2.5,MeOH,32.24,285.93,,
324,6-chloroquinoline,"1a, 6-Cl-Q",1.0,0.0004,"2a, Boronic Acid",1.0,Pd(OAc)2,0.0625,,,CsF,2.5,MeOH,33.68,4692.65,,
325,6-chloroquinoline,"1a, 6-Cl-Q",1.0,0.0004,"2a, Boronic Acid",1.0,Pd(OAc)2,0.0625,P(tBu)3,0.125,K3PO4,2.5,MeOH,26.85,4179.42,,
326,6-chloroquinoline,"1a, 6-Cl-Q",1.0,0.0004,"2a, Boronic Acid",1.0,Pd(OAc)2,0.0625,P(Ph)3 ,0.125,K3PO4,2.5,MeOH,15.5,864.72,,
327,6-chloroquinoline,"1a, 6-Cl-Q",1.0,0.0004,"2a, Boronic Acid",1.0,Pd(OAc)2,0.0625,AmPhos,0.125,K3PO4,2.5,MeOH,12.57,1584.24,,
328,6-chloroquinoline,"1a, 6-Cl-Q",1.0,0.0004,"2a, Boronic Acid",1.0,Pd(OAc)2,0.0625,P(Cy)3,0.125,K3PO4,2.5,MeOH,14.4,1347.51,,
329,6-chloroquinoline,"1a, 6-Cl-Q",1.0,0.0004,"2a, Boronic Acid",1.0,Pd(OAc)2,0.0625,P(o-Tol)3,0.125,K3PO4,2.5,MeOH,13.04,1242.25,,
330,6-chloroquinoline,"1a, 6-Cl-Q",1.0,0.0004,"2a, Boronic Acid",1.0,Pd(OAc)2,0.0625,CataCXium A,0.125,K3PO4,2.5,MeOH,15.23,2731.34,,
331,6-chloroquinoline,"1a, 6-Cl-Q",1.0,0.0004,"2a, Boronic Acid",1.0,Pd(OAc)2,0.0625,SPhos,0.125,K3PO4,2.5,MeOH,22.25,31120.91,,
332,6-chloroquinoline,"1a, 6-Cl-Q",1.0,0.0004,"2a, Boronic Acid",1.0,Pd(OAc)2,0.0625,dtbpf,0.125,K3PO4,2.5,MeOH,17.28,2714.34,,
333,6-chloroquinoline,"1a, 6-Cl-Q",1.0,0.0004,"2a, Boronic Acid",1.0,Pd(OAc)2,0.0625,XPhos,0.125,K3PO4,2.5,MeOH,22.24,27784.15,,
334,6-chloroquinoline,"1a, 6-Cl-Q",1.0,0.0004,"2a, Boronic Acid",1.0,Pd(OAc)2,0.0625,dppf,0.125,K3PO4,2.5,MeOH,15.83,162.97,,
335,6-chloroquinoline,"1a, 6-Cl-Q",1.0,0.0004,"2a, Boronic Acid",1.0,Pd(OAc)2,0.0625,Xantphos,0.125,K3PO4,2.5,MeOH,14.97,123.42,,
336,6-chloroquinoline,"1a, 6-Cl-Q",1.0,0.0004,"2a, Boronic Acid",1.0,Pd(OAc)2,0.0625,,,K3PO4,2.5,MeOH,13.77,2661.16,,
337,6-chloroquinoline,"1a, 6-Cl-Q",1.0,0.0004,"2a, Boronic Acid",1.0,Pd(OAc)2,0.0625,P(tBu)3,0.125,KOH,2.5,MeOH,14.91,4895.95,,
338,6-chloroquinoline,"1a, 6-Cl-Q",1.0,0.0004,"2a, Boronic Acid",1.0,Pd(OAc)2,0.0625,P(Ph)3 ,0.125,KOH,2.5,MeOH,18.37,1871.8,,
339,6-chloroquinoline,"1a, 6-Cl-Q",1.0,0.0004,"2a, Boronic Acid",1.0,Pd(OAc)2,0.0625,AmPhos,0.125,KOH,2.5,MeOH,22.52,7659.29,,
340,6-chloroquinoline,"1a, 6-Cl-Q",1.0,0.0004,"2a, Boronic Acid",1.0,Pd(OAc)2,0.0625,P(Cy)3,0.125,KOH,2.5,MeOH,39.31,16813.91,,
341,6-chloroquinoline,"1a, 6-Cl-Q",1.0,0.0004,"2a, Boronic Acid",1.0,Pd(OAc)2,0.0625,P(o-Tol)3,0.125,KOH,2.5,MeOH,18.24,10131.05,,
342,6-chloroquinoline,"1a, 6-Cl-Q",1.0,0.0004,"2a, Boronic Acid",1.0,Pd(OAc)2,0.0625,CataCXium A,0.125,KOH,2.5,MeOH,30.77,6064.06,,
343,6-chloroquinoline,"1a, 6-Cl-Q",1.0,0.0004,"2a, Boronic Acid",1.0,Pd(OAc)2,0.0625,SPhos,0.125,KOH,2.5,MeOH,19.02,13899.62,,
344,6-chloroquinoline,"1a, 6-Cl-Q",1.0,0.0004,"2a, Boronic Acid",1.0,Pd(OAc)2,0.0625,dtbpf,0.125,KOH,2.5,MeOH,16.03,5770.06,,
345,6-chloroquinoline,"1a, 6-Cl-Q",1.0,0.0004,"2a, Boronic Acid",1.0,Pd(OAc)2,0.0625,XPhos,0.125,KOH,2.5,MeOH,40.25,76362.58,,
346,6-chloroquinoline,"1a, 6-Cl-Q",1.0,0.0004,"2a, Boronic Acid",1.0,Pd(OAc)2,0.0625,dppf,0.125,KOH,2.5,MeOH,17.68,1024.5,,
347,6-chloroquinoline,"1a, 6-Cl-Q",1.0,0.0004,"2a, Boronic Acid",1.0,Pd(OAc)2,0.0625,Xantphos,0.125,KOH,2.5,MeOH,15.64,1808.24,,
348,6-chloroquinoline,"1a, 6-Cl-Q",1.0,0.0004,"2a, Boronic Acid",1.0,Pd(OAc)2,0.0625,,,KOH,2.5,MeOH,26.27,7353.77,,
349,6-chloroquinoline,"1a, 6-Cl-Q",1.0,0.0004,"2a, Boronic Acid",1.0,Pd(OAc)2,0.0625,P(tBu)3,0.125,LiOtBu,2.5,MeOH,12.85,4833.82,,
350,6-chloroquinoline,"1a, 6-Cl-Q",1.0,0.0004,"2a, Boronic Acid",1.0,Pd(OAc)2,0.0625,P(Ph)3 ,0.125,LiOtBu,2.5,MeOH,22.93,2907.31,,
351,6-chloroquinoline,"1a, 6-Cl-Q",1.0,0.0004,"2a, Boronic Acid",1.0,Pd(OAc)2,0.0625,AmPhos,0.125,LiOtBu,2.5,MeOH,12.79,1385.76,,
352,6-chloroquinoline,"1a, 6-Cl-Q",1.0,0.0004,"2a, Boronic Acid",1.0,Pd(OAc)2,0.0625,P(Cy)3,0.125,LiOtBu,2.5,MeOH,13.31,1661.43,,
353,6-chloroquinoline,"1a, 6-Cl-Q",1.0,0.0004,"2a, Boronic Acid",1.0,Pd(OAc)2,0.0625,P(o-Tol)3,0.125,LiOtBu,2.5,MeOH,11.64,4275.75,,
354,6-chloroquinoline,"1a, 6-Cl-Q",1.0,0.0004,"2a, Boronic Acid",1.0,Pd(OAc)2,0.0625,CataCXium A,0.125,LiOtBu,2.5,MeOH,13.56,1598.4,,
355,6-chloroquinoline,"1a, 6-Cl-Q",1.0,0.0004,"2a, Boronic Acid",1.0,Pd(OAc)2,0.0625,SPhos,0.125,LiOtBu,2.5,MeOH,16.83,6670.45,,
356,6-chloroquinoline,"1a, 6-Cl-Q",1.0,0.0004,"2a, Boronic Acid",1.0,Pd(OAc)2,0.0625,dtbpf,0.125,LiOtBu,2.5,MeOH,21.55,832.28,,
357,6-chloroquinoline,"1a, 6-Cl-Q",1.0,0.0004,"2a, Boronic Acid",1.0,Pd(OAc)2,0.0625,XPhos,0.125,LiOtBu,2.5,MeOH,27.33,22537.62,,
358,6-chloroquinoline,"1a, 6-Cl-Q",1.0,0.0004,"2a, Boronic Acid",1.0,Pd(OAc)2,0.0625,dppf,0.125,LiOtBu,2.5,MeOH,26.97,421.43,,
359,6-chloroquinoline,"1a, 6-Cl-Q",1.0,0.0004,"2a, Boronic Acid",1.0,Pd(OAc)2,0.0625,Xantphos,0.125,LiOtBu,2.5,MeOH,25.55,349.5,,
360,6-chloroquinoline,"1a, 6-Cl-Q",1.0,0.0004,"2a, Boronic Acid",1.0,Pd(OAc)2,0.0625,,,LiOtBu,2.5,MeOH,15.42,6671.47,,
361,6-chloroquinoline,"1a, 6-Cl-Q",1.0,0.0004,"2a, Boronic Acid",1.0,Pd(OAc)2,0.0625,P(tBu)3,0.125,Et3N,2.5,MeOH,12.62,1276.25,,
362,6-chloroquinoline,"1a, 6-Cl-Q",1.0,0.0004,"2a, Boronic Acid",1.0,Pd(OAc)2,0.0625,P(Ph)3 ,0.125,Et3N,2.5,MeOH,17.43,988.67,,
363,6-chloroquinoline,"1a, 6-Cl-Q",1.0,0.0004,"2a, Boronic Acid",1.0,Pd(OAc)2,0.0625,AmPhos,0.125,Et3N,2.5,MeOH,13.35,2980.56,,
364,6-chloroquinoline,"1a, 6-Cl-Q",1.0,0.0004,"2a, Boronic Acid",1.0,Pd(OAc)2,0.0625,P(Cy)3,0.125,Et3N,2.5,MeOH,27.89,4591.78,,
365,6-chloroquinoline,"1a, 6-Cl-Q",1.0,0.0004,"2a, Boronic Acid",1.0,Pd(OAc)2,0.0625,P(o-Tol)3,0.125,Et3N,2.5,MeOH,14.65,855.84,,
366,6-chloroquinoline,"1a, 6-Cl-Q",1.0,0.0004,"2a, Boronic Acid",1.0,Pd(OAc)2,0.0625,CataCXium A,0.125,Et3N,2.5,MeOH,31.02,6487.52,,
367,6-chloroquinoline,"1a, 6-Cl-Q",1.0,0.0004,"2a, Boronic Acid",1.0,Pd(OAc)2,0.0625,SPhos,0.125,Et3N,2.5,MeOH,18.02,18530.0,,
368,6-chloroquinoline,"1a, 6-Cl-Q",1.0,0.0004,"2a, Boronic Acid",1.0,Pd(OAc)2,0.0625,dtbpf,0.125,Et3N,2.5,MeOH,16.25,3297.95,,
369,6-chloroquinoline,"1a, 6-Cl-Q",1.0,0.0004,"2a, Boronic Acid",1.0,Pd(OAc)2,0.0625,XPhos,0.125,Et3N,2.5,MeOH,32.86,21327.31,,
370,6-chloroquinoline,"1a, 6-Cl-Q",1.0,0.0004,"2a, Boronic Acid",1.0,Pd(OAc)2,0.0625,dppf,0.125,Et3N,2.5,MeOH,37.85,221.79,,
371,6-chloroquinoline,"1a, 6-Cl-Q",1.0,0.0004,"2a, Boronic Acid",1.0,Pd(OAc)2,0.0625,Xantphos,0.125,Et3N,2.5,MeOH,15.18,92.76,,
372,6-chloroquinoline,"1a, 6-Cl-Q",1.0,0.0004,"2a, Boronic Acid",1.0,Pd(OAc)2,0.0625,,,Et3N,2.5,MeOH,15.36,1744.44,,
373,6-chloroquinoline,"1a, 6-Cl-Q",1.0,0.0004,"2a, Boronic Acid",1.0,Pd(OAc)2,0.0625,P(tBu)3,0.125,,2.5,MeOH,13.88,4946.72,,
374,6-chloroquinoline,"1a, 6-Cl-Q",1.0,0.0004,"2a, Boronic Acid",1.0,Pd(OAc)2,0.0625,P(Ph)3 ,0.125,,2.5,MeOH,14.7,2735.4,,
375,6-chloroquinoline,"1a, 6-Cl-Q",1.0,0.0004,"2a, Boronic Acid",1.0,Pd(OAc)2,0.0625,AmPhos,0.125,,2.5,MeOH,32.25,13423.66,,
376,6-chloroquinoline,"1a, 6-Cl-Q",1.0,0.0004,"2a, Boronic Acid",1.0,Pd(OAc)2,0.0625,P(Cy)3,0.125,,2.5,MeOH,17.65,15175.54,,
377,6-chloroquinoline,"1a, 6-Cl-Q",1.0,0.0004,"2a, Boronic Acid",1.0,Pd(OAc)2,0.0625,P(o-Tol)3,0.125,,2.5,MeOH,16.99,2596.82,,
378,6-chloroquinoline,"1a, 6-Cl-Q",1.0,0.0004,"2a, Boronic Acid",1.0,Pd(OAc)2,0.0625,CataCXium A,0.125,,2.5,MeOH,41.59,23184.85,,
379,6-chloroquinoline,"1a, 6-Cl-Q",1.0,0.0004,"2a, Boronic Acid",1.0,Pd(OAc)2,0.0625,SPhos,0.125,,2.5,MeOH,21.47,32392.66,,
380,6-chloroquinoline,"1a, 6-Cl-Q",1.0,0.0004,"2a, Boronic Acid",1.0,Pd(OAc)2,0.0625,dtbpf,0.125,,2.5,MeOH,18.25,7811.65,,
381,6-chloroquinoline,"1a, 6-Cl-Q",1.0,0.0004,"2a, Boronic Acid",1.0,Pd(OAc)2,0.0625,XPhos,0.125,,2.5,MeOH,37.87,37785.5,,
382,6-chloroquinoline,"1a, 6-Cl-Q",1.0,0.0004,"2a, Boronic Acid",1.0,Pd(OAc)2,0.0625,dppf,0.125,,2.5,MeOH,30.36,255.71,,
383,6-chloroquinoline,"1a, 6-Cl-Q",1.0,0.0004,"2a, Boronic Acid",1.0,Pd(OAc)2,0.0625,Xantphos,0.125,,2.5,MeOH,35.32,735.78,,
384,6-chloroquinoline,"1a, 6-Cl-Q",1.0,0.0004,"2a, Boronic Acid",1.0,Pd(OAc)2,0.0625,,,,2.5,MeOH,13.91,1498.13,,
385,6-Bromoquinoline,"1b, 6-Br-Q",1.0,0.0004,"2a, Boronic Acid",1.0,Pd(OAc)2,0.0625,P(tBu)3,0.125,NaOH,2.5,MeCN,79.31,86207.43,,
386,6-Bromoquinoline,"1b, 6-Br-Q",1.0,0.0004,"2a, Boronic Acid",1.0,Pd(OAc)2,0.0625,P(Ph)3 ,0.125,NaOH,2.5,MeCN,85.43,325583.43,,
387,6-Bromoquinoline,"1b, 6-Br-Q",1.0,0.0004,"2a, Boronic Acid",1.0,Pd(OAc)2,0.0625,AmPhos,0.125,NaOH,2.5,MeCN,86.82,102294.49,,
388,6-Bromoquinoline,"1b, 6-Br-Q",1.0,0.0004,"2a, Boronic Acid",1.0,Pd(OAc)2,0.0625,P(Cy)3,0.125,NaOH,2.5,MeCN,75.98,286107.72,,
389,6-Bromoquinoline,"1b, 6-Br-Q",1.0,0.0004,"2a, Boronic Acid",1.0,Pd(OAc)2,0.0625,P(o-Tol)3,0.125,NaOH,2.5,MeCN,41.8,47953.64,,
390,6-Bromoquinoline,"1b, 6-Br-Q",1.0,0.0004,"2a, Boronic Acid",1.0,Pd(OAc)2,0.0625,CataCXium A,0.125,NaOH,2.5,MeCN,96.38,309256.8,,
391,6-Bromoquinoline,"1b, 6-Br-Q",1.0,0.0004,"2a, Boronic Acid",1.0,Pd(OAc)2,0.0625,SPhos,0.125,NaOH,2.5,MeCN,92.63,100888.61,,
392,6-Bromoquinoline,"1b, 6-Br-Q",1.0,0.0004,"2a, Boronic Acid",1.0,Pd(OAc)2,0.0625,dtbpf,0.125,NaOH,2.5,MeCN,46.79,142996.56,,
393,6-Bromoquinoline,"1b, 6-Br-Q",1.0,0.0004,"2a, Boronic Acid",1.0,Pd(OAc)2,0.0625,XPhos,0.125,NaOH,2.5,MeCN,90.21,100552.54,,
394,6-Bromoquinoline,"1b, 6-Br-Q",1.0,0.0004,"2a, Boronic Acid",1.0,Pd(OAc)2,0.0625,dppf,0.125,NaOH,2.5,MeCN,26.02,59397.4,,
395,6-Bromoquinoline,"1b, 6-Br-Q",1.0,0.0004,"2a, Boronic Acid",1.0,Pd(OAc)2,0.0625,Xantphos,0.125,NaOH,2.5,MeCN,10.74,15001.6,,
396,6-Bromoquinoline,"1b, 6-Br-Q",1.0,0.0004,"2a, Boronic Acid",1.0,Pd(OAc)2,0.0625,,,NaOH,2.5,MeCN,43.15,116257.83,,
397,6-Bromoquinoline,"1b, 6-Br-Q",1.0,0.0004,"2a, Boronic Acid",1.0,Pd(OAc)2,0.0625,P(tBu)3,0.125,NaHCO3,2.5,MeCN,93.3,101295.6,,
398,6-Bromoquinoline,"1b, 6-Br-Q",1.0,0.0004,"2a, Boronic Acid",1.0,Pd(OAc)2,0.0625,P(Ph)3 ,0.125,NaHCO3,2.5,MeCN,90.89,296764.77,,
399,6-Bromoquinoline,"1b, 6-Br-Q",1.0,0.0004,"2a, Boronic Acid",1.0,Pd(OAc)2,0.0625,AmPhos,0.125,NaHCO3,2.5,MeCN,93.44,112826.87,,
400,6-Bromoquinoline,"1b, 6-Br-Q",1.0,0.0004,"2a, Boronic Acid",1.0,Pd(OAc)2,0.0625,P(Cy)3,0.125,NaHCO3,2.5,MeCN,86.13,295155.84,,
401,6-Bromoquinoline,"1b, 6-Br-Q",1.0,0.0004,"2a, Boronic Acid",1.0,Pd(OAc)2,0.0625,P(o-Tol)3,0.125,NaHCO3,2.5,MeCN,28.22,35498.52,,
402,6-Bromoquinoline,"1b, 6-Br-Q",1.0,0.0004,"2a, Boronic Acid",1.0,Pd(OAc)2,0.0625,CataCXium A,0.125,NaHCO3,2.5,MeCN,93.94,290653.06,,
403,6-Bromoquinoline,"1b, 6-Br-Q",1.0,0.0004,"2a, Boronic Acid",1.0,Pd(OAc)2,0.0625,SPhos,0.125,NaHCO3,2.5,MeCN,71.11,74508.32,,
404,6-Bromoquinoline,"1b, 6-Br-Q",1.0,0.0004,"2a, Boronic Acid",1.0,Pd(OAc)2,0.0625,dtbpf,0.125,NaHCO3,2.5,MeCN,33.61,97090.78,,
405,6-Bromoquinoline,"1b, 6-Br-Q",1.0,0.0004,"2a, Boronic Acid",1.0,Pd(OAc)2,0.0625,XPhos,0.125,NaHCO3,2.5,MeCN,56.96,59185.44,,
406,6-Bromoquinoline,"1b, 6-Br-Q",1.0,0.0004,"2a, Boronic Acid",1.0,Pd(OAc)2,0.0625,dppf,0.125,NaHCO3,2.5,MeCN,59.54,164022.65,,
407,6-Bromoquinoline,"1b, 6-Br-Q",1.0,0.0004,"2a, Boronic Acid",1.0,Pd(OAc)2,0.0625,Xantphos,0.125,NaHCO3,2.5,MeCN,0.64,3770.2,,
408,6-Bromoquinoline,"1b, 6-Br-Q",1.0,0.0004,"2a, Boronic Acid",1.0,Pd(OAc)2,0.0625,,,NaHCO3,2.5,MeCN,23.17,69922.59,,
409,6-Bromoquinoline,"1b, 6-Br-Q",1.0,0.0004,"2a, Boronic Acid",1.0,Pd(OAc)2,0.0625,P(tBu)3,0.125,CsF,2.5,MeCN,76.51,81453.45,,
410,6-Bromoquinoline,"1b, 6-Br-Q",1.0,0.0004,"2a, Boronic Acid",1.0,Pd(OAc)2,0.0625,P(Ph)3 ,0.125,CsF,2.5,MeCN,68.5,254361.82,,
411,6-Bromoquinoline,"1b, 6-Br-Q",1.0,0.0004,"2a, Boronic Acid",1.0,Pd(OAc)2,0.0625,AmPhos,0.125,CsF,2.5,MeCN,83.6,95322.88,,
412,6-Bromoquinoline,"1b, 6-Br-Q",1.0,0.0004,"2a, Boronic Acid",1.0,Pd(OAc)2,0.0625,P(Cy)3,0.125,CsF,2.5,MeCN,71.0,250842.87,,
413,6-Bromoquinoline,"1b, 6-Br-Q",1.0,0.0004,"2a, Boronic Acid",1.0,Pd(OAc)2,0.0625,P(o-Tol)3,0.125,CsF,2.5,MeCN,39.98,45090.09,,
414,6-Bromoquinoline,"1b, 6-Br-Q",1.0,0.0004,"2a, Boronic Acid",1.0,Pd(OAc)2,0.0625,CataCXium A,0.125,CsF,2.5,MeCN,84.02,248434.87,,
415,6-Bromoquinoline,"1b, 6-Br-Q",1.0,0.0004,"2a, Boronic Acid",1.0,Pd(OAc)2,0.0625,SPhos,0.125,CsF,2.5,MeCN,46.81,50545.47,,
416,6-Bromoquinoline,"1b, 6-Br-Q",1.0,0.0004,"2a, Boronic Acid",1.0,Pd(OAc)2,0.0625,dtbpf,0.125,CsF,2.5,MeCN,37.36,110702.39,,
417,6-Bromoquinoline,"1b, 6-Br-Q",1.0,0.0004,"2a, Boronic Acid",1.0,Pd(OAc)2,0.0625,XPhos,0.125,CsF,2.5,MeCN,46.08,48451.07,,
418,6-Bromoquinoline,"1b, 6-Br-Q",1.0,0.0004,"2a, Boronic Acid",1.0,Pd(OAc)2,0.0625,dppf,0.125,CsF,2.5,MeCN,47.46,156919.56,,
419,6-Bromoquinoline,"1b, 6-Br-Q",1.0,0.0004,"2a, Boronic Acid",1.0,Pd(OAc)2,0.0625,Xantphos,0.125,CsF,2.5,MeCN,1.21,2446.14,,
420,6-Bromoquinoline,"1b, 6-Br-Q",1.0,0.0004,"2a, Boronic Acid",1.0,Pd(OAc)2,0.0625,,,CsF,2.5,MeCN,19.09,54755.08,,
421,6-Bromoquinoline,"1b, 6-Br-Q",1.0,0.0004,"2a, Boronic Acid",1.0,Pd(OAc)2,0.0625,P(tBu)3,0.125,K3PO4,2.5,MeCN,67.14,69327.76,,
422,6-Bromoquinoline,"1b, 6-Br-Q",1.0,0.0004,"2a, Boronic Acid",1.0,Pd(OAc)2,0.0625,P(Ph)3 ,0.125,K3PO4,2.5,MeCN,62.56,262670.62,,
423,6-Bromoquinoline,"1b, 6-Br-Q",1.0,0.0004,"2a, Boronic Acid",1.0,Pd(OAc)2,0.0625,AmPhos,0.125,K3PO4,2.5,MeCN,77.71,97756.63,,
424,6-Bromoquinoline,"1b, 6-Br-Q",1.0,0.0004,"2a, Boronic Acid",1.0,Pd(OAc)2,0.0625,P(Cy)3,0.125,K3PO4,2.5,MeCN,48.17,174554.2,,
425,6-Bromoquinoline,"1b, 6-Br-Q",1.0,0.0004,"2a, Boronic Acid",1.0,Pd(OAc)2,0.0625,P(o-Tol)3,0.125,K3PO4,2.5,MeCN,30.4,35359.95,,
426,6-Bromoquinoline,"1b, 6-Br-Q",1.0,0.0004,"2a, Boronic Acid",1.0,Pd(OAc)2,0.0625,CataCXium A,0.125,K3PO4,2.5,MeCN,82.69,198501.45,,
427,6-Bromoquinoline,"1b, 6-Br-Q",1.0,0.0004,"2a, Boronic Acid",1.0,Pd(OAc)2,0.0625,SPhos,0.125,K3PO4,2.5,MeCN,36.08,45449.62,,
428,6-Bromoquinoline,"1b, 6-Br-Q",1.0,0.0004,"2a, Boronic Acid",1.0,Pd(OAc)2,0.0625,dtbpf,0.125,K3PO4,2.5,MeCN,36.42,98926.0,,
429,6-Bromoquinoline,"1b, 6-Br-Q",1.0,0.0004,"2a, Boronic Acid",1.0,Pd(OAc)2,0.0625,XPhos,0.125,K3PO4,2.5,MeCN,34.03,39802.69,,
430,6-Bromoquinoline,"1b, 6-Br-Q",1.0,0.0004,"2a, Boronic Acid",1.0,Pd(OAc)2,0.0625,dppf,0.125,K3PO4,2.5,MeCN,46.73,122170.23,,
431,6-Bromoquinoline,"1b, 6-Br-Q",1.0,0.0004,"2a, Boronic Acid",1.0,Pd(OAc)2,0.0625,Xantphos,0.125,K3PO4,2.5,MeCN,1.05,1728.72,,
432,6-Bromoquinoline,"1b, 6-Br-Q",1.0,0.0004,"2a, Boronic Acid",1.0,Pd(OAc)2,0.0625,,,K3PO4,2.5,MeCN,10.13,35021.98,,
433,6-Bromoquinoline,"1b, 6-Br-Q",1.0,0.0004,"2a, Boronic Acid",1.0,Pd(OAc)2,0.0625,P(tBu)3,0.125,KOH,2.5,MeCN,78.75,78257.33,,
434,6-Bromoquinoline,"1b, 6-Br-Q",1.0,0.0004,"2a, Boronic Acid",1.0,Pd(OAc)2,0.0625,P(Ph)3 ,0.125,KOH,2.5,MeCN,76.72,245416.21,,
435,6-Bromoquinoline,"1b, 6-Br-Q",1.0,0.0004,"2a, Boronic Acid",1.0,Pd(OAc)2,0.0625,AmPhos,0.125,KOH,2.5,MeCN,87.47,94710.77,,
436,6-Bromoquinoline,"1b, 6-Br-Q",1.0,0.0004,"2a, Boronic Acid",1.0,Pd(OAc)2,0.0625,P(Cy)3,0.125,KOH,2.5,MeCN,63.2,205281.94,,
437,6-Bromoquinoline,"1b, 6-Br-Q",1.0,0.0004,"2a, Boronic Acid",1.0,Pd(OAc)2,0.0625,P(o-Tol)3,0.125,KOH,2.5,MeCN,40.06,44179.43,,
438,6-Bromoquinoline,"1b, 6-Br-Q",1.0,0.0004,"2a, Boronic Acid",1.0,Pd(OAc)2,0.0625,CataCXium A,0.125,KOH,2.5,MeCN,95.57,278728.8,,
439,6-Bromoquinoline,"1b, 6-Br-Q",1.0,0.0004,"2a, Boronic Acid",1.0,Pd(OAc)2,0.0625,SPhos,0.125,KOH,2.5,MeCN,71.71,81284.59,,
440,6-Bromoquinoline,"1b, 6-Br-Q",1.0,0.0004,"2a, Boronic Acid",1.0,Pd(OAc)2,0.0625,dtbpf,0.125,KOH,2.5,MeCN,39.98,124118.57,,
441,6-Bromoquinoline,"1b, 6-Br-Q",1.0,0.0004,"2a, Boronic Acid",1.0,Pd(OAc)2,0.0625,XPhos,0.125,KOH,2.5,MeCN,74.15,69419.19,,
442,6-Bromoquinoline,"1b, 6-Br-Q",1.0,0.0004,"2a, Boronic Acid",1.0,Pd(OAc)2,0.0625,dppf,0.125,KOH,2.5,MeCN,49.25,135947.82,,
443,6-Bromoquinoline,"1b, 6-Br-Q",1.0,0.0004,"2a, Boronic Acid",1.0,Pd(OAc)2,0.0625,Xantphos,0.125,KOH,2.5,MeCN,9.39,10683.38,,
444,6-Bromoquinoline,"1b, 6-Br-Q",1.0,0.0004,"2a, Boronic Acid",1.0,Pd(OAc)2,0.0625,,,KOH,2.5,MeCN,20.94,70640.95,,
445,6-Bromoquinoline,"1b, 6-Br-Q",1.0,0.0004,"2a, Boronic Acid",1.0,Pd(OAc)2,0.0625,P(tBu)3,0.125,LiOtBu,2.5,MeCN,90.99,96078.9,,
446,6-Bromoquinoline,"1b, 6-Br-Q",1.0,0.0004,"2a, Boronic Acid",1.0,Pd(OAc)2,0.0625,P(Ph)3 ,0.125,LiOtBu,2.5,MeCN,96.76,335160.06,,
447,6-Bromoquinoline,"1b, 6-Br-Q",1.0,0.0004,"2a, Boronic Acid",1.0,Pd(OAc)2,0.0625,AmPhos,0.125,LiOtBu,2.5,MeCN,91.93,100408.38,,
448,6-Bromoquinoline,"1b, 6-Br-Q",1.0,0.0004,"2a, Boronic Acid",1.0,Pd(OAc)2,0.0625,P(Cy)3,0.125,LiOtBu,2.5,MeCN,87.49,276592.75,,
449,6-Bromoquinoline,"1b, 6-Br-Q",1.0,0.0004,"2a, Boronic Acid",1.0,Pd(OAc)2,0.0625,P(o-Tol)3,0.125,LiOtBu,2.5,MeCN,34.73,37595.66,,
450,6-Bromoquinoline,"1b, 6-Br-Q",1.0,0.0004,"2a, Boronic Acid",1.0,Pd(OAc)2,0.0625,CataCXium A,0.125,LiOtBu,2.5,MeCN,95.88,245156.89,,
451,6-Bromoquinoline,"1b, 6-Br-Q",1.0,0.0004,"2a, Boronic Acid",1.0,Pd(OAc)2,0.0625,SPhos,0.125,LiOtBu,2.5,MeCN,92.53,91829.63,,
452,6-Bromoquinoline,"1b, 6-Br-Q",1.0,0.0004,"2a, Boronic Acid",1.0,Pd(OAc)2,0.0625,dtbpf,0.125,LiOtBu,2.5,MeCN,48.99,138700.52,,
453,6-Bromoquinoline,"1b, 6-Br-Q",1.0,0.0004,"2a, Boronic Acid",1.0,Pd(OAc)2,0.0625,XPhos,0.125,LiOtBu,2.5,MeCN,75.54,77450.48,,
454,6-Bromoquinoline,"1b, 6-Br-Q",1.0,0.0004,"2a, Boronic Acid",1.0,Pd(OAc)2,0.0625,dppf,0.125,LiOtBu,2.5,MeCN,31.65,71970.55,,
455,6-Bromoquinoline,"1b, 6-Br-Q",1.0,0.0004,"2a, Boronic Acid",1.0,Pd(OAc)2,0.0625,Xantphos,0.125,LiOtBu,2.5,MeCN,9.99,14226.08,,
456,6-Bromoquinoline,"1b, 6-Br-Q",1.0,0.0004,"2a, Boronic Acid",1.0,Pd(OAc)2,0.0625,,,LiOtBu,2.5,MeCN,27.94,86737.86,,
457,6-Bromoquinoline,"1b, 6-Br-Q",1.0,0.0004,"2a, Boronic Acid",1.0,Pd(OAc)2,0.0625,P(tBu)3,0.125,Et3N,2.5,MeCN,91.95,101936.69,,
458,6-Bromoquinoline,"1b, 6-Br-Q",1.0,0.0004,"2a, Boronic Acid",1.0,Pd(OAc)2,0.0625,P(Ph)3 ,0.125,Et3N,2.5,MeCN,88.9,306946.58,,
459,6-Bromoquinoline,"1b, 6-Br-Q",1.0,0.0004,"2a, Boronic Acid",1.0,Pd(OAc)2,0.0625,AmPhos,0.125,Et3N,2.5,MeCN,91.32,96483.56,,
460,6-Bromoquinoline,"1b, 6-Br-Q",1.0,0.0004,"2a, Boronic Acid",1.0,Pd(OAc)2,0.0625,P(Cy)3,0.125,Et3N,2.5,MeCN,90.6,298241.24,,
461,6-Bromoquinoline,"1b, 6-Br-Q",1.0,0.0004,"2a, Boronic Acid",1.0,Pd(OAc)2,0.0625,P(o-Tol)3,0.125,Et3N,2.5,MeCN,25.72,31145.39,,
462,6-Bromoquinoline,"1b, 6-Br-Q",1.0,0.0004,"2a, Boronic Acid",1.0,Pd(OAc)2,0.0625,CataCXium A,0.125,Et3N,2.5,MeCN,96.05,234365.07,,
463,6-Bromoquinoline,"1b, 6-Br-Q",1.0,0.0004,"2a, Boronic Acid",1.0,Pd(OAc)2,0.0625,SPhos,0.125,Et3N,2.5,MeCN,81.16,89408.75,,
464,6-Bromoquinoline,"1b, 6-Br-Q",1.0,0.0004,"2a, Boronic Acid",1.0,Pd(OAc)2,0.0625,dtbpf,0.125,Et3N,2.5,MeCN,38.88,123430.0,,
465,6-Bromoquinoline,"1b, 6-Br-Q",1.0,0.0004,"2a, Boronic Acid",1.0,Pd(OAc)2,0.0625,XPhos,0.125,Et3N,2.5,MeCN,64.3,65575.22,,
466,6-Bromoquinoline,"1b, 6-Br-Q",1.0,0.0004,"2a, Boronic Acid",1.0,Pd(OAc)2,0.0625,dppf,0.125,Et3N,2.5,MeCN,57.41,134614.7,,
467,6-Bromoquinoline,"1b, 6-Br-Q",1.0,0.0004,"2a, Boronic Acid",1.0,Pd(OAc)2,0.0625,Xantphos,0.125,Et3N,2.5,MeCN,5.49,8808.66,,
468,6-Bromoquinoline,"1b, 6-Br-Q",1.0,0.0004,"2a, Boronic Acid",1.0,Pd(OAc)2,0.0625,,,Et3N,2.5,MeCN,16.82,54114.89,,
469,6-Bromoquinoline,"1b, 6-Br-Q",1.0,0.0004,"2a, Boronic Acid",1.0,Pd(OAc)2,0.0625,P(tBu)3,0.125,,2.5,MeCN,91.09,95875.02,,
470,6-Bromoquinoline,"1b, 6-Br-Q",1.0,0.0004,"2a, Boronic Acid",1.0,Pd(OAc)2,0.0625,P(Ph)3 ,0.125,,2.5,MeCN,83.34,275004.4,,
471,6-Bromoquinoline,"1b, 6-Br-Q",1.0,0.0004,"2a, Boronic Acid",1.0,Pd(OAc)2,0.0625,AmPhos,0.125,,2.5,MeCN,90.34,99102.51,,
472,6-Bromoquinoline,"1b, 6-Br-Q",1.0,0.0004,"2a, Boronic Acid",1.0,Pd(OAc)2,0.0625,P(Cy)3,0.125,,2.5,MeCN,67.73,230645.08,,
473,6-Bromoquinoline,"1b, 6-Br-Q",1.0,0.0004,"2a, Boronic Acid",1.0,Pd(OAc)2,0.0625,P(o-Tol)3,0.125,,2.5,MeCN,21.43,28436.02,,
474,6-Bromoquinoline,"1b, 6-Br-Q",1.0,0.0004,"2a, Boronic Acid",1.0,Pd(OAc)2,0.0625,CataCXium A,0.125,,2.5,MeCN,91.81,260741.71,,
475,6-Bromoquinoline,"1b, 6-Br-Q",1.0,0.0004,"2a, Boronic Acid",1.0,Pd(OAc)2,0.0625,SPhos,0.125,,2.5,MeCN,61.6,64981.2,,
476,6-Bromoquinoline,"1b, 6-Br-Q",1.0,0.0004,"2a, Boronic Acid",1.0,Pd(OAc)2,0.0625,dtbpf,0.125,,2.5,MeCN,47.67,158153.65,,
477,6-Bromoquinoline,"1b, 6-Br-Q",1.0,0.0004,"2a, Boronic Acid",1.0,Pd(OAc)2,0.0625,XPhos,0.125,,2.5,MeCN,42.69,48054.35,,
478,6-Bromoquinoline,"1b, 6-Br-Q",1.0,0.0004,"2a, Boronic Acid",1.0,Pd(OAc)2,0.0625,dppf,0.125,,2.5,MeCN,62.13,152770.85,,
479,6-Bromoquinoline,"1b, 6-Br-Q",1.0,0.0004,"2a, Boronic Acid",1.0,Pd(OAc)2,0.0625,Xantphos,0.125,,2.5,MeCN,0.46,4632.43,,
480,6-Bromoquinoline,"1b, 6-Br-Q",1.0,0.0004,"2a, Boronic Acid",1.0,Pd(OAc)2,0.0625,,,,2.5,MeCN,14.56,43547.25,,
481,6-Bromoquinoline,"1b, 6-Br-Q",1.0,0.0004,"2a, Boronic Acid",1.0,Pd(OAc)2,0.0625,P(tBu)3,0.125,NaOH,2.5,THF,87.82,105894.63,,
482,6-Bromoquinoline,"1b, 6-Br-Q",1.0,0.0004,"2a, Boronic Acid",1.0,Pd(OAc)2,0.0625,P(Ph)3 ,0.125,NaOH,2.5,THF,90.21,336000.61,,
483,6-Bromoquinoline,"1b, 6-Br-Q",1.0,0.0004,"2a, Boronic Acid",1.0,Pd(OAc)2,0.0625,AmPhos,0.125,NaOH,2.5,THF,86.25,101859.04,,
484,6-Bromoquinoline,"1b, 6-Br-Q",1.0,0.0004,"2a, Boronic Acid",1.0,Pd(OAc)2,0.0625,P(Cy)3,0.125,NaOH,2.5,THF,78.26,243279.75,,
485,6-Bromoquinoline,"1b, 6-Br-Q",1.0,0.0004,"2a, Boronic Acid",1.0,Pd(OAc)2,0.0625,P(o-Tol)3,0.125,NaOH,2.5,THF,70.18,69970.36,,
486,6-Bromoquinoline,"1b, 6-Br-Q",1.0,0.0004,"2a, Boronic Acid",1.0,Pd(OAc)2,0.0625,CataCXium A,0.125,NaOH,2.5,THF,96.57,245870.15,,
487,6-Bromoquinoline,"1b, 6-Br-Q",1.0,0.0004,"2a, Boronic Acid",1.0,Pd(OAc)2,0.0625,SPhos,0.125,NaOH,2.5,THF,72.44,71270.71,,
488,6-Bromoquinoline,"1b, 6-Br-Q",1.0,0.0004,"2a, Boronic Acid",1.0,Pd(OAc)2,0.0625,dtbpf,0.125,NaOH,2.5,THF,67.89,185011.69,,
489,6-Bromoquinoline,"1b, 6-Br-Q",1.0,0.0004,"2a, Boronic Acid",1.0,Pd(OAc)2,0.0625,XPhos,0.125,NaOH,2.5,THF,71.64,65190.54,,
490,6-Bromoquinoline,"1b, 6-Br-Q",1.0,0.0004,"2a, Boronic Acid",1.0,Pd(OAc)2,0.0625,dppf,0.125,NaOH,2.5,THF,25.0,23114.66,,
491,6-Bromoquinoline,"1b, 6-Br-Q",1.0,0.0004,"2a, Boronic Acid",1.0,Pd(OAc)2,0.0625,Xantphos,0.125,NaOH,2.5,THF,11.97,19490.85,,
492,6-Bromoquinoline,"1b, 6-Br-Q",1.0,0.0004,"2a, Boronic Acid",1.0,Pd(OAc)2,0.0625,,,NaOH,2.5,THF,8.1,13247.47,,
493,6-Bromoquinoline,"1b, 6-Br-Q",1.0,0.0004,"2a, Boronic Acid",1.0,Pd(OAc)2,0.0625,P(tBu)3,0.125,NaHCO3,2.5,THF,93.99,95814.95,,
494,6-Bromoquinoline,"1b, 6-Br-Q",1.0,0.0004,"2a, Boronic Acid",1.0,Pd(OAc)2,0.0625,P(Ph)3 ,0.125,NaHCO3,2.5,THF,95.93,301465.64,,
495,6-Bromoquinoline,"1b, 6-Br-Q",1.0,0.0004,"2a, Boronic Acid",1.0,Pd(OAc)2,0.0625,AmPhos,0.125,NaHCO3,2.5,THF,91.69,100026.49,,
496,6-Bromoquinoline,"1b, 6-Br-Q",1.0,0.0004,"2a, Boronic Acid",1.0,Pd(OAc)2,0.0625,P(Cy)3,0.125,NaHCO3,2.5,THF,74.19,259447.49,,
497,6-Bromoquinoline,"1b, 6-Br-Q",1.0,0.0004,"2a, Boronic Acid",1.0,Pd(OAc)2,0.0625,P(o-Tol)3,0.125,NaHCO3,2.5,THF,56.2,63285.54,,
498,6-Bromoquinoline,"1b, 6-Br-Q",1.0,0.0004,"2a, Boronic Acid",1.0,Pd(OAc)2,0.0625,CataCXium A,0.125,NaHCO3,2.5,THF,96.89,268570.39,,
499,6-Bromoquinoline,"1b, 6-Br-Q",1.0,0.0004,"2a, Boronic Acid",1.0,Pd(OAc)2,0.0625,SPhos,0.125,NaHCO3,2.5,THF,67.2,73640.12,,
500,6-Bromoquinoline,"1b, 6-Br-Q",1.0,0.0004,"2a, Boronic Acid",1.0,Pd(OAc)2,0.0625,dtbpf,0.125,NaHCO3,2.5,THF,55.38,169462.64,,
501,6-Bromoquinoline,"1b, 6-Br-Q",1.0,0.0004,"2a, Boronic Acid",1.0,Pd(OAc)2,0.0625,XPhos,0.125,NaHCO3,2.5,THF,48.37,56028.68,,
502,6-Bromoquinoline,"1b, 6-Br-Q",1.0,0.0004,"2a, Boronic Acid",1.0,Pd(OAc)2,0.0625,dppf,0.125,NaHCO3,2.5,THF,17.13,18194.59,,
503,6-Bromoquinoline,"1b, 6-Br-Q",1.0,0.0004,"2a, Boronic Acid",1.0,Pd(OAc)2,0.0625,Xantphos,0.125,NaHCO3,2.5,THF,4.66,10804.77,,
504,6-Bromoquinoline,"1b, 6-Br-Q",1.0,0.0004,"2a, Boronic Acid",1.0,Pd(OAc)2,0.0625,,,NaHCO3,2.5,THF,5.9,8554.14,,
505,6-Bromoquinoline,"1b, 6-Br-Q",1.0,0.0004,"2a, Boronic Acid",1.0,Pd(OAc)2,0.0625,P(tBu)3,0.125,CsF,2.5,THF,72.82,85819.6,,
506,6-Bromoquinoline,"1b, 6-Br-Q",1.0,0.0004,"2a, Boronic Acid",1.0,Pd(OAc)2,0.0625,P(Ph)3 ,0.125,CsF,2.5,THF,75.08,269596.07,,
507,6-Bromoquinoline,"1b, 6-Br-Q",1.0,0.0004,"2a, Boronic Acid",1.0,Pd(OAc)2,0.0625,AmPhos,0.125,CsF,2.5,THF,74.79,86838.84,,
508,6-Bromoquinoline,"1b, 6-Br-Q",1.0,0.0004,"2a, Boronic Acid",1.0,Pd(OAc)2,0.0625,P(Cy)3,0.125,CsF,2.5,THF,55.51,217878.49,,
509,6-Bromoquinoline,"1b, 6-Br-Q",1.0,0.0004,"2a, Boronic Acid",1.0,Pd(OAc)2,0.0625,P(o-Tol)3,0.125,CsF,2.5,THF,51.71,57679.18,,
510,6-Bromoquinoline,"1b, 6-Br-Q",1.0,0.0004,"2a, Boronic Acid",1.0,Pd(OAc)2,0.0625,CataCXium A,0.125,CsF,2.5,THF,75.62,212602.18,,
511,6-Bromoquinoline,"1b, 6-Br-Q",1.0,0.0004,"2a, Boronic Acid",1.0,Pd(OAc)2,0.0625,SPhos,0.125,CsF,2.5,THF,32.56,42066.58,,
512,6-Bromoquinoline,"1b, 6-Br-Q",1.0,0.0004,"2a, Boronic Acid",1.0,Pd(OAc)2,0.0625,dtbpf,0.125,CsF,2.5,THF,44.38,123822.09,,
513,6-Bromoquinoline,"1b, 6-Br-Q",1.0,0.0004,"2a, Boronic Acid",1.0,Pd(OAc)2,0.0625,XPhos,0.125,CsF,2.5,THF,19.33,32269.42,,
514,6-Bromoquinoline,"1b, 6-Br-Q",1.0,0.0004,"2a, Boronic Acid",1.0,Pd(OAc)2,0.0625,dppf,0.125,CsF,2.5,THF,23.53,42079.2,,
515,6-Bromoquinoline,"1b, 6-Br-Q",1.0,0.0004,"2a, Boronic Acid",1.0,Pd(OAc)2,0.0625,Xantphos,0.125,CsF,2.5,THF,6.45,3453.47,,
516,6-Bromoquinoline,"1b, 6-Br-Q",1.0,0.0004,"2a, Boronic Acid",1.0,Pd(OAc)2,0.0625,,,CsF,2.5,THF,6.81,6294.16,,
517,6-Bromoquinoline,"1b, 6-Br-Q",1.0,0.0004,"2a, Boronic Acid",1.0,Pd(OAc)2,0.0625,P(tBu)3,0.125,K3PO4,2.5,THF,60.2,64884.55,,
518,6-Bromoquinoline,"1b, 6-Br-Q",1.0,0.0004,"2a, Boronic Acid",1.0,Pd(OAc)2,0.0625,P(Ph)3 ,0.125,K3PO4,2.5,THF,70.78,247407.14,,
519,6-Bromoquinoline,"1b, 6-Br-Q",1.0,0.0004,"2a, Boronic Acid",1.0,Pd(OAc)2,0.0625,AmPhos,0.125,K3PO4,2.5,THF,70.16,79480.14,,
520,6-Bromoquinoline,"1b, 6-Br-Q",1.0,0.0004,"2a, Boronic Acid",1.0,Pd(OAc)2,0.0625,P(Cy)3,0.125,K3PO4,2.5,THF,34.61,126581.15,,
521,6-Bromoquinoline,"1b, 6-Br-Q",1.0,0.0004,"2a, Boronic Acid",1.0,Pd(OAc)2,0.0625,P(o-Tol)3,0.125,K3PO4,2.5,THF,34.54,40236.07,,
522,6-Bromoquinoline,"1b, 6-Br-Q",1.0,0.0004,"2a, Boronic Acid",1.0,Pd(OAc)2,0.0625,CataCXium A,0.125,K3PO4,2.5,THF,79.66,194133.37,,
523,6-Bromoquinoline,"1b, 6-Br-Q",1.0,0.0004,"2a, Boronic Acid",1.0,Pd(OAc)2,0.0625,SPhos,0.125,K3PO4,2.5,THF,34.88,34228.13,,
524,6-Bromoquinoline,"1b, 6-Br-Q",1.0,0.0004,"2a, Boronic Acid",1.0,Pd(OAc)2,0.0625,dtbpf,0.125,K3PO4,2.5,THF,44.65,127030.14,,
525,6-Bromoquinoline,"1b, 6-Br-Q",1.0,0.0004,"2a, Boronic Acid",1.0,Pd(OAc)2,0.0625,XPhos,0.125,K3PO4,2.5,THF,24.48,29150.43,,
526,6-Bromoquinoline,"1b, 6-Br-Q",1.0,0.0004,"2a, Boronic Acid",1.0,Pd(OAc)2,0.0625,dppf,0.125,K3PO4,2.5,THF,19.24,22209.53,,
527,6-Bromoquinoline,"1b, 6-Br-Q",1.0,0.0004,"2a, Boronic Acid",1.0,Pd(OAc)2,0.0625,Xantphos,0.125,K3PO4,2.5,THF,1.41,3834.28,,
528,6-Bromoquinoline,"1b, 6-Br-Q",1.0,0.0004,"2a, Boronic Acid",1.0,Pd(OAc)2,0.0625,,,K3PO4,2.5,THF,6.81,5990.47,,
529,6-Bromoquinoline,"1b, 6-Br-Q",1.0,0.0004,"2a, Boronic Acid",1.0,Pd(OAc)2,0.0625,P(tBu)3,0.125,KOH,2.5,THF,66.68,68493.35,,
530,6-Bromoquinoline,"1b, 6-Br-Q",1.0,0.0004,"2a, Boronic Acid",1.0,Pd(OAc)2,0.0625,P(Ph)3 ,0.125,KOH,2.5,THF,73.8,238219.73,,
531,6-Bromoquinoline,"1b, 6-Br-Q",1.0,0.0004,"2a, Boronic Acid",1.0,Pd(OAc)2,0.0625,AmPhos,0.125,KOH,2.5,THF,75.63,78174.71,,
532,6-Bromoquinoline,"1b, 6-Br-Q",1.0,0.0004,"2a, Boronic Acid",1.0,Pd(OAc)2,0.0625,P(Cy)3,0.125,KOH,2.5,THF,44.1,147056.8,,
533,6-Bromoquinoline,"1b, 6-Br-Q",1.0,0.0004,"2a, Boronic Acid",1.0,Pd(OAc)2,0.0625,P(o-Tol)3,0.125,KOH,2.5,THF,52.45,53216.49,,
534,6-Bromoquinoline,"1b, 6-Br-Q",1.0,0.0004,"2a, Boronic Acid",1.0,Pd(OAc)2,0.0625,CataCXium A,0.125,KOH,2.5,THF,87.88,213318.47,,
535,6-Bromoquinoline,"1b, 6-Br-Q",1.0,0.0004,"2a, Boronic Acid",1.0,Pd(OAc)2,0.0625,SPhos,0.125,KOH,2.5,THF,51.15,53967.77,,
536,6-Bromoquinoline,"1b, 6-Br-Q",1.0,0.0004,"2a, Boronic Acid",1.0,Pd(OAc)2,0.0625,dtbpf,0.125,KOH,2.5,THF,57.36,133327.31,,
537,6-Bromoquinoline,"1b, 6-Br-Q",1.0,0.0004,"2a, Boronic Acid",1.0,Pd(OAc)2,0.0625,XPhos,0.125,KOH,2.5,THF,50.12,47567.38,,
538,6-Bromoquinoline,"1b, 6-Br-Q",1.0,0.0004,"2a, Boronic Acid",1.0,Pd(OAc)2,0.0625,dppf,0.125,KOH,2.5,THF,22.22,16086.52,,
539,6-Bromoquinoline,"1b, 6-Br-Q",1.0,0.0004,"2a, Boronic Acid",1.0,Pd(OAc)2,0.0625,Xantphos,0.125,KOH,2.5,THF,5.31,9844.24,,
540,6-Bromoquinoline,"1b, 6-Br-Q",1.0,0.0004,"2a, Boronic Acid",1.0,Pd(OAc)2,0.0625,,,KOH,2.5,THF,11.93,22984.07,,
541,6-Bromoquinoline,"1b, 6-Br-Q",1.0,0.0004,"2a, Boronic Acid",1.0,Pd(OAc)2,0.0625,P(tBu)3,0.125,LiOtBu,2.5,THF,92.77,86224.01,,
542,6-Bromoquinoline,"1b, 6-Br-Q",1.0,0.0004,"2a, Boronic Acid",1.0,Pd(OAc)2,0.0625,P(Ph)3 ,0.125,LiOtBu,2.5,THF,87.78,265149.9,,
543,6-Bromoquinoline,"1b, 6-Br-Q",1.0,0.0004,"2a, Boronic Acid",1.0,Pd(OAc)2,0.0625,AmPhos,0.125,LiOtBu,2.5,THF,89.22,87131.11,,
544,6-Bromoquinoline,"1b, 6-Br-Q",1.0,0.0004,"2a, Boronic Acid",1.0,Pd(OAc)2,0.0625,P(Cy)3,0.125,LiOtBu,2.5,THF,73.6,206273.44,,
545,6-Bromoquinoline,"1b, 6-Br-Q",1.0,0.0004,"2a, Boronic Acid",1.0,Pd(OAc)2,0.0625,P(o-Tol)3,0.125,LiOtBu,2.5,THF,73.33,62635.16,,
546,6-Bromoquinoline,"1b, 6-Br-Q",1.0,0.0004,"2a, Boronic Acid",1.0,Pd(OAc)2,0.0625,CataCXium A,0.125,LiOtBu,2.5,THF,97.29,206920.21,,
547,6-Bromoquinoline,"1b, 6-Br-Q",1.0,0.0004,"2a, Boronic Acid",1.0,Pd(OAc)2,0.0625,SPhos,0.125,LiOtBu,2.5,THF,68.32,58229.73,,
548,6-Bromoquinoline,"1b, 6-Br-Q",1.0,0.0004,"2a, Boronic Acid",1.0,Pd(OAc)2,0.0625,dtbpf,0.125,LiOtBu,2.5,THF,67.4,156680.37,,
549,6-Bromoquinoline,"1b, 6-Br-Q",1.0,0.0004,"2a, Boronic Acid",1.0,Pd(OAc)2,0.0625,XPhos,0.125,LiOtBu,2.5,THF,45.58,40265.12,,
550,6-Bromoquinoline,"1b, 6-Br-Q",1.0,0.0004,"2a, Boronic Acid",1.0,Pd(OAc)2,0.0625,dppf,0.125,LiOtBu,2.5,THF,24.04,18026.36,,
551,6-Bromoquinoline,"1b, 6-Br-Q",1.0,0.0004,"2a, Boronic Acid",1.0,Pd(OAc)2,0.0625,Xantphos,0.125,LiOtBu,2.5,THF,9.88,13843.49,,
552,6-Bromoquinoline,"1b, 6-Br-Q",1.0,0.0004,"2a, Boronic Acid",1.0,Pd(OAc)2,0.0625,,,LiOtBu,2.5,THF,7.46,6339.68,,
553,6-Bromoquinoline,"1b, 6-Br-Q",1.0,0.0004,"2a, Boronic Acid",1.0,Pd(OAc)2,0.0625,P(tBu)3,0.125,Et3N,2.5,THF,94.67,89557.6,,
554,6-Bromoquinoline,"1b, 6-Br-Q",1.0,0.0004,"2a, Boronic Acid",1.0,Pd(OAc)2,0.0625,P(Ph)3 ,0.125,Et3N,2.5,THF,94.88,281411.84,,
555,6-Bromoquinoline,"1b, 6-Br-Q",1.0,0.0004,"2a, Boronic Acid",1.0,Pd(OAc)2,0.0625,AmPhos,0.125,Et3N,2.5,THF,91.88,88924.25,,
556,6-Bromoquinoline,"1b, 6-Br-Q",1.0,0.0004,"2a, Boronic Acid",1.0,Pd(OAc)2,0.0625,P(Cy)3,0.125,Et3N,2.5,THF,80.43,238835.01,,
557,6-Bromoquinoline,"1b, 6-Br-Q",1.0,0.0004,"2a, Boronic Acid",1.0,Pd(OAc)2,0.0625,P(o-Tol)3,0.125,Et3N,2.5,THF,41.28,38703.45,,
558,6-Bromoquinoline,"1b, 6-Br-Q",1.0,0.0004,"2a, Boronic Acid",1.0,Pd(OAc)2,0.0625,CataCXium A,0.125,Et3N,2.5,THF,97.83,233836.55,,
559,6-Bromoquinoline,"1b, 6-Br-Q",1.0,0.0004,"2a, Boronic Acid",1.0,Pd(OAc)2,0.0625,SPhos,0.125,Et3N,2.5,THF,70.45,66862.2,,
560,6-Bromoquinoline,"1b, 6-Br-Q",1.0,0.0004,"2a, Boronic Acid",1.0,Pd(OAc)2,0.0625,dtbpf,0.125,Et3N,2.5,THF,68.66,166227.29,,
561,6-Bromoquinoline,"1b, 6-Br-Q",1.0,0.0004,"2a, Boronic Acid",1.0,Pd(OAc)2,0.0625,XPhos,0.125,Et3N,2.5,THF,60.95,57229.64,,
562,6-Bromoquinoline,"1b, 6-Br-Q",1.0,0.0004,"2a, Boronic Acid",1.0,Pd(OAc)2,0.0625,dppf,0.125,Et3N,2.5,THF,21.57,25996.54,,
563,6-Bromoquinoline,"1b, 6-Br-Q",1.0,0.0004,"2a, Boronic Acid",1.0,Pd(OAc)2,0.0625,Xantphos,0.125,Et3N,2.5,THF,9.14,16434.83,,
564,6-Bromoquinoline,"1b, 6-Br-Q",1.0,0.0004,"2a, Boronic Acid",1.0,Pd(OAc)2,0.0625,,,Et3N,2.5,THF,10.53,24795.72,,
565,6-Bromoquinoline,"1b, 6-Br-Q",1.0,0.0004,"2a, Boronic Acid",1.0,Pd(OAc)2,0.0625,P(tBu)3,0.125,,2.5,THF,92.98,89250.21,,
566,6-Bromoquinoline,"1b, 6-Br-Q",1.0,0.0004,"2a, Boronic Acid",1.0,Pd(OAc)2,0.0625,P(Ph)3 ,0.125,,2.5,THF,95.48,302727.93,,
567,6-Bromoquinoline,"1b, 6-Br-Q",1.0,0.0004,"2a, Boronic Acid",1.0,Pd(OAc)2,0.0625,AmPhos,0.125,,2.5,THF,92.22,91266.03,,
568,6-Bromoquinoline,"1b, 6-Br-Q",1.0,0.0004,"2a, Boronic Acid",1.0,Pd(OAc)2,0.0625,P(Cy)3,0.125,,2.5,THF,81.47,240026.37,,
569,6-Bromoquinoline,"1b, 6-Br-Q",1.0,0.0004,"2a, Boronic Acid",1.0,Pd(OAc)2,0.0625,P(o-Tol)3,0.125,,2.5,THF,65.14,63268.91,,
570,6-Bromoquinoline,"1b, 6-Br-Q",1.0,0.0004,"2a, Boronic Acid",1.0,Pd(OAc)2,0.0625,CataCXium A,0.125,,2.5,THF,97.86,254283.6,,
571,6-Bromoquinoline,"1b, 6-Br-Q",1.0,0.0004,"2a, Boronic Acid",1.0,Pd(OAc)2,0.0625,SPhos,0.125,,2.5,THF,61.39,29075.47,,
572,6-Bromoquinoline,"1b, 6-Br-Q",1.0,0.0004,"2a, Boronic Acid",1.0,Pd(OAc)2,0.0625,dtbpf,0.125,,2.5,THF,63.98,169231.21,,
573,6-Bromoquinoline,"1b, 6-Br-Q",1.0,0.0004,"2a, Boronic Acid",1.0,Pd(OAc)2,0.0625,XPhos,0.125,,2.5,THF,63.04,62352.25,,
574,6-Bromoquinoline,"1b, 6-Br-Q",1.0,0.0004,"2a, Boronic Acid",1.0,Pd(OAc)2,0.0625,dppf,0.125,,2.5,THF,20.45,26981.28,,
575,6-Bromoquinoline,"1b, 6-Br-Q",1.0,0.0004,"2a, Boronic Acid",1.0,Pd(OAc)2,0.0625,Xantphos,0.125,,2.5,THF,8.36,13235.87,,
576,6-Bromoquinoline,"1b, 6-Br-Q",1.0,0.0004,"2a, Boronic Acid",1.0,Pd(OAc)2,0.0625,,,,2.5,THF,14.34,40422.98,,
577,6-Bromoquinoline,"1b, 6-Br-Q",1.0,0.0004,"2a, Boronic Acid",1.0,Pd(OAc)2,0.0625,P(tBu)3,0.125,NaOH,2.5,DMF,72.57,77453.11,,
578,6-Bromoquinoline,"1b, 6-Br-Q",1.0,0.0004,"2a, Boronic Acid",1.0,Pd(OAc)2,0.0625,P(Ph)3 ,0.125,NaOH,2.5,DMF,75.94,258394.79,,
579,6-Bromoquinoline,"1b, 6-Br-Q",1.0,0.0004,"2a, Boronic Acid",1.0,Pd(OAc)2,0.0625,AmPhos,0.125,NaOH,2.5,DMF,66.37,75048.18,,
580,6-Bromoquinoline,"1b, 6-Br-Q",1.0,0.0004,"2a, Boronic Acid",1.0,Pd(OAc)2,0.0625,P(Cy)3,0.125,NaOH,2.5,DMF,55.56,207926.67,,
581,6-Bromoquinoline,"1b, 6-Br-Q",1.0,0.0004,"2a, Boronic Acid",1.0,Pd(OAc)2,0.0625,P(o-Tol)3,0.125,NaOH,2.5,DMF,17.1,23251.64,,
582,6-Bromoquinoline,"1b, 6-Br-Q",1.0,0.0004,"2a, Boronic Acid",1.0,Pd(OAc)2,0.0625,CataCXium A,0.125,NaOH,2.5,DMF,81.09,190006.98,,
583,6-Bromoquinoline,"1b, 6-Br-Q",1.0,0.0004,"2a, Boronic Acid",1.0,Pd(OAc)2,0.0625,SPhos,0.125,NaOH,2.5,DMF,59.55,67839.25,,
584,6-Bromoquinoline,"1b, 6-Br-Q",1.0,0.0004,"2a, Boronic Acid",1.0,Pd(OAc)2,0.0625,dtbpf,0.125,NaOH,2.5,DMF,37.66,107179.37,,
585,6-Bromoquinoline,"1b, 6-Br-Q",1.0,0.0004,"2a, Boronic Acid",1.0,Pd(OAc)2,0.0625,XPhos,0.125,NaOH,2.5,DMF,26.44,33113.26,,
586,6-Bromoquinoline,"1b, 6-Br-Q",1.0,0.0004,"2a, Boronic Acid",1.0,Pd(OAc)2,0.0625,dppf,0.125,NaOH,2.5,DMF,13.84,25902.5,,
587,6-Bromoquinoline,"1b, 6-Br-Q",1.0,0.0004,"2a, Boronic Acid",1.0,Pd(OAc)2,0.0625,Xantphos,0.125,NaOH,2.5,DMF,9.74,15819.52,,
588,6-Bromoquinoline,"1b, 6-Br-Q",1.0,0.0004,"2a, Boronic Acid",1.0,Pd(OAc)2,0.0625,,,NaOH,2.5,DMF,10.42,27217.96,,
589,6-Bromoquinoline,"1b, 6-Br-Q",1.0,0.0004,"2a, Boronic Acid",1.0,Pd(OAc)2,0.0625,P(tBu)3,0.125,NaHCO3,2.5,DMF,13.2,20114.02,,
590,6-Bromoquinoline,"1b, 6-Br-Q",1.0,0.0004,"2a, Boronic Acid",1.0,Pd(OAc)2,0.0625,P(Ph)3 ,0.125,NaHCO3,2.5,DMF,84.39,307648.11,,
591,6-Bromoquinoline,"1b, 6-Br-Q",1.0,0.0004,"2a, Boronic Acid",1.0,Pd(OAc)2,0.0625,AmPhos,0.125,NaHCO3,2.5,DMF,29.98,40822.9,,
592,6-Bromoquinoline,"1b, 6-Br-Q",1.0,0.0004,"2a, Boronic Acid",1.0,Pd(OAc)2,0.0625,P(Cy)3,0.125,NaHCO3,2.5,DMF,37.34,154910.31,,
593,6-Bromoquinoline,"1b, 6-Br-Q",1.0,0.0004,"2a, Boronic Acid",1.0,Pd(OAc)2,0.0625,P(o-Tol)3,0.125,NaHCO3,2.5,DMF,11.56,17047.33,,
594,6-Bromoquinoline,"1b, 6-Br-Q",1.0,0.0004,"2a, Boronic Acid",1.0,Pd(OAc)2,0.0625,CataCXium A,0.125,NaHCO3,2.5,DMF,50.79,147645.99,,
595,6-Bromoquinoline,"1b, 6-Br-Q",1.0,0.0004,"2a, Boronic Acid",1.0,Pd(OAc)2,0.0625,SPhos,0.125,NaHCO3,2.5,DMF,27.28,37610.6,,
596,6-Bromoquinoline,"1b, 6-Br-Q",1.0,0.0004,"2a, Boronic Acid",1.0,Pd(OAc)2,0.0625,dtbpf,0.125,NaHCO3,2.5,DMF,14.78,22730.72,,
597,6-Bromoquinoline,"1b, 6-Br-Q",1.0,0.0004,"2a, Boronic Acid",1.0,Pd(OAc)2,0.0625,XPhos,0.125,NaHCO3,2.5,DMF,10.88,16225.17,,
598,6-Bromoquinoline,"1b, 6-Br-Q",1.0,0.0004,"2a, Boronic Acid",1.0,Pd(OAc)2,0.0625,dppf,0.125,NaHCO3,2.5,DMF,17.45,32296.81,,
599,6-Bromoquinoline,"1b, 6-Br-Q",1.0,0.0004,"2a, Boronic Acid",1.0,Pd(OAc)2,0.0625,Xantphos,0.125,NaHCO3,2.5,DMF,1.48,2589.84,,
600,6-Bromoquinoline,"1b, 6-Br-Q",1.0,0.0004,"2a, Boronic Acid",1.0,Pd(OAc)2,0.0625,,,NaHCO3,2.5,DMF,7.87,17062.19,,
601,6-Bromoquinoline,"1b, 6-Br-Q",1.0,0.0004,"2a, Boronic Acid",1.0,Pd(OAc)2,0.0625,P(tBu)3,0.125,CsF,2.5,DMF,9.48,15111.86,,
602,6-Bromoquinoline,"1b, 6-Br-Q",1.0,0.0004,"2a, Boronic Acid",1.0,Pd(OAc)2,0.0625,P(Ph)3 ,0.125,CsF,2.5,DMF,84.61,287915.3,,
603,6-Bromoquinoline,"1b, 6-Br-Q",1.0,0.0004,"2a, Boronic Acid",1.0,Pd(OAc)2,0.0625,AmPhos,0.125,CsF,2.5,DMF,57.94,69096.83,,
604,6-Bromoquinoline,"1b, 6-Br-Q",1.0,0.0004,"2a, Boronic Acid",1.0,Pd(OAc)2,0.0625,P(Cy)3,0.125,CsF,2.5,DMF,57.56,211889.82,,
605,6-Bromoquinoline,"1b, 6-Br-Q",1.0,0.0004,"2a, Boronic Acid",1.0,Pd(OAc)2,0.0625,P(o-Tol)3,0.125,CsF,2.5,DMF,14.51,22114.91,,
606,6-Bromoquinoline,"1b, 6-Br-Q",1.0,0.0004,"2a, Boronic Acid",1.0,Pd(OAc)2,0.0625,CataCXium A,0.125,CsF,2.5,DMF,80.36,202798.85,,
607,6-Bromoquinoline,"1b, 6-Br-Q",1.0,0.0004,"2a, Boronic Acid",1.0,Pd(OAc)2,0.0625,SPhos,0.125,CsF,2.5,DMF,62.26,71078.48,,
608,6-Bromoquinoline,"1b, 6-Br-Q",1.0,0.0004,"2a, Boronic Acid",1.0,Pd(OAc)2,0.0625,dtbpf,0.125,CsF,2.5,DMF,28.71,76078.5,,
609,6-Bromoquinoline,"1b, 6-Br-Q",1.0,0.0004,"2a, Boronic Acid",1.0,Pd(OAc)2,0.0625,XPhos,0.125,CsF,2.5,DMF,44.81,51624.21,,
610,6-Bromoquinoline,"1b, 6-Br-Q",1.0,0.0004,"2a, Boronic Acid",1.0,Pd(OAc)2,0.0625,dppf,0.125,CsF,2.5,DMF,14.38,17380.98,,
611,6-Bromoquinoline,"1b, 6-Br-Q",1.0,0.0004,"2a, Boronic Acid",1.0,Pd(OAc)2,0.0625,Xantphos,0.125,CsF,2.5,DMF,1.88,3587.85,,
612,6-Bromoquinoline,"1b, 6-Br-Q",1.0,0.0004,"2a, Boronic Acid",1.0,Pd(OAc)2,0.0625,,,CsF,2.5,DMF,16.0,48996.02,,
613,6-Bromoquinoline,"1b, 6-Br-Q",1.0,0.0004,"2a, Boronic Acid",1.0,Pd(OAc)2,0.0625,P(tBu)3,0.125,K3PO4,2.5,DMF,50.79,56751.92,,
614,6-Bromoquinoline,"1b, 6-Br-Q",1.0,0.0004,"2a, Boronic Acid",1.0,Pd(OAc)2,0.0625,P(Ph)3 ,0.125,K3PO4,2.5,DMF,72.94,255114.59,,
615,6-Bromoquinoline,"1b, 6-Br-Q",1.0,0.0004,"2a, Boronic Acid",1.0,Pd(OAc)2,0.0625,AmPhos,0.125,K3PO4,2.5,DMF,56.65,69145.48,,
616,6-Bromoquinoline,"1b, 6-Br-Q",1.0,0.0004,"2a, Boronic Acid",1.0,Pd(OAc)2,0.0625,P(Cy)3,0.125,K3PO4,2.5,DMF,29.96,119968.82,,
617,6-Bromoquinoline,"1b, 6-Br-Q",1.0,0.0004,"2a, Boronic Acid",1.0,Pd(OAc)2,0.0625,P(o-Tol)3,0.125,K3PO4,2.5,DMF,16.2,23064.35,,
618,6-Bromoquinoline,"1b, 6-Br-Q",1.0,0.0004,"2a, Boronic Acid",1.0,Pd(OAc)2,0.0625,CataCXium A,0.125,K3PO4,2.5,DMF,65.71,155126.33,,
619,6-Bromoquinoline,"1b, 6-Br-Q",1.0,0.0004,"2a, Boronic Acid",1.0,Pd(OAc)2,0.0625,SPhos,0.125,K3PO4,2.5,DMF,22.24,30476.77,,
620,6-Bromoquinoline,"1b, 6-Br-Q",1.0,0.0004,"2a, Boronic Acid",1.0,Pd(OAc)2,0.0625,dtbpf,0.125,K3PO4,2.5,DMF,23.11,55791.62,,
621,6-Bromoquinoline,"1b, 6-Br-Q",1.0,0.0004,"2a, Boronic Acid",1.0,Pd(OAc)2,0.0625,XPhos,0.125,K3PO4,2.5,DMF,29.35,34825.81,,
622,6-Bromoquinoline,"1b, 6-Br-Q",1.0,0.0004,"2a, Boronic Acid",1.0,Pd(OAc)2,0.0625,dppf,0.125,K3PO4,2.5,DMF,12.76,11648.6,,
623,6-Bromoquinoline,"1b, 6-Br-Q",1.0,0.0004,"2a, Boronic Acid",1.0,Pd(OAc)2,0.0625,Xantphos,0.125,K3PO4,2.5,DMF,1.38,2268.87,,
624,6-Bromoquinoline,"1b, 6-Br-Q",1.0,0.0004,"2a, Boronic Acid",1.0,Pd(OAc)2,0.0625,,,K3PO4,2.5,DMF,7.45,13794.43,,
625,6-Bromoquinoline,"1b, 6-Br-Q",1.0,0.0004,"2a, Boronic Acid",1.0,Pd(OAc)2,0.0625,P(tBu)3,0.125,KOH,2.5,DMF,49.15,56395.51,,
626,6-Bromoquinoline,"1b, 6-Br-Q",1.0,0.0004,"2a, Boronic Acid",1.0,Pd(OAc)2,0.0625,P(Ph)3 ,0.125,KOH,2.5,DMF,80.18,267034.16,,
627,6-Bromoquinoline,"1b, 6-Br-Q",1.0,0.0004,"2a, Boronic Acid",1.0,Pd(OAc)2,0.0625,AmPhos,0.125,KOH,2.5,DMF,67.22,74118.01,,
628,6-Bromoquinoline,"1b, 6-Br-Q",1.0,0.0004,"2a, Boronic Acid",1.0,Pd(OAc)2,0.0625,P(Cy)3,0.125,KOH,2.5,DMF,60.71,203042.76,,
629,6-Bromoquinoline,"1b, 6-Br-Q",1.0,0.0004,"2a, Boronic Acid",1.0,Pd(OAc)2,0.0625,P(o-Tol)3,0.125,KOH,2.5,DMF,20.57,25844.53,,
630,6-Bromoquinoline,"1b, 6-Br-Q",1.0,0.0004,"2a, Boronic Acid",1.0,Pd(OAc)2,0.0625,CataCXium A,0.125,KOH,2.5,DMF,84.99,192275.39,,
631,6-Bromoquinoline,"1b, 6-Br-Q",1.0,0.0004,"2a, Boronic Acid",1.0,Pd(OAc)2,0.0625,SPhos,0.125,KOH,2.5,DMF,62.66,64422.78,,
632,6-Bromoquinoline,"1b, 6-Br-Q",1.0,0.0004,"2a, Boronic Acid",1.0,Pd(OAc)2,0.0625,dtbpf,0.125,KOH,2.5,DMF,40.32,94930.97,,
633,6-Bromoquinoline,"1b, 6-Br-Q",1.0,0.0004,"2a, Boronic Acid",1.0,Pd(OAc)2,0.0625,XPhos,0.125,KOH,2.5,DMF,30.55,36168.56,,
634,6-Bromoquinoline,"1b, 6-Br-Q",1.0,0.0004,"2a, Boronic Acid",1.0,Pd(OAc)2,0.0625,dppf,0.125,KOH,2.5,DMF,15.74,20104.52,,
635,6-Bromoquinoline,"1b, 6-Br-Q",1.0,0.0004,"2a, Boronic Acid",1.0,Pd(OAc)2,0.0625,Xantphos,0.125,KOH,2.5,DMF,14.1,20337.06,,
636,6-Bromoquinoline,"1b, 6-Br-Q",1.0,0.0004,"2a, Boronic Acid",1.0,Pd(OAc)2,0.0625,,,KOH,2.5,DMF,21.52,68444.53,,
637,6-Bromoquinoline,"1b, 6-Br-Q",1.0,0.0004,"2a, Boronic Acid",1.0,Pd(OAc)2,0.0625,P(tBu)3,0.125,LiOtBu,2.5,DMF,82.07,92482.39,,
638,6-Bromoquinoline,"1b, 6-Br-Q",1.0,0.0004,"2a, Boronic Acid",1.0,Pd(OAc)2,0.0625,P(Ph)3 ,0.125,LiOtBu,2.5,DMF,81.23,277237.94,,
639,6-Bromoquinoline,"1b, 6-Br-Q",1.0,0.0004,"2a, Boronic Acid",1.0,Pd(OAc)2,0.0625,AmPhos,0.125,LiOtBu,2.5,DMF,59.02,67087.37,,
640,6-Bromoquinoline,"1b, 6-Br-Q",1.0,0.0004,"2a, Boronic Acid",1.0,Pd(OAc)2,0.0625,P(Cy)3,0.125,LiOtBu,2.5,DMF,64.13,214238.31,,
641,6-Bromoquinoline,"1b, 6-Br-Q",1.0,0.0004,"2a, Boronic Acid",1.0,Pd(OAc)2,0.0625,P(o-Tol)3,0.125,LiOtBu,2.5,DMF,16.87,24165.92,,
642,6-Bromoquinoline,"1b, 6-Br-Q",1.0,0.0004,"2a, Boronic Acid",1.0,Pd(OAc)2,0.0625,CataCXium A,0.125,LiOtBu,2.5,DMF,77.38,178746.37,,
643,6-Bromoquinoline,"1b, 6-Br-Q",1.0,0.0004,"2a, Boronic Acid",1.0,Pd(OAc)2,0.0625,SPhos,0.125,LiOtBu,2.5,DMF,48.5,60321.86,,
644,6-Bromoquinoline,"1b, 6-Br-Q",1.0,0.0004,"2a, Boronic Acid",1.0,Pd(OAc)2,0.0625,dtbpf,0.125,LiOtBu,2.5,DMF,39.14,98301.26,,
645,6-Bromoquinoline,"1b, 6-Br-Q",1.0,0.0004,"2a, Boronic Acid",1.0,Pd(OAc)2,0.0625,XPhos,0.125,LiOtBu,2.5,DMF,18.95,24068.05,,
646,6-Bromoquinoline,"1b, 6-Br-Q",1.0,0.0004,"2a, Boronic Acid",1.0,Pd(OAc)2,0.0625,dppf,0.125,LiOtBu,2.5,DMF,14.07,18413.92,,
647,6-Bromoquinoline,"1b, 6-Br-Q",1.0,0.0004,"2a, Boronic Acid",1.0,Pd(OAc)2,0.0625,Xantphos,0.125,LiOtBu,2.5,DMF,3.85,6409.3,,
648,6-Bromoquinoline,"1b, 6-Br-Q",1.0,0.0004,"2a, Boronic Acid",1.0,Pd(OAc)2,0.0625,,,LiOtBu,2.5,DMF,8.39,15371.51,,
649,6-Bromoquinoline,"1b, 6-Br-Q",1.0,0.0004,"2a, Boronic Acid",1.0,Pd(OAc)2,0.0625,P(tBu)3,0.125,Et3N,2.5,DMF,66.97,64666.05,,
650,6-Bromoquinoline,"1b, 6-Br-Q",1.0,0.0004,"2a, Boronic Acid",1.0,Pd(OAc)2,0.0625,P(Ph)3 ,0.125,Et3N,2.5,DMF,69.58,217410.1,,
651,6-Bromoquinoline,"1b, 6-Br-Q",1.0,0.0004,"2a, Boronic Acid",1.0,Pd(OAc)2,0.0625,AmPhos,0.125,Et3N,2.5,DMF,50.06,56957.69,,
652,6-Bromoquinoline,"1b, 6-Br-Q",1.0,0.0004,"2a, Boronic Acid",1.0,Pd(OAc)2,0.0625,P(Cy)3,0.125,Et3N,2.5,DMF,38.25,132247.45,,
653,6-Bromoquinoline,"1b, 6-Br-Q",1.0,0.0004,"2a, Boronic Acid",1.0,Pd(OAc)2,0.0625,P(o-Tol)3,0.125,Et3N,2.5,DMF,23.23,28102.86,,
654,6-Bromoquinoline,"1b, 6-Br-Q",1.0,0.0004,"2a, Boronic Acid",1.0,Pd(OAc)2,0.0625,CataCXium A,0.125,Et3N,2.5,DMF,65.03,148510.31,,
655,6-Bromoquinoline,"1b, 6-Br-Q",1.0,0.0004,"2a, Boronic Acid",1.0,Pd(OAc)2,0.0625,SPhos,0.125,Et3N,2.5,DMF,22.76,30301.46,,
656,6-Bromoquinoline,"1b, 6-Br-Q",1.0,0.0004,"2a, Boronic Acid",1.0,Pd(OAc)2,0.0625,dtbpf,0.125,Et3N,2.5,DMF,19.57,43179.6,,
657,6-Bromoquinoline,"1b, 6-Br-Q",1.0,0.0004,"2a, Boronic Acid",1.0,Pd(OAc)2,0.0625,XPhos,0.125,Et3N,2.5,DMF,22.27,26976.15,,
658,6-Bromoquinoline,"1b, 6-Br-Q",1.0,0.0004,"2a, Boronic Acid",1.0,Pd(OAc)2,0.0625,dppf,0.125,Et3N,2.5,DMF,12.81,8036.75,,
659,6-Bromoquinoline,"1b, 6-Br-Q",1.0,0.0004,"2a, Boronic Acid",1.0,Pd(OAc)2,0.0625,Xantphos,0.125,Et3N,2.5,DMF,0.93,1501.05,,
660,6-Bromoquinoline,"1b, 6-Br-Q",1.0,0.0004,"2a, Boronic Acid",1.0,Pd(OAc)2,0.0625,,,Et3N,2.5,DMF,8.21,12082.53,,
661,6-Bromoquinoline,"1b, 6-Br-Q",1.0,0.0004,"2a, Boronic Acid",1.0,Pd(OAc)2,0.0625,P(tBu)3,0.125,,2.5,DMF,68.5,69034.72,,
662,6-Bromoquinoline,"1b, 6-Br-Q",1.0,0.0004,"2a, Boronic Acid",1.0,Pd(OAc)2,0.0625,P(Ph)3 ,0.125,,2.5,DMF,72.85,254135.8,,
663,6-Bromoquinoline,"1b, 6-Br-Q",1.0,0.0004,"2a, Boronic Acid",1.0,Pd(OAc)2,0.0625,AmPhos,0.125,,2.5,DMF,57.54,64824.87,,
664,6-Bromoquinoline,"1b, 6-Br-Q",1.0,0.0004,"2a, Boronic Acid",1.0,Pd(OAc)2,0.0625,P(Cy)3,0.125,,2.5,DMF,28.7,105449.73,,
665,6-Bromoquinoline,"1b, 6-Br-Q",1.0,0.0004,"2a, Boronic Acid",1.0,Pd(OAc)2,0.0625,P(o-Tol)3,0.125,,2.5,DMF,17.91,24556.63,,
666,6-Bromoquinoline,"1b, 6-Br-Q",1.0,0.0004,"2a, Boronic Acid",1.0,Pd(OAc)2,0.0625,CataCXium A,0.125,,2.5,DMF,62.32,158252.69,,
667,6-Bromoquinoline,"1b, 6-Br-Q",1.0,0.0004,"2a, Boronic Acid",1.0,Pd(OAc)2,0.0625,SPhos,0.125,,2.5,DMF,20.77,28352.22,,
668,6-Bromoquinoline,"1b, 6-Br-Q",1.0,0.0004,"2a, Boronic Acid",1.0,Pd(OAc)2,0.0625,dtbpf,0.125,,2.5,DMF,20.59,55037.33,,
669,6-Bromoquinoline,"1b, 6-Br-Q",1.0,0.0004,"2a, Boronic Acid",1.0,Pd(OAc)2,0.0625,XPhos,0.125,,2.5,DMF,15.1,20768.92,,
670,6-Bromoquinoline,"1b, 6-Br-Q",1.0,0.0004,"2a, Boronic Acid",1.0,Pd(OAc)2,0.0625,dppf,0.125,,2.5,DMF,17.15,24790.94,,
671,6-Bromoquinoline,"1b, 6-Br-Q",1.0,0.0004,"2a, Boronic Acid",1.0,Pd(OAc)2,0.0625,Xantphos,0.125,,2.5,DMF,1.01,1414.11,,
672,6-Bromoquinoline,"1b, 6-Br-Q",1.0,0.0004,"2a, Boronic Acid",1.0,Pd(OAc)2,0.0625,,,,2.5,DMF,8.91,14603.3,,
673,6-Bromoquinoline,"1b, 6-Br-Q",1.0,0.0004,"2a, Boronic Acid",1.0,Pd(OAc)2,0.0625,P(tBu)3,0.125,NaOH,2.5,MeOH,85.05,99899.33,,
674,6-Bromoquinoline,"1b, 6-Br-Q",1.0,0.0004,"2a, Boronic Acid",1.0,Pd(OAc)2,0.0625,P(Ph)3 ,0.125,NaOH,2.5,MeOH,92.8,375922.79,,
675,6-Bromoquinoline,"1b, 6-Br-Q",1.0,0.0004,"2a, Boronic Acid",1.0,Pd(OAc)2,0.0625,AmPhos,0.125,NaOH,2.5,MeOH,77.34,88479.8,,
676,6-Bromoquinoline,"1b, 6-Br-Q",1.0,0.0004,"2a, Boronic Acid",1.0,Pd(OAc)2,0.0625,P(Cy)3,0.125,NaOH,2.5,MeOH,91.24,346174.78,,
677,6-Bromoquinoline,"1b, 6-Br-Q",1.0,0.0004,"2a, Boronic Acid",1.0,Pd(OAc)2,0.0625,P(o-Tol)3,0.125,NaOH,2.5,MeOH,87.0,105461.86,,
678,6-Bromoquinoline,"1b, 6-Br-Q",1.0,0.0004,"2a, Boronic Acid",1.0,Pd(OAc)2,0.0625,CataCXium A,0.125,NaOH,2.5,MeOH,91.58,282291.16,,
679,6-Bromoquinoline,"1b, 6-Br-Q",1.0,0.0004,"2a, Boronic Acid",1.0,Pd(OAc)2,0.0625,SPhos,0.125,NaOH,2.5,MeOH,92.88,102562.52,,
680,6-Bromoquinoline,"1b, 6-Br-Q",1.0,0.0004,"2a, Boronic Acid",1.0,Pd(OAc)2,0.0625,dtbpf,0.125,NaOH,2.5,MeOH,54.52,158684.53,,
681,6-Bromoquinoline,"1b, 6-Br-Q",1.0,0.0004,"2a, Boronic Acid",1.0,Pd(OAc)2,0.0625,XPhos,0.125,NaOH,2.5,MeOH,91.27,92705.22,,
682,6-Bromoquinoline,"1b, 6-Br-Q",1.0,0.0004,"2a, Boronic Acid",1.0,Pd(OAc)2,0.0625,dppf,0.125,NaOH,2.5,MeOH,55.16,197067.05,,
683,6-Bromoquinoline,"1b, 6-Br-Q",1.0,0.0004,"2a, Boronic Acid",1.0,Pd(OAc)2,0.0625,Xantphos,0.125,NaOH,2.5,MeOH,0.8,6111.33,,
684,6-Bromoquinoline,"1b, 6-Br-Q",1.0,0.0004,"2a, Boronic Acid",1.0,Pd(OAc)2,0.0625,,,NaOH,2.5,MeOH,71.49,203345.6,,
685,6-Bromoquinoline,"1b, 6-Br-Q",1.0,0.0004,"2a, Boronic Acid",1.0,Pd(OAc)2,0.0625,P(tBu)3,0.125,NaHCO3,2.5,MeOH,77.88,84586.07,,
686,6-Bromoquinoline,"1b, 6-Br-Q",1.0,0.0004,"2a, Boronic Acid",1.0,Pd(OAc)2,0.0625,P(Ph)3 ,0.125,NaHCO3,2.5,MeOH,92.6,330759.56,,
687,6-Bromoquinoline,"1b, 6-Br-Q",1.0,0.0004,"2a, Boronic Acid",1.0,Pd(OAc)2,0.0625,AmPhos,0.125,NaHCO3,2.5,MeOH,81.73,90033.94,,
688,6-Bromoquinoline,"1b, 6-Br-Q",1.0,0.0004,"2a, Boronic Acid",1.0,Pd(OAc)2,0.0625,P(Cy)3,0.125,NaHCO3,2.5,MeOH,92.24,334918.12,,
689,6-Bromoquinoline,"1b, 6-Br-Q",1.0,0.0004,"2a, Boronic Acid",1.0,Pd(OAc)2,0.0625,P(o-Tol)3,0.125,NaHCO3,2.5,MeOH,93.79,99920.29,,
690,6-Bromoquinoline,"1b, 6-Br-Q",1.0,0.0004,"2a, Boronic Acid",1.0,Pd(OAc)2,0.0625,CataCXium A,0.125,NaHCO3,2.5,MeOH,86.98,205784.31,,
691,6-Bromoquinoline,"1b, 6-Br-Q",1.0,0.0004,"2a, Boronic Acid",1.0,Pd(OAc)2,0.0625,SPhos,0.125,NaHCO3,2.5,MeOH,85.69,91272.65,,
692,6-Bromoquinoline,"1b, 6-Br-Q",1.0,0.0004,"2a, Boronic Acid",1.0,Pd(OAc)2,0.0625,dtbpf,0.125,NaHCO3,2.5,MeOH,31.27,90389.84,,
693,6-Bromoquinoline,"1b, 6-Br-Q",1.0,0.0004,"2a, Boronic Acid",1.0,Pd(OAc)2,0.0625,XPhos,0.125,NaHCO3,2.5,MeOH,82.19,84751.22,,
694,6-Bromoquinoline,"1b, 6-Br-Q",1.0,0.0004,"2a, Boronic Acid",1.0,Pd(OAc)2,0.0625,dppf,0.125,NaHCO3,2.5,MeOH,27.37,109841.41,,
695,6-Bromoquinoline,"1b, 6-Br-Q",1.0,0.0004,"2a, Boronic Acid",1.0,Pd(OAc)2,0.0625,Xantphos,0.125,NaHCO3,2.5,MeOH,2.18,3135.72,,
696,6-Bromoquinoline,"1b, 6-Br-Q",1.0,0.0004,"2a, Boronic Acid",1.0,Pd(OAc)2,0.0625,,,NaHCO3,2.5,MeOH,51.1,169250.87,,
697,6-Bromoquinoline,"1b, 6-Br-Q",1.0,0.0004,"2a, Boronic Acid",1.0,Pd(OAc)2,0.0625,P(tBu)3,0.125,CsF,2.5,MeOH,69.56,82034.7,,
698,6-Bromoquinoline,"1b, 6-Br-Q",1.0,0.0004,"2a, Boronic Acid",1.0,Pd(OAc)2,0.0625,P(Ph)3 ,0.125,CsF,2.5,MeOH,75.46,276172.75,,
699,6-Bromoquinoline,"1b, 6-Br-Q",1.0,0.0004,"2a, Boronic Acid",1.0,Pd(OAc)2,0.0625,AmPhos,0.125,CsF,2.5,MeOH,75.58,85849.44,,
700,6-Bromoquinoline,"1b, 6-Br-Q",1.0,0.0004,"2a, Boronic Acid",1.0,Pd(OAc)2,0.0625,P(Cy)3,0.125,CsF,2.5,MeOH,75.43,296536.83,,
701,6-Bromoquinoline,"1b, 6-Br-Q",1.0,0.0004,"2a, Boronic Acid",1.0,Pd(OAc)2,0.0625,P(o-Tol)3,0.125,CsF,2.5,MeOH,87.41,87772.73,,
702,6-Bromoquinoline,"1b, 6-Br-Q",1.0,0.0004,"2a, Boronic Acid",1.0,Pd(OAc)2,0.0625,CataCXium A,0.125,CsF,2.5,MeOH,80.5,225927.6,,
703,6-Bromoquinoline,"1b, 6-Br-Q",1.0,0.0004,"2a, Boronic Acid",1.0,Pd(OAc)2,0.0625,SPhos,0.125,CsF,2.5,MeOH,56.64,58480.85,,
704,6-Bromoquinoline,"1b, 6-Br-Q",1.0,0.0004,"2a, Boronic Acid",1.0,Pd(OAc)2,0.0625,dtbpf,0.125,CsF,2.5,MeOH,37.65,81413.69,,
705,6-Bromoquinoline,"1b, 6-Br-Q",1.0,0.0004,"2a, Boronic Acid",1.0,Pd(OAc)2,0.0625,XPhos,0.125,CsF,2.5,MeOH,45.64,46847.16,,
706,6-Bromoquinoline,"1b, 6-Br-Q",1.0,0.0004,"2a, Boronic Acid",1.0,Pd(OAc)2,0.0625,dppf,0.125,CsF,2.5,MeOH,16.4,67263.48,,
707,6-Bromoquinoline,"1b, 6-Br-Q",1.0,0.0004,"2a, Boronic Acid",1.0,Pd(OAc)2,0.0625,Xantphos,0.125,CsF,2.5,MeOH,1.6,2168.19,,
708,6-Bromoquinoline,"1b, 6-Br-Q",1.0,0.0004,"2a, Boronic Acid",1.0,Pd(OAc)2,0.0625,,,CsF,2.5,MeOH,31.93,110209.14,,
709,6-Bromoquinoline,"1b, 6-Br-Q",1.0,0.0004,"2a, Boronic Acid",1.0,Pd(OAc)2,0.0625,P(tBu)3,0.125,K3PO4,2.5,MeOH,84.62,79891.94,,
710,6-Bromoquinoline,"1b, 6-Br-Q",1.0,0.0004,"2a, Boronic Acid",1.0,Pd(OAc)2,0.0625,P(Ph)3 ,0.125,K3PO4,2.5,MeOH,94.67,324399.3,,
711,6-Bromoquinoline,"1b, 6-Br-Q",1.0,0.0004,"2a, Boronic Acid",1.0,Pd(OAc)2,0.0625,AmPhos,0.125,K3PO4,2.5,MeOH,76.31,77952.24,,
712,6-Bromoquinoline,"1b, 6-Br-Q",1.0,0.0004,"2a, Boronic Acid",1.0,Pd(OAc)2,0.0625,P(Cy)3,0.125,K3PO4,2.5,MeOH,88.84,278732.9,,
713,6-Bromoquinoline,"1b, 6-Br-Q",1.0,0.0004,"2a, Boronic Acid",1.0,Pd(OAc)2,0.0625,P(o-Tol)3,0.125,K3PO4,2.5,MeOH,90.31,89096.37,,
714,6-Bromoquinoline,"1b, 6-Br-Q",1.0,0.0004,"2a, Boronic Acid",1.0,Pd(OAc)2,0.0625,CataCXium A,0.125,K3PO4,2.5,MeOH,89.42,173835.05,,
715,6-Bromoquinoline,"1b, 6-Br-Q",1.0,0.0004,"2a, Boronic Acid",1.0,Pd(OAc)2,0.0625,SPhos,0.125,K3PO4,2.5,MeOH,92.54,89206.95,,
716,6-Bromoquinoline,"1b, 6-Br-Q",1.0,0.0004,"2a, Boronic Acid",1.0,Pd(OAc)2,0.0625,dtbpf,0.125,K3PO4,2.5,MeOH,46.4,104225.14,,
717,6-Bromoquinoline,"1b, 6-Br-Q",1.0,0.0004,"2a, Boronic Acid",1.0,Pd(OAc)2,0.0625,XPhos,0.125,K3PO4,2.5,MeOH,90.69,87752.09,,
718,6-Bromoquinoline,"1b, 6-Br-Q",1.0,0.0004,"2a, Boronic Acid",1.0,Pd(OAc)2,0.0625,dppf,0.125,K3PO4,2.5,MeOH,21.61,63738.23,,
719,6-Bromoquinoline,"1b, 6-Br-Q",1.0,0.0004,"2a, Boronic Acid",1.0,Pd(OAc)2,0.0625,Xantphos,0.125,K3PO4,2.5,MeOH,3.03,4300.54,,
720,6-Bromoquinoline,"1b, 6-Br-Q",1.0,0.0004,"2a, Boronic Acid",1.0,Pd(OAc)2,0.0625,,,K3PO4,2.5,MeOH,66.53,186750.88,,
721,6-Bromoquinoline,"1b, 6-Br-Q",1.0,0.0004,"2a, Boronic Acid",1.0,Pd(OAc)2,0.0625,P(tBu)3,0.125,KOH,2.5,MeOH,81.33,81247.23,,
722,6-Bromoquinoline,"1b, 6-Br-Q",1.0,0.0004,"2a, Boronic Acid",1.0,Pd(OAc)2,0.0625,P(Ph)3 ,0.125,KOH,2.5,MeOH,92.61,371850.33,,
723,6-Bromoquinoline,"1b, 6-Br-Q",1.0,0.0004,"2a, Boronic Acid",1.0,Pd(OAc)2,0.0625,AmPhos,0.125,KOH,2.5,MeOH,71.62,75160.44,,
724,6-Bromoquinoline,"1b, 6-Br-Q",1.0,0.0004,"2a, Boronic Acid",1.0,Pd(OAc)2,0.0625,P(Cy)3,0.125,KOH,2.5,MeOH,89.74,320709.71,,
725,6-Bromoquinoline,"1b, 6-Br-Q",1.0,0.0004,"2a, Boronic Acid",1.0,Pd(OAc)2,0.0625,P(o-Tol)3,0.125,KOH,2.5,MeOH,88.24,93720.28,,
726,6-Bromoquinoline,"1b, 6-Br-Q",1.0,0.0004,"2a, Boronic Acid",1.0,Pd(OAc)2,0.0625,CataCXium A,0.125,KOH,2.5,MeOH,85.46,170520.77,,
727,6-Bromoquinoline,"1b, 6-Br-Q",1.0,0.0004,"2a, Boronic Acid",1.0,Pd(OAc)2,0.0625,SPhos,0.125,KOH,2.5,MeOH,91.14,103289.26,,
728,6-Bromoquinoline,"1b, 6-Br-Q",1.0,0.0004,"2a, Boronic Acid",1.0,Pd(OAc)2,0.0625,dtbpf,0.125,KOH,2.5,MeOH,54.68,141998.16,,
729,6-Bromoquinoline,"1b, 6-Br-Q",1.0,0.0004,"2a, Boronic Acid",1.0,Pd(OAc)2,0.0625,XPhos,0.125,KOH,2.5,MeOH,90.55,89518.61,,
730,6-Bromoquinoline,"1b, 6-Br-Q",1.0,0.0004,"2a, Boronic Acid",1.0,Pd(OAc)2,0.0625,dppf,0.125,KOH,2.5,MeOH,34.0,109640.39,,
731,6-Bromoquinoline,"1b, 6-Br-Q",1.0,0.0004,"2a, Boronic Acid",1.0,Pd(OAc)2,0.0625,Xantphos,0.125,KOH,2.5,MeOH,1.02,5762.43,,
732,6-Bromoquinoline,"1b, 6-Br-Q",1.0,0.0004,"2a, Boronic Acid",1.0,Pd(OAc)2,0.0625,,,KOH,2.5,MeOH,68.89,194260.24,,
733,6-Bromoquinoline,"1b, 6-Br-Q",1.0,0.0004,"2a, Boronic Acid",1.0,Pd(OAc)2,0.0625,P(tBu)3,0.125,LiOtBu,2.5,MeOH,82.44,75595.78,,
734,6-Bromoquinoline,"1b, 6-Br-Q",1.0,0.0004,"2a, Boronic Acid",1.0,Pd(OAc)2,0.0625,P(Ph)3 ,0.125,LiOtBu,2.5,MeOH,92.9,305694.4,,
735,6-Bromoquinoline,"1b, 6-Br-Q",1.0,0.0004,"2a, Boronic Acid",1.0,Pd(OAc)2,0.0625,AmPhos,0.125,LiOtBu,2.5,MeOH,69.6,68765.66,,
736,6-Bromoquinoline,"1b, 6-Br-Q",1.0,0.0004,"2a, Boronic Acid",1.0,Pd(OAc)2,0.0625,P(Cy)3,0.125,LiOtBu,2.5,MeOH,89.34,314718.08,,
737,6-Bromoquinoline,"1b, 6-Br-Q",1.0,0.0004,"2a, Boronic Acid",1.0,Pd(OAc)2,0.0625,P(o-Tol)3,0.125,LiOtBu,2.5,MeOH,88.09,79697.59,,
738,6-Bromoquinoline,"1b, 6-Br-Q",1.0,0.0004,"2a, Boronic Acid",1.0,Pd(OAc)2,0.0625,CataCXium A,0.125,LiOtBu,2.5,MeOH,85.58,152496.92,,
739,6-Bromoquinoline,"1b, 6-Br-Q",1.0,0.0004,"2a, Boronic Acid",1.0,Pd(OAc)2,0.0625,SPhos,0.125,LiOtBu,2.5,MeOH,92.27,112858.19,,
740,6-Bromoquinoline,"1b, 6-Br-Q",1.0,0.0004,"2a, Boronic Acid",1.0,Pd(OAc)2,0.0625,dtbpf,0.125,LiOtBu,2.5,MeOH,48.6,123015.9,,
741,6-Bromoquinoline,"1b, 6-Br-Q",1.0,0.0004,"2a, Boronic Acid",1.0,Pd(OAc)2,0.0625,XPhos,0.125,LiOtBu,2.5,MeOH,90.62,101160.87,,
742,6-Bromoquinoline,"1b, 6-Br-Q",1.0,0.0004,"2a, Boronic Acid",1.0,Pd(OAc)2,0.0625,dppf,0.125,LiOtBu,2.5,MeOH,21.41,61993.18,,
743,6-Bromoquinoline,"1b, 6-Br-Q",1.0,0.0004,"2a, Boronic Acid",1.0,Pd(OAc)2,0.0625,Xantphos,0.125,LiOtBu,2.5,MeOH,1.22,8423.72,,
744,6-Bromoquinoline,"1b, 6-Br-Q",1.0,0.0004,"2a, Boronic Acid",1.0,Pd(OAc)2,0.0625,,,LiOtBu,2.5,MeOH,71.34,213456.64,,
745,6-Bromoquinoline,"1b, 6-Br-Q",1.0,0.0004,"2a, Boronic Acid",1.0,Pd(OAc)2,0.0625,P(tBu)3,0.125,Et3N,2.5,MeOH,74.15,77628.01,,
746,6-Bromoquinoline,"1b, 6-Br-Q",1.0,0.0004,"2a, Boronic Acid",1.0,Pd(OAc)2,0.0625,P(Ph)3 ,0.125,Et3N,2.5,MeOH,82.99,303373.06,,
747,6-Bromoquinoline,"1b, 6-Br-Q",1.0,0.0004,"2a, Boronic Acid",1.0,Pd(OAc)2,0.0625,AmPhos,0.125,Et3N,2.5,MeOH,73.01,81200.63,,
748,6-Bromoquinoline,"1b, 6-Br-Q",1.0,0.0004,"2a, Boronic Acid",1.0,Pd(OAc)2,0.0625,P(Cy)3,0.125,Et3N,2.5,MeOH,75.99,278971.56,,
749,6-Bromoquinoline,"1b, 6-Br-Q",1.0,0.0004,"2a, Boronic Acid",1.0,Pd(OAc)2,0.0625,P(o-Tol)3,0.125,Et3N,2.5,MeOH,85.28,85494.06,,
750,6-Bromoquinoline,"1b, 6-Br-Q",1.0,0.0004,"2a, Boronic Acid",1.0,Pd(OAc)2,0.0625,CataCXium A,0.125,Et3N,2.5,MeOH,82.84,213420.47,,
751,6-Bromoquinoline,"1b, 6-Br-Q",1.0,0.0004,"2a, Boronic Acid",1.0,Pd(OAc)2,0.0625,SPhos,0.125,Et3N,2.5,MeOH,58.79,67142.46,,
752,6-Bromoquinoline,"1b, 6-Br-Q",1.0,0.0004,"2a, Boronic Acid",1.0,Pd(OAc)2,0.0625,dtbpf,0.125,Et3N,2.5,MeOH,37.12,102682.95,,
753,6-Bromoquinoline,"1b, 6-Br-Q",1.0,0.0004,"2a, Boronic Acid",1.0,Pd(OAc)2,0.0625,XPhos,0.125,Et3N,2.5,MeOH,52.37,55145.97,,
754,6-Bromoquinoline,"1b, 6-Br-Q",1.0,0.0004,"2a, Boronic Acid",1.0,Pd(OAc)2,0.0625,dppf,0.125,Et3N,2.5,MeOH,21.11,88774.58,,
755,6-Bromoquinoline,"1b, 6-Br-Q",1.0,0.0004,"2a, Boronic Acid",1.0,Pd(OAc)2,0.0625,Xantphos,0.125,Et3N,2.5,MeOH,0.5,1931.14,,
756,6-Bromoquinoline,"1b, 6-Br-Q",1.0,0.0004,"2a, Boronic Acid",1.0,Pd(OAc)2,0.0625,,,Et3N,2.5,MeOH,29.26,95610.73,,
757,6-Bromoquinoline,"1b, 6-Br-Q",1.0,0.0004,"2a, Boronic Acid",1.0,Pd(OAc)2,0.0625,P(tBu)3,0.125,,2.5,MeOH,53.8,55904.01,,
758,6-Bromoquinoline,"1b, 6-Br-Q",1.0,0.0004,"2a, Boronic Acid",1.0,Pd(OAc)2,0.0625,P(Ph)3 ,0.125,,2.5,MeOH,62.78,209696.08,,
759,6-Bromoquinoline,"1b, 6-Br-Q",1.0,0.0004,"2a, Boronic Acid",1.0,Pd(OAc)2,0.0625,AmPhos,0.125,,2.5,MeOH,61.57,67137.72,,
760,6-Bromoquinoline,"1b, 6-Br-Q",1.0,0.0004,"2a, Boronic Acid",1.0,Pd(OAc)2,0.0625,P(Cy)3,0.125,,2.5,MeOH,52.54,189257.05,,
761,6-Bromoquinoline,"1b, 6-Br-Q",1.0,0.0004,"2a, Boronic Acid",1.0,Pd(OAc)2,0.0625,P(o-Tol)3,0.125,,2.5,MeOH,63.78,67008.63,,
762,6-Bromoquinoline,"1b, 6-Br-Q",1.0,0.0004,"2a, Boronic Acid",1.0,Pd(OAc)2,0.0625,CataCXium A,0.125,,2.5,MeOH,62.37,160937.23,,
763,6-Bromoquinoline,"1b, 6-Br-Q",1.0,0.0004,"2a, Boronic Acid",1.0,Pd(OAc)2,0.0625,SPhos,0.125,,2.5,MeOH,36.2,42297.65,,
764,6-Bromoquinoline,"1b, 6-Br-Q",1.0,0.0004,"2a, Boronic Acid",1.0,Pd(OAc)2,0.0625,dtbpf,0.125,,2.5,MeOH,26.26,58202.55,,
765,6-Bromoquinoline,"1b, 6-Br-Q",1.0,0.0004,"2a, Boronic Acid",1.0,Pd(OAc)2,0.0625,XPhos,0.125,,2.5,MeOH,26.69,31094.39,,
766,6-Bromoquinoline,"1b, 6-Br-Q",1.0,0.0004,"2a, Boronic Acid",1.0,Pd(OAc)2,0.0625,dppf,0.125,,2.5,MeOH,15.94,61004.76,,
767,6-Bromoquinoline,"1b, 6-Br-Q",1.0,0.0004,"2a, Boronic Acid",1.0,Pd(OAc)2,0.0625,Xantphos,0.125,,2.5,MeOH,1.18,1882.56,,
768,6-Bromoquinoline,"1b, 6-Br-Q",1.0,0.0004,"2a, Boronic Acid",1.0,Pd(OAc)2,0.0625,,,,2.5,MeOH,20.82,74330.19,,
769,6-triflatequinoline,"1c, 6-OTf-Q",1.0,0.0004,"2a, Boronic Acid",1.0,Pd(OAc)2,0.0625,P(tBu)3,0.125,NaOH,2.5,MeCN,56.38,76547.84,,
770,6-triflatequinoline,"1c, 6-OTf-Q",1.0,0.0004,"2a, Boronic Acid",1.0,Pd(OAc)2,0.0625,P(Ph)3 ,0.125,NaOH,2.5,MeCN,96.6,391944.08,,
771,6-triflatequinoline,"1c, 6-OTf-Q",1.0,0.0004,"2a, Boronic Acid",1.0,Pd(OAc)2,0.0625,AmPhos,0.125,NaOH,2.5,MeCN,83.79,86536.13,,
772,6-triflatequinoline,"1c, 6-OTf-Q",1.0,0.0004,"2a, Boronic Acid",1.0,Pd(OAc)2,0.0625,P(Cy)3,0.125,NaOH,2.5,MeCN,87.57,329913.81,,
773,6-triflatequinoline,"1c, 6-OTf-Q",1.0,0.0004,"2a, Boronic Acid",1.0,Pd(OAc)2,0.0625,P(o-Tol)3,0.125,NaOH,2.5,MeCN,69.99,81521.61,,
774,6-triflatequinoline,"1c, 6-OTf-Q",1.0,0.0004,"2a, Boronic Acid",1.0,Pd(OAc)2,0.0625,CataCXium A,0.125,NaOH,2.5,MeCN,91.47,336771.47,,
775,6-triflatequinoline,"1c, 6-OTf-Q",1.0,0.0004,"2a, Boronic Acid",1.0,Pd(OAc)2,0.0625,SPhos,0.125,NaOH,2.5,MeCN,91.47,97275.66,,
776,6-triflatequinoline,"1c, 6-OTf-Q",1.0,0.0004,"2a, Boronic Acid",1.0,Pd(OAc)2,0.0625,dtbpf,0.125,NaOH,2.5,MeCN,84.95,151941.84,,
777,6-triflatequinoline,"1c, 6-OTf-Q",1.0,0.0004,"2a, Boronic Acid",1.0,Pd(OAc)2,0.0625,XPhos,0.125,NaOH,2.5,MeCN,92.69,99544.78,,
778,6-triflatequinoline,"1c, 6-OTf-Q",1.0,0.0004,"2a, Boronic Acid",1.0,Pd(OAc)2,0.0625,dppf,0.125,NaOH,2.5,MeCN,52.4,195898.76,,
779,6-triflatequinoline,"1c, 6-OTf-Q",1.0,0.0004,"2a, Boronic Acid",1.0,Pd(OAc)2,0.0625,Xantphos,0.125,NaOH,2.5,MeCN,22.78,26346.11,,
780,6-triflatequinoline,"1c, 6-OTf-Q",1.0,0.0004,"2a, Boronic Acid",1.0,Pd(OAc)2,0.0625,,,NaOH,2.5,MeCN,63.91,167751.37,,
781,6-triflatequinoline,"1c, 6-OTf-Q",1.0,0.0004,"2a, Boronic Acid",1.0,Pd(OAc)2,0.0625,P(tBu)3,0.125,NaHCO3,2.5,MeCN,66.86,70735.53,,
782,6-triflatequinoline,"1c, 6-OTf-Q",1.0,0.0004,"2a, Boronic Acid",1.0,Pd(OAc)2,0.0625,P(Ph)3 ,0.125,NaHCO3,2.5,MeCN,98.53,428913.42,,
783,6-triflatequinoline,"1c, 6-OTf-Q",1.0,0.0004,"2a, Boronic Acid",1.0,Pd(OAc)2,0.0625,AmPhos,0.125,NaHCO3,2.5,MeCN,94.26,110866.77,,
784,6-triflatequinoline,"1c, 6-OTf-Q",1.0,0.0004,"2a, Boronic Acid",1.0,Pd(OAc)2,0.0625,P(Cy)3,0.125,NaHCO3,2.5,MeCN,93.05,357897.97,,
785,6-triflatequinoline,"1c, 6-OTf-Q",1.0,0.0004,"2a, Boronic Acid",1.0,Pd(OAc)2,0.0625,P(o-Tol)3,0.125,NaHCO3,2.5,MeCN,78.44,83950.35,,
786,6-triflatequinoline,"1c, 6-OTf-Q",1.0,0.0004,"2a, Boronic Acid",1.0,Pd(OAc)2,0.0625,CataCXium A,0.125,NaHCO3,2.5,MeCN,92.77,321654.39,,
787,6-triflatequinoline,"1c, 6-OTf-Q",1.0,0.0004,"2a, Boronic Acid",1.0,Pd(OAc)2,0.0625,SPhos,0.125,NaHCO3,2.5,MeCN,78.31,95345.12,,
788,6-triflatequinoline,"1c, 6-OTf-Q",1.0,0.0004,"2a, Boronic Acid",1.0,Pd(OAc)2,0.0625,dtbpf,0.125,NaHCO3,2.5,MeCN,40.68,137653.81,,
789,6-triflatequinoline,"1c, 6-OTf-Q",1.0,0.0004,"2a, Boronic Acid",1.0,Pd(OAc)2,0.0625,XPhos,0.125,NaHCO3,2.5,MeCN,78.08,80853.48,,
790,6-triflatequinoline,"1c, 6-OTf-Q",1.0,0.0004,"2a, Boronic Acid",1.0,Pd(OAc)2,0.0625,dppf,0.125,NaHCO3,2.5,MeCN,79.61,293687.41,,
791,6-triflatequinoline,"1c, 6-OTf-Q",1.0,0.0004,"2a, Boronic Acid",1.0,Pd(OAc)2,0.0625,Xantphos,0.125,NaHCO3,2.5,MeCN,0.7,12437.83,,
792,6-triflatequinoline,"1c, 6-OTf-Q",1.0,0.0004,"2a, Boronic Acid",1.0,Pd(OAc)2,0.0625,,,NaHCO3,2.5,MeCN,53.11,150304.57,,
793,6-triflatequinoline,"1c, 6-OTf-Q",1.0,0.0004,"2a, Boronic Acid",1.0,Pd(OAc)2,0.0625,P(tBu)3,0.125,CsF,2.5,MeCN,66.13,79182.62,,
794,6-triflatequinoline,"1c, 6-OTf-Q",1.0,0.0004,"2a, Boronic Acid",1.0,Pd(OAc)2,0.0625,P(Ph)3 ,0.125,CsF,2.5,MeCN,96.49,455245.83,,
795,6-triflatequinoline,"1c, 6-OTf-Q",1.0,0.0004,"2a, Boronic Acid",1.0,Pd(OAc)2,0.0625,AmPhos,0.125,CsF,2.5,MeCN,93.69,105192.71,,
796,6-triflatequinoline,"1c, 6-OTf-Q",1.0,0.0004,"2a, Boronic Acid",1.0,Pd(OAc)2,0.0625,P(Cy)3,0.125,CsF,2.5,MeCN,76.46,331519.46,,
797,6-triflatequinoline,"1c, 6-OTf-Q",1.0,0.0004,"2a, Boronic Acid",1.0,Pd(OAc)2,0.0625,P(o-Tol)3,0.125,CsF,2.5,MeCN,61.39,66088.92,,
798,6-triflatequinoline,"1c, 6-OTf-Q",1.0,0.0004,"2a, Boronic Acid",1.0,Pd(OAc)2,0.0625,CataCXium A,0.125,CsF,2.5,MeCN,88.31,345174.65,,
799,6-triflatequinoline,"1c, 6-OTf-Q",1.0,0.0004,"2a, Boronic Acid",1.0,Pd(OAc)2,0.0625,SPhos,0.125,CsF,2.5,MeCN,45.46,74806.68,,
800,6-triflatequinoline,"1c, 6-OTf-Q",1.0,0.0004,"2a, Boronic Acid",1.0,Pd(OAc)2,0.0625,dtbpf,0.125,CsF,2.5,MeCN,34.93,123253.18,,
801,6-triflatequinoline,"1c, 6-OTf-Q",1.0,0.0004,"2a, Boronic Acid",1.0,Pd(OAc)2,0.0625,XPhos,0.125,CsF,2.5,MeCN,66.46,69802.5,,
802,6-triflatequinoline,"1c, 6-OTf-Q",1.0,0.0004,"2a, Boronic Acid",1.0,Pd(OAc)2,0.0625,dppf,0.125,CsF,2.5,MeCN,72.27,261707.73,,
803,6-triflatequinoline,"1c, 6-OTf-Q",1.0,0.0004,"2a, Boronic Acid",1.0,Pd(OAc)2,0.0625,Xantphos,0.125,CsF,2.5,MeCN,2.96,7711.93,,
804,6-triflatequinoline,"1c, 6-OTf-Q",1.0,0.0004,"2a, Boronic Acid",1.0,Pd(OAc)2,0.0625,,,CsF,2.5,MeCN,35.57,114003.13,,
805,6-triflatequinoline,"1c, 6-OTf-Q",1.0,0.0004,"2a, Boronic Acid",1.0,Pd(OAc)2,0.0625,P(tBu)3,0.125,K3PO4,2.5,MeCN,70.25,74876.33,,
806,6-triflatequinoline,"1c, 6-OTf-Q",1.0,0.0004,"2a, Boronic Acid",1.0,Pd(OAc)2,0.0625,P(Ph)3 ,0.125,K3PO4,2.5,MeCN,87.68,366215.27,,
807,6-triflatequinoline,"1c, 6-OTf-Q",1.0,0.0004,"2a, Boronic Acid",1.0,Pd(OAc)2,0.0625,AmPhos,0.125,K3PO4,2.5,MeCN,87.91,95638.44,,
808,6-triflatequinoline,"1c, 6-OTf-Q",1.0,0.0004,"2a, Boronic Acid",1.0,Pd(OAc)2,0.0625,P(Cy)3,0.125,K3PO4,2.5,MeCN,41.08,230248.1,,
809,6-triflatequinoline,"1c, 6-OTf-Q",1.0,0.0004,"2a, Boronic Acid",1.0,Pd(OAc)2,0.0625,P(o-Tol)3,0.125,K3PO4,2.5,MeCN,44.26,50207.26,,
810,6-triflatequinoline,"1c, 6-OTf-Q",1.0,0.0004,"2a, Boronic Acid",1.0,Pd(OAc)2,0.0625,CataCXium A,0.125,K3PO4,2.5,MeCN,82.41,297339.7,,
811,6-triflatequinoline,"1c, 6-OTf-Q",1.0,0.0004,"2a, Boronic Acid",1.0,Pd(OAc)2,0.0625,SPhos,0.125,K3PO4,2.5,MeCN,44.11,57563.73,,
812,6-triflatequinoline,"1c, 6-OTf-Q",1.0,0.0004,"2a, Boronic Acid",1.0,Pd(OAc)2,0.0625,dtbpf,0.125,K3PO4,2.5,MeCN,34.26,132163.61,,
813,6-triflatequinoline,"1c, 6-OTf-Q",1.0,0.0004,"2a, Boronic Acid",1.0,Pd(OAc)2,0.0625,XPhos,0.125,K3PO4,2.5,MeCN,47.08,53124.39,,
814,6-triflatequinoline,"1c, 6-OTf-Q",1.0,0.0004,"2a, Boronic Acid",1.0,Pd(OAc)2,0.0625,dppf,0.125,K3PO4,2.5,MeCN,78.42,210159.1,,
815,6-triflatequinoline,"1c, 6-OTf-Q",1.0,0.0004,"2a, Boronic Acid",1.0,Pd(OAc)2,0.0625,Xantphos,0.125,K3PO4,2.5,MeCN,4.32,8561.9,,
816,6-triflatequinoline,"1c, 6-OTf-Q",1.0,0.0004,"2a, Boronic Acid",1.0,Pd(OAc)2,0.0625,,,K3PO4,2.5,MeCN,36.59,122532.81,,
817,6-triflatequinoline,"1c, 6-OTf-Q",1.0,0.0004,"2a, Boronic Acid",1.0,Pd(OAc)2,0.0625,P(tBu)3,0.125,KOH,2.5,MeCN,68.06,77189.55,,
818,6-triflatequinoline,"1c, 6-OTf-Q",1.0,0.0004,"2a, Boronic Acid",1.0,Pd(OAc)2,0.0625,P(Ph)3 ,0.125,KOH,2.5,MeCN,96.49,377291.26,,
819,6-triflatequinoline,"1c, 6-OTf-Q",1.0,0.0004,"2a, Boronic Acid",1.0,Pd(OAc)2,0.0625,AmPhos,0.125,KOH,2.5,MeCN,90.23,95707.42,,
820,6-triflatequinoline,"1c, 6-OTf-Q",1.0,0.0004,"2a, Boronic Acid",1.0,Pd(OAc)2,0.0625,P(Cy)3,0.125,KOH,2.5,MeCN,81.84,265363.8,,
821,6-triflatequinoline,"1c, 6-OTf-Q",1.0,0.0004,"2a, Boronic Acid",1.0,Pd(OAc)2,0.0625,P(o-Tol)3,0.125,KOH,2.5,MeCN,64.29,67482.67,,
822,6-triflatequinoline,"1c, 6-OTf-Q",1.0,0.0004,"2a, Boronic Acid",1.0,Pd(OAc)2,0.0625,CataCXium A,0.125,KOH,2.5,MeCN,92.96,272452.59,,
823,6-triflatequinoline,"1c, 6-OTf-Q",1.0,0.0004,"2a, Boronic Acid",1.0,Pd(OAc)2,0.0625,SPhos,0.125,KOH,2.5,MeCN,80.73,88179.36,,
824,6-triflatequinoline,"1c, 6-OTf-Q",1.0,0.0004,"2a, Boronic Acid",1.0,Pd(OAc)2,0.0625,dtbpf,0.125,KOH,2.5,MeCN,62.36,154652.46,,
825,6-triflatequinoline,"1c, 6-OTf-Q",1.0,0.0004,"2a, Boronic Acid",1.0,Pd(OAc)2,0.0625,XPhos,0.125,KOH,2.5,MeCN,84.67,80950.47,,
826,6-triflatequinoline,"1c, 6-OTf-Q",1.0,0.0004,"2a, Boronic Acid",1.0,Pd(OAc)2,0.0625,dppf,0.125,KOH,2.5,MeCN,86.92,239388.88,,
827,6-triflatequinoline,"1c, 6-OTf-Q",1.0,0.0004,"2a, Boronic Acid",1.0,Pd(OAc)2,0.0625,Xantphos,0.125,KOH,2.5,MeCN,10.92,21154.91,,
828,6-triflatequinoline,"1c, 6-OTf-Q",1.0,0.0004,"2a, Boronic Acid",1.0,Pd(OAc)2,0.0625,,,KOH,2.5,MeCN,55.19,152587.58,,
829,6-triflatequinoline,"1c, 6-OTf-Q",1.0,0.0004,"2a, Boronic Acid",1.0,Pd(OAc)2,0.0625,P(tBu)3,0.125,LiOtBu,2.5,MeCN,68.43,78928.48,,
830,6-triflatequinoline,"1c, 6-OTf-Q",1.0,0.0004,"2a, Boronic Acid",1.0,Pd(OAc)2,0.0625,P(Ph)3 ,0.125,LiOtBu,2.5,MeCN,97.42,413672.4,,
831,6-triflatequinoline,"1c, 6-OTf-Q",1.0,0.0004,"2a, Boronic Acid",1.0,Pd(OAc)2,0.0625,AmPhos,0.125,LiOtBu,2.5,MeCN,84.74,102540.57,,
832,6-triflatequinoline,"1c, 6-OTf-Q",1.0,0.0004,"2a, Boronic Acid",1.0,Pd(OAc)2,0.0625,P(Cy)3,0.125,LiOtBu,2.5,MeCN,92.09,368553.85,,
833,6-triflatequinoline,"1c, 6-OTf-Q",1.0,0.0004,"2a, Boronic Acid",1.0,Pd(OAc)2,0.0625,P(o-Tol)3,0.125,LiOtBu,2.5,MeCN,82.77,83867.69,,
834,6-triflatequinoline,"1c, 6-OTf-Q",1.0,0.0004,"2a, Boronic Acid",1.0,Pd(OAc)2,0.0625,CataCXium A,0.125,LiOtBu,2.5,MeCN,91.17,295455.38,,
835,6-triflatequinoline,"1c, 6-OTf-Q",1.0,0.0004,"2a, Boronic Acid",1.0,Pd(OAc)2,0.0625,SPhos,0.125,LiOtBu,2.5,MeCN,90.89,101424.7,,
836,6-triflatequinoline,"1c, 6-OTf-Q",1.0,0.0004,"2a, Boronic Acid",1.0,Pd(OAc)2,0.0625,dtbpf,0.125,LiOtBu,2.5,MeCN,85.41,139709.43,,
837,6-triflatequinoline,"1c, 6-OTf-Q",1.0,0.0004,"2a, Boronic Acid",1.0,Pd(OAc)2,0.0625,XPhos,0.125,LiOtBu,2.5,MeCN,91.1,93872.48,,
838,6-triflatequinoline,"1c, 6-OTf-Q",1.0,0.0004,"2a, Boronic Acid",1.0,Pd(OAc)2,0.0625,dppf,0.125,LiOtBu,2.5,MeCN,27.39,92750.84,,
839,6-triflatequinoline,"1c, 6-OTf-Q",1.0,0.0004,"2a, Boronic Acid",1.0,Pd(OAc)2,0.0625,Xantphos,0.125,LiOtBu,2.5,MeCN,16.04,22127.41,,
840,6-triflatequinoline,"1c, 6-OTf-Q",1.0,0.0004,"2a, Boronic Acid",1.0,Pd(OAc)2,0.0625,,,LiOtBu,2.5,MeCN,36.7,118319.3,,
841,6-triflatequinoline,"1c, 6-OTf-Q",1.0,0.0004,"2a, Boronic Acid",1.0,Pd(OAc)2,0.0625,P(tBu)3,0.125,Et3N,2.5,MeCN,67.59,72395.74,,
842,6-triflatequinoline,"1c, 6-OTf-Q",1.0,0.0004,"2a, Boronic Acid",1.0,Pd(OAc)2,0.0625,P(Ph)3 ,0.125,Et3N,2.5,MeCN,97.45,353068.62,,
843,6-triflatequinoline,"1c, 6-OTf-Q",1.0,0.0004,"2a, Boronic Acid",1.0,Pd(OAc)2,0.0625,AmPhos,0.125,Et3N,2.5,MeCN,85.04,87261.26,,
844,6-triflatequinoline,"1c, 6-OTf-Q",1.0,0.0004,"2a, Boronic Acid",1.0,Pd(OAc)2,0.0625,P(Cy)3,0.125,Et3N,2.5,MeCN,92.7,359496.61,,
845,6-triflatequinoline,"1c, 6-OTf-Q",1.0,0.0004,"2a, Boronic Acid",1.0,Pd(OAc)2,0.0625,P(o-Tol)3,0.125,Et3N,2.5,MeCN,70.45,68968.6,,
846,6-triflatequinoline,"1c, 6-OTf-Q",1.0,0.0004,"2a, Boronic Acid",1.0,Pd(OAc)2,0.0625,CataCXium A,0.125,Et3N,2.5,MeCN,92.52,76023.28,,
847,6-triflatequinoline,"1c, 6-OTf-Q",1.0,0.0004,"2a, Boronic Acid",1.0,Pd(OAc)2,0.0625,SPhos,0.125,Et3N,2.5,MeCN,91.37,93015.65,,
848,6-triflatequinoline,"1c, 6-OTf-Q",1.0,0.0004,"2a, Boronic Acid",1.0,Pd(OAc)2,0.0625,dtbpf,0.125,Et3N,2.5,MeCN,41.67,156309.61,,
849,6-triflatequinoline,"1c, 6-OTf-Q",1.0,0.0004,"2a, Boronic Acid",1.0,Pd(OAc)2,0.0625,XPhos,0.125,Et3N,2.5,MeCN,80.59,76541.64,,
850,6-triflatequinoline,"1c, 6-OTf-Q",1.0,0.0004,"2a, Boronic Acid",1.0,Pd(OAc)2,0.0625,dppf,0.125,Et3N,2.5,MeCN,81.21,255155.75,,
851,6-triflatequinoline,"1c, 6-OTf-Q",1.0,0.0004,"2a, Boronic Acid",1.0,Pd(OAc)2,0.0625,Xantphos,0.125,Et3N,2.5,MeCN,9.06,17980.87,,
852,6-triflatequinoline,"1c, 6-OTf-Q",1.0,0.0004,"2a, Boronic Acid",1.0,Pd(OAc)2,0.0625,,,Et3N,2.5,MeCN,61.61,115547.32,,
853,6-triflatequinoline,"1c, 6-OTf-Q",1.0,0.0004,"2a, Boronic Acid",1.0,Pd(OAc)2,0.0625,P(tBu)3,0.125,,2.5,MeCN,74.74,92126.56,,
854,6-triflatequinoline,"1c, 6-OTf-Q",1.0,0.0004,"2a, Boronic Acid",1.0,Pd(OAc)2,0.0625,P(Ph)3 ,0.125,,2.5,MeCN,97.46,376425.33,,
855,6-triflatequinoline,"1c, 6-OTf-Q",1.0,0.0004,"2a, Boronic Acid",1.0,Pd(OAc)2,0.0625,AmPhos,0.125,,2.5,MeCN,90.67,101057.5,,
856,6-triflatequinoline,"1c, 6-OTf-Q",1.0,0.0004,"2a, Boronic Acid",1.0,Pd(OAc)2,0.0625,P(Cy)3,0.125,,2.5,MeCN,84.05,321095.66,,
857,6-triflatequinoline,"1c, 6-OTf-Q",1.0,0.0004,"2a, Boronic Acid",1.0,Pd(OAc)2,0.0625,P(o-Tol)3,0.125,,2.5,MeCN,58.44,67536.68,,
858,6-triflatequinoline,"1c, 6-OTf-Q",1.0,0.0004,"2a, Boronic Acid",1.0,Pd(OAc)2,0.0625,CataCXium A,0.125,,2.5,MeCN,88.7,305865.61,,
859,6-triflatequinoline,"1c, 6-OTf-Q",1.0,0.0004,"2a, Boronic Acid",1.0,Pd(OAc)2,0.0625,SPhos,0.125,,2.5,MeCN,71.35,80637.9,,
860,6-triflatequinoline,"1c, 6-OTf-Q",1.0,0.0004,"2a, Boronic Acid",1.0,Pd(OAc)2,0.0625,dtbpf,0.125,,2.5,MeCN,35.95,148390.96,,
861,6-triflatequinoline,"1c, 6-OTf-Q",1.0,0.0004,"2a, Boronic Acid",1.0,Pd(OAc)2,0.0625,XPhos,0.125,,2.5,MeCN,66.77,79169.09,,
862,6-triflatequinoline,"1c, 6-OTf-Q",1.0,0.0004,"2a, Boronic Acid",1.0,Pd(OAc)2,0.0625,dppf,0.125,,2.5,MeCN,76.65,259912.89,,
863,6-triflatequinoline,"1c, 6-OTf-Q",1.0,0.0004,"2a, Boronic Acid",1.0,Pd(OAc)2,0.0625,Xantphos,0.125,,2.5,MeCN,7.36,15163.84,,
864,6-triflatequinoline,"1c, 6-OTf-Q",1.0,0.0004,"2a, Boronic Acid",1.0,Pd(OAc)2,0.0625,,,,2.5,MeCN,39.47,103355.59,,
865,6-triflatequinoline,"1c, 6-OTf-Q",1.0,0.0004,"2a, Boronic Acid",1.0,Pd(OAc)2,0.0625,P(tBu)3,0.125,NaOH,2.5,THF,51.22,48263.43,,
866,6-triflatequinoline,"1c, 6-OTf-Q",1.0,0.0004,"2a, Boronic Acid",1.0,Pd(OAc)2,0.0625,P(Ph)3 ,0.125,NaOH,2.5,THF,96.32,365082.08,,
867,6-triflatequinoline,"1c, 6-OTf-Q",1.0,0.0004,"2a, Boronic Acid",1.0,Pd(OAc)2,0.0625,AmPhos,0.125,NaOH,2.5,THF,33.57,41650.58,,
868,6-triflatequinoline,"1c, 6-OTf-Q",1.0,0.0004,"2a, Boronic Acid",1.0,Pd(OAc)2,0.0625,P(Cy)3,0.125,NaOH,2.5,THF,89.35,281182.64,,
869,6-triflatequinoline,"1c, 6-OTf-Q",1.0,0.0004,"2a, Boronic Acid",1.0,Pd(OAc)2,0.0625,P(o-Tol)3,0.125,NaOH,2.5,THF,60.68,52741.41,,
870,6-triflatequinoline,"1c, 6-OTf-Q",1.0,0.0004,"2a, Boronic Acid",1.0,Pd(OAc)2,0.0625,CataCXium A,0.125,NaOH,2.5,THF,29.57,106417.39,,
871,6-triflatequinoline,"1c, 6-OTf-Q",1.0,0.0004,"2a, Boronic Acid",1.0,Pd(OAc)2,0.0625,SPhos,0.125,NaOH,2.5,THF,93.86,90713.42,,
872,6-triflatequinoline,"1c, 6-OTf-Q",1.0,0.0004,"2a, Boronic Acid",1.0,Pd(OAc)2,0.0625,dtbpf,0.125,NaOH,2.5,THF,51.38,179460.64,,
873,6-triflatequinoline,"1c, 6-OTf-Q",1.0,0.0004,"2a, Boronic Acid",1.0,Pd(OAc)2,0.0625,XPhos,0.125,NaOH,2.5,THF,95.8,83734.33,,
874,6-triflatequinoline,"1c, 6-OTf-Q",1.0,0.0004,"2a, Boronic Acid",1.0,Pd(OAc)2,0.0625,dppf,0.125,NaOH,2.5,THF,27.47,76094.27,,
875,6-triflatequinoline,"1c, 6-OTf-Q",1.0,0.0004,"2a, Boronic Acid",1.0,Pd(OAc)2,0.0625,Xantphos,0.125,NaOH,2.5,THF,47.21,57515.34,,
876,6-triflatequinoline,"1c, 6-OTf-Q",1.0,0.0004,"2a, Boronic Acid",1.0,Pd(OAc)2,0.0625,,,NaOH,2.5,THF,64.15,166666.04,,
877,6-triflatequinoline,"1c, 6-OTf-Q",1.0,0.0004,"2a, Boronic Acid",1.0,Pd(OAc)2,0.0625,P(tBu)3,0.125,NaHCO3,2.5,THF,54.85,44044.64,,
878,6-triflatequinoline,"1c, 6-OTf-Q",1.0,0.0004,"2a, Boronic Acid",1.0,Pd(OAc)2,0.0625,P(Ph)3 ,0.125,NaHCO3,2.5,THF,87.25,345098.71,,
879,6-triflatequinoline,"1c, 6-OTf-Q",1.0,0.0004,"2a, Boronic Acid",1.0,Pd(OAc)2,0.0625,AmPhos,0.125,NaHCO3,2.5,THF,25.72,37443.47,,
880,6-triflatequinoline,"1c, 6-OTf-Q",1.0,0.0004,"2a, Boronic Acid",1.0,Pd(OAc)2,0.0625,P(Cy)3,0.125,NaHCO3,2.5,THF,92.7,323013.56,,
881,6-triflatequinoline,"1c, 6-OTf-Q",1.0,0.0004,"2a, Boronic Acid",1.0,Pd(OAc)2,0.0625,P(o-Tol)3,0.125,NaHCO3,2.5,THF,43.75,43226.75,,
882,6-triflatequinoline,"1c, 6-OTf-Q",1.0,0.0004,"2a, Boronic Acid",1.0,Pd(OAc)2,0.0625,CataCXium A,0.125,NaHCO3,2.5,THF,30.6,137300.97,,
883,6-triflatequinoline,"1c, 6-OTf-Q",1.0,0.0004,"2a, Boronic Acid",1.0,Pd(OAc)2,0.0625,SPhos,0.125,NaHCO3,2.5,THF,86.7,91962.32,,
884,6-triflatequinoline,"1c, 6-OTf-Q",1.0,0.0004,"2a, Boronic Acid",1.0,Pd(OAc)2,0.0625,dtbpf,0.125,NaHCO3,2.5,THF,44.12,157186.02,,
885,6-triflatequinoline,"1c, 6-OTf-Q",1.0,0.0004,"2a, Boronic Acid",1.0,Pd(OAc)2,0.0625,XPhos,0.125,NaHCO3,2.5,THF,87.65,83170.23,,
886,6-triflatequinoline,"1c, 6-OTf-Q",1.0,0.0004,"2a, Boronic Acid",1.0,Pd(OAc)2,0.0625,dppf,0.125,NaHCO3,2.5,THF,65.25,201601.62,,
887,6-triflatequinoline,"1c, 6-OTf-Q",1.0,0.0004,"2a, Boronic Acid",1.0,Pd(OAc)2,0.0625,Xantphos,0.125,NaHCO3,2.5,THF,8.26,25291.42,,
888,6-triflatequinoline,"1c, 6-OTf-Q",1.0,0.0004,"2a, Boronic Acid",1.0,Pd(OAc)2,0.0625,,,NaHCO3,2.5,THF,22.87,111368.67,,
889,6-triflatequinoline,"1c, 6-OTf-Q",1.0,0.0004,"2a, Boronic Acid",1.0,Pd(OAc)2,0.0625,P(tBu)3,0.125,CsF,2.5,THF,22.37,27191.66,,
890,6-triflatequinoline,"1c, 6-OTf-Q",1.0,0.0004,"2a, Boronic Acid",1.0,Pd(OAc)2,0.0625,P(Ph)3 ,0.125,CsF,2.5,THF,67.88,287951.41,,
891,6-triflatequinoline,"1c, 6-OTf-Q",1.0,0.0004,"2a, Boronic Acid",1.0,Pd(OAc)2,0.0625,AmPhos,0.125,CsF,2.5,THF,15.15,35045.84,,
892,6-triflatequinoline,"1c, 6-OTf-Q",1.0,0.0004,"2a, Boronic Acid",1.0,Pd(OAc)2,0.0625,P(Cy)3,0.125,CsF,2.5,THF,83.84,323845.65,,
893,6-triflatequinoline,"1c, 6-OTf-Q",1.0,0.0004,"2a, Boronic Acid",1.0,Pd(OAc)2,0.0625,P(o-Tol)3,0.125,CsF,2.5,THF,11.83,29032.89,,
894,6-triflatequinoline,"1c, 6-OTf-Q",1.0,0.0004,"2a, Boronic Acid",1.0,Pd(OAc)2,0.0625,CataCXium A,0.125,CsF,2.5,THF,29.45,123807.92,,
895,6-triflatequinoline,"1c, 6-OTf-Q",1.0,0.0004,"2a, Boronic Acid",1.0,Pd(OAc)2,0.0625,SPhos,0.125,CsF,2.5,THF,52.91,67908.82,,
896,6-triflatequinoline,"1c, 6-OTf-Q",1.0,0.0004,"2a, Boronic Acid",1.0,Pd(OAc)2,0.0625,dtbpf,0.125,CsF,2.5,THF,40.85,155451.16,,
897,6-triflatequinoline,"1c, 6-OTf-Q",1.0,0.0004,"2a, Boronic Acid",1.0,Pd(OAc)2,0.0625,XPhos,0.125,CsF,2.5,THF,55.66,64454.22,,
898,6-triflatequinoline,"1c, 6-OTf-Q",1.0,0.0004,"2a, Boronic Acid",1.0,Pd(OAc)2,0.0625,dppf,0.125,CsF,2.5,THF,52.32,176211.72,,
899,6-triflatequinoline,"1c, 6-OTf-Q",1.0,0.0004,"2a, Boronic Acid",1.0,Pd(OAc)2,0.0625,Xantphos,0.125,CsF,2.5,THF,4.37,14148.24,,
900,6-triflatequinoline,"1c, 6-OTf-Q",1.0,0.0004,"2a, Boronic Acid",1.0,Pd(OAc)2,0.0625,,,CsF,2.5,THF,14.43,73832.72,,
901,6-triflatequinoline,"1c, 6-OTf-Q",1.0,0.0004,"2a, Boronic Acid",1.0,Pd(OAc)2,0.0625,P(tBu)3,0.125,K3PO4,2.5,THF,27.63,30833.26,,
902,6-triflatequinoline,"1c, 6-OTf-Q",1.0,0.0004,"2a, Boronic Acid",1.0,Pd(OAc)2,0.0625,P(Ph)3 ,0.125,K3PO4,2.5,THF,65.66,260435.29,,
903,6-triflatequinoline,"1c, 6-OTf-Q",1.0,0.0004,"2a, Boronic Acid",1.0,Pd(OAc)2,0.0625,AmPhos,0.125,K3PO4,2.5,THF,14.99,34046.6,,
904,6-triflatequinoline,"1c, 6-OTf-Q",1.0,0.0004,"2a, Boronic Acid",1.0,Pd(OAc)2,0.0625,P(Cy)3,0.125,K3PO4,2.5,THF,73.07,295379.19,,
905,6-triflatequinoline,"1c, 6-OTf-Q",1.0,0.0004,"2a, Boronic Acid",1.0,Pd(OAc)2,0.0625,P(o-Tol)3,0.125,K3PO4,2.5,THF,9.33,24251.28,,
906,6-triflatequinoline,"1c, 6-OTf-Q",1.0,0.0004,"2a, Boronic Acid",1.0,Pd(OAc)2,0.0625,CataCXium A,0.125,K3PO4,2.5,THF,23.78,97411.58,,
907,6-triflatequinoline,"1c, 6-OTf-Q",1.0,0.0004,"2a, Boronic Acid",1.0,Pd(OAc)2,0.0625,SPhos,0.125,K3PO4,2.5,THF,54.78,65404.82,,
908,6-triflatequinoline,"1c, 6-OTf-Q",1.0,0.0004,"2a, Boronic Acid",1.0,Pd(OAc)2,0.0625,dtbpf,0.125,K3PO4,2.5,THF,42.66,159691.97,,
909,6-triflatequinoline,"1c, 6-OTf-Q",1.0,0.0004,"2a, Boronic Acid",1.0,Pd(OAc)2,0.0625,XPhos,0.125,K3PO4,2.5,THF,47.9,63151.1,,
910,6-triflatequinoline,"1c, 6-OTf-Q",1.0,0.0004,"2a, Boronic Acid",1.0,Pd(OAc)2,0.0625,dppf,0.125,K3PO4,2.5,THF,43.15,144941.31,,
911,6-triflatequinoline,"1c, 6-OTf-Q",1.0,0.0004,"2a, Boronic Acid",1.0,Pd(OAc)2,0.0625,Xantphos,0.125,K3PO4,2.5,THF,5.76,16620.64,,
912,6-triflatequinoline,"1c, 6-OTf-Q",1.0,0.0004,"2a, Boronic Acid",1.0,Pd(OAc)2,0.0625,,,K3PO4,2.5,THF,18.76,92650.06,,
913,6-triflatequinoline,"1c, 6-OTf-Q",1.0,0.0004,"2a, Boronic Acid",1.0,Pd(OAc)2,0.0625,P(tBu)3,0.125,KOH,2.5,THF,33.26,36670.91,,
914,6-triflatequinoline,"1c, 6-OTf-Q",1.0,0.0004,"2a, Boronic Acid",1.0,Pd(OAc)2,0.0625,P(Ph)3 ,0.125,KOH,2.5,THF,84.51,354622.44,,
915,6-triflatequinoline,"1c, 6-OTf-Q",1.0,0.0004,"2a, Boronic Acid",1.0,Pd(OAc)2,0.0625,AmPhos,0.125,KOH,2.5,THF,11.46,28090.19,,
916,6-triflatequinoline,"1c, 6-OTf-Q",1.0,0.0004,"2a, Boronic Acid",1.0,Pd(OAc)2,0.0625,P(Cy)3,0.125,KOH,2.5,THF,65.64,253058.65,,
917,6-triflatequinoline,"1c, 6-OTf-Q",1.0,0.0004,"2a, Boronic Acid",1.0,Pd(OAc)2,0.0625,P(o-Tol)3,0.125,KOH,2.5,THF,26.99,30984.76,,
918,6-triflatequinoline,"1c, 6-OTf-Q",1.0,0.0004,"2a, Boronic Acid",1.0,Pd(OAc)2,0.0625,CataCXium A,0.125,KOH,2.5,THF,24.54,91257.59,,
919,6-triflatequinoline,"1c, 6-OTf-Q",1.0,0.0004,"2a, Boronic Acid",1.0,Pd(OAc)2,0.0625,SPhos,0.125,KOH,2.5,THF,61.35,70134.37,,
920,6-triflatequinoline,"1c, 6-OTf-Q",1.0,0.0004,"2a, Boronic Acid",1.0,Pd(OAc)2,0.0625,dtbpf,0.125,KOH,2.5,THF,47.04,147656.95,,
921,6-triflatequinoline,"1c, 6-OTf-Q",1.0,0.0004,"2a, Boronic Acid",1.0,Pd(OAc)2,0.0625,XPhos,0.125,KOH,2.5,THF,80.83,64804.72,,
922,6-triflatequinoline,"1c, 6-OTf-Q",1.0,0.0004,"2a, Boronic Acid",1.0,Pd(OAc)2,0.0625,dppf,0.125,KOH,2.5,THF,27.83,84238.48,,
923,6-triflatequinoline,"1c, 6-OTf-Q",1.0,0.0004,"2a, Boronic Acid",1.0,Pd(OAc)2,0.0625,Xantphos,0.125,KOH,2.5,THF,17.76,32621.39,,
924,6-triflatequinoline,"1c, 6-OTf-Q",1.0,0.0004,"2a, Boronic Acid",1.0,Pd(OAc)2,0.0625,,,KOH,2.5,THF,29.95,123656.87,,
925,6-triflatequinoline,"1c, 6-OTf-Q",1.0,0.0004,"2a, Boronic Acid",1.0,Pd(OAc)2,0.0625,P(tBu)3,0.125,LiOtBu,2.5,THF,53.78,39793.49,,
926,6-triflatequinoline,"1c, 6-OTf-Q",1.0,0.0004,"2a, Boronic Acid",1.0,Pd(OAc)2,0.0625,P(Ph)3 ,0.125,LiOtBu,2.5,THF,85.88,294030.74,,
927,6-triflatequinoline,"1c, 6-OTf-Q",1.0,0.0004,"2a, Boronic Acid",1.0,Pd(OAc)2,0.0625,AmPhos,0.125,LiOtBu,2.5,THF,23.63,29896.39,,
928,6-triflatequinoline,"1c, 6-OTf-Q",1.0,0.0004,"2a, Boronic Acid",1.0,Pd(OAc)2,0.0625,P(Cy)3,0.125,LiOtBu,2.5,THF,65.74,238761.3,,
929,6-triflatequinoline,"1c, 6-OTf-Q",1.0,0.0004,"2a, Boronic Acid",1.0,Pd(OAc)2,0.0625,P(o-Tol)3,0.125,LiOtBu,2.5,THF,48.33,34984.04,,
930,6-triflatequinoline,"1c, 6-OTf-Q",1.0,0.0004,"2a, Boronic Acid",1.0,Pd(OAc)2,0.0625,CataCXium A,0.125,LiOtBu,2.5,THF,26.71,85937.59,,
931,6-triflatequinoline,"1c, 6-OTf-Q",1.0,0.0004,"2a, Boronic Acid",1.0,Pd(OAc)2,0.0625,SPhos,0.125,LiOtBu,2.5,THF,93.67,82113.68,,
932,6-triflatequinoline,"1c, 6-OTf-Q",1.0,0.0004,"2a, Boronic Acid",1.0,Pd(OAc)2,0.0625,dtbpf,0.125,LiOtBu,2.5,THF,49.63,168896.55,,
933,6-triflatequinoline,"1c, 6-OTf-Q",1.0,0.0004,"2a, Boronic Acid",1.0,Pd(OAc)2,0.0625,XPhos,0.125,LiOtBu,2.5,THF,95.5,76823.91,,
934,6-triflatequinoline,"1c, 6-OTf-Q",1.0,0.0004,"2a, Boronic Acid",1.0,Pd(OAc)2,0.0625,dppf,0.125,LiOtBu,2.5,THF,24.1,55724.88,,
935,6-triflatequinoline,"1c, 6-OTf-Q",1.0,0.0004,"2a, Boronic Acid",1.0,Pd(OAc)2,0.0625,Xantphos,0.125,LiOtBu,2.5,THF,42.89,43479.46,,
936,6-triflatequinoline,"1c, 6-OTf-Q",1.0,0.0004,"2a, Boronic Acid",1.0,Pd(OAc)2,0.0625,,,LiOtBu,2.5,THF,63.0,144964.36,,
937,6-triflatequinoline,"1c, 6-OTf-Q",1.0,0.0004,"2a, Boronic Acid",1.0,Pd(OAc)2,0.0625,P(tBu)3,0.125,Et3N,2.5,THF,49.02,42115.3,,
938,6-triflatequinoline,"1c, 6-OTf-Q",1.0,0.0004,"2a, Boronic Acid",1.0,Pd(OAc)2,0.0625,P(Ph)3 ,0.125,Et3N,2.5,THF,86.07,296279.55,,
939,6-triflatequinoline,"1c, 6-OTf-Q",1.0,0.0004,"2a, Boronic Acid",1.0,Pd(OAc)2,0.0625,AmPhos,0.125,Et3N,2.5,THF,28.08,31157.55,,
940,6-triflatequinoline,"1c, 6-OTf-Q",1.0,0.0004,"2a, Boronic Acid",1.0,Pd(OAc)2,0.0625,P(Cy)3,0.125,Et3N,2.5,THF,75.26,254370.97,,
941,6-triflatequinoline,"1c, 6-OTf-Q",1.0,0.0004,"2a, Boronic Acid",1.0,Pd(OAc)2,0.0625,P(o-Tol)3,0.125,Et3N,2.5,THF,54.06,39454.45,,
942,6-triflatequinoline,"1c, 6-OTf-Q",1.0,0.0004,"2a, Boronic Acid",1.0,Pd(OAc)2,0.0625,CataCXium A,0.125,Et3N,2.5,THF,26.61,83436.28,,
943,6-triflatequinoline,"1c, 6-OTf-Q",1.0,0.0004,"2a, Boronic Acid",1.0,Pd(OAc)2,0.0625,SPhos,0.125,Et3N,2.5,THF,93.81,79768.09,,
944,6-triflatequinoline,"1c, 6-OTf-Q",1.0,0.0004,"2a, Boronic Acid",1.0,Pd(OAc)2,0.0625,dtbpf,0.125,Et3N,2.5,THF,49.74,144709.76,,
945,6-triflatequinoline,"1c, 6-OTf-Q",1.0,0.0004,"2a, Boronic Acid",1.0,Pd(OAc)2,0.0625,XPhos,0.125,Et3N,2.5,THF,95.85,82938.2,,
946,6-triflatequinoline,"1c, 6-OTf-Q",1.0,0.0004,"2a, Boronic Acid",1.0,Pd(OAc)2,0.0625,dppf,0.125,Et3N,2.5,THF,27.03,72669.87,,
947,6-triflatequinoline,"1c, 6-OTf-Q",1.0,0.0004,"2a, Boronic Acid",1.0,Pd(OAc)2,0.0625,Xantphos,0.125,Et3N,2.5,THF,37.88,45431.48,,
948,6-triflatequinoline,"1c, 6-OTf-Q",1.0,0.0004,"2a, Boronic Acid",1.0,Pd(OAc)2,0.0625,,,Et3N,2.5,THF,56.06,138604.46,,
949,6-triflatequinoline,"1c, 6-OTf-Q",1.0,0.0004,"2a, Boronic Acid",1.0,Pd(OAc)2,0.0625,P(tBu)3,0.125,,2.5,THF,56.78,38573.18,,
950,6-triflatequinoline,"1c, 6-OTf-Q",1.0,0.0004,"2a, Boronic Acid",1.0,Pd(OAc)2,0.0625,P(Ph)3 ,0.125,,2.5,THF,82.3,294748.3,,
951,6-triflatequinoline,"1c, 6-OTf-Q",1.0,0.0004,"2a, Boronic Acid",1.0,Pd(OAc)2,0.0625,AmPhos,0.125,,2.5,THF,42.8,33567.74,,
952,6-triflatequinoline,"1c, 6-OTf-Q",1.0,0.0004,"2a, Boronic Acid",1.0,Pd(OAc)2,0.0625,P(Cy)3,0.125,,2.5,THF,75.64,253237.28,,
953,6-triflatequinoline,"1c, 6-OTf-Q",1.0,0.0004,"2a, Boronic Acid",1.0,Pd(OAc)2,0.0625,P(o-Tol)3,0.125,,2.5,THF,55.96,43794.55,,
954,6-triflatequinoline,"1c, 6-OTf-Q",1.0,0.0004,"2a, Boronic Acid",1.0,Pd(OAc)2,0.0625,CataCXium A,0.125,,2.5,THF,25.66,91558.39,,
955,6-triflatequinoline,"1c, 6-OTf-Q",1.0,0.0004,"2a, Boronic Acid",1.0,Pd(OAc)2,0.0625,SPhos,0.125,,2.5,THF,95.21,86419.67,,
956,6-triflatequinoline,"1c, 6-OTf-Q",1.0,0.0004,"2a, Boronic Acid",1.0,Pd(OAc)2,0.0625,dtbpf,0.125,,2.5,THF,46.13,152766.82,,
957,6-triflatequinoline,"1c, 6-OTf-Q",1.0,0.0004,"2a, Boronic Acid",1.0,Pd(OAc)2,0.0625,XPhos,0.125,,2.5,THF,95.19,84412.68,,
958,6-triflatequinoline,"1c, 6-OTf-Q",1.0,0.0004,"2a, Boronic Acid",1.0,Pd(OAc)2,0.0625,dppf,0.125,,2.5,THF,28.48,88766.99,,
959,6-triflatequinoline,"1c, 6-OTf-Q",1.0,0.0004,"2a, Boronic Acid",1.0,Pd(OAc)2,0.0625,Xantphos,0.125,,2.5,THF,32.1,40885.41,,
960,6-triflatequinoline,"1c, 6-OTf-Q",1.0,0.0004,"2a, Boronic Acid",1.0,Pd(OAc)2,0.0625,,,,2.5,THF,54.36,136528.08,,
961,6-triflatequinoline,"1c, 6-OTf-Q",1.0,0.0004,"2a, Boronic Acid",1.0,Pd(OAc)2,0.0625,P(tBu)3,0.125,NaOH,2.5,DMF,40.2,26349.09,,
962,6-triflatequinoline,"1c, 6-OTf-Q",1.0,0.0004,"2a, Boronic Acid",1.0,Pd(OAc)2,0.0625,P(Ph)3 ,0.125,NaOH,2.5,DMF,66.32,121514.65,,
963,6-triflatequinoline,"1c, 6-OTf-Q",1.0,0.0004,"2a, Boronic Acid",1.0,Pd(OAc)2,0.0625,AmPhos,0.125,NaOH,2.5,DMF,43.18,27068.65,,
964,6-triflatequinoline,"1c, 6-OTf-Q",1.0,0.0004,"2a, Boronic Acid",1.0,Pd(OAc)2,0.0625,P(Cy)3,0.125,NaOH,2.5,DMF,57.08,106078.52,,
965,6-triflatequinoline,"1c, 6-OTf-Q",1.0,0.0004,"2a, Boronic Acid",1.0,Pd(OAc)2,0.0625,P(o-Tol)3,0.125,NaOH,2.5,DMF,33.92,20598.77,,
966,6-triflatequinoline,"1c, 6-OTf-Q",1.0,0.0004,"2a, Boronic Acid",1.0,Pd(OAc)2,0.0625,CataCXium A,0.125,NaOH,2.5,DMF,54.3,76435.08,,
967,6-triflatequinoline,"1c, 6-OTf-Q",1.0,0.0004,"2a, Boronic Acid",1.0,Pd(OAc)2,0.0625,SPhos,0.125,NaOH,2.5,DMF,55.27,33082.32,,
968,6-triflatequinoline,"1c, 6-OTf-Q",1.0,0.0004,"2a, Boronic Acid",1.0,Pd(OAc)2,0.0625,dtbpf,0.125,NaOH,2.5,DMF,41.87,59975.0,,
969,6-triflatequinoline,"1c, 6-OTf-Q",1.0,0.0004,"2a, Boronic Acid",1.0,Pd(OAc)2,0.0625,XPhos,0.125,NaOH,2.5,DMF,47.22,28659.43,,
970,6-triflatequinoline,"1c, 6-OTf-Q",1.0,0.0004,"2a, Boronic Acid",1.0,Pd(OAc)2,0.0625,dppf,0.125,NaOH,2.5,DMF,40.03,49472.77,,
971,6-triflatequinoline,"1c, 6-OTf-Q",1.0,0.0004,"2a, Boronic Acid",1.0,Pd(OAc)2,0.0625,Xantphos,0.125,NaOH,2.5,DMF,26.73,17897.85,,
972,6-triflatequinoline,"1c, 6-OTf-Q",1.0,0.0004,"2a, Boronic Acid",1.0,Pd(OAc)2,0.0625,,,NaOH,2.5,DMF,25.55,52913.64,,
973,6-triflatequinoline,"1c, 6-OTf-Q",1.0,0.0004,"2a, Boronic Acid",1.0,Pd(OAc)2,0.0625,P(tBu)3,0.125,NaHCO3,2.5,DMF,9.29,8492.66,,
974,6-triflatequinoline,"1c, 6-OTf-Q",1.0,0.0004,"2a, Boronic Acid",1.0,Pd(OAc)2,0.0625,P(Ph)3 ,0.125,NaHCO3,2.5,DMF,92.28,179571.33,,
975,6-triflatequinoline,"1c, 6-OTf-Q",1.0,0.0004,"2a, Boronic Acid",1.0,Pd(OAc)2,0.0625,AmPhos,0.125,NaHCO3,2.5,DMF,54.36,33089.63,,
976,6-triflatequinoline,"1c, 6-OTf-Q",1.0,0.0004,"2a, Boronic Acid",1.0,Pd(OAc)2,0.0625,P(Cy)3,0.125,NaHCO3,2.5,DMF,88.55,173567.33,,
977,6-triflatequinoline,"1c, 6-OTf-Q",1.0,0.0004,"2a, Boronic Acid",1.0,Pd(OAc)2,0.0625,P(o-Tol)3,0.125,NaHCO3,2.5,DMF,27.55,19292.15,,
978,6-triflatequinoline,"1c, 6-OTf-Q",1.0,0.0004,"2a, Boronic Acid",1.0,Pd(OAc)2,0.0625,CataCXium A,0.125,NaHCO3,2.5,DMF,43.2,93818.59,,
979,6-triflatequinoline,"1c, 6-OTf-Q",1.0,0.0004,"2a, Boronic Acid",1.0,Pd(OAc)2,0.0625,SPhos,0.125,NaHCO3,2.5,DMF,64.69,35996.32,,
980,6-triflatequinoline,"1c, 6-OTf-Q",1.0,0.0004,"2a, Boronic Acid",1.0,Pd(OAc)2,0.0625,dtbpf,0.125,NaHCO3,2.5,DMF,26.74,49044.67,,
981,6-triflatequinoline,"1c, 6-OTf-Q",1.0,0.0004,"2a, Boronic Acid",1.0,Pd(OAc)2,0.0625,XPhos,0.125,NaHCO3,2.5,DMF,52.85,31146.31,,
982,6-triflatequinoline,"1c, 6-OTf-Q",1.0,0.0004,"2a, Boronic Acid",1.0,Pd(OAc)2,0.0625,dppf,0.125,NaHCO3,2.5,DMF,80.28,126961.34,,
983,6-triflatequinoline,"1c, 6-OTf-Q",1.0,0.0004,"2a, Boronic Acid",1.0,Pd(OAc)2,0.0625,Xantphos,0.125,NaHCO3,2.5,DMF,0.58,6823.84,,
984,6-triflatequinoline,"1c, 6-OTf-Q",1.0,0.0004,"2a, Boronic Acid",1.0,Pd(OAc)2,0.0625,,,NaHCO3,2.5,DMF,25.69,53027.45,,
985,6-triflatequinoline,"1c, 6-OTf-Q",1.0,0.0004,"2a, Boronic Acid",1.0,Pd(OAc)2,0.0625,P(tBu)3,0.125,CsF,2.5,DMF,8.71,8078.7,,
986,6-triflatequinoline,"1c, 6-OTf-Q",1.0,0.0004,"2a, Boronic Acid",1.0,Pd(OAc)2,0.0625,P(Ph)3 ,0.125,CsF,2.5,DMF,91.14,167916.08,,
987,6-triflatequinoline,"1c, 6-OTf-Q",1.0,0.0004,"2a, Boronic Acid",1.0,Pd(OAc)2,0.0625,AmPhos,0.125,CsF,2.5,DMF,76.44,45012.56,,
988,6-triflatequinoline,"1c, 6-OTf-Q",1.0,0.0004,"2a, Boronic Acid",1.0,Pd(OAc)2,0.0625,P(Cy)3,0.125,CsF,2.5,DMF,94.46,176790.08,,
989,6-triflatequinoline,"1c, 6-OTf-Q",1.0,0.0004,"2a, Boronic Acid",1.0,Pd(OAc)2,0.0625,P(o-Tol)3,0.125,CsF,2.5,DMF,60.0,35807.11,,
990,6-triflatequinoline,"1c, 6-OTf-Q",1.0,0.0004,"2a, Boronic Acid",1.0,Pd(OAc)2,0.0625,CataCXium A,0.125,CsF,2.5,DMF,94.8,149507.46,,
991,6-triflatequinoline,"1c, 6-OTf-Q",1.0,0.0004,"2a, Boronic Acid",1.0,Pd(OAc)2,0.0625,SPhos,0.125,CsF,2.5,DMF,77.9,43601.41,,
992,6-triflatequinoline,"1c, 6-OTf-Q",1.0,0.0004,"2a, Boronic Acid",1.0,Pd(OAc)2,0.0625,dtbpf,0.125,CsF,2.5,DMF,54.89,83692.71,,
993,6-triflatequinoline,"1c, 6-OTf-Q",1.0,0.0004,"2a, Boronic Acid",1.0,Pd(OAc)2,0.0625,XPhos,0.125,CsF,2.5,DMF,87.99,49237.78,,
994,6-triflatequinoline,"1c, 6-OTf-Q",1.0,0.0004,"2a, Boronic Acid",1.0,Pd(OAc)2,0.0625,dppf,0.125,CsF,2.5,DMF,97.32,149238.95,,
995,6-triflatequinoline,"1c, 6-OTf-Q",1.0,0.0004,"2a, Boronic Acid",1.0,Pd(OAc)2,0.0625,Xantphos,0.125,CsF,2.5,DMF,6.69,8395.65,,
996,6-triflatequinoline,"1c, 6-OTf-Q",1.0,0.0004,"2a, Boronic Acid",1.0,Pd(OAc)2,0.0625,,,CsF,2.5,DMF,46.84,81581.05,,
997,6-triflatequinoline,"1c, 6-OTf-Q",1.0,0.0004,"2a, Boronic Acid",1.0,Pd(OAc)2,0.0625,P(tBu)3,0.125,K3PO4,2.5,DMF,19.62,15249.57,,
998,6-triflatequinoline,"1c, 6-OTf-Q",1.0,0.0004,"2a, Boronic Acid",1.0,Pd(OAc)2,0.0625,P(Ph)3 ,0.125,K3PO4,2.5,DMF,89.87,166482.22,,
999,6-triflatequinoline,"1c, 6-OTf-Q",1.0,0.0004,"2a, Boronic Acid",1.0,Pd(OAc)2,0.0625,AmPhos,0.125,K3PO4,2.5,DMF,69.93,41154.47,,
1000,6-triflatequinoline,"1c, 6-OTf-Q",1.0,0.0004,"2a, Boronic Acid",1.0,Pd(OAc)2,0.0625,P(Cy)3,0.125,K3PO4,2.5,DMF,55.64,124416.35,,
1001,6-triflatequinoline,"1c, 6-OTf-Q",1.0,0.0004,"2a, Boronic Acid",1.0,Pd(OAc)2,0.0625,P(o-Tol)3,0.125,K3PO4,2.5,DMF,46.83,28130.5,,
1002,6-triflatequinoline,"1c, 6-OTf-Q",1.0,0.0004,"2a, Boronic Acid",1.0,Pd(OAc)2,0.0625,CataCXium A,0.125,K3PO4,2.5,DMF,69.48,116104.87,,
1003,6-triflatequinoline,"1c, 6-OTf-Q",1.0,0.0004,"2a, Boronic Acid",1.0,Pd(OAc)2,0.0625,SPhos,0.125,K3PO4,2.5,DMF,46.44,30720.85,,
1004,6-triflatequinoline,"1c, 6-OTf-Q",1.0,0.0004,"2a, Boronic Acid",1.0,Pd(OAc)2,0.0625,dtbpf,0.125,K3PO4,2.5,DMF,35.12,67353.01,,
1005,6-triflatequinoline,"1c, 6-OTf-Q",1.0,0.0004,"2a, Boronic Acid",1.0,Pd(OAc)2,0.0625,XPhos,0.125,K3PO4,2.5,DMF,43.5,26783.52,,
1006,6-triflatequinoline,"1c, 6-OTf-Q",1.0,0.0004,"2a, Boronic Acid",1.0,Pd(OAc)2,0.0625,dppf,0.125,K3PO4,2.5,DMF,65.48,102292.84,,
1007,6-triflatequinoline,"1c, 6-OTf-Q",1.0,0.0004,"2a, Boronic Acid",1.0,Pd(OAc)2,0.0625,Xantphos,0.125,K3PO4,2.5,DMF,7.09,8982.55,,
1008,6-triflatequinoline,"1c, 6-OTf-Q",1.0,0.0004,"2a, Boronic Acid",1.0,Pd(OAc)2,0.0625,,,K3PO4,2.5,DMF,20.92,45523.01,,
1009,6-triflatequinoline,"1c, 6-OTf-Q",1.0,0.0004,"2a, Boronic Acid",1.0,Pd(OAc)2,0.0625,P(tBu)3,0.125,KOH,2.5,DMF,27.96,19469.38,,
1010,6-triflatequinoline,"1c, 6-OTf-Q",1.0,0.0004,"2a, Boronic Acid",1.0,Pd(OAc)2,0.0625,P(Ph)3 ,0.125,KOH,2.5,DMF,83.95,146405.62,,
1011,6-triflatequinoline,"1c, 6-OTf-Q",1.0,0.0004,"2a, Boronic Acid",1.0,Pd(OAc)2,0.0625,AmPhos,0.125,KOH,2.5,DMF,56.65,34049.72,,
1012,6-triflatequinoline,"1c, 6-OTf-Q",1.0,0.0004,"2a, Boronic Acid",1.0,Pd(OAc)2,0.0625,P(Cy)3,0.125,KOH,2.5,DMF,74.22,129893.25,,
1013,6-triflatequinoline,"1c, 6-OTf-Q",1.0,0.0004,"2a, Boronic Acid",1.0,Pd(OAc)2,0.0625,P(o-Tol)3,0.125,KOH,2.5,DMF,40.11,24367.16,,
1014,6-triflatequinoline,"1c, 6-OTf-Q",1.0,0.0004,"2a, Boronic Acid",1.0,Pd(OAc)2,0.0625,CataCXium A,0.125,KOH,2.5,DMF,64.54,97626.54,,
1015,6-triflatequinoline,"1c, 6-OTf-Q",1.0,0.0004,"2a, Boronic Acid",1.0,Pd(OAc)2,0.0625,SPhos,0.125,KOH,2.5,DMF,67.16,36791.86,,
1016,6-triflatequinoline,"1c, 6-OTf-Q",1.0,0.0004,"2a, Boronic Acid",1.0,Pd(OAc)2,0.0625,dtbpf,0.125,KOH,2.5,DMF,48.61,79639.63,,
1017,6-triflatequinoline,"1c, 6-OTf-Q",1.0,0.0004,"2a, Boronic Acid",1.0,Pd(OAc)2,0.0625,XPhos,0.125,KOH,2.5,DMF,64.39,36235.61,,
1018,6-triflatequinoline,"1c, 6-OTf-Q",1.0,0.0004,"2a, Boronic Acid",1.0,Pd(OAc)2,0.0625,dppf,0.125,KOH,2.5,DMF,62.48,82680.27,,
1019,6-triflatequinoline,"1c, 6-OTf-Q",1.0,0.0004,"2a, Boronic Acid",1.0,Pd(OAc)2,0.0625,Xantphos,0.125,KOH,2.5,DMF,24.42,17172.37,,
1020,6-triflatequinoline,"1c, 6-OTf-Q",1.0,0.0004,"2a, Boronic Acid",1.0,Pd(OAc)2,0.0625,,,KOH,2.5,DMF,26.07,53366.23,,
1021,6-triflatequinoline,"1c, 6-OTf-Q",1.0,0.0004,"2a, Boronic Acid",1.0,Pd(OAc)2,0.0625,P(tBu)3,0.125,LiOtBu,2.5,DMF,52.58,35078.95,,
1022,6-triflatequinoline,"1c, 6-OTf-Q",1.0,0.0004,"2a, Boronic Acid",1.0,Pd(OAc)2,0.0625,P(Ph)3 ,0.125,LiOtBu,2.5,DMF,82.96,133134.45,,
1023,6-triflatequinoline,"1c, 6-OTf-Q",1.0,0.0004,"2a, Boronic Acid",1.0,Pd(OAc)2,0.0625,AmPhos,0.125,LiOtBu,2.5,DMF,56.07,33543.72,,
1024,6-triflatequinoline,"1c, 6-OTf-Q",1.0,0.0004,"2a, Boronic Acid",1.0,Pd(OAc)2,0.0625,P(Cy)3,0.125,LiOtBu,2.5,DMF,75.36,118322.45,,
1025,6-triflatequinoline,"1c, 6-OTf-Q",1.0,0.0004,"2a, Boronic Acid",1.0,Pd(OAc)2,0.0625,P(o-Tol)3,0.125,LiOtBu,2.5,DMF,37.35,22393.79,,
1026,6-triflatequinoline,"1c, 6-OTf-Q",1.0,0.0004,"2a, Boronic Acid",1.0,Pd(OAc)2,0.0625,CataCXium A,0.125,LiOtBu,2.5,DMF,60.94,75695.42,,
1027,6-triflatequinoline,"1c, 6-OTf-Q",1.0,0.0004,"2a, Boronic Acid",1.0,Pd(OAc)2,0.0625,SPhos,0.125,LiOtBu,2.5,DMF,68.7,37925.38,,
1028,6-triflatequinoline,"1c, 6-OTf-Q",1.0,0.0004,"2a, Boronic Acid",1.0,Pd(OAc)2,0.0625,dtbpf,0.125,LiOtBu,2.5,DMF,51.93,70970.7,,
1029,6-triflatequinoline,"1c, 6-OTf-Q",1.0,0.0004,"2a, Boronic Acid",1.0,Pd(OAc)2,0.0625,XPhos,0.125,LiOtBu,2.5,DMF,66.93,37298.81,,
1030,6-triflatequinoline,"1c, 6-OTf-Q",1.0,0.0004,"2a, Boronic Acid",1.0,Pd(OAc)2,0.0625,dppf,0.125,LiOtBu,2.5,DMF,25.72,33499.13,,
1031,6-triflatequinoline,"1c, 6-OTf-Q",1.0,0.0004,"2a, Boronic Acid",1.0,Pd(OAc)2,0.0625,Xantphos,0.125,LiOtBu,2.5,DMF,20.12,15307.98,,
1032,6-triflatequinoline,"1c, 6-OTf-Q",1.0,0.0004,"2a, Boronic Acid",1.0,Pd(OAc)2,0.0625,,,LiOtBu,2.5,DMF,24.85,49267.14,,
1033,6-triflatequinoline,"1c, 6-OTf-Q",1.0,0.0004,"2a, Boronic Acid",1.0,Pd(OAc)2,0.0625,P(tBu)3,0.125,Et3N,2.5,DMF,20.74,25924.09,,
1034,6-triflatequinoline,"1c, 6-OTf-Q",1.0,0.0004,"2a, Boronic Acid",1.0,Pd(OAc)2,0.0625,P(Ph)3 ,0.125,Et3N,2.5,DMF,60.18,95550.08,,
1035,6-triflatequinoline,"1c, 6-OTf-Q",1.0,0.0004,"2a, Boronic Acid",1.0,Pd(OAc)2,0.0625,AmPhos,0.125,Et3N,2.5,DMF,35.88,73200.04,,
1036,6-triflatequinoline,"1c, 6-OTf-Q",1.0,0.0004,"2a, Boronic Acid",1.0,Pd(OAc)2,0.0625,P(Cy)3,0.125,Et3N,2.5,DMF,34.25,48517.38,,
1037,6-triflatequinoline,"1c, 6-OTf-Q",1.0,0.0004,"2a, Boronic Acid",1.0,Pd(OAc)2,0.0625,P(o-Tol)3,0.125,Et3N,2.5,DMF,27.1,38497.25,,
1038,6-triflatequinoline,"1c, 6-OTf-Q",1.0,0.0004,"2a, Boronic Acid",1.0,Pd(OAc)2,0.0625,CataCXium A,0.125,Et3N,2.5,DMF,43.02,47153.02,,
1039,6-triflatequinoline,"1c, 6-OTf-Q",1.0,0.0004,"2a, Boronic Acid",1.0,Pd(OAc)2,0.0625,SPhos,0.125,Et3N,2.5,DMF,23.33,18049.55,,
1040,6-triflatequinoline,"1c, 6-OTf-Q",1.0,0.0004,"2a, Boronic Acid",1.0,Pd(OAc)2,0.0625,dtbpf,0.125,Et3N,2.5,DMF,30.26,21010.49,,
1041,6-triflatequinoline,"1c, 6-OTf-Q",1.0,0.0004,"2a, Boronic Acid",1.0,Pd(OAc)2,0.0625,XPhos,0.125,Et3N,2.5,DMF,27.91,21916.55,,
1042,6-triflatequinoline,"1c, 6-OTf-Q",1.0,0.0004,"2a, Boronic Acid",1.0,Pd(OAc)2,0.0625,dppf,0.125,Et3N,2.5,DMF,30.68,18812.51,,
1043,6-triflatequinoline,"1c, 6-OTf-Q",1.0,0.0004,"2a, Boronic Acid",1.0,Pd(OAc)2,0.0625,Xantphos,0.125,Et3N,2.5,DMF,21.29,1680.75,,
1044,6-triflatequinoline,"1c, 6-OTf-Q",1.0,0.0004,"2a, Boronic Acid",1.0,Pd(OAc)2,0.0625,,,Et3N,2.5,DMF,24.97,21038.26,,
1045,6-triflatequinoline,"1c, 6-OTf-Q",1.0,0.0004,"2a, Boronic Acid",1.0,Pd(OAc)2,0.0625,P(tBu)3,0.125,,2.5,DMF,20.9,29862.47,,
1046,6-triflatequinoline,"1c, 6-OTf-Q",1.0,0.0004,"2a, Boronic Acid",1.0,Pd(OAc)2,0.0625,P(Ph)3 ,0.125,,2.5,DMF,57.19,104425.68,,
1047,6-triflatequinoline,"1c, 6-OTf-Q",1.0,0.0004,"2a, Boronic Acid",1.0,Pd(OAc)2,0.0625,AmPhos,0.125,,2.5,DMF,41.02,85515.57,,
1048,6-triflatequinoline,"1c, 6-OTf-Q",1.0,0.0004,"2a, Boronic Acid",1.0,Pd(OAc)2,0.0625,P(Cy)3,0.125,,2.5,DMF,33.78,51499.7,,
1049,6-triflatequinoline,"1c, 6-OTf-Q",1.0,0.0004,"2a, Boronic Acid",1.0,Pd(OAc)2,0.0625,P(o-Tol)3,0.125,,2.5,DMF,31.67,45508.15,,
1050,6-triflatequinoline,"1c, 6-OTf-Q",1.0,0.0004,"2a, Boronic Acid",1.0,Pd(OAc)2,0.0625,CataCXium A,0.125,,2.5,DMF,48.48,55243.54,,
1051,6-triflatequinoline,"1c, 6-OTf-Q",1.0,0.0004,"2a, Boronic Acid",1.0,Pd(OAc)2,0.0625,SPhos,0.125,,2.5,DMF,26.47,37897.48,,
1052,6-triflatequinoline,"1c, 6-OTf-Q",1.0,0.0004,"2a, Boronic Acid",1.0,Pd(OAc)2,0.0625,dtbpf,0.125,,2.5,DMF,29.29,24526.46,,
1053,6-triflatequinoline,"1c, 6-OTf-Q",1.0,0.0004,"2a, Boronic Acid",1.0,Pd(OAc)2,0.0625,XPhos,0.125,,2.5,DMF,26.28,19415.1,,
1054,6-triflatequinoline,"1c, 6-OTf-Q",1.0,0.0004,"2a, Boronic Acid",1.0,Pd(OAc)2,0.0625,dppf,0.125,,2.5,DMF,37.57,32577.2,,
1055,6-triflatequinoline,"1c, 6-OTf-Q",1.0,0.0004,"2a, Boronic Acid",1.0,Pd(OAc)2,0.0625,Xantphos,0.125,,2.5,DMF,21.03,2886.02,,
1056,6-triflatequinoline,"1c, 6-OTf-Q",1.0,0.0004,"2a, Boronic Acid",1.0,Pd(OAc)2,0.0625,,,,2.5,DMF,24.57,18245.05,,
1057,6-triflatequinoline,"1c, 6-OTf-Q",1.0,0.0004,"2a, Boronic Acid",1.0,Pd(OAc)2,0.0625,P(tBu)3,0.125,NaOH,2.5,MeOH,45.03,74912.88,,
1058,6-triflatequinoline,"1c, 6-OTf-Q",1.0,0.0004,"2a, Boronic Acid",1.0,Pd(OAc)2,0.0625,P(Ph)3 ,0.125,NaOH,2.5,MeOH,96.7,152088.14,,
1059,6-triflatequinoline,"1c, 6-OTf-Q",1.0,0.0004,"2a, Boronic Acid",1.0,Pd(OAc)2,0.0625,AmPhos,0.125,NaOH,2.5,MeOH,70.76,106955.82,,
1060,6-triflatequinoline,"1c, 6-OTf-Q",1.0,0.0004,"2a, Boronic Acid",1.0,Pd(OAc)2,0.0625,P(Cy)3,0.125,NaOH,2.5,MeOH,93.33,144819.65,,
1061,6-triflatequinoline,"1c, 6-OTf-Q",1.0,0.0004,"2a, Boronic Acid",1.0,Pd(OAc)2,0.0625,P(o-Tol)3,0.125,NaOH,2.5,MeOH,63.28,96753.48,,
1062,6-triflatequinoline,"1c, 6-OTf-Q",1.0,0.0004,"2a, Boronic Acid",1.0,Pd(OAc)2,0.0625,CataCXium A,0.125,NaOH,2.5,MeOH,61.13,69018.41,,
1063,6-triflatequinoline,"1c, 6-OTf-Q",1.0,0.0004,"2a, Boronic Acid",1.0,Pd(OAc)2,0.0625,SPhos,0.125,NaOH,2.5,MeOH,94.82,149976.26,,
1064,6-triflatequinoline,"1c, 6-OTf-Q",1.0,0.0004,"2a, Boronic Acid",1.0,Pd(OAc)2,0.0625,dtbpf,0.125,NaOH,2.5,MeOH,47.13,65480.16,,
1065,6-triflatequinoline,"1c, 6-OTf-Q",1.0,0.0004,"2a, Boronic Acid",1.0,Pd(OAc)2,0.0625,XPhos,0.125,NaOH,2.5,MeOH,88.97,130426.74,,
1066,6-triflatequinoline,"1c, 6-OTf-Q",1.0,0.0004,"2a, Boronic Acid",1.0,Pd(OAc)2,0.0625,dppf,0.125,NaOH,2.5,MeOH,87.48,120033.79,,
1067,6-triflatequinoline,"1c, 6-OTf-Q",1.0,0.0004,"2a, Boronic Acid",1.0,Pd(OAc)2,0.0625,Xantphos,0.125,NaOH,2.5,MeOH,33.88,42414.45,,
1068,6-triflatequinoline,"1c, 6-OTf-Q",1.0,0.0004,"2a, Boronic Acid",1.0,Pd(OAc)2,0.0625,,,NaOH,2.5,MeOH,77.51,108316.89,,
1069,6-triflatequinoline,"1c, 6-OTf-Q",1.0,0.0004,"2a, Boronic Acid",1.0,Pd(OAc)2,0.0625,P(tBu)3,0.125,NaHCO3,2.5,MeOH,40.73,70987.76,,
1070,6-triflatequinoline,"1c, 6-OTf-Q",1.0,0.0004,"2a, Boronic Acid",1.0,Pd(OAc)2,0.0625,P(Ph)3 ,0.125,NaHCO3,2.5,MeOH,88.59,127228.9,,
1071,6-triflatequinoline,"1c, 6-OTf-Q",1.0,0.0004,"2a, Boronic Acid",1.0,Pd(OAc)2,0.0625,AmPhos,0.125,NaHCO3,2.5,MeOH,58.43,97187.87,,
1072,6-triflatequinoline,"1c, 6-OTf-Q",1.0,0.0004,"2a, Boronic Acid",1.0,Pd(OAc)2,0.0625,P(Cy)3,0.125,NaHCO3,2.5,MeOH,89.13,120611.19,,
1073,6-triflatequinoline,"1c, 6-OTf-Q",1.0,0.0004,"2a, Boronic Acid",1.0,Pd(OAc)2,0.0625,P(o-Tol)3,0.125,NaHCO3,2.5,MeOH,55.72,88364.29,,
1074,6-triflatequinoline,"1c, 6-OTf-Q",1.0,0.0004,"2a, Boronic Acid",1.0,Pd(OAc)2,0.0625,CataCXium A,0.125,NaHCO3,2.5,MeOH,64.52,65090.05,,
1075,6-triflatequinoline,"1c, 6-OTf-Q",1.0,0.0004,"2a, Boronic Acid",1.0,Pd(OAc)2,0.0625,SPhos,0.125,NaHCO3,2.5,MeOH,81.73,129221.25,,
1076,6-triflatequinoline,"1c, 6-OTf-Q",1.0,0.0004,"2a, Boronic Acid",1.0,Pd(OAc)2,0.0625,dtbpf,0.125,NaHCO3,2.5,MeOH,40.04,37808.88,,
1077,6-triflatequinoline,"1c, 6-OTf-Q",1.0,0.0004,"2a, Boronic Acid",1.0,Pd(OAc)2,0.0625,XPhos,0.125,NaHCO3,2.5,MeOH,75.35,121731.73,,
1078,6-triflatequinoline,"1c, 6-OTf-Q",1.0,0.0004,"2a, Boronic Acid",1.0,Pd(OAc)2,0.0625,dppf,0.125,NaHCO3,2.5,MeOH,64.5,74834.47,,
1079,6-triflatequinoline,"1c, 6-OTf-Q",1.0,0.0004,"2a, Boronic Acid",1.0,Pd(OAc)2,0.0625,Xantphos,0.125,NaHCO3,2.5,MeOH,22.67,18839.45,,
1080,6-triflatequinoline,"1c, 6-OTf-Q",1.0,0.0004,"2a, Boronic Acid",1.0,Pd(OAc)2,0.0625,,,NaHCO3,2.5,MeOH,56.23,76288.84,,
1081,6-triflatequinoline,"1c, 6-OTf-Q",1.0,0.0004,"2a, Boronic Acid",1.0,Pd(OAc)2,0.0625,P(tBu)3,0.125,CsF,2.5,MeOH,43.13,28562.63,,
1082,6-triflatequinoline,"1c, 6-OTf-Q",1.0,0.0004,"2a, Boronic Acid",1.0,Pd(OAc)2,0.0625,P(Ph)3 ,0.125,CsF,2.5,MeOH,85.73,165295.48,,
1083,6-triflatequinoline,"1c, 6-OTf-Q",1.0,0.0004,"2a, Boronic Acid",1.0,Pd(OAc)2,0.0625,AmPhos,0.125,CsF,2.5,MeOH,77.72,45555.89,,
1084,6-triflatequinoline,"1c, 6-OTf-Q",1.0,0.0004,"2a, Boronic Acid",1.0,Pd(OAc)2,0.0625,P(Cy)3,0.125,CsF,2.5,MeOH,89.81,186236.48,,
1085,6-triflatequinoline,"1c, 6-OTf-Q",1.0,0.0004,"2a, Boronic Acid",1.0,Pd(OAc)2,0.0625,P(o-Tol)3,0.125,CsF,2.5,MeOH,48.91,29043.87,,
1086,6-triflatequinoline,"1c, 6-OTf-Q",1.0,0.0004,"2a, Boronic Acid",1.0,Pd(OAc)2,0.0625,CataCXium A,0.125,CsF,2.5,MeOH,86.51,157191.32,,
1087,6-triflatequinoline,"1c, 6-OTf-Q",1.0,0.0004,"2a, Boronic Acid",1.0,Pd(OAc)2,0.0625,SPhos,0.125,CsF,2.5,MeOH,71.88,42711.5,,
1088,6-triflatequinoline,"1c, 6-OTf-Q",1.0,0.0004,"2a, Boronic Acid",1.0,Pd(OAc)2,0.0625,dtbpf,0.125,CsF,2.5,MeOH,46.7,73023.74,,
1089,6-triflatequinoline,"1c, 6-OTf-Q",1.0,0.0004,"2a, Boronic Acid",1.0,Pd(OAc)2,0.0625,XPhos,0.125,CsF,2.5,MeOH,60.51,37082.19,,
1090,6-triflatequinoline,"1c, 6-OTf-Q",1.0,0.0004,"2a, Boronic Acid",1.0,Pd(OAc)2,0.0625,dppf,0.125,CsF,2.5,MeOH,37.67,88055.37,,
1091,6-triflatequinoline,"1c, 6-OTf-Q",1.0,0.0004,"2a, Boronic Acid",1.0,Pd(OAc)2,0.0625,Xantphos,0.125,CsF,2.5,MeOH,8.04,10436.9,,
1092,6-triflatequinoline,"1c, 6-OTf-Q",1.0,0.0004,"2a, Boronic Acid",1.0,Pd(OAc)2,0.0625,,,CsF,2.5,MeOH,47.24,89120.52,,
1093,6-triflatequinoline,"1c, 6-OTf-Q",1.0,0.0004,"2a, Boronic Acid",1.0,Pd(OAc)2,0.0625,P(tBu)3,0.125,K3PO4,2.5,MeOH,32.15,17245.66,,
1094,6-triflatequinoline,"1c, 6-OTf-Q",1.0,0.0004,"2a, Boronic Acid",1.0,Pd(OAc)2,0.0625,P(Ph)3 ,0.125,K3PO4,2.5,MeOH,94.15,170910.58,,
1095,6-triflatequinoline,"1c, 6-OTf-Q",1.0,0.0004,"2a, Boronic Acid",1.0,Pd(OAc)2,0.0625,AmPhos,0.125,K3PO4,2.5,MeOH,61.84,30867.17,,
1096,6-triflatequinoline,"1c, 6-OTf-Q",1.0,0.0004,"2a, Boronic Acid",1.0,Pd(OAc)2,0.0625,P(Cy)3,0.125,K3PO4,2.5,MeOH,83.83,134786.27,,
1097,6-triflatequinoline,"1c, 6-OTf-Q",1.0,0.0004,"2a, Boronic Acid",1.0,Pd(OAc)2,0.0625,P(o-Tol)3,0.125,K3PO4,2.5,MeOH,58.94,29512.8,,
1098,6-triflatequinoline,"1c, 6-OTf-Q",1.0,0.0004,"2a, Boronic Acid",1.0,Pd(OAc)2,0.0625,CataCXium A,0.125,K3PO4,2.5,MeOH,59.67,91982.81,,
1099,6-triflatequinoline,"1c, 6-OTf-Q",1.0,0.0004,"2a, Boronic Acid",1.0,Pd(OAc)2,0.0625,SPhos,0.125,K3PO4,2.5,MeOH,90.1,45597.25,,
1100,6-triflatequinoline,"1c, 6-OTf-Q",1.0,0.0004,"2a, Boronic Acid",1.0,Pd(OAc)2,0.0625,dtbpf,0.125,K3PO4,2.5,MeOH,69.16,81720.62,,
1101,6-triflatequinoline,"1c, 6-OTf-Q",1.0,0.0004,"2a, Boronic Acid",1.0,Pd(OAc)2,0.0625,XPhos,0.125,K3PO4,2.5,MeOH,83.35,42613.84,,
1102,6-triflatequinoline,"1c, 6-OTf-Q",1.0,0.0004,"2a, Boronic Acid",1.0,Pd(OAc)2,0.0625,dppf,0.125,K3PO4,2.5,MeOH,94.68,149512.88,,
1103,6-triflatequinoline,"1c, 6-OTf-Q",1.0,0.0004,"2a, Boronic Acid",1.0,Pd(OAc)2,0.0625,Xantphos,0.125,K3PO4,2.5,MeOH,14.2,10905.59,,
1104,6-triflatequinoline,"1c, 6-OTf-Q",1.0,0.0004,"2a, Boronic Acid",1.0,Pd(OAc)2,0.0625,,,K3PO4,2.5,MeOH,74.97,108488.77,,
1105,6-triflatequinoline,"1c, 6-OTf-Q",1.0,0.0004,"2a, Boronic Acid",1.0,Pd(OAc)2,0.0625,P(tBu)3,0.125,KOH,2.5,MeOH,33.02,22979.72,,
1106,6-triflatequinoline,"1c, 6-OTf-Q",1.0,0.0004,"2a, Boronic Acid",1.0,Pd(OAc)2,0.0625,P(Ph)3 ,0.125,KOH,2.5,MeOH,93.94,191048.93,,
1107,6-triflatequinoline,"1c, 6-OTf-Q",1.0,0.0004,"2a, Boronic Acid",1.0,Pd(OAc)2,0.0625,AmPhos,0.125,KOH,2.5,MeOH,61.96,39691.17,,
1108,6-triflatequinoline,"1c, 6-OTf-Q",1.0,0.0004,"2a, Boronic Acid",1.0,Pd(OAc)2,0.0625,P(Cy)3,0.125,KOH,2.5,MeOH,82.1,169493.19,,
1109,6-triflatequinoline,"1c, 6-OTf-Q",1.0,0.0004,"2a, Boronic Acid",1.0,Pd(OAc)2,0.0625,P(o-Tol)3,0.125,KOH,2.5,MeOH,55.13,36477.4,,
1110,6-triflatequinoline,"1c, 6-OTf-Q",1.0,0.0004,"2a, Boronic Acid",1.0,Pd(OAc)2,0.0625,CataCXium A,0.125,KOH,2.5,MeOH,62.96,120207.99,,
1111,6-triflatequinoline,"1c, 6-OTf-Q",1.0,0.0004,"2a, Boronic Acid",1.0,Pd(OAc)2,0.0625,SPhos,0.125,KOH,2.5,MeOH,88.13,55793.85,,
1112,6-triflatequinoline,"1c, 6-OTf-Q",1.0,0.0004,"2a, Boronic Acid",1.0,Pd(OAc)2,0.0625,dtbpf,0.125,KOH,2.5,MeOH,67.64,96727.02,,
1113,6-triflatequinoline,"1c, 6-OTf-Q",1.0,0.0004,"2a, Boronic Acid",1.0,Pd(OAc)2,0.0625,XPhos,0.125,KOH,2.5,MeOH,82.32,47215.35,,
1114,6-triflatequinoline,"1c, 6-OTf-Q",1.0,0.0004,"2a, Boronic Acid",1.0,Pd(OAc)2,0.0625,dppf,0.125,KOH,2.5,MeOH,91.65,184677.91,,
1115,6-triflatequinoline,"1c, 6-OTf-Q",1.0,0.0004,"2a, Boronic Acid",1.0,Pd(OAc)2,0.0625,Xantphos,0.125,KOH,2.5,MeOH,26.41,21130.83,,
1116,6-triflatequinoline,"1c, 6-OTf-Q",1.0,0.0004,"2a, Boronic Acid",1.0,Pd(OAc)2,0.0625,,,KOH,2.5,MeOH,67.64,117295.73,,
1117,6-triflatequinoline,"1c, 6-OTf-Q",1.0,0.0004,"2a, Boronic Acid",1.0,Pd(OAc)2,0.0625,P(tBu)3,0.125,LiOtBu,2.5,MeOH,33.37,18268.5,,
1118,6-triflatequinoline,"1c, 6-OTf-Q",1.0,0.0004,"2a, Boronic Acid",1.0,Pd(OAc)2,0.0625,P(Ph)3 ,0.125,LiOtBu,2.5,MeOH,95.31,151411.71,,
1119,6-triflatequinoline,"1c, 6-OTf-Q",1.0,0.0004,"2a, Boronic Acid",1.0,Pd(OAc)2,0.0625,AmPhos,0.125,LiOtBu,2.5,MeOH,58.42,30936.24,,
1120,6-triflatequinoline,"1c, 6-OTf-Q",1.0,0.0004,"2a, Boronic Acid",1.0,Pd(OAc)2,0.0625,P(Cy)3,0.125,LiOtBu,2.5,MeOH,80.68,128367.18,,
1121,6-triflatequinoline,"1c, 6-OTf-Q",1.0,0.0004,"2a, Boronic Acid",1.0,Pd(OAc)2,0.0625,P(o-Tol)3,0.125,LiOtBu,2.5,MeOH,48.82,25073.61,,
1122,6-triflatequinoline,"1c, 6-OTf-Q",1.0,0.0004,"2a, Boronic Acid",1.0,Pd(OAc)2,0.0625,CataCXium A,0.125,LiOtBu,2.5,MeOH,57.05,77078.05,,
1123,6-triflatequinoline,"1c, 6-OTf-Q",1.0,0.0004,"2a, Boronic Acid",1.0,Pd(OAc)2,0.0625,SPhos,0.125,LiOtBu,2.5,MeOH,90.9,49837.18,,
1124,6-triflatequinoline,"1c, 6-OTf-Q",1.0,0.0004,"2a, Boronic Acid",1.0,Pd(OAc)2,0.0625,dtbpf,0.125,LiOtBu,2.5,MeOH,73.72,93239.08,,
1125,6-triflatequinoline,"1c, 6-OTf-Q",1.0,0.0004,"2a, Boronic Acid",1.0,Pd(OAc)2,0.0625,XPhos,0.125,LiOtBu,2.5,MeOH,82.88,40719.56,,
1126,6-triflatequinoline,"1c, 6-OTf-Q",1.0,0.0004,"2a, Boronic Acid",1.0,Pd(OAc)2,0.0625,dppf,0.125,LiOtBu,2.5,MeOH,93.82,117515.77,,
1127,6-triflatequinoline,"1c, 6-OTf-Q",1.0,0.0004,"2a, Boronic Acid",1.0,Pd(OAc)2,0.0625,Xantphos,0.125,LiOtBu,2.5,MeOH,35.83,20326.64,,
1128,6-triflatequinoline,"1c, 6-OTf-Q",1.0,0.0004,"2a, Boronic Acid",1.0,Pd(OAc)2,0.0625,,,LiOtBu,2.5,MeOH,64.1,96241.41,,
1129,6-triflatequinoline,"1c, 6-OTf-Q",1.0,0.0004,"2a, Boronic Acid",1.0,Pd(OAc)2,0.0625,P(tBu)3,0.125,Et3N,2.5,MeOH,40.22,26096.07,,
1130,6-triflatequinoline,"1c, 6-OTf-Q",1.0,0.0004,"2a, Boronic Acid",1.0,Pd(OAc)2,0.0625,P(Ph)3 ,0.125,Et3N,2.5,MeOH,88.74,180489.03,,
1131,6-triflatequinoline,"1c, 6-OTf-Q",1.0,0.0004,"2a, Boronic Acid",1.0,Pd(OAc)2,0.0625,AmPhos,0.125,Et3N,2.5,MeOH,72.98,47214.81,,
1132,6-triflatequinoline,"1c, 6-OTf-Q",1.0,0.0004,"2a, Boronic Acid",1.0,Pd(OAc)2,0.0625,P(Cy)3,0.125,Et3N,2.5,MeOH,88.05,164922.85,,
1133,6-triflatequinoline,"1c, 6-OTf-Q",1.0,0.0004,"2a, Boronic Acid",1.0,Pd(OAc)2,0.0625,P(o-Tol)3,0.125,Et3N,2.5,MeOH,56.98,32219.28,,
1134,6-triflatequinoline,"1c, 6-OTf-Q",1.0,0.0004,"2a, Boronic Acid",1.0,Pd(OAc)2,0.0625,CataCXium A,0.125,Et3N,2.5,MeOH,80.85,132045.79,,
1135,6-triflatequinoline,"1c, 6-OTf-Q",1.0,0.0004,"2a, Boronic Acid",1.0,Pd(OAc)2,0.0625,SPhos,0.125,Et3N,2.5,MeOH,76.89,46103.86,,
1136,6-triflatequinoline,"1c, 6-OTf-Q",1.0,0.0004,"2a, Boronic Acid",1.0,Pd(OAc)2,0.0625,dtbpf,0.125,Et3N,2.5,MeOH,64.56,91469.51,,
1137,6-triflatequinoline,"1c, 6-OTf-Q",1.0,0.0004,"2a, Boronic Acid",1.0,Pd(OAc)2,0.0625,XPhos,0.125,Et3N,2.5,MeOH,68.57,40093.41,,
1138,6-triflatequinoline,"1c, 6-OTf-Q",1.0,0.0004,"2a, Boronic Acid",1.0,Pd(OAc)2,0.0625,dppf,0.125,Et3N,2.5,MeOH,91.06,112117.28,,
1139,6-triflatequinoline,"1c, 6-OTf-Q",1.0,0.0004,"2a, Boronic Acid",1.0,Pd(OAc)2,0.0625,Xantphos,0.125,Et3N,2.5,MeOH,9.94,8673.49,,
1140,6-triflatequinoline,"1c, 6-OTf-Q",1.0,0.0004,"2a, Boronic Acid",1.0,Pd(OAc)2,0.0625,,,Et3N,2.5,MeOH,45.37,80269.76,,
1141,6-triflatequinoline,"1c, 6-OTf-Q",1.0,0.0004,"2a, Boronic Acid",1.0,Pd(OAc)2,0.0625,P(tBu)3,0.125,,2.5,MeOH,30.34,20967.87,,
1142,6-triflatequinoline,"1c, 6-OTf-Q",1.0,0.0004,"2a, Boronic Acid",1.0,Pd(OAc)2,0.0625,P(Ph)3 ,0.125,,2.5,MeOH,75.36,158320.6,,
1143,6-triflatequinoline,"1c, 6-OTf-Q",1.0,0.0004,"2a, Boronic Acid",1.0,Pd(OAc)2,0.0625,AmPhos,0.125,,2.5,MeOH,53.38,37801.68,,
1144,6-triflatequinoline,"1c, 6-OTf-Q",1.0,0.0004,"2a, Boronic Acid",1.0,Pd(OAc)2,0.0625,P(Cy)3,0.125,,2.5,MeOH,75.13,155592.23,,
1145,6-triflatequinoline,"1c, 6-OTf-Q",1.0,0.0004,"2a, Boronic Acid",1.0,Pd(OAc)2,0.0625,P(o-Tol)3,0.125,,2.5,MeOH,37.06,27240.62,,
1146,6-triflatequinoline,"1c, 6-OTf-Q",1.0,0.0004,"2a, Boronic Acid",1.0,Pd(OAc)2,0.0625,CataCXium A,0.125,,2.5,MeOH,58.78,108467.61,,
1147,6-triflatequinoline,"1c, 6-OTf-Q",1.0,0.0004,"2a, Boronic Acid",1.0,Pd(OAc)2,0.0625,SPhos,0.125,,2.5,MeOH,40.21,25904.59,,
1148,6-triflatequinoline,"1c, 6-OTf-Q",1.0,0.0004,"2a, Boronic Acid",1.0,Pd(OAc)2,0.0625,dtbpf,0.125,,2.5,MeOH,50.29,35945.49,,
1149,6-triflatequinoline,"1c, 6-OTf-Q",1.0,0.0004,"2a, Boronic Acid",1.0,Pd(OAc)2,0.0625,XPhos,0.125,,2.5,MeOH,29.42,19350.76,,
1150,6-triflatequinoline,"1c, 6-OTf-Q",1.0,0.0004,"2a, Boronic Acid",1.0,Pd(OAc)2,0.0625,dppf,0.125,,2.5,MeOH,22.9,53700.04,,
1151,6-triflatequinoline,"1c, 6-OTf-Q",1.0,0.0004,"2a, Boronic Acid",1.0,Pd(OAc)2,0.0625,Xantphos,0.125,,2.5,MeOH,5.0,6860.28,,
1152,6-triflatequinoline,"1c, 6-OTf-Q",1.0,0.0004,"2a, Boronic Acid",1.0,Pd(OAc)2,0.0625,,,,2.5,MeOH,26.88,52863.81,,
1153,6-Iodoquinoline,"1d, 6-I-Q",1.0,0.0004,"2a, Boronic Acid",1.0,Pd(OAc)2,0.0625,P(tBu)3,0.125,NaOH,2.5,MeCN,93.31,159263.81,,
1154,6-Iodoquinoline,"1d, 6-I-Q",1.0,0.0004,"2a, Boronic Acid",1.0,Pd(OAc)2,0.0625,P(Ph)3 ,0.125,NaOH,2.5,MeCN,93.7,155753.78,,
1155,6-Iodoquinoline,"1d, 6-I-Q",1.0,0.0004,"2a, Boronic Acid",1.0,Pd(OAc)2,0.0625,AmPhos,0.125,NaOH,2.5,MeCN,94.33,158356.35,,
1156,6-Iodoquinoline,"1d, 6-I-Q",1.0,0.0004,"2a, Boronic Acid",1.0,Pd(OAc)2,0.0625,P(Cy)3,0.125,NaOH,2.5,MeCN,87.35,158794.51,,
1157,6-Iodoquinoline,"1d, 6-I-Q",1.0,0.0004,"2a, Boronic Acid",1.0,Pd(OAc)2,0.0625,P(o-Tol)3,0.125,NaOH,2.5,MeCN,84.09,131654.59,,
1158,6-Iodoquinoline,"1d, 6-I-Q",1.0,0.0004,"2a, Boronic Acid",1.0,Pd(OAc)2,0.0625,CataCXium A,0.125,NaOH,2.5,MeCN,95.65,124065.81,,
1159,6-Iodoquinoline,"1d, 6-I-Q",1.0,0.0004,"2a, Boronic Acid",1.0,Pd(OAc)2,0.0625,SPhos,0.125,NaOH,2.5,MeCN,87.6,137752.53,,
1160,6-Iodoquinoline,"1d, 6-I-Q",1.0,0.0004,"2a, Boronic Acid",1.0,Pd(OAc)2,0.0625,dtbpf,0.125,NaOH,2.5,MeCN,89.72,131128.92,,
1161,6-Iodoquinoline,"1d, 6-I-Q",1.0,0.0004,"2a, Boronic Acid",1.0,Pd(OAc)2,0.0625,XPhos,0.125,NaOH,2.5,MeCN,86.6,134016.19,,
1162,6-Iodoquinoline,"1d, 6-I-Q",1.0,0.0004,"2a, Boronic Acid",1.0,Pd(OAc)2,0.0625,dppf,0.125,NaOH,2.5,MeCN,47.14,56828.54,,
1163,6-Iodoquinoline,"1d, 6-I-Q",1.0,0.0004,"2a, Boronic Acid",1.0,Pd(OAc)2,0.0625,Xantphos,0.125,NaOH,2.5,MeCN,34.8,36337.24,,
1164,6-Iodoquinoline,"1d, 6-I-Q",1.0,0.0004,"2a, Boronic Acid",1.0,Pd(OAc)2,0.0625,,,NaOH,2.5,MeCN,76.52,121235.42,,
1165,6-Iodoquinoline,"1d, 6-I-Q",1.0,0.0004,"2a, Boronic Acid",1.0,Pd(OAc)2,0.0625,P(tBu)3,0.125,NaHCO3,2.5,MeCN,91.47,83298.27,,
1166,6-Iodoquinoline,"1d, 6-I-Q",1.0,0.0004,"2a, Boronic Acid",1.0,Pd(OAc)2,0.0625,P(Ph)3 ,0.125,NaHCO3,2.5,MeCN,93.27,320470.54,,
1167,6-Iodoquinoline,"1d, 6-I-Q",1.0,0.0004,"2a, Boronic Acid",1.0,Pd(OAc)2,0.0625,AmPhos,0.125,NaHCO3,2.5,MeCN,94.03,72386.82,,
1168,6-Iodoquinoline,"1d, 6-I-Q",1.0,0.0004,"2a, Boronic Acid",1.0,Pd(OAc)2,0.0625,P(Cy)3,0.125,NaHCO3,2.5,MeCN,84.04,274009.53,,
1169,6-Iodoquinoline,"1d, 6-I-Q",1.0,0.0004,"2a, Boronic Acid",1.0,Pd(OAc)2,0.0625,P(o-Tol)3,0.125,NaHCO3,2.5,MeCN,86.92,66202.62,,
1170,6-Iodoquinoline,"1d, 6-I-Q",1.0,0.0004,"2a, Boronic Acid",1.0,Pd(OAc)2,0.0625,CataCXium A,0.125,NaHCO3,2.5,MeCN,92.01,266449.52,,
1171,6-Iodoquinoline,"1d, 6-I-Q",1.0,0.0004,"2a, Boronic Acid",1.0,Pd(OAc)2,0.0625,SPhos,0.125,NaHCO3,2.5,MeCN,87.49,75181.29,,
1172,6-Iodoquinoline,"1d, 6-I-Q",1.0,0.0004,"2a, Boronic Acid",1.0,Pd(OAc)2,0.0625,dtbpf,0.125,NaHCO3,2.5,MeCN,87.18,221372.42,,
1173,6-Iodoquinoline,"1d, 6-I-Q",1.0,0.0004,"2a, Boronic Acid",1.0,Pd(OAc)2,0.0625,XPhos,0.125,NaHCO3,2.5,MeCN,84.94,65430.36,,
1174,6-Iodoquinoline,"1d, 6-I-Q",1.0,0.0004,"2a, Boronic Acid",1.0,Pd(OAc)2,0.0625,dppf,0.125,NaHCO3,2.5,MeCN,96.2,241097.07,,
1175,6-Iodoquinoline,"1d, 6-I-Q",1.0,0.0004,"2a, Boronic Acid",1.0,Pd(OAc)2,0.0625,Xantphos,0.125,NaHCO3,2.5,MeCN,37.03,30035.54,,
1176,6-Iodoquinoline,"1d, 6-I-Q",1.0,0.0004,"2a, Boronic Acid",1.0,Pd(OAc)2,0.0625,,,NaHCO3,2.5,MeCN,76.22,114671.91,,
1177,6-Iodoquinoline,"1d, 6-I-Q",1.0,0.0004,"2a, Boronic Acid",1.0,Pd(OAc)2,0.0625,P(tBu)3,0.125,CsF,2.5,MeCN,87.61,64730.17,,
1178,6-Iodoquinoline,"1d, 6-I-Q",1.0,0.0004,"2a, Boronic Acid",1.0,Pd(OAc)2,0.0625,P(Ph)3 ,0.125,CsF,2.5,MeCN,95.85,288360.97,,
1179,6-Iodoquinoline,"1d, 6-I-Q",1.0,0.0004,"2a, Boronic Acid",1.0,Pd(OAc)2,0.0625,AmPhos,0.125,CsF,2.5,MeCN,90.3,74075.01,,
1180,6-Iodoquinoline,"1d, 6-I-Q",1.0,0.0004,"2a, Boronic Acid",1.0,Pd(OAc)2,0.0625,P(Cy)3,0.125,CsF,2.5,MeCN,88.99,254839.15,,
1181,6-Iodoquinoline,"1d, 6-I-Q",1.0,0.0004,"2a, Boronic Acid",1.0,Pd(OAc)2,0.0625,P(o-Tol)3,0.125,CsF,2.5,MeCN,80.55,59134.6,,
1182,6-Iodoquinoline,"1d, 6-I-Q",1.0,0.0004,"2a, Boronic Acid",1.0,Pd(OAc)2,0.0625,CataCXium A,0.125,CsF,2.5,MeCN,91.07,239153.93,,
1183,6-Iodoquinoline,"1d, 6-I-Q",1.0,0.0004,"2a, Boronic Acid",1.0,Pd(OAc)2,0.0625,SPhos,0.125,CsF,2.5,MeCN,83.98,65938.92,,
1184,6-Iodoquinoline,"1d, 6-I-Q",1.0,0.0004,"2a, Boronic Acid",1.0,Pd(OAc)2,0.0625,dtbpf,0.125,CsF,2.5,MeCN,82.98,192875.26,,
1185,6-Iodoquinoline,"1d, 6-I-Q",1.0,0.0004,"2a, Boronic Acid",1.0,Pd(OAc)2,0.0625,XPhos,0.125,CsF,2.5,MeCN,79.93,55455.62,,
1186,6-Iodoquinoline,"1d, 6-I-Q",1.0,0.0004,"2a, Boronic Acid",1.0,Pd(OAc)2,0.0625,dppf,0.125,CsF,2.5,MeCN,89.19,205706.6,,
1187,6-Iodoquinoline,"1d, 6-I-Q",1.0,0.0004,"2a, Boronic Acid",1.0,Pd(OAc)2,0.0625,Xantphos,0.125,CsF,2.5,MeCN,62.03,43014.4,,
1188,6-Iodoquinoline,"1d, 6-I-Q",1.0,0.0004,"2a, Boronic Acid",1.0,Pd(OAc)2,0.0625,,,CsF,2.5,MeCN,70.29,113425.32,,
1189,6-Iodoquinoline,"1d, 6-I-Q",1.0,0.0004,"2a, Boronic Acid",1.0,Pd(OAc)2,0.0625,P(tBu)3,0.125,K3PO4,2.5,MeCN,83.54,59972.23,,
1190,6-Iodoquinoline,"1d, 6-I-Q",1.0,0.0004,"2a, Boronic Acid",1.0,Pd(OAc)2,0.0625,P(Ph)3 ,0.125,K3PO4,2.5,MeCN,91.18,274410.29,,
1191,6-Iodoquinoline,"1d, 6-I-Q",1.0,0.0004,"2a, Boronic Acid",1.0,Pd(OAc)2,0.0625,AmPhos,0.125,K3PO4,2.5,MeCN,86.92,71505.11,,
1192,6-Iodoquinoline,"1d, 6-I-Q",1.0,0.0004,"2a, Boronic Acid",1.0,Pd(OAc)2,0.0625,P(Cy)3,0.125,K3PO4,2.5,MeCN,81.31,220845.67,,
1193,6-Iodoquinoline,"1d, 6-I-Q",1.0,0.0004,"2a, Boronic Acid",1.0,Pd(OAc)2,0.0625,P(o-Tol)3,0.125,K3PO4,2.5,MeCN,73.72,51763.6,,
1194,6-Iodoquinoline,"1d, 6-I-Q",1.0,0.0004,"2a, Boronic Acid",1.0,Pd(OAc)2,0.0625,CataCXium A,0.125,K3PO4,2.5,MeCN,85.75,233686.12,,
1195,6-Iodoquinoline,"1d, 6-I-Q",1.0,0.0004,"2a, Boronic Acid",1.0,Pd(OAc)2,0.0625,SPhos,0.125,K3PO4,2.5,MeCN,71.78,52745.66,,
1196,6-Iodoquinoline,"1d, 6-I-Q",1.0,0.0004,"2a, Boronic Acid",1.0,Pd(OAc)2,0.0625,dtbpf,0.125,K3PO4,2.5,MeCN,75.69,190994.24,,
1197,6-Iodoquinoline,"1d, 6-I-Q",1.0,0.0004,"2a, Boronic Acid",1.0,Pd(OAc)2,0.0625,XPhos,0.125,K3PO4,2.5,MeCN,65.69,43638.49,,
1198,6-Iodoquinoline,"1d, 6-I-Q",1.0,0.0004,"2a, Boronic Acid",1.0,Pd(OAc)2,0.0625,dppf,0.125,K3PO4,2.5,MeCN,79.45,159713.98,,
1199,6-Iodoquinoline,"1d, 6-I-Q",1.0,0.0004,"2a, Boronic Acid",1.0,Pd(OAc)2,0.0625,Xantphos,0.125,K3PO4,2.5,MeCN,43.21,33097.02,,
1200,6-Iodoquinoline,"1d, 6-I-Q",1.0,0.0004,"2a, Boronic Acid",1.0,Pd(OAc)2,0.0625,,,K3PO4,2.5,MeCN,50.06,94035.09,,
1201,6-Iodoquinoline,"1d, 6-I-Q",1.0,0.0004,"2a, Boronic Acid",1.0,Pd(OAc)2,0.0625,P(tBu)3,0.125,KOH,2.5,MeCN,82.29,53420.97,,
1202,6-Iodoquinoline,"1d, 6-I-Q",1.0,0.0004,"2a, Boronic Acid",1.0,Pd(OAc)2,0.0625,P(Ph)3 ,0.125,KOH,2.5,MeCN,91.35,248995.15,,
1203,6-Iodoquinoline,"1d, 6-I-Q",1.0,0.0004,"2a, Boronic Acid",1.0,Pd(OAc)2,0.0625,AmPhos,0.125,KOH,2.5,MeCN,89.74,64091.02,,
1204,6-Iodoquinoline,"1d, 6-I-Q",1.0,0.0004,"2a, Boronic Acid",1.0,Pd(OAc)2,0.0625,P(Cy)3,0.125,KOH,2.5,MeCN,83.91,225456.53,,
1205,6-Iodoquinoline,"1d, 6-I-Q",1.0,0.0004,"2a, Boronic Acid",1.0,Pd(OAc)2,0.0625,P(o-Tol)3,0.125,KOH,2.5,MeCN,81.25,52239.01,,
1206,6-Iodoquinoline,"1d, 6-I-Q",1.0,0.0004,"2a, Boronic Acid",1.0,Pd(OAc)2,0.0625,CataCXium A,0.125,KOH,2.5,MeCN,93.12,222030.6,,
1207,6-Iodoquinoline,"1d, 6-I-Q",1.0,0.0004,"2a, Boronic Acid",1.0,Pd(OAc)2,0.0625,SPhos,0.125,KOH,2.5,MeCN,86.64,60698.54,,
1208,6-Iodoquinoline,"1d, 6-I-Q",1.0,0.0004,"2a, Boronic Acid",1.0,Pd(OAc)2,0.0625,dtbpf,0.125,KOH,2.5,MeCN,89.27,199044.17,,
1209,6-Iodoquinoline,"1d, 6-I-Q",1.0,0.0004,"2a, Boronic Acid",1.0,Pd(OAc)2,0.0625,XPhos,0.125,KOH,2.5,MeCN,85.95,55088.73,,
1210,6-Iodoquinoline,"1d, 6-I-Q",1.0,0.0004,"2a, Boronic Acid",1.0,Pd(OAc)2,0.0625,dppf,0.125,KOH,2.5,MeCN,92.13,193523.98,,
1211,6-Iodoquinoline,"1d, 6-I-Q",1.0,0.0004,"2a, Boronic Acid",1.0,Pd(OAc)2,0.0625,Xantphos,0.125,KOH,2.5,MeCN,69.09,47920.14,,
1212,6-Iodoquinoline,"1d, 6-I-Q",1.0,0.0004,"2a, Boronic Acid",1.0,Pd(OAc)2,0.0625,,,KOH,2.5,MeCN,81.29,116159.82,,
1213,6-Iodoquinoline,"1d, 6-I-Q",1.0,0.0004,"2a, Boronic Acid",1.0,Pd(OAc)2,0.0625,P(tBu)3,0.125,LiOtBu,2.5,MeCN,92.92,61173.52,,
1214,6-Iodoquinoline,"1d, 6-I-Q",1.0,0.0004,"2a, Boronic Acid",1.0,Pd(OAc)2,0.0625,P(Ph)3 ,0.125,LiOtBu,2.5,MeCN,98.2,258328.99,,
1215,6-Iodoquinoline,"1d, 6-I-Q",1.0,0.0004,"2a, Boronic Acid",1.0,Pd(OAc)2,0.0625,AmPhos,0.125,LiOtBu,2.5,MeCN,90.96,68758.5,,
1216,6-Iodoquinoline,"1d, 6-I-Q",1.0,0.0004,"2a, Boronic Acid",1.0,Pd(OAc)2,0.0625,P(Cy)3,0.125,LiOtBu,2.5,MeCN,91.73,220667.26,,
1217,6-Iodoquinoline,"1d, 6-I-Q",1.0,0.0004,"2a, Boronic Acid",1.0,Pd(OAc)2,0.0625,P(o-Tol)3,0.125,LiOtBu,2.5,MeCN,90.03,52445.79,,
1218,6-Iodoquinoline,"1d, 6-I-Q",1.0,0.0004,"2a, Boronic Acid",1.0,Pd(OAc)2,0.0625,CataCXium A,0.125,LiOtBu,2.5,MeCN,94.64,187259.11,,
1219,6-Iodoquinoline,"1d, 6-I-Q",1.0,0.0004,"2a, Boronic Acid",1.0,Pd(OAc)2,0.0625,SPhos,0.125,LiOtBu,2.5,MeCN,93.43,58275.63,,
1220,6-Iodoquinoline,"1d, 6-I-Q",1.0,0.0004,"2a, Boronic Acid",1.0,Pd(OAc)2,0.0625,dtbpf,0.125,LiOtBu,2.5,MeCN,90.23,210710.07,,
1221,6-Iodoquinoline,"1d, 6-I-Q",1.0,0.0004,"2a, Boronic Acid",1.0,Pd(OAc)2,0.0625,XPhos,0.125,LiOtBu,2.5,MeCN,88.37,53092.2,,
1222,6-Iodoquinoline,"1d, 6-I-Q",1.0,0.0004,"2a, Boronic Acid",1.0,Pd(OAc)2,0.0625,dppf,0.125,LiOtBu,2.5,MeCN,90.92,183286.03,,
1223,6-Iodoquinoline,"1d, 6-I-Q",1.0,0.0004,"2a, Boronic Acid",1.0,Pd(OAc)2,0.0625,Xantphos,0.125,LiOtBu,2.5,MeCN,56.2,36120.08,,
1224,6-Iodoquinoline,"1d, 6-I-Q",1.0,0.0004,"2a, Boronic Acid",1.0,Pd(OAc)2,0.0625,,,LiOtBu,2.5,MeCN,83.37,124451.66,,
1225,6-Iodoquinoline,"1d, 6-I-Q",1.0,0.0004,"2a, Boronic Acid",1.0,Pd(OAc)2,0.0625,P(tBu)3,0.125,Et3N,2.5,MeCN,91.89,63644.2,,
1226,6-Iodoquinoline,"1d, 6-I-Q",1.0,0.0004,"2a, Boronic Acid",1.0,Pd(OAc)2,0.0625,P(Ph)3 ,0.125,Et3N,2.5,MeCN,94.82,192401.31,,
1227,6-Iodoquinoline,"1d, 6-I-Q",1.0,0.0004,"2a, Boronic Acid",1.0,Pd(OAc)2,0.0625,AmPhos,0.125,Et3N,2.5,MeCN,91.24,61499.22,,
1228,6-Iodoquinoline,"1d, 6-I-Q",1.0,0.0004,"2a, Boronic Acid",1.0,Pd(OAc)2,0.0625,P(Cy)3,0.125,Et3N,2.5,MeCN,91.4,218020.96,,
1229,6-Iodoquinoline,"1d, 6-I-Q",1.0,0.0004,"2a, Boronic Acid",1.0,Pd(OAc)2,0.0625,P(o-Tol)3,0.125,Et3N,2.5,MeCN,85.85,51007.24,,
1230,6-Iodoquinoline,"1d, 6-I-Q",1.0,0.0004,"2a, Boronic Acid",1.0,Pd(OAc)2,0.0625,CataCXium A,0.125,Et3N,2.5,MeCN,92.03,211221.34,,
1231,6-Iodoquinoline,"1d, 6-I-Q",1.0,0.0004,"2a, Boronic Acid",1.0,Pd(OAc)2,0.0625,SPhos,0.125,Et3N,2.5,MeCN,85.21,55766.24,,
1232,6-Iodoquinoline,"1d, 6-I-Q",1.0,0.0004,"2a, Boronic Acid",1.0,Pd(OAc)2,0.0625,dtbpf,0.125,Et3N,2.5,MeCN,85.3,167175.41,,
1233,6-Iodoquinoline,"1d, 6-I-Q",1.0,0.0004,"2a, Boronic Acid",1.0,Pd(OAc)2,0.0625,XPhos,0.125,Et3N,2.5,MeCN,79.09,47922.04,,
1234,6-Iodoquinoline,"1d, 6-I-Q",1.0,0.0004,"2a, Boronic Acid",1.0,Pd(OAc)2,0.0625,dppf,0.125,Et3N,2.5,MeCN,87.3,164665.42,,
1235,6-Iodoquinoline,"1d, 6-I-Q",1.0,0.0004,"2a, Boronic Acid",1.0,Pd(OAc)2,0.0625,Xantphos,0.125,Et3N,2.5,MeCN,56.51,37573.75,,
1236,6-Iodoquinoline,"1d, 6-I-Q",1.0,0.0004,"2a, Boronic Acid",1.0,Pd(OAc)2,0.0625,,,Et3N,2.5,MeCN,62.8,104944.37,,
1237,6-Iodoquinoline,"1d, 6-I-Q",1.0,0.0004,"2a, Boronic Acid",1.0,Pd(OAc)2,0.0625,P(tBu)3,0.125,,2.5,MeCN,80.43,57312.01,,
1238,6-Iodoquinoline,"1d, 6-I-Q",1.0,0.0004,"2a, Boronic Acid",1.0,Pd(OAc)2,0.0625,P(Ph)3 ,0.125,,2.5,MeCN,81.66,165400.3,,
1239,6-Iodoquinoline,"1d, 6-I-Q",1.0,0.0004,"2a, Boronic Acid",1.0,Pd(OAc)2,0.0625,AmPhos,0.125,,2.5,MeCN,80.71,50701.29,,
1240,6-Iodoquinoline,"1d, 6-I-Q",1.0,0.0004,"2a, Boronic Acid",1.0,Pd(OAc)2,0.0625,P(Cy)3,0.125,,2.5,MeCN,71.35,186161.12,,
1241,6-Iodoquinoline,"1d, 6-I-Q",1.0,0.0004,"2a, Boronic Acid",1.0,Pd(OAc)2,0.0625,P(o-Tol)3,0.125,,2.5,MeCN,68.84,46138.82,,
1242,6-Iodoquinoline,"1d, 6-I-Q",1.0,0.0004,"2a, Boronic Acid",1.0,Pd(OAc)2,0.0625,CataCXium A,0.125,,2.5,MeCN,80.77,184777.77,,
1243,6-Iodoquinoline,"1d, 6-I-Q",1.0,0.0004,"2a, Boronic Acid",1.0,Pd(OAc)2,0.0625,SPhos,0.125,,2.5,MeCN,67.76,49802.96,,
1244,6-Iodoquinoline,"1d, 6-I-Q",1.0,0.0004,"2a, Boronic Acid",1.0,Pd(OAc)2,0.0625,dtbpf,0.125,,2.5,MeCN,70.97,150743.11,,
1245,6-Iodoquinoline,"1d, 6-I-Q",1.0,0.0004,"2a, Boronic Acid",1.0,Pd(OAc)2,0.0625,XPhos,0.125,,2.5,MeCN,63.55,43313.85,,
1246,6-Iodoquinoline,"1d, 6-I-Q",1.0,0.0004,"2a, Boronic Acid",1.0,Pd(OAc)2,0.0625,dppf,0.125,,2.5,MeCN,77.93,162722.18,,
1247,6-Iodoquinoline,"1d, 6-I-Q",1.0,0.0004,"2a, Boronic Acid",1.0,Pd(OAc)2,0.0625,Xantphos,0.125,,2.5,MeCN,45.41,34465.66,,
1248,6-Iodoquinoline,"1d, 6-I-Q",1.0,0.0004,"2a, Boronic Acid",1.0,Pd(OAc)2,0.0625,,,,2.5,MeCN,48.74,61847.08,,
1249,6-Iodoquinoline,"1d, 6-I-Q",1.0,0.0004,"2a, Boronic Acid",1.0,Pd(OAc)2,0.0625,P(tBu)3,0.125,NaOH,2.5,THF,88.5,58681.98,,
1250,6-Iodoquinoline,"1d, 6-I-Q",1.0,0.0004,"2a, Boronic Acid",1.0,Pd(OAc)2,0.0625,P(Ph)3 ,0.125,NaOH,2.5,THF,95.95,201813.18,,
1251,6-Iodoquinoline,"1d, 6-I-Q",1.0,0.0004,"2a, Boronic Acid",1.0,Pd(OAc)2,0.0625,AmPhos,0.125,NaOH,2.5,THF,94.08,55970.18,,
1252,6-Iodoquinoline,"1d, 6-I-Q",1.0,0.0004,"2a, Boronic Acid",1.0,Pd(OAc)2,0.0625,P(Cy)3,0.125,NaOH,2.5,THF,88.6,159411.91,,
1253,6-Iodoquinoline,"1d, 6-I-Q",1.0,0.0004,"2a, Boronic Acid",1.0,Pd(OAc)2,0.0625,P(o-Tol)3,0.125,NaOH,2.5,THF,83.3,45848.54,,
1254,6-Iodoquinoline,"1d, 6-I-Q",1.0,0.0004,"2a, Boronic Acid",1.0,Pd(OAc)2,0.0625,CataCXium A,0.125,NaOH,2.5,THF,96.14,164267.38,,
1255,6-Iodoquinoline,"1d, 6-I-Q",1.0,0.0004,"2a, Boronic Acid",1.0,Pd(OAc)2,0.0625,SPhos,0.125,NaOH,2.5,THF,86.88,43612.57,,
1256,6-Iodoquinoline,"1d, 6-I-Q",1.0,0.0004,"2a, Boronic Acid",1.0,Pd(OAc)2,0.0625,dtbpf,0.125,NaOH,2.5,THF,76.25,138791.11,,
1257,6-Iodoquinoline,"1d, 6-I-Q",1.0,0.0004,"2a, Boronic Acid",1.0,Pd(OAc)2,0.0625,XPhos,0.125,NaOH,2.5,THF,83.93,40844.85,,
1258,6-Iodoquinoline,"1d, 6-I-Q",1.0,0.0004,"2a, Boronic Acid",1.0,Pd(OAc)2,0.0625,dppf,0.125,NaOH,2.5,THF,88.57,112815.66,,
1259,6-Iodoquinoline,"1d, 6-I-Q",1.0,0.0004,"2a, Boronic Acid",1.0,Pd(OAc)2,0.0625,Xantphos,0.125,NaOH,2.5,THF,61.53,31509.45,,
1260,6-Iodoquinoline,"1d, 6-I-Q",1.0,0.0004,"2a, Boronic Acid",1.0,Pd(OAc)2,0.0625,,,NaOH,2.5,THF,73.1,112272.82,,
1261,6-Iodoquinoline,"1d, 6-I-Q",1.0,0.0004,"2a, Boronic Acid",1.0,Pd(OAc)2,0.0625,P(tBu)3,0.125,NaHCO3,2.5,THF,83.82,44782.95,,
1262,6-Iodoquinoline,"1d, 6-I-Q",1.0,0.0004,"2a, Boronic Acid",1.0,Pd(OAc)2,0.0625,P(Ph)3 ,0.125,NaHCO3,2.5,THF,91.34,155057.69,,
1263,6-Iodoquinoline,"1d, 6-I-Q",1.0,0.0004,"2a, Boronic Acid",1.0,Pd(OAc)2,0.0625,AmPhos,0.125,NaHCO3,2.5,THF,83.05,44514.34,,
1264,6-Iodoquinoline,"1d, 6-I-Q",1.0,0.0004,"2a, Boronic Acid",1.0,Pd(OAc)2,0.0625,P(Cy)3,0.125,NaHCO3,2.5,THF,81.74,157316.04,,
1265,6-Iodoquinoline,"1d, 6-I-Q",1.0,0.0004,"2a, Boronic Acid",1.0,Pd(OAc)2,0.0625,P(o-Tol)3,0.125,NaHCO3,2.5,THF,64.98,37201.21,,
1266,6-Iodoquinoline,"1d, 6-I-Q",1.0,0.0004,"2a, Boronic Acid",1.0,Pd(OAc)2,0.0625,CataCXium A,0.125,NaHCO3,2.5,THF,74.43,138769.83,,
1267,6-Iodoquinoline,"1d, 6-I-Q",1.0,0.0004,"2a, Boronic Acid",1.0,Pd(OAc)2,0.0625,SPhos,0.125,NaHCO3,2.5,THF,60.4,33862.7,,
1268,6-Iodoquinoline,"1d, 6-I-Q",1.0,0.0004,"2a, Boronic Acid",1.0,Pd(OAc)2,0.0625,dtbpf,0.125,NaHCO3,2.5,THF,52.81,98736.01,,
1269,6-Iodoquinoline,"1d, 6-I-Q",1.0,0.0004,"2a, Boronic Acid",1.0,Pd(OAc)2,0.0625,XPhos,0.125,NaHCO3,2.5,THF,55.47,32300.51,,
1270,6-Iodoquinoline,"1d, 6-I-Q",1.0,0.0004,"2a, Boronic Acid",1.0,Pd(OAc)2,0.0625,dppf,0.125,NaHCO3,2.5,THF,71.51,110200.57,,
1271,6-Iodoquinoline,"1d, 6-I-Q",1.0,0.0004,"2a, Boronic Acid",1.0,Pd(OAc)2,0.0625,Xantphos,0.125,NaHCO3,2.5,THF,37.37,22367.59,,
1272,6-Iodoquinoline,"1d, 6-I-Q",1.0,0.0004,"2a, Boronic Acid",1.0,Pd(OAc)2,0.0625,,,NaHCO3,2.5,THF,45.26,83232.9,,
1273,6-Iodoquinoline,"1d, 6-I-Q",1.0,0.0004,"2a, Boronic Acid",1.0,Pd(OAc)2,0.0625,P(tBu)3,0.125,CsF,2.5,THF,55.62,34760.15,,
1274,6-Iodoquinoline,"1d, 6-I-Q",1.0,0.0004,"2a, Boronic Acid",1.0,Pd(OAc)2,0.0625,P(Ph)3 ,0.125,CsF,2.5,THF,70.45,138496.95,,
1275,6-Iodoquinoline,"1d, 6-I-Q",1.0,0.0004,"2a, Boronic Acid",1.0,Pd(OAc)2,0.0625,AmPhos,0.125,CsF,2.5,THF,63.78,37671.19,,
1276,6-Iodoquinoline,"1d, 6-I-Q",1.0,0.0004,"2a, Boronic Acid",1.0,Pd(OAc)2,0.0625,P(Cy)3,0.125,CsF,2.5,THF,62.81,135497.68,,
1277,6-Iodoquinoline,"1d, 6-I-Q",1.0,0.0004,"2a, Boronic Acid",1.0,Pd(OAc)2,0.0625,P(o-Tol)3,0.125,CsF,2.5,THF,48.77,27339.14,,
1278,6-Iodoquinoline,"1d, 6-I-Q",1.0,0.0004,"2a, Boronic Acid",1.0,Pd(OAc)2,0.0625,CataCXium A,0.125,CsF,2.5,THF,62.9,120830.71,,
1279,6-Iodoquinoline,"1d, 6-I-Q",1.0,0.0004,"2a, Boronic Acid",1.0,Pd(OAc)2,0.0625,SPhos,0.125,CsF,2.5,THF,39.4,25206.52,,
1280,6-Iodoquinoline,"1d, 6-I-Q",1.0,0.0004,"2a, Boronic Acid",1.0,Pd(OAc)2,0.0625,dtbpf,0.125,CsF,2.5,THF,43.13,83540.66,,
1281,6-Iodoquinoline,"1d, 6-I-Q",1.0,0.0004,"2a, Boronic Acid",1.0,Pd(OAc)2,0.0625,XPhos,0.125,CsF,2.5,THF,40.12,23388.19,,
1282,6-Iodoquinoline,"1d, 6-I-Q",1.0,0.0004,"2a, Boronic Acid",1.0,Pd(OAc)2,0.0625,dppf,0.125,CsF,2.5,THF,54.13,83470.49,,
1283,6-Iodoquinoline,"1d, 6-I-Q",1.0,0.0004,"2a, Boronic Acid",1.0,Pd(OAc)2,0.0625,Xantphos,0.125,CsF,2.5,THF,24.51,15267.1,,
1284,6-Iodoquinoline,"1d, 6-I-Q",1.0,0.0004,"2a, Boronic Acid",1.0,Pd(OAc)2,0.0625,,,CsF,2.5,THF,29.21,57063.06,,
1285,6-Iodoquinoline,"1d, 6-I-Q",1.0,0.0004,"2a, Boronic Acid",1.0,Pd(OAc)2,0.0625,P(tBu)3,0.125,K3PO4,2.5,THF,47.62,27994.21,,
1286,6-Iodoquinoline,"1d, 6-I-Q",1.0,0.0004,"2a, Boronic Acid",1.0,Pd(OAc)2,0.0625,P(Ph)3 ,0.125,K3PO4,2.5,THF,61.51,116288.17,,
1287,6-Iodoquinoline,"1d, 6-I-Q",1.0,0.0004,"2a, Boronic Acid",1.0,Pd(OAc)2,0.0625,AmPhos,0.125,K3PO4,2.5,THF,59.14,32363.92,,
1288,6-Iodoquinoline,"1d, 6-I-Q",1.0,0.0004,"2a, Boronic Acid",1.0,Pd(OAc)2,0.0625,P(Cy)3,0.125,K3PO4,2.5,THF,52.8,95757.32,,
1289,6-Iodoquinoline,"1d, 6-I-Q",1.0,0.0004,"2a, Boronic Acid",1.0,Pd(OAc)2,0.0625,P(o-Tol)3,0.125,K3PO4,2.5,THF,45.49,25029.01,,
1290,6-Iodoquinoline,"1d, 6-I-Q",1.0,0.0004,"2a, Boronic Acid",1.0,Pd(OAc)2,0.0625,CataCXium A,0.125,K3PO4,2.5,THF,63.2,113887.24,,
1291,6-Iodoquinoline,"1d, 6-I-Q",1.0,0.0004,"2a, Boronic Acid",1.0,Pd(OAc)2,0.0625,SPhos,0.125,K3PO4,2.5,THF,39.21,25921.68,,
1292,6-Iodoquinoline,"1d, 6-I-Q",1.0,0.0004,"2a, Boronic Acid",1.0,Pd(OAc)2,0.0625,dtbpf,0.125,K3PO4,2.5,THF,46.25,84785.28,,
1293,6-Iodoquinoline,"1d, 6-I-Q",1.0,0.0004,"2a, Boronic Acid",1.0,Pd(OAc)2,0.0625,XPhos,0.125,K3PO4,2.5,THF,38.17,22860.16,,
1294,6-Iodoquinoline,"1d, 6-I-Q",1.0,0.0004,"2a, Boronic Acid",1.0,Pd(OAc)2,0.0625,dppf,0.125,K3PO4,2.5,THF,56.94,83668.08,,
1295,6-Iodoquinoline,"1d, 6-I-Q",1.0,0.0004,"2a, Boronic Acid",1.0,Pd(OAc)2,0.0625,Xantphos,0.125,K3PO4,2.5,THF,27.84,16345.48,,
1296,6-Iodoquinoline,"1d, 6-I-Q",1.0,0.0004,"2a, Boronic Acid",1.0,Pd(OAc)2,0.0625,,,K3PO4,2.5,THF,29.99,56680.57,,
1297,6-Iodoquinoline,"1d, 6-I-Q",1.0,0.0004,"2a, Boronic Acid",1.0,Pd(OAc)2,0.0625,P(tBu)3,0.125,KOH,2.5,THF,52.95,29320.55,,
1298,6-Iodoquinoline,"1d, 6-I-Q",1.0,0.0004,"2a, Boronic Acid",1.0,Pd(OAc)2,0.0625,P(Ph)3 ,0.125,KOH,2.5,THF,65.45,132028.51,,
1299,6-Iodoquinoline,"1d, 6-I-Q",1.0,0.0004,"2a, Boronic Acid",1.0,Pd(OAc)2,0.0625,AmPhos,0.125,KOH,2.5,THF,68.9,34423.89,,
1300,6-Iodoquinoline,"1d, 6-I-Q",1.0,0.0004,"2a, Boronic Acid",1.0,Pd(OAc)2,0.0625,P(Cy)3,0.125,KOH,2.5,THF,65.74,128169.69,,
1301,6-Iodoquinoline,"1d, 6-I-Q",1.0,0.0004,"2a, Boronic Acid",1.0,Pd(OAc)2,0.0625,P(o-Tol)3,0.125,KOH,2.5,THF,48.98,25943.63,,
1302,6-Iodoquinoline,"1d, 6-I-Q",1.0,0.0004,"2a, Boronic Acid",1.0,Pd(OAc)2,0.0625,CataCXium A,0.125,KOH,2.5,THF,69.93,121692.49,,
1303,6-Iodoquinoline,"1d, 6-I-Q",1.0,0.0004,"2a, Boronic Acid",1.0,Pd(OAc)2,0.0625,SPhos,0.125,KOH,2.5,THF,59.54,28023.22,,
1304,6-Iodoquinoline,"1d, 6-I-Q",1.0,0.0004,"2a, Boronic Acid",1.0,Pd(OAc)2,0.0625,dtbpf,0.125,KOH,2.5,THF,64.7,113810.18,,
1305,6-Iodoquinoline,"1d, 6-I-Q",1.0,0.0004,"2a, Boronic Acid",1.0,Pd(OAc)2,0.0625,XPhos,0.125,KOH,2.5,THF,60.62,31907.03,,
1306,6-Iodoquinoline,"1d, 6-I-Q",1.0,0.0004,"2a, Boronic Acid",1.0,Pd(OAc)2,0.0625,dppf,0.125,KOH,2.5,THF,71.73,94516.84,,
1307,6-Iodoquinoline,"1d, 6-I-Q",1.0,0.0004,"2a, Boronic Acid",1.0,Pd(OAc)2,0.0625,Xantphos,0.125,KOH,2.5,THF,48.62,26605.1,,
1308,6-Iodoquinoline,"1d, 6-I-Q",1.0,0.0004,"2a, Boronic Acid",1.0,Pd(OAc)2,0.0625,,,KOH,2.5,THF,55.94,78709.6,,
1309,6-Iodoquinoline,"1d, 6-I-Q",1.0,0.0004,"2a, Boronic Acid",1.0,Pd(OAc)2,0.0625,P(tBu)3,0.125,LiOtBu,2.5,THF,73.2,35820.38,,
1310,6-Iodoquinoline,"1d, 6-I-Q",1.0,0.0004,"2a, Boronic Acid",1.0,Pd(OAc)2,0.0625,P(Ph)3 ,0.125,LiOtBu,2.5,THF,81.77,133587.54,,
1311,6-Iodoquinoline,"1d, 6-I-Q",1.0,0.0004,"2a, Boronic Acid",1.0,Pd(OAc)2,0.0625,AmPhos,0.125,LiOtBu,2.5,THF,77.13,36857.16,,
1312,6-Iodoquinoline,"1d, 6-I-Q",1.0,0.0004,"2a, Boronic Acid",1.0,Pd(OAc)2,0.0625,P(Cy)3,0.125,LiOtBu,2.5,THF,77.57,115577.94,,
1313,6-Iodoquinoline,"1d, 6-I-Q",1.0,0.0004,"2a, Boronic Acid",1.0,Pd(OAc)2,0.0625,P(o-Tol)3,0.125,LiOtBu,2.5,THF,67.75,30970.8,,
1314,6-Iodoquinoline,"1d, 6-I-Q",1.0,0.0004,"2a, Boronic Acid",1.0,Pd(OAc)2,0.0625,CataCXium A,0.125,LiOtBu,2.5,THF,84.72,121714.12,,
1315,6-Iodoquinoline,"1d, 6-I-Q",1.0,0.0004,"2a, Boronic Acid",1.0,Pd(OAc)2,0.0625,SPhos,0.125,LiOtBu,2.5,THF,73.5,35373.68,,
1316,6-Iodoquinoline,"1d, 6-I-Q",1.0,0.0004,"2a, Boronic Acid",1.0,Pd(OAc)2,0.0625,dtbpf,0.125,LiOtBu,2.5,THF,66.01,97736.77,,
1317,6-Iodoquinoline,"1d, 6-I-Q",1.0,0.0004,"2a, Boronic Acid",1.0,Pd(OAc)2,0.0625,XPhos,0.125,LiOtBu,2.5,THF,73.95,33284.27,,
1318,6-Iodoquinoline,"1d, 6-I-Q",1.0,0.0004,"2a, Boronic Acid",1.0,Pd(OAc)2,0.0625,dppf,0.125,LiOtBu,2.5,THF,81.28,88743.9,,
1319,6-Iodoquinoline,"1d, 6-I-Q",1.0,0.0004,"2a, Boronic Acid",1.0,Pd(OAc)2,0.0625,Xantphos,0.125,LiOtBu,2.5,THF,55.25,25847.96,,
1320,6-Iodoquinoline,"1d, 6-I-Q",1.0,0.0004,"2a, Boronic Acid",1.0,Pd(OAc)2,0.0625,,,LiOtBu,2.5,THF,66.17,86958.79,,
1321,6-Iodoquinoline,"1d, 6-I-Q",1.0,0.0004,"2a, Boronic Acid",1.0,Pd(OAc)2,0.0625,P(tBu)3,0.125,Et3N,2.5,THF,81.91,39773.8,,
1322,6-Iodoquinoline,"1d, 6-I-Q",1.0,0.0004,"2a, Boronic Acid",1.0,Pd(OAc)2,0.0625,P(Ph)3 ,0.125,Et3N,2.5,THF,87.64,136753.08,,
1323,6-Iodoquinoline,"1d, 6-I-Q",1.0,0.0004,"2a, Boronic Acid",1.0,Pd(OAc)2,0.0625,AmPhos,0.125,Et3N,2.5,THF,84.9,41266.25,,
1324,6-Iodoquinoline,"1d, 6-I-Q",1.0,0.0004,"2a, Boronic Acid",1.0,Pd(OAc)2,0.0625,P(Cy)3,0.125,Et3N,2.5,THF,80.13,129633.5,,
1325,6-Iodoquinoline,"1d, 6-I-Q",1.0,0.0004,"2a, Boronic Acid",1.0,Pd(OAc)2,0.0625,P(o-Tol)3,0.125,Et3N,2.5,THF,70.14,34113.89,,
1326,6-Iodoquinoline,"1d, 6-I-Q",1.0,0.0004,"2a, Boronic Acid",1.0,Pd(OAc)2,0.0625,CataCXium A,0.125,Et3N,2.5,THF,87.87,130154.7,,
1327,6-Iodoquinoline,"1d, 6-I-Q",1.0,0.0004,"2a, Boronic Acid",1.0,Pd(OAc)2,0.0625,SPhos,0.125,Et3N,2.5,THF,74.29,34648.79,,
1328,6-Iodoquinoline,"1d, 6-I-Q",1.0,0.0004,"2a, Boronic Acid",1.0,Pd(OAc)2,0.0625,dtbpf,0.125,Et3N,2.5,THF,65.38,98145.28,,
1329,6-Iodoquinoline,"1d, 6-I-Q",1.0,0.0004,"2a, Boronic Acid",1.0,Pd(OAc)2,0.0625,XPhos,0.125,Et3N,2.5,THF,67.97,33122.31,,
1330,6-Iodoquinoline,"1d, 6-I-Q",1.0,0.0004,"2a, Boronic Acid",1.0,Pd(OAc)2,0.0625,dppf,0.125,Et3N,2.5,THF,73.42,88898.93,,
1331,6-Iodoquinoline,"1d, 6-I-Q",1.0,0.0004,"2a, Boronic Acid",1.0,Pd(OAc)2,0.0625,Xantphos,0.125,Et3N,2.5,THF,52.7,23417.82,,
1332,6-Iodoquinoline,"1d, 6-I-Q",1.0,0.0004,"2a, Boronic Acid",1.0,Pd(OAc)2,0.0625,,,Et3N,2.5,THF,67.57,116218.34,,
1333,6-Iodoquinoline,"1d, 6-I-Q",1.0,0.0004,"2a, Boronic Acid",1.0,Pd(OAc)2,0.0625,P(tBu)3,0.125,,2.5,THF,81.08,40192.92,,
1334,6-Iodoquinoline,"1d, 6-I-Q",1.0,0.0004,"2a, Boronic Acid",1.0,Pd(OAc)2,0.0625,P(Ph)3 ,0.125,,2.5,THF,88.67,143818.16,,
1335,6-Iodoquinoline,"1d, 6-I-Q",1.0,0.0004,"2a, Boronic Acid",1.0,Pd(OAc)2,0.0625,AmPhos,0.125,,2.5,THF,84.67,41664.09,,
1336,6-Iodoquinoline,"1d, 6-I-Q",1.0,0.0004,"2a, Boronic Acid",1.0,Pd(OAc)2,0.0625,P(Cy)3,0.125,,2.5,THF,82.58,131162.22,,
1337,6-Iodoquinoline,"1d, 6-I-Q",1.0,0.0004,"2a, Boronic Acid",1.0,Pd(OAc)2,0.0625,P(o-Tol)3,0.125,,2.5,THF,69.32,35050.38,,
1338,6-Iodoquinoline,"1d, 6-I-Q",1.0,0.0004,"2a, Boronic Acid",1.0,Pd(OAc)2,0.0625,CataCXium A,0.125,,2.5,THF,81.6,134784.07,,
1339,6-Iodoquinoline,"1d, 6-I-Q",1.0,0.0004,"2a, Boronic Acid",1.0,Pd(OAc)2,0.0625,SPhos,0.125,,2.5,THF,70.57,33527.1,,
1340,6-Iodoquinoline,"1d, 6-I-Q",1.0,0.0004,"2a, Boronic Acid",1.0,Pd(OAc)2,0.0625,dtbpf,0.125,,2.5,THF,61.84,95149.35,,
1341,6-Iodoquinoline,"1d, 6-I-Q",1.0,0.0004,"2a, Boronic Acid",1.0,Pd(OAc)2,0.0625,XPhos,0.125,,2.5,THF,62.62,32001.52,,
1342,6-Iodoquinoline,"1d, 6-I-Q",1.0,0.0004,"2a, Boronic Acid",1.0,Pd(OAc)2,0.0625,dppf,0.125,,2.5,THF,75.49,107389.02,,
1343,6-Iodoquinoline,"1d, 6-I-Q",1.0,0.0004,"2a, Boronic Acid",1.0,Pd(OAc)2,0.0625,Xantphos,0.125,,2.5,THF,44.88,23208.5,,
1344,6-Iodoquinoline,"1d, 6-I-Q",1.0,0.0004,"2a, Boronic Acid",1.0,Pd(OAc)2,0.0625,,,,2.5,THF,52.84,75478.84,,
1345,6-Iodoquinoline,"1d, 6-I-Q",1.0,0.0004,"2a, Boronic Acid",1.0,Pd(OAc)2,0.0625,P(tBu)3,0.125,NaOH,2.5,DMF,64.95,36489.42,,
1346,6-Iodoquinoline,"1d, 6-I-Q",1.0,0.0004,"2a, Boronic Acid",1.0,Pd(OAc)2,0.0625,P(Ph)3 ,0.125,NaOH,2.5,DMF,93.38,161594.9,,
1347,6-Iodoquinoline,"1d, 6-I-Q",1.0,0.0004,"2a, Boronic Acid",1.0,Pd(OAc)2,0.0625,AmPhos,0.125,NaOH,2.5,DMF,89.51,50875.64,,
1348,6-Iodoquinoline,"1d, 6-I-Q",1.0,0.0004,"2a, Boronic Acid",1.0,Pd(OAc)2,0.0625,P(Cy)3,0.125,NaOH,2.5,DMF,91.29,149423.73,,
1349,6-Iodoquinoline,"1d, 6-I-Q",1.0,0.0004,"2a, Boronic Acid",1.0,Pd(OAc)2,0.0625,P(o-Tol)3,0.125,NaOH,2.5,DMF,74.87,41334.86,,
1350,6-Iodoquinoline,"1d, 6-I-Q",1.0,0.0004,"2a, Boronic Acid",1.0,Pd(OAc)2,0.0625,CataCXium A,0.125,NaOH,2.5,DMF,91.79,138316.25,,
1351,6-Iodoquinoline,"1d, 6-I-Q",1.0,0.0004,"2a, Boronic Acid",1.0,Pd(OAc)2,0.0625,SPhos,0.125,NaOH,2.5,DMF,83.02,45232.5,,
1352,6-Iodoquinoline,"1d, 6-I-Q",1.0,0.0004,"2a, Boronic Acid",1.0,Pd(OAc)2,0.0625,dtbpf,0.125,NaOH,2.5,DMF,87.72,125072.25,,
1353,6-Iodoquinoline,"1d, 6-I-Q",1.0,0.0004,"2a, Boronic Acid",1.0,Pd(OAc)2,0.0625,XPhos,0.125,NaOH,2.5,DMF,75.62,40412.33,,
1354,6-Iodoquinoline,"1d, 6-I-Q",1.0,0.0004,"2a, Boronic Acid",1.0,Pd(OAc)2,0.0625,dppf,0.125,NaOH,2.5,DMF,80.66,113412.8,,
1355,6-Iodoquinoline,"1d, 6-I-Q",1.0,0.0004,"2a, Boronic Acid",1.0,Pd(OAc)2,0.0625,Xantphos,0.125,NaOH,2.5,DMF,63.9,35648.22,,
1356,6-Iodoquinoline,"1d, 6-I-Q",1.0,0.0004,"2a, Boronic Acid",1.0,Pd(OAc)2,0.0625,,,NaOH,2.5,DMF,55.68,87044.87,,
1357,6-Iodoquinoline,"1d, 6-I-Q",1.0,0.0004,"2a, Boronic Acid",1.0,Pd(OAc)2,0.0625,P(tBu)3,0.125,NaHCO3,2.5,DMF,9.62,7744.54,,
1358,6-Iodoquinoline,"1d, 6-I-Q",1.0,0.0004,"2a, Boronic Acid",1.0,Pd(OAc)2,0.0625,P(Ph)3 ,0.125,NaHCO3,2.5,DMF,89.45,175358.16,,
1359,6-Iodoquinoline,"1d, 6-I-Q",1.0,0.0004,"2a, Boronic Acid",1.0,Pd(OAc)2,0.0625,AmPhos,0.125,NaHCO3,2.5,DMF,81.29,45243.33,,
1360,6-Iodoquinoline,"1d, 6-I-Q",1.0,0.0004,"2a, Boronic Acid",1.0,Pd(OAc)2,0.0625,P(Cy)3,0.125,NaHCO3,2.5,DMF,84.98,155789.63,,
1361,6-Iodoquinoline,"1d, 6-I-Q",1.0,0.0004,"2a, Boronic Acid",1.0,Pd(OAc)2,0.0625,P(o-Tol)3,0.125,NaHCO3,2.5,DMF,65.69,38546.56,,
1362,6-Iodoquinoline,"1d, 6-I-Q",1.0,0.0004,"2a, Boronic Acid",1.0,Pd(OAc)2,0.0625,CataCXium A,0.125,NaHCO3,2.5,DMF,73.08,132872.35,,
1363,6-Iodoquinoline,"1d, 6-I-Q",1.0,0.0004,"2a, Boronic Acid",1.0,Pd(OAc)2,0.0625,SPhos,0.125,NaHCO3,2.5,DMF,68.07,37568.97,,
1364,6-Iodoquinoline,"1d, 6-I-Q",1.0,0.0004,"2a, Boronic Acid",1.0,Pd(OAc)2,0.0625,dtbpf,0.125,NaHCO3,2.5,DMF,60.71,89471.2,,
1365,6-Iodoquinoline,"1d, 6-I-Q",1.0,0.0004,"2a, Boronic Acid",1.0,Pd(OAc)2,0.0625,XPhos,0.125,NaHCO3,2.5,DMF,72.44,39528.9,,
1366,6-Iodoquinoline,"1d, 6-I-Q",1.0,0.0004,"2a, Boronic Acid",1.0,Pd(OAc)2,0.0625,dppf,0.125,NaHCO3,2.5,DMF,80.63,114857.12,,
1367,6-Iodoquinoline,"1d, 6-I-Q",1.0,0.0004,"2a, Boronic Acid",1.0,Pd(OAc)2,0.0625,Xantphos,0.125,NaHCO3,2.5,DMF,23.33,16193.53,,
1368,6-Iodoquinoline,"1d, 6-I-Q",1.0,0.0004,"2a, Boronic Acid",1.0,Pd(OAc)2,0.0625,,,NaHCO3,2.5,DMF,61.26,96107.32,,
1369,6-Iodoquinoline,"1d, 6-I-Q",1.0,0.0004,"2a, Boronic Acid",1.0,Pd(OAc)2,0.0625,P(tBu)3,0.125,CsF,2.5,DMF,8.8,7525.49,,
1370,6-Iodoquinoline,"1d, 6-I-Q",1.0,0.0004,"2a, Boronic Acid",1.0,Pd(OAc)2,0.0625,P(Ph)3 ,0.125,CsF,2.5,DMF,90.61,166210.9,,
1371,6-Iodoquinoline,"1d, 6-I-Q",1.0,0.0004,"2a, Boronic Acid",1.0,Pd(OAc)2,0.0625,AmPhos,0.125,CsF,2.5,DMF,87.35,47979.36,,
1372,6-Iodoquinoline,"1d, 6-I-Q",1.0,0.0004,"2a, Boronic Acid",1.0,Pd(OAc)2,0.0625,P(Cy)3,0.125,CsF,2.5,DMF,89.78,154911.05,,
1373,6-Iodoquinoline,"1d, 6-I-Q",1.0,0.0004,"2a, Boronic Acid",1.0,Pd(OAc)2,0.0625,P(o-Tol)3,0.125,CsF,2.5,DMF,79.47,43158.4,,
1374,6-Iodoquinoline,"1d, 6-I-Q",1.0,0.0004,"2a, Boronic Acid",1.0,Pd(OAc)2,0.0625,CataCXium A,0.125,CsF,2.5,DMF,90.18,152975.38,,
1375,6-Iodoquinoline,"1d, 6-I-Q",1.0,0.0004,"2a, Boronic Acid",1.0,Pd(OAc)2,0.0625,SPhos,0.125,CsF,2.5,DMF,83.1,45527.13,,
1376,6-Iodoquinoline,"1d, 6-I-Q",1.0,0.0004,"2a, Boronic Acid",1.0,Pd(OAc)2,0.0625,dtbpf,0.125,CsF,2.5,DMF,76.61,112184.13,,
1377,6-Iodoquinoline,"1d, 6-I-Q",1.0,0.0004,"2a, Boronic Acid",1.0,Pd(OAc)2,0.0625,XPhos,0.125,CsF,2.5,DMF,85.48,45947.76,,
1378,6-Iodoquinoline,"1d, 6-I-Q",1.0,0.0004,"2a, Boronic Acid",1.0,Pd(OAc)2,0.0625,dppf,0.125,CsF,2.5,DMF,91.32,128878.63,,
1379,6-Iodoquinoline,"1d, 6-I-Q",1.0,0.0004,"2a, Boronic Acid",1.0,Pd(OAc)2,0.0625,Xantphos,0.125,CsF,2.5,DMF,24.75,17366.02,,
1380,6-Iodoquinoline,"1d, 6-I-Q",1.0,0.0004,"2a, Boronic Acid",1.0,Pd(OAc)2,0.0625,,,CsF,2.5,DMF,79.83,115368.14,,
1381,6-Iodoquinoline,"1d, 6-I-Q",1.0,0.0004,"2a, Boronic Acid",1.0,Pd(OAc)2,0.0625,P(tBu)3,0.125,K3PO4,2.5,DMF,12.07,9191.04,,
1382,6-Iodoquinoline,"1d, 6-I-Q",1.0,0.0004,"2a, Boronic Acid",1.0,Pd(OAc)2,0.0625,P(Ph)3 ,0.125,K3PO4,2.5,DMF,88.27,154396.18,,
1383,6-Iodoquinoline,"1d, 6-I-Q",1.0,0.0004,"2a, Boronic Acid",1.0,Pd(OAc)2,0.0625,AmPhos,0.125,K3PO4,2.5,DMF,82.92,45551.54,,
1384,6-Iodoquinoline,"1d, 6-I-Q",1.0,0.0004,"2a, Boronic Acid",1.0,Pd(OAc)2,0.0625,P(Cy)3,0.125,K3PO4,2.5,DMF,80.35,138472.62,,
1385,6-Iodoquinoline,"1d, 6-I-Q",1.0,0.0004,"2a, Boronic Acid",1.0,Pd(OAc)2,0.0625,P(o-Tol)3,0.125,K3PO4,2.5,DMF,66.72,36134.24,,
1386,6-Iodoquinoline,"1d, 6-I-Q",1.0,0.0004,"2a, Boronic Acid",1.0,Pd(OAc)2,0.0625,CataCXium A,0.125,K3PO4,2.5,DMF,83.56,135438.01,,
1387,6-Iodoquinoline,"1d, 6-I-Q",1.0,0.0004,"2a, Boronic Acid",1.0,Pd(OAc)2,0.0625,SPhos,0.125,K3PO4,2.5,DMF,59.91,34907.44,,
1388,6-Iodoquinoline,"1d, 6-I-Q",1.0,0.0004,"2a, Boronic Acid",1.0,Pd(OAc)2,0.0625,dtbpf,0.125,K3PO4,2.5,DMF,56.67,75552.85,,
1389,6-Iodoquinoline,"1d, 6-I-Q",1.0,0.0004,"2a, Boronic Acid",1.0,Pd(OAc)2,0.0625,XPhos,0.125,K3PO4,2.5,DMF,57.98,30386.12,,
1390,6-Iodoquinoline,"1d, 6-I-Q",1.0,0.0004,"2a, Boronic Acid",1.0,Pd(OAc)2,0.0625,dppf,0.125,K3PO4,2.5,DMF,71.55,94954.97,,
1391,6-Iodoquinoline,"1d, 6-I-Q",1.0,0.0004,"2a, Boronic Acid",1.0,Pd(OAc)2,0.0625,Xantphos,0.125,K3PO4,2.5,DMF,25.46,16506.38,,
1392,6-Iodoquinoline,"1d, 6-I-Q",1.0,0.0004,"2a, Boronic Acid",1.0,Pd(OAc)2,0.0625,,,K3PO4,2.5,DMF,38.04,66319.97,,
1393,6-Iodoquinoline,"1d, 6-I-Q",1.0,0.0004,"2a, Boronic Acid",1.0,Pd(OAc)2,0.0625,P(tBu)3,0.125,KOH,2.5,DMF,49.99,27470.25,,
1394,6-Iodoquinoline,"1d, 6-I-Q",1.0,0.0004,"2a, Boronic Acid",1.0,Pd(OAc)2,0.0625,P(Ph)3 ,0.125,KOH,2.5,DMF,92.73,166122.58,,
1395,6-Iodoquinoline,"1d, 6-I-Q",1.0,0.0004,"2a, Boronic Acid",1.0,Pd(OAc)2,0.0625,AmPhos,0.125,KOH,2.5,DMF,90.14,49324.98,,
1396,6-Iodoquinoline,"1d, 6-I-Q",1.0,0.0004,"2a, Boronic Acid",1.0,Pd(OAc)2,0.0625,P(Cy)3,0.125,KOH,2.5,DMF,90.79,155019.49,,
1397,6-Iodoquinoline,"1d, 6-I-Q",1.0,0.0004,"2a, Boronic Acid",1.0,Pd(OAc)2,0.0625,P(o-Tol)3,0.125,KOH,2.5,DMF,67.92,34833.66,,
1398,6-Iodoquinoline,"1d, 6-I-Q",1.0,0.0004,"2a, Boronic Acid",1.0,Pd(OAc)2,0.0625,CataCXium A,0.125,KOH,2.5,DMF,92.7,133287.6,,
1399,6-Iodoquinoline,"1d, 6-I-Q",1.0,0.0004,"2a, Boronic Acid",1.0,Pd(OAc)2,0.0625,SPhos,0.125,KOH,2.5,DMF,85.37,44937.11,,
1400,6-Iodoquinoline,"1d, 6-I-Q",1.0,0.0004,"2a, Boronic Acid",1.0,Pd(OAc)2,0.0625,dtbpf,0.125,KOH,2.5,DMF,81.9,111816.83,,
1401,6-Iodoquinoline,"1d, 6-I-Q",1.0,0.0004,"2a, Boronic Acid",1.0,Pd(OAc)2,0.0625,XPhos,0.125,KOH,2.5,DMF,66.05,35130.88,,
1402,6-Iodoquinoline,"1d, 6-I-Q",1.0,0.0004,"2a, Boronic Acid",1.0,Pd(OAc)2,0.0625,dppf,0.125,KOH,2.5,DMF,70.99,88500.48,,
1403,6-Iodoquinoline,"1d, 6-I-Q",1.0,0.0004,"2a, Boronic Acid",1.0,Pd(OAc)2,0.0625,Xantphos,0.125,KOH,2.5,DMF,65.81,34281.15,,
1404,6-Iodoquinoline,"1d, 6-I-Q",1.0,0.0004,"2a, Boronic Acid",1.0,Pd(OAc)2,0.0625,,,KOH,2.5,DMF,47.69,76376.26,,
1405,6-Iodoquinoline,"1d, 6-I-Q",1.0,0.0004,"2a, Boronic Acid",1.0,Pd(OAc)2,0.0625,P(tBu)3,0.125,LiOtBu,2.5,DMF,76.2,43369.15,,
1406,6-Iodoquinoline,"1d, 6-I-Q",1.0,0.0004,"2a, Boronic Acid",1.0,Pd(OAc)2,0.0625,P(Ph)3 ,0.125,LiOtBu,2.5,DMF,96.42,158268.98,,
1407,6-Iodoquinoline,"1d, 6-I-Q",1.0,0.0004,"2a, Boronic Acid",1.0,Pd(OAc)2,0.0625,AmPhos,0.125,LiOtBu,2.5,DMF,94.57,53912.52,,
1408,6-Iodoquinoline,"1d, 6-I-Q",1.0,0.0004,"2a, Boronic Acid",1.0,Pd(OAc)2,0.0625,P(Cy)3,0.125,LiOtBu,2.5,DMF,92.8,162166.8,,
1409,6-Iodoquinoline,"1d, 6-I-Q",1.0,0.0004,"2a, Boronic Acid",1.0,Pd(OAc)2,0.0625,P(o-Tol)3,0.125,LiOtBu,2.5,DMF,73.68,40603.6,,
1410,6-Iodoquinoline,"1d, 6-I-Q",1.0,0.0004,"2a, Boronic Acid",1.0,Pd(OAc)2,0.0625,CataCXium A,0.125,LiOtBu,2.5,DMF,94.57,147687.47,,
1411,6-Iodoquinoline,"1d, 6-I-Q",1.0,0.0004,"2a, Boronic Acid",1.0,Pd(OAc)2,0.0625,SPhos,0.125,LiOtBu,2.5,DMF,86.08,50089.22,,
1412,6-Iodoquinoline,"1d, 6-I-Q",1.0,0.0004,"2a, Boronic Acid",1.0,Pd(OAc)2,0.0625,dtbpf,0.125,LiOtBu,2.5,DMF,83.96,112543.28,,
1413,6-Iodoquinoline,"1d, 6-I-Q",1.0,0.0004,"2a, Boronic Acid",1.0,Pd(OAc)2,0.0625,XPhos,0.125,LiOtBu,2.5,DMF,75.29,40350.89,,
1414,6-Iodoquinoline,"1d, 6-I-Q",1.0,0.0004,"2a, Boronic Acid",1.0,Pd(OAc)2,0.0625,dppf,0.125,LiOtBu,2.5,DMF,34.87,48423.89,,
1415,6-Iodoquinoline,"1d, 6-I-Q",1.0,0.0004,"2a, Boronic Acid",1.0,Pd(OAc)2,0.0625,Xantphos,0.125,LiOtBu,2.5,DMF,51.77,30234.58,,
1416,6-Iodoquinoline,"1d, 6-I-Q",1.0,0.0004,"2a, Boronic Acid",1.0,Pd(OAc)2,0.0625,,,LiOtBu,2.5,DMF,54.2,87437.42,,
1417,6-Iodoquinoline,"1d, 6-I-Q",1.0,0.0004,"2a, Boronic Acid",1.0,Pd(OAc)2,0.0625,P(tBu)3,0.125,Et3N,2.5,DMF,82.54,43008.13,,
1418,6-Iodoquinoline,"1d, 6-I-Q",1.0,0.0004,"2a, Boronic Acid",1.0,Pd(OAc)2,0.0625,P(Ph)3 ,0.125,Et3N,2.5,DMF,87.27,143517.49,,
1419,6-Iodoquinoline,"1d, 6-I-Q",1.0,0.0004,"2a, Boronic Acid",1.0,Pd(OAc)2,0.0625,AmPhos,0.125,Et3N,2.5,DMF,80.07,42628.23,,
1420,6-Iodoquinoline,"1d, 6-I-Q",1.0,0.0004,"2a, Boronic Acid",1.0,Pd(OAc)2,0.0625,P(Cy)3,0.125,Et3N,2.5,DMF,62.34,109222.09,,
1421,6-Iodoquinoline,"1d, 6-I-Q",1.0,0.0004,"2a, Boronic Acid",1.0,Pd(OAc)2,0.0625,P(o-Tol)3,0.125,Et3N,2.5,DMF,60.03,32436.06,,
1422,6-Iodoquinoline,"1d, 6-I-Q",1.0,0.0004,"2a, Boronic Acid",1.0,Pd(OAc)2,0.0625,CataCXium A,0.125,Et3N,2.5,DMF,79.46,126737.96,,
1423,6-Iodoquinoline,"1d, 6-I-Q",1.0,0.0004,"2a, Boronic Acid",1.0,Pd(OAc)2,0.0625,SPhos,0.125,Et3N,2.5,DMF,52.43,29331.88,,
1424,6-Iodoquinoline,"1d, 6-I-Q",1.0,0.0004,"2a, Boronic Acid",1.0,Pd(OAc)2,0.0625,dtbpf,0.125,Et3N,2.5,DMF,49.28,64657.11,,
1425,6-Iodoquinoline,"1d, 6-I-Q",1.0,0.0004,"2a, Boronic Acid",1.0,Pd(OAc)2,0.0625,XPhos,0.125,Et3N,2.5,DMF,50.85,28004.07,,
1426,6-Iodoquinoline,"1d, 6-I-Q",1.0,0.0004,"2a, Boronic Acid",1.0,Pd(OAc)2,0.0625,dppf,0.125,Et3N,2.5,DMF,56.78,72356.46,,
1427,6-Iodoquinoline,"1d, 6-I-Q",1.0,0.0004,"2a, Boronic Acid",1.0,Pd(OAc)2,0.0625,Xantphos,0.125,Et3N,2.5,DMF,16.03,11147.51,,
1428,6-Iodoquinoline,"1d, 6-I-Q",1.0,0.0004,"2a, Boronic Acid",1.0,Pd(OAc)2,0.0625,,,Et3N,2.5,DMF,24.49,43948.02,,
1429,6-Iodoquinoline,"1d, 6-I-Q",1.0,0.0004,"2a, Boronic Acid",1.0,Pd(OAc)2,0.0625,P(tBu)3,0.125,,2.5,DMF,71.32,38072.7,,
1430,6-Iodoquinoline,"1d, 6-I-Q",1.0,0.0004,"2a, Boronic Acid",1.0,Pd(OAc)2,0.0625,P(Ph)3 ,0.125,,2.5,DMF,84.47,157256.08,,
1431,6-Iodoquinoline,"1d, 6-I-Q",1.0,0.0004,"2a, Boronic Acid",1.0,Pd(OAc)2,0.0625,AmPhos,0.125,,2.5,DMF,78.24,43804.99,,
1432,6-Iodoquinoline,"1d, 6-I-Q",1.0,0.0004,"2a, Boronic Acid",1.0,Pd(OAc)2,0.0625,P(Cy)3,0.125,,2.5,DMF,66.87,114426.8,,
1433,6-Iodoquinoline,"1d, 6-I-Q",1.0,0.0004,"2a, Boronic Acid",1.0,Pd(OAc)2,0.0625,P(o-Tol)3,0.125,,2.5,DMF,56.86,31249.35,,
1434,6-Iodoquinoline,"1d, 6-I-Q",1.0,0.0004,"2a, Boronic Acid",1.0,Pd(OAc)2,0.0625,CataCXium A,0.125,,2.5,DMF,72.38,121450.13,,
1435,6-Iodoquinoline,"1d, 6-I-Q",1.0,0.0004,"2a, Boronic Acid",1.0,Pd(OAc)2,0.0625,SPhos,0.125,,2.5,DMF,47.9,27247.64,,
1436,6-Iodoquinoline,"1d, 6-I-Q",1.0,0.0004,"2a, Boronic Acid",1.0,Pd(OAc)2,0.0625,dtbpf,0.125,,2.5,DMF,47.67,64955.46,,
1437,6-Iodoquinoline,"1d, 6-I-Q",1.0,0.0004,"2a, Boronic Acid",1.0,Pd(OAc)2,0.0625,XPhos,0.125,,2.5,DMF,48.25,25427.03,,
1438,6-Iodoquinoline,"1d, 6-I-Q",1.0,0.0004,"2a, Boronic Acid",1.0,Pd(OAc)2,0.0625,dppf,0.125,,2.5,DMF,60.42,92085.21,,
1439,6-Iodoquinoline,"1d, 6-I-Q",1.0,0.0004,"2a, Boronic Acid",1.0,Pd(OAc)2,0.0625,Xantphos,0.125,,2.5,DMF,1.61,13127.36,,
1440,6-Iodoquinoline,"1d, 6-I-Q",1.0,0.0004,"2a, Boronic Acid",1.0,Pd(OAc)2,0.0625,,,,2.5,DMF,27.8,51307.41,,
1441,6-Iodoquinoline,"1d, 6-I-Q",1.0,0.0004,"2a, Boronic Acid",1.0,Pd(OAc)2,0.0625,P(tBu)3,0.125,NaOH,2.5,MeOH,86.11,51075.44,,
1442,6-Iodoquinoline,"1d, 6-I-Q",1.0,0.0004,"2a, Boronic Acid",1.0,Pd(OAc)2,0.0625,P(Ph)3 ,0.125,NaOH,2.5,MeOH,93.65,193528.05,,
1443,6-Iodoquinoline,"1d, 6-I-Q",1.0,0.0004,"2a, Boronic Acid",1.0,Pd(OAc)2,0.0625,AmPhos,0.125,NaOH,2.5,MeOH,92.07,75732.34,,
1444,6-Iodoquinoline,"1d, 6-I-Q",1.0,0.0004,"2a, Boronic Acid",1.0,Pd(OAc)2,0.0625,P(Cy)3,0.125,NaOH,2.5,MeOH,93.78,259620.04,,
1445,6-Iodoquinoline,"1d, 6-I-Q",1.0,0.0004,"2a, Boronic Acid",1.0,Pd(OAc)2,0.0625,P(o-Tol)3,0.125,NaOH,2.5,MeOH,91.83,65070.71,,
1446,6-Iodoquinoline,"1d, 6-I-Q",1.0,0.0004,"2a, Boronic Acid",1.0,Pd(OAc)2,0.0625,CataCXium A,0.125,NaOH,2.5,MeOH,94.15,241112.09,,
1447,6-Iodoquinoline,"1d, 6-I-Q",1.0,0.0004,"2a, Boronic Acid",1.0,Pd(OAc)2,0.0625,SPhos,0.125,NaOH,2.5,MeOH,90.26,74048.93,,
1448,6-Iodoquinoline,"1d, 6-I-Q",1.0,0.0004,"2a, Boronic Acid",1.0,Pd(OAc)2,0.0625,dtbpf,0.125,NaOH,2.5,MeOH,88.43,312194.5,,
1449,6-Iodoquinoline,"1d, 6-I-Q",1.0,0.0004,"2a, Boronic Acid",1.0,Pd(OAc)2,0.0625,XPhos,0.125,NaOH,2.5,MeOH,91.45,79861.71,,
1450,6-Iodoquinoline,"1d, 6-I-Q",1.0,0.0004,"2a, Boronic Acid",1.0,Pd(OAc)2,0.0625,dppf,0.125,NaOH,2.5,MeOH,91.57,274855.3,,
1451,6-Iodoquinoline,"1d, 6-I-Q",1.0,0.0004,"2a, Boronic Acid",1.0,Pd(OAc)2,0.0625,Xantphos,0.125,NaOH,2.5,MeOH,82.59,74288.44,,
1452,6-Iodoquinoline,"1d, 6-I-Q",1.0,0.0004,"2a, Boronic Acid",1.0,Pd(OAc)2,0.0625,,,NaOH,2.5,MeOH,90.05,198483.63,,
1453,6-Iodoquinoline,"1d, 6-I-Q",1.0,0.0004,"2a, Boronic Acid",1.0,Pd(OAc)2,0.0625,P(tBu)3,0.125,NaHCO3,2.5,MeOH,71.72,56417.09,,
1454,6-Iodoquinoline,"1d, 6-I-Q",1.0,0.0004,"2a, Boronic Acid",1.0,Pd(OAc)2,0.0625,P(Ph)3 ,0.125,NaHCO3,2.5,MeOH,93.82,270107.0,,
1455,6-Iodoquinoline,"1d, 6-I-Q",1.0,0.0004,"2a, Boronic Acid",1.0,Pd(OAc)2,0.0625,AmPhos,0.125,NaHCO3,2.5,MeOH,92.52,84189.47,,
1456,6-Iodoquinoline,"1d, 6-I-Q",1.0,0.0004,"2a, Boronic Acid",1.0,Pd(OAc)2,0.0625,P(Cy)3,0.125,NaHCO3,2.5,MeOH,92.43,262022.45,,
1457,6-Iodoquinoline,"1d, 6-I-Q",1.0,0.0004,"2a, Boronic Acid",1.0,Pd(OAc)2,0.0625,P(o-Tol)3,0.125,NaHCO3,2.5,MeOH,91.08,78096.73,,
1458,6-Iodoquinoline,"1d, 6-I-Q",1.0,0.0004,"2a, Boronic Acid",1.0,Pd(OAc)2,0.0625,CataCXium A,0.125,NaHCO3,2.5,MeOH,93.13,265068.25,,
1459,6-Iodoquinoline,"1d, 6-I-Q",1.0,0.0004,"2a, Boronic Acid",1.0,Pd(OAc)2,0.0625,SPhos,0.125,NaHCO3,2.5,MeOH,86.63,72894.85,,
1460,6-Iodoquinoline,"1d, 6-I-Q",1.0,0.0004,"2a, Boronic Acid",1.0,Pd(OAc)2,0.0625,dtbpf,0.125,NaHCO3,2.5,MeOH,75.01,203483.57,,
1461,6-Iodoquinoline,"1d, 6-I-Q",1.0,0.0004,"2a, Boronic Acid",1.0,Pd(OAc)2,0.0625,XPhos,0.125,NaHCO3,2.5,MeOH,86.36,76176.73,,
1462,6-Iodoquinoline,"1d, 6-I-Q",1.0,0.0004,"2a, Boronic Acid",1.0,Pd(OAc)2,0.0625,dppf,0.125,NaHCO3,2.5,MeOH,89.63,257820.09,,
1463,6-Iodoquinoline,"1d, 6-I-Q",1.0,0.0004,"2a, Boronic Acid",1.0,Pd(OAc)2,0.0625,Xantphos,0.125,NaHCO3,2.5,MeOH,53.62,44054.15,,
1464,6-Iodoquinoline,"1d, 6-I-Q",1.0,0.0004,"2a, Boronic Acid",1.0,Pd(OAc)2,0.0625,,,NaHCO3,2.5,MeOH,88.8,162931.82,,
1465,6-Iodoquinoline,"1d, 6-I-Q",1.0,0.0004,"2a, Boronic Acid",1.0,Pd(OAc)2,0.0625,P(tBu)3,0.125,CsF,2.5,MeOH,75.91,72956.43,,
1466,6-Iodoquinoline,"1d, 6-I-Q",1.0,0.0004,"2a, Boronic Acid",1.0,Pd(OAc)2,0.0625,P(Ph)3 ,0.125,CsF,2.5,MeOH,89.29,247563.48,,
1467,6-Iodoquinoline,"1d, 6-I-Q",1.0,0.0004,"2a, Boronic Acid",1.0,Pd(OAc)2,0.0625,AmPhos,0.125,CsF,2.5,MeOH,85.76,76890.14,,
1468,6-Iodoquinoline,"1d, 6-I-Q",1.0,0.0004,"2a, Boronic Acid",1.0,Pd(OAc)2,0.0625,P(Cy)3,0.125,CsF,2.5,MeOH,88.01,239691.83,,
1469,6-Iodoquinoline,"1d, 6-I-Q",1.0,0.0004,"2a, Boronic Acid",1.0,Pd(OAc)2,0.0625,P(o-Tol)3,0.125,CsF,2.5,MeOH,88.6,78510.39,,
1470,6-Iodoquinoline,"1d, 6-I-Q",1.0,0.0004,"2a, Boronic Acid",1.0,Pd(OAc)2,0.0625,CataCXium A,0.125,CsF,2.5,MeOH,90.39,260875.07,,
1471,6-Iodoquinoline,"1d, 6-I-Q",1.0,0.0004,"2a, Boronic Acid",1.0,Pd(OAc)2,0.0625,SPhos,0.125,CsF,2.5,MeOH,65.6,49015.62,,
1472,6-Iodoquinoline,"1d, 6-I-Q",1.0,0.0004,"2a, Boronic Acid",1.0,Pd(OAc)2,0.0625,dtbpf,0.125,CsF,2.5,MeOH,67.45,192202.3,,
1473,6-Iodoquinoline,"1d, 6-I-Q",1.0,0.0004,"2a, Boronic Acid",1.0,Pd(OAc)2,0.0625,XPhos,0.125,CsF,2.5,MeOH,77.72,54886.04,,
1474,6-Iodoquinoline,"1d, 6-I-Q",1.0,0.0004,"2a, Boronic Acid",1.0,Pd(OAc)2,0.0625,dppf,0.125,CsF,2.5,MeOH,82.99,223271.24,,
1475,6-Iodoquinoline,"1d, 6-I-Q",1.0,0.0004,"2a, Boronic Acid",1.0,Pd(OAc)2,0.0625,Xantphos,0.125,CsF,2.5,MeOH,32.32,33067.74,,
1476,6-Iodoquinoline,"1d, 6-I-Q",1.0,0.0004,"2a, Boronic Acid",1.0,Pd(OAc)2,0.0625,,,CsF,2.5,MeOH,75.07,163976.54,,
1477,6-Iodoquinoline,"1d, 6-I-Q",1.0,0.0004,"2a, Boronic Acid",1.0,Pd(OAc)2,0.0625,P(tBu)3,0.125,K3PO4,2.5,MeOH,91.29,55806.96,,
1478,6-Iodoquinoline,"1d, 6-I-Q",1.0,0.0004,"2a, Boronic Acid",1.0,Pd(OAc)2,0.0625,P(Ph)3 ,0.125,K3PO4,2.5,MeOH,96.74,253635.7,,
1479,6-Iodoquinoline,"1d, 6-I-Q",1.0,0.0004,"2a, Boronic Acid",1.0,Pd(OAc)2,0.0625,AmPhos,0.125,K3PO4,2.5,MeOH,92.82,61787.17,,
1480,6-Iodoquinoline,"1d, 6-I-Q",1.0,0.0004,"2a, Boronic Acid",1.0,Pd(OAc)2,0.0625,P(Cy)3,0.125,K3PO4,2.5,MeOH,96.3,200502.73,,
1481,6-Iodoquinoline,"1d, 6-I-Q",1.0,0.0004,"2a, Boronic Acid",1.0,Pd(OAc)2,0.0625,P(o-Tol)3,0.125,K3PO4,2.5,MeOH,93.73,54160.68,,
1482,6-Iodoquinoline,"1d, 6-I-Q",1.0,0.0004,"2a, Boronic Acid",1.0,Pd(OAc)2,0.0625,CataCXium A,0.125,K3PO4,2.5,MeOH,95.37,188475.82,,
1483,6-Iodoquinoline,"1d, 6-I-Q",1.0,0.0004,"2a, Boronic Acid",1.0,Pd(OAc)2,0.0625,SPhos,0.125,K3PO4,2.5,MeOH,91.37,52994.37,,
1484,6-Iodoquinoline,"1d, 6-I-Q",1.0,0.0004,"2a, Boronic Acid",1.0,Pd(OAc)2,0.0625,dtbpf,0.125,K3PO4,2.5,MeOH,88.13,181065.3,,
1485,6-Iodoquinoline,"1d, 6-I-Q",1.0,0.0004,"2a, Boronic Acid",1.0,Pd(OAc)2,0.0625,XPhos,0.125,K3PO4,2.5,MeOH,90.79,50908.95,,
1486,6-Iodoquinoline,"1d, 6-I-Q",1.0,0.0004,"2a, Boronic Acid",1.0,Pd(OAc)2,0.0625,dppf,0.125,K3PO4,2.5,MeOH,92.3,148544.72,,
1487,6-Iodoquinoline,"1d, 6-I-Q",1.0,0.0004,"2a, Boronic Acid",1.0,Pd(OAc)2,0.0625,Xantphos,0.125,K3PO4,2.5,MeOH,67.92,38606.87,,
1488,6-Iodoquinoline,"1d, 6-I-Q",1.0,0.0004,"2a, Boronic Acid",1.0,Pd(OAc)2,0.0625,,,K3PO4,2.5,MeOH,91.21,136725.43,,
1489,6-Iodoquinoline,"1d, 6-I-Q",1.0,0.0004,"2a, Boronic Acid",1.0,Pd(OAc)2,0.0625,P(tBu)3,0.125,KOH,2.5,MeOH,92.06,69265.65,,
1490,6-Iodoquinoline,"1d, 6-I-Q",1.0,0.0004,"2a, Boronic Acid",1.0,Pd(OAc)2,0.0625,P(Ph)3 ,0.125,KOH,2.5,MeOH,94.47,211503.37,,
1491,6-Iodoquinoline,"1d, 6-I-Q",1.0,0.0004,"2a, Boronic Acid",1.0,Pd(OAc)2,0.0625,AmPhos,0.125,KOH,2.5,MeOH,92.08,73732.99,,
1492,6-Iodoquinoline,"1d, 6-I-Q",1.0,0.0004,"2a, Boronic Acid",1.0,Pd(OAc)2,0.0625,P(Cy)3,0.125,KOH,2.5,MeOH,92.52,257304.87,,
1493,6-Iodoquinoline,"1d, 6-I-Q",1.0,0.0004,"2a, Boronic Acid",1.0,Pd(OAc)2,0.0625,P(o-Tol)3,0.125,KOH,2.5,MeOH,91.99,67283.15,,
1494,6-Iodoquinoline,"1d, 6-I-Q",1.0,0.0004,"2a, Boronic Acid",1.0,Pd(OAc)2,0.0625,CataCXium A,0.125,KOH,2.5,MeOH,95.06,248421.54,,
1495,6-Iodoquinoline,"1d, 6-I-Q",1.0,0.0004,"2a, Boronic Acid",1.0,Pd(OAc)2,0.0625,SPhos,0.125,KOH,2.5,MeOH,90.53,65201.29,,
1496,6-Iodoquinoline,"1d, 6-I-Q",1.0,0.0004,"2a, Boronic Acid",1.0,Pd(OAc)2,0.0625,dtbpf,0.125,KOH,2.5,MeOH,88.18,208320.92,,
1497,6-Iodoquinoline,"1d, 6-I-Q",1.0,0.0004,"2a, Boronic Acid",1.0,Pd(OAc)2,0.0625,XPhos,0.125,KOH,2.5,MeOH,90.57,57284.79,,
1498,6-Iodoquinoline,"1d, 6-I-Q",1.0,0.0004,"2a, Boronic Acid",1.0,Pd(OAc)2,0.0625,dppf,0.125,KOH,2.5,MeOH,92.25,258651.74,,
1499,6-Iodoquinoline,"1d, 6-I-Q",1.0,0.0004,"2a, Boronic Acid",1.0,Pd(OAc)2,0.0625,Xantphos,0.125,KOH,2.5,MeOH,65.8,48418.23,,
1500,6-Iodoquinoline,"1d, 6-I-Q",1.0,0.0004,"2a, Boronic Acid",1.0,Pd(OAc)2,0.0625,,,KOH,2.5,MeOH,90.79,147834.23,,
1501,6-Iodoquinoline,"1d, 6-I-Q",1.0,0.0004,"2a, Boronic Acid",1.0,Pd(OAc)2,0.0625,P(tBu)3,0.125,LiOtBu,2.5,MeOH,94.01,61064.2,,
1502,6-Iodoquinoline,"1d, 6-I-Q",1.0,0.0004,"2a, Boronic Acid",1.0,Pd(OAc)2,0.0625,P(Ph)3 ,0.125,LiOtBu,2.5,MeOH,98.69,203351.47,,
1503,6-Iodoquinoline,"1d, 6-I-Q",1.0,0.0004,"2a, Boronic Acid",1.0,Pd(OAc)2,0.0625,AmPhos,0.125,LiOtBu,2.5,MeOH,93.28,59586.35,,
1504,6-Iodoquinoline,"1d, 6-I-Q",1.0,0.0004,"2a, Boronic Acid",1.0,Pd(OAc)2,0.0625,P(Cy)3,0.125,LiOtBu,2.5,MeOH,92.97,170752.11,,
1505,6-Iodoquinoline,"1d, 6-I-Q",1.0,0.0004,"2a, Boronic Acid",1.0,Pd(OAc)2,0.0625,P(o-Tol)3,0.125,LiOtBu,2.5,MeOH,92.65,53626.28,,
1506,6-Iodoquinoline,"1d, 6-I-Q",1.0,0.0004,"2a, Boronic Acid",1.0,Pd(OAc)2,0.0625,CataCXium A,0.125,LiOtBu,2.5,MeOH,96.04,163696.91,,
1507,6-Iodoquinoline,"1d, 6-I-Q",1.0,0.0004,"2a, Boronic Acid",1.0,Pd(OAc)2,0.0625,SPhos,0.125,LiOtBu,2.5,MeOH,91.75,57009.41,,
1508,6-Iodoquinoline,"1d, 6-I-Q",1.0,0.0004,"2a, Boronic Acid",1.0,Pd(OAc)2,0.0625,dtbpf,0.125,LiOtBu,2.5,MeOH,90.33,152044.9,,
1509,6-Iodoquinoline,"1d, 6-I-Q",1.0,0.0004,"2a, Boronic Acid",1.0,Pd(OAc)2,0.0625,XPhos,0.125,LiOtBu,2.5,MeOH,91.45,49474.29,,
1510,6-Iodoquinoline,"1d, 6-I-Q",1.0,0.0004,"2a, Boronic Acid",1.0,Pd(OAc)2,0.0625,dppf,0.125,LiOtBu,2.5,MeOH,93.05,169938.94,,
1511,6-Iodoquinoline,"1d, 6-I-Q",1.0,0.0004,"2a, Boronic Acid",1.0,Pd(OAc)2,0.0625,Xantphos,0.125,LiOtBu,2.5,MeOH,77.63,46999.9,,
1512,6-Iodoquinoline,"1d, 6-I-Q",1.0,0.0004,"2a, Boronic Acid",1.0,Pd(OAc)2,0.0625,,,LiOtBu,2.5,MeOH,91.82,145634.6,,
1513,6-Iodoquinoline,"1d, 6-I-Q",1.0,0.0004,"2a, Boronic Acid",1.0,Pd(OAc)2,0.0625,P(tBu)3,0.125,Et3N,2.5,MeOH,81.58,62513.03,,
1514,6-Iodoquinoline,"1d, 6-I-Q",1.0,0.0004,"2a, Boronic Acid",1.0,Pd(OAc)2,0.0625,P(Ph)3 ,0.125,Et3N,2.5,MeOH,89.8,225584.73,,
1515,6-Iodoquinoline,"1d, 6-I-Q",1.0,0.0004,"2a, Boronic Acid",1.0,Pd(OAc)2,0.0625,AmPhos,0.125,Et3N,2.5,MeOH,86.54,70522.57,,
1516,6-Iodoquinoline,"1d, 6-I-Q",1.0,0.0004,"2a, Boronic Acid",1.0,Pd(OAc)2,0.0625,P(Cy)3,0.125,Et3N,2.5,MeOH,88.06,207004.27,,
1517,6-Iodoquinoline,"1d, 6-I-Q",1.0,0.0004,"2a, Boronic Acid",1.0,Pd(OAc)2,0.0625,P(o-Tol)3,0.125,Et3N,2.5,MeOH,87.76,58200.21,,
1518,6-Iodoquinoline,"1d, 6-I-Q",1.0,0.0004,"2a, Boronic Acid",1.0,Pd(OAc)2,0.0625,CataCXium A,0.125,Et3N,2.5,MeOH,89.09,165154.88,,
1519,6-Iodoquinoline,"1d, 6-I-Q",1.0,0.0004,"2a, Boronic Acid",1.0,Pd(OAc)2,0.0625,SPhos,0.125,Et3N,2.5,MeOH,72.51,45810.72,,
1520,6-Iodoquinoline,"1d, 6-I-Q",1.0,0.0004,"2a, Boronic Acid",1.0,Pd(OAc)2,0.0625,dtbpf,0.125,Et3N,2.5,MeOH,72.45,171177.88,,
1521,6-Iodoquinoline,"1d, 6-I-Q",1.0,0.0004,"2a, Boronic Acid",1.0,Pd(OAc)2,0.0625,XPhos,0.125,Et3N,2.5,MeOH,73.77,44407.26,,
1522,6-Iodoquinoline,"1d, 6-I-Q",1.0,0.0004,"2a, Boronic Acid",1.0,Pd(OAc)2,0.0625,dppf,0.125,Et3N,2.5,MeOH,84.49,170104.44,,
1523,6-Iodoquinoline,"1d, 6-I-Q",1.0,0.0004,"2a, Boronic Acid",1.0,Pd(OAc)2,0.0625,Xantphos,0.125,Et3N,2.5,MeOH,57.41,39306.84,,
1524,6-Iodoquinoline,"1d, 6-I-Q",1.0,0.0004,"2a, Boronic Acid",1.0,Pd(OAc)2,0.0625,,,Et3N,2.5,MeOH,78.39,130148.83,,
1525,6-Iodoquinoline,"1d, 6-I-Q",1.0,0.0004,"2a, Boronic Acid",1.0,Pd(OAc)2,0.0625,P(tBu)3,0.125,,2.5,MeOH,59.54,43943.77,,
1526,6-Iodoquinoline,"1d, 6-I-Q",1.0,0.0004,"2a, Boronic Acid",1.0,Pd(OAc)2,0.0625,P(Ph)3 ,0.125,,2.5,MeOH,46.28,72843.99,,
1527,6-Iodoquinoline,"1d, 6-I-Q",1.0,0.0004,"2a, Boronic Acid",1.0,Pd(OAc)2,0.0625,AmPhos,0.125,,2.5,MeOH,72.03,48041.51,,
1528,6-Iodoquinoline,"1d, 6-I-Q",1.0,0.0004,"2a, Boronic Acid",1.0,Pd(OAc)2,0.0625,P(Cy)3,0.125,,2.5,MeOH,73.65,164498.55,,
1529,6-Iodoquinoline,"1d, 6-I-Q",1.0,0.0004,"2a, Boronic Acid",1.0,Pd(OAc)2,0.0625,P(o-Tol)3,0.125,,2.5,MeOH,68.96,49391.6,,
1530,6-Iodoquinoline,"1d, 6-I-Q",1.0,0.0004,"2a, Boronic Acid",1.0,Pd(OAc)2,0.0625,CataCXium A,0.125,,2.5,MeOH,72.18,152424.04,,
1531,6-Iodoquinoline,"1d, 6-I-Q",1.0,0.0004,"2a, Boronic Acid",1.0,Pd(OAc)2,0.0625,SPhos,0.125,,2.5,MeOH,48.82,38393.32,,
1532,6-Iodoquinoline,"1d, 6-I-Q",1.0,0.0004,"2a, Boronic Acid",1.0,Pd(OAc)2,0.0625,dtbpf,0.125,,2.5,MeOH,56.04,106092.14,,
1533,6-Iodoquinoline,"1d, 6-I-Q",1.0,0.0004,"2a, Boronic Acid",1.0,Pd(OAc)2,0.0625,XPhos,0.125,,2.5,MeOH,48.59,33678.51,,
1534,6-Iodoquinoline,"1d, 6-I-Q",1.0,0.0004,"2a, Boronic Acid",1.0,Pd(OAc)2,0.0625,dppf,0.125,,2.5,MeOH,52.06,110842.88,,
1535,6-Iodoquinoline,"1d, 6-I-Q",1.0,0.0004,"2a, Boronic Acid",1.0,Pd(OAc)2,0.0625,Xantphos,0.125,,2.5,MeOH,25.77,21512.54,,
1536,6-Iodoquinoline,"1d, 6-I-Q",1.0,0.0004,"2a, Boronic Acid",1.0,Pd(OAc)2,0.0625,,,,2.5,MeOH,50.75,79441.84,,
1537,6-triflatequinoline,"1c, 6-OTf-Q",1.0,0.0004,"2b, Boronic Ester",1.0,Pd(OAc)2,0.0625,P(tBu)3,0.125,NaOH,2.5,MeCN,34.3,1188693.0,,
1538,6-triflatequinoline,"1c, 6-OTf-Q",1.0,0.0004,"2b, Boronic Ester",1.0,Pd(OAc)2,0.0625,P(Ph)3 ,0.125,NaOH,2.5,MeCN,78.03,26312946.0,,
1539,6-triflatequinoline,"1c, 6-OTf-Q",1.0,0.0004,"2b, Boronic Ester",1.0,Pd(OAc)2,0.0625,AmPhos,0.125,NaOH,2.5,MeCN,62.59,2992202.25,,
1540,6-triflatequinoline,"1c, 6-OTf-Q",1.0,0.0004,"2b, Boronic Ester",1.0,Pd(OAc)2,0.0625,P(Cy)3,0.125,NaOH,2.5,MeCN,50.25,16016990.0,,
1541,6-triflatequinoline,"1c, 6-OTf-Q",1.0,0.0004,"2b, Boronic Ester",1.0,Pd(OAc)2,0.0625,P(o-Tol)3,0.125,NaOH,2.5,MeCN,50.56,2143695.5,,
1542,6-triflatequinoline,"1c, 6-OTf-Q",1.0,0.0004,"2b, Boronic Ester",1.0,Pd(OAc)2,0.0625,CataCXium A,0.125,NaOH,2.5,MeCN,95.62,20831064.0,,
1543,6-triflatequinoline,"1c, 6-OTf-Q",1.0,0.0004,"2b, Boronic Ester",1.0,Pd(OAc)2,0.0625,SPhos,0.125,NaOH,2.5,MeCN,74.84,3752138.0,,
1544,6-triflatequinoline,"1c, 6-OTf-Q",1.0,0.0004,"2b, Boronic Ester",1.0,Pd(OAc)2,0.0625,dtbpf,0.125,NaOH,2.5,MeCN,33.52,9962443.0,,
1545,6-triflatequinoline,"1c, 6-OTf-Q",1.0,0.0004,"2b, Boronic Ester",1.0,Pd(OAc)2,0.0625,XPhos,0.125,NaOH,2.5,MeCN,67.97,3259340.0,,
1546,6-triflatequinoline,"1c, 6-OTf-Q",1.0,0.0004,"2b, Boronic Ester",1.0,Pd(OAc)2,0.0625,dppf,0.125,NaOH,2.5,MeCN,43.6,13738366.0,,
1547,6-triflatequinoline,"1c, 6-OTf-Q",1.0,0.0004,"2b, Boronic Ester",1.0,Pd(OAc)2,0.0625,Xantphos,0.125,NaOH,2.5,MeCN,14.53,655965.5,,
1548,6-triflatequinoline,"1c, 6-OTf-Q",1.0,0.0004,"2b, Boronic Ester",1.0,Pd(OAc)2,0.0625,,,NaOH,2.5,MeCN,16.95,8273786.5,,
1549,6-triflatequinoline,"1c, 6-OTf-Q",1.0,0.0004,"2b, Boronic Ester",1.0,Pd(OAc)2,0.0625,P(tBu)3,0.125,NaHCO3,2.5,MeCN,44.24,2029660.75,,
1550,6-triflatequinoline,"1c, 6-OTf-Q",1.0,0.0004,"2b, Boronic Ester",1.0,Pd(OAc)2,0.0625,P(Ph)3 ,0.125,NaHCO3,2.5,MeCN,87.31,28627232.0,,
1551,6-triflatequinoline,"1c, 6-OTf-Q",1.0,0.0004,"2b, Boronic Ester",1.0,Pd(OAc)2,0.0625,AmPhos,0.125,NaHCO3,2.5,MeCN,89.54,4703583.0,,
1552,6-triflatequinoline,"1c, 6-OTf-Q",1.0,0.0004,"2b, Boronic Ester",1.0,Pd(OAc)2,0.0625,P(Cy)3,0.125,NaHCO3,2.5,MeCN,60.21,16669555.0,,
1553,6-triflatequinoline,"1c, 6-OTf-Q",1.0,0.0004,"2b, Boronic Ester",1.0,Pd(OAc)2,0.0625,P(o-Tol)3,0.125,NaHCO3,2.5,MeCN,52.95,2238544.0,,
1554,6-triflatequinoline,"1c, 6-OTf-Q",1.0,0.0004,"2b, Boronic Ester",1.0,Pd(OAc)2,0.0625,CataCXium A,0.125,NaHCO3,2.5,MeCN,80.64,23130516.0,,
1555,6-triflatequinoline,"1c, 6-OTf-Q",1.0,0.0004,"2b, Boronic Ester",1.0,Pd(OAc)2,0.0625,SPhos,0.125,NaHCO3,2.5,MeCN,60.49,2566877.5,,
1556,6-triflatequinoline,"1c, 6-OTf-Q",1.0,0.0004,"2b, Boronic Ester",1.0,Pd(OAc)2,0.0625,dtbpf,0.125,NaHCO3,2.5,MeCN,35.46,7800648.0,,
1557,6-triflatequinoline,"1c, 6-OTf-Q",1.0,0.0004,"2b, Boronic Ester",1.0,Pd(OAc)2,0.0625,XPhos,0.125,NaHCO3,2.5,MeCN,50.2,2114907.25,,
1558,6-triflatequinoline,"1c, 6-OTf-Q",1.0,0.0004,"2b, Boronic Ester",1.0,Pd(OAc)2,0.0625,dppf,0.125,NaHCO3,2.5,MeCN,61.62,16562298.0,,
1559,6-triflatequinoline,"1c, 6-OTf-Q",1.0,0.0004,"2b, Boronic Ester",1.0,Pd(OAc)2,0.0625,Xantphos,0.125,NaHCO3,2.5,MeCN,7.68,326397.47,,
1560,6-triflatequinoline,"1c, 6-OTf-Q",1.0,0.0004,"2b, Boronic Ester",1.0,Pd(OAc)2,0.0625,,,NaHCO3,2.5,MeCN,27.95,12155128.0,,
1561,6-triflatequinoline,"1c, 6-OTf-Q",1.0,0.0004,"2b, Boronic Ester",1.0,Pd(OAc)2,0.0625,P(tBu)3,0.125,CsF,2.5,MeCN,42.57,1648638.13,,
1562,6-triflatequinoline,"1c, 6-OTf-Q",1.0,0.0004,"2b, Boronic Ester",1.0,Pd(OAc)2,0.0625,P(Ph)3 ,0.125,CsF,2.5,MeCN,83.05,24192474.0,,
1563,6-triflatequinoline,"1c, 6-OTf-Q",1.0,0.0004,"2b, Boronic Ester",1.0,Pd(OAc)2,0.0625,AmPhos,0.125,CsF,2.5,MeCN,88.28,4118012.75,,
1564,6-triflatequinoline,"1c, 6-OTf-Q",1.0,0.0004,"2b, Boronic Ester",1.0,Pd(OAc)2,0.0625,P(Cy)3,0.125,CsF,2.5,MeCN,73.25,22692502.0,,
1565,6-triflatequinoline,"1c, 6-OTf-Q",1.0,0.0004,"2b, Boronic Ester",1.0,Pd(OAc)2,0.0625,P(o-Tol)3,0.125,CsF,2.5,MeCN,69.46,3090727.0,,
1566,6-triflatequinoline,"1c, 6-OTf-Q",1.0,0.0004,"2b, Boronic Ester",1.0,Pd(OAc)2,0.0625,CataCXium A,0.125,CsF,2.5,MeCN,98.61,20899338.0,,
1567,6-triflatequinoline,"1c, 6-OTf-Q",1.0,0.0004,"2b, Boronic Ester",1.0,Pd(OAc)2,0.0625,SPhos,0.125,CsF,2.5,MeCN,68.95,3171364.0,,
1568,6-triflatequinoline,"1c, 6-OTf-Q",1.0,0.0004,"2b, Boronic Ester",1.0,Pd(OAc)2,0.0625,dtbpf,0.125,CsF,2.5,MeCN,49.28,9345295.0,,
1569,6-triflatequinoline,"1c, 6-OTf-Q",1.0,0.0004,"2b, Boronic Ester",1.0,Pd(OAc)2,0.0625,XPhos,0.125,CsF,2.5,MeCN,60.14,2798405.0,,
1570,6-triflatequinoline,"1c, 6-OTf-Q",1.0,0.0004,"2b, Boronic Ester",1.0,Pd(OAc)2,0.0625,dppf,0.125,CsF,2.5,MeCN,71.16,18851276.0,,
1571,6-triflatequinoline,"1c, 6-OTf-Q",1.0,0.0004,"2b, Boronic Ester",1.0,Pd(OAc)2,0.0625,Xantphos,0.125,CsF,2.5,MeCN,7.39,395117.19,,
1572,6-triflatequinoline,"1c, 6-OTf-Q",1.0,0.0004,"2b, Boronic Ester",1.0,Pd(OAc)2,0.0625,,,CsF,2.5,MeCN,25.76,9862645.0,,
1573,6-triflatequinoline,"1c, 6-OTf-Q",1.0,0.0004,"2b, Boronic Ester",1.0,Pd(OAc)2,0.0625,P(tBu)3,0.125,K3PO4,2.5,MeCN,42.91,1846601.63,,
1574,6-triflatequinoline,"1c, 6-OTf-Q",1.0,0.0004,"2b, Boronic Ester",1.0,Pd(OAc)2,0.0625,P(Ph)3 ,0.125,K3PO4,2.5,MeCN,74.45,22020588.0,,
1575,6-triflatequinoline,"1c, 6-OTf-Q",1.0,0.0004,"2b, Boronic Ester",1.0,Pd(OAc)2,0.0625,AmPhos,0.125,K3PO4,2.5,MeCN,84.23,4195850.0,,
1576,6-triflatequinoline,"1c, 6-OTf-Q",1.0,0.0004,"2b, Boronic Ester",1.0,Pd(OAc)2,0.0625,P(Cy)3,0.125,K3PO4,2.5,MeCN,42.55,12309631.0,,
1577,6-triflatequinoline,"1c, 6-OTf-Q",1.0,0.0004,"2b, Boronic Ester",1.0,Pd(OAc)2,0.0625,P(o-Tol)3,0.125,K3PO4,2.5,MeCN,58.61,2352723.5,,
1578,6-triflatequinoline,"1c, 6-OTf-Q",1.0,0.0004,"2b, Boronic Ester",1.0,Pd(OAc)2,0.0625,CataCXium A,0.125,K3PO4,2.5,MeCN,70.52,17088604.0,,
1579,6-triflatequinoline,"1c, 6-OTf-Q",1.0,0.0004,"2b, Boronic Ester",1.0,Pd(OAc)2,0.0625,SPhos,0.125,K3PO4,2.5,MeCN,61.21,3063348.5,,
1580,6-triflatequinoline,"1c, 6-OTf-Q",1.0,0.0004,"2b, Boronic Ester",1.0,Pd(OAc)2,0.0625,dtbpf,0.125,K3PO4,2.5,MeCN,46.7,9320348.0,,
1581,6-triflatequinoline,"1c, 6-OTf-Q",1.0,0.0004,"2b, Boronic Ester",1.0,Pd(OAc)2,0.0625,XPhos,0.125,K3PO4,2.5,MeCN,55.94,2515173.25,,
1582,6-triflatequinoline,"1c, 6-OTf-Q",1.0,0.0004,"2b, Boronic Ester",1.0,Pd(OAc)2,0.0625,dppf,0.125,K3PO4,2.5,MeCN,15.9,13155322.0,,
1583,6-triflatequinoline,"1c, 6-OTf-Q",1.0,0.0004,"2b, Boronic Ester",1.0,Pd(OAc)2,0.0625,Xantphos,0.125,K3PO4,2.5,MeCN,9.63,558870.81,,
1584,6-triflatequinoline,"1c, 6-OTf-Q",1.0,0.0004,"2b, Boronic Ester",1.0,Pd(OAc)2,0.0625,,,K3PO4,2.5,MeCN,36.22,12829759.0,,
1585,6-triflatequinoline,"1c, 6-OTf-Q",1.0,0.0004,"2b, Boronic Ester",1.0,Pd(OAc)2,0.0625,P(tBu)3,0.125,KOH,2.5,MeCN,65.86,2809152.25,,
1586,6-triflatequinoline,"1c, 6-OTf-Q",1.0,0.0004,"2b, Boronic Ester",1.0,Pd(OAc)2,0.0625,P(Ph)3 ,0.125,KOH,2.5,MeCN,91.46,26187628.0,,
1587,6-triflatequinoline,"1c, 6-OTf-Q",1.0,0.0004,"2b, Boronic Ester",1.0,Pd(OAc)2,0.0625,AmPhos,0.125,KOH,2.5,MeCN,90.4,3996821.5,,
1588,6-triflatequinoline,"1c, 6-OTf-Q",1.0,0.0004,"2b, Boronic Ester",1.0,Pd(OAc)2,0.0625,P(Cy)3,0.125,KOH,2.5,MeCN,71.78,21751562.0,,
1589,6-triflatequinoline,"1c, 6-OTf-Q",1.0,0.0004,"2b, Boronic Ester",1.0,Pd(OAc)2,0.0625,P(o-Tol)3,0.125,KOH,2.5,MeCN,71.66,3497573.5,,
1590,6-triflatequinoline,"1c, 6-OTf-Q",1.0,0.0004,"2b, Boronic Ester",1.0,Pd(OAc)2,0.0625,CataCXium A,0.125,KOH,2.5,MeCN,96.15,22429550.0,,
1591,6-triflatequinoline,"1c, 6-OTf-Q",1.0,0.0004,"2b, Boronic Ester",1.0,Pd(OAc)2,0.0625,SPhos,0.125,KOH,2.5,MeCN,84.76,4408667.0,,
1592,6-triflatequinoline,"1c, 6-OTf-Q",1.0,0.0004,"2b, Boronic Ester",1.0,Pd(OAc)2,0.0625,dtbpf,0.125,KOH,2.5,MeCN,49.19,10706128.0,,
1593,6-triflatequinoline,"1c, 6-OTf-Q",1.0,0.0004,"2b, Boronic Ester",1.0,Pd(OAc)2,0.0625,XPhos,0.125,KOH,2.5,MeCN,79.44,3989853.5,,
1594,6-triflatequinoline,"1c, 6-OTf-Q",1.0,0.0004,"2b, Boronic Ester",1.0,Pd(OAc)2,0.0625,dppf,0.125,KOH,2.5,MeCN,14.56,12815478.0,,
1595,6-triflatequinoline,"1c, 6-OTf-Q",1.0,0.0004,"2b, Boronic Ester",1.0,Pd(OAc)2,0.0625,Xantphos,0.125,KOH,2.5,MeCN,17.04,877733.44,,
1596,6-triflatequinoline,"1c, 6-OTf-Q",1.0,0.0004,"2b, Boronic Ester",1.0,Pd(OAc)2,0.0625,,,KOH,2.5,MeCN,25.63,10549781.0,,
1597,6-triflatequinoline,"1c, 6-OTf-Q",1.0,0.0004,"2b, Boronic Ester",1.0,Pd(OAc)2,0.0625,P(tBu)3,0.125,LiOtBu,2.5,MeCN,72.9,3294831.5,,
1598,6-triflatequinoline,"1c, 6-OTf-Q",1.0,0.0004,"2b, Boronic Ester",1.0,Pd(OAc)2,0.0625,P(Ph)3 ,0.125,LiOtBu,2.5,MeCN,95.86,28639610.0,,
1599,6-triflatequinoline,"1c, 6-OTf-Q",1.0,0.0004,"2b, Boronic Ester",1.0,Pd(OAc)2,0.0625,AmPhos,0.125,LiOtBu,2.5,MeCN,93.84,4423783.0,,
1600,6-triflatequinoline,"1c, 6-OTf-Q",1.0,0.0004,"2b, Boronic Ester",1.0,Pd(OAc)2,0.0625,P(Cy)3,0.125,LiOtBu,2.5,MeCN,71.12,19474090.0,,
1601,6-triflatequinoline,"1c, 6-OTf-Q",1.0,0.0004,"2b, Boronic Ester",1.0,Pd(OAc)2,0.0625,P(o-Tol)3,0.125,LiOtBu,2.5,MeCN,59.47,2849336.0,,
1602,6-triflatequinoline,"1c, 6-OTf-Q",1.0,0.0004,"2b, Boronic Ester",1.0,Pd(OAc)2,0.0625,CataCXium A,0.125,LiOtBu,2.5,MeCN,95.78,22087286.0,,
1603,6-triflatequinoline,"1c, 6-OTf-Q",1.0,0.0004,"2b, Boronic Ester",1.0,Pd(OAc)2,0.0625,SPhos,0.125,LiOtBu,2.5,MeCN,86.28,4316395.5,,
1604,6-triflatequinoline,"1c, 6-OTf-Q",1.0,0.0004,"2b, Boronic Ester",1.0,Pd(OAc)2,0.0625,dtbpf,0.125,LiOtBu,2.5,MeCN,51.04,10940668.0,,
1605,6-triflatequinoline,"1c, 6-OTf-Q",1.0,0.0004,"2b, Boronic Ester",1.0,Pd(OAc)2,0.0625,XPhos,0.125,LiOtBu,2.5,MeCN,60.54,3042411.25,,
1606,6-triflatequinoline,"1c, 6-OTf-Q",1.0,0.0004,"2b, Boronic Ester",1.0,Pd(OAc)2,0.0625,dppf,0.125,LiOtBu,2.5,MeCN,11.12,7890561.0,,
1607,6-triflatequinoline,"1c, 6-OTf-Q",1.0,0.0004,"2b, Boronic Ester",1.0,Pd(OAc)2,0.0625,Xantphos,0.125,LiOtBu,2.5,MeCN,23.54,1086328.25,,
1608,6-triflatequinoline,"1c, 6-OTf-Q",1.0,0.0004,"2b, Boronic Ester",1.0,Pd(OAc)2,0.0625,,,LiOtBu,2.5,MeCN,15.52,6966572.0,,
1609,6-triflatequinoline,"1c, 6-OTf-Q",1.0,0.0004,"2b, Boronic Ester",1.0,Pd(OAc)2,0.0625,P(tBu)3,0.125,Et3N,2.5,MeCN,72.09,3030254.25,,
1610,6-triflatequinoline,"1c, 6-OTf-Q",1.0,0.0004,"2b, Boronic Ester",1.0,Pd(OAc)2,0.0625,P(Ph)3 ,0.125,Et3N,2.5,MeCN,92.43,26956018.0,,
1611,6-triflatequinoline,"1c, 6-OTf-Q",1.0,0.0004,"2b, Boronic Ester",1.0,Pd(OAc)2,0.0625,AmPhos,0.125,Et3N,2.5,MeCN,92.49,4611865.0,,
1612,6-triflatequinoline,"1c, 6-OTf-Q",1.0,0.0004,"2b, Boronic Ester",1.0,Pd(OAc)2,0.0625,P(Cy)3,0.125,Et3N,2.5,MeCN,58.64,17758396.0,,
1613,6-triflatequinoline,"1c, 6-OTf-Q",1.0,0.0004,"2b, Boronic Ester",1.0,Pd(OAc)2,0.0625,P(o-Tol)3,0.125,Et3N,2.5,MeCN,49.79,2001913.63,,
1614,6-triflatequinoline,"1c, 6-OTf-Q",1.0,0.0004,"2b, Boronic Ester",1.0,Pd(OAc)2,0.0625,CataCXium A,0.125,Et3N,2.5,MeCN,95.36,16679042.0,,
1615,6-triflatequinoline,"1c, 6-OTf-Q",1.0,0.0004,"2b, Boronic Ester",1.0,Pd(OAc)2,0.0625,SPhos,0.125,Et3N,2.5,MeCN,70.77,3525511.0,,
1616,6-triflatequinoline,"1c, 6-OTf-Q",1.0,0.0004,"2b, Boronic Ester",1.0,Pd(OAc)2,0.0625,dtbpf,0.125,Et3N,2.5,MeCN,47.92,10486463.0,,
1617,6-triflatequinoline,"1c, 6-OTf-Q",1.0,0.0004,"2b, Boronic Ester",1.0,Pd(OAc)2,0.0625,XPhos,0.125,Et3N,2.5,MeCN,61.61,2868137.5,,
1618,6-triflatequinoline,"1c, 6-OTf-Q",1.0,0.0004,"2b, Boronic Ester",1.0,Pd(OAc)2,0.0625,dppf,0.125,Et3N,2.5,MeCN,12.88,8974897.0,,
1619,6-triflatequinoline,"1c, 6-OTf-Q",1.0,0.0004,"2b, Boronic Ester",1.0,Pd(OAc)2,0.0625,Xantphos,0.125,Et3N,2.5,MeCN,15.86,762089.06,,
1620,6-triflatequinoline,"1c, 6-OTf-Q",1.0,0.0004,"2b, Boronic Ester",1.0,Pd(OAc)2,0.0625,,,Et3N,2.5,MeCN,26.8,10160014.0,,
1621,6-triflatequinoline,"1c, 6-OTf-Q",1.0,0.0004,"2b, Boronic Ester",1.0,Pd(OAc)2,0.0625,P(tBu)3,0.125,,2.5,MeCN,80.99,3927785.5,,
1622,6-triflatequinoline,"1c, 6-OTf-Q",1.0,0.0004,"2b, Boronic Ester",1.0,Pd(OAc)2,0.0625,P(Ph)3 ,0.125,,2.5,MeCN,86.63,22582318.0,,
1623,6-triflatequinoline,"1c, 6-OTf-Q",1.0,0.0004,"2b, Boronic Ester",1.0,Pd(OAc)2,0.0625,AmPhos,0.125,,2.5,MeCN,89.02,4224897.5,,
1624,6-triflatequinoline,"1c, 6-OTf-Q",1.0,0.0004,"2b, Boronic Ester",1.0,Pd(OAc)2,0.0625,P(Cy)3,0.125,,2.5,MeCN,44.82,11450795.0,,
1625,6-triflatequinoline,"1c, 6-OTf-Q",1.0,0.0004,"2b, Boronic Ester",1.0,Pd(OAc)2,0.0625,P(o-Tol)3,0.125,,2.5,MeCN,52.39,2425041.75,,
1626,6-triflatequinoline,"1c, 6-OTf-Q",1.0,0.0004,"2b, Boronic Ester",1.0,Pd(OAc)2,0.0625,CataCXium A,0.125,,2.5,MeCN,97.25,19028356.0,,
1627,6-triflatequinoline,"1c, 6-OTf-Q",1.0,0.0004,"2b, Boronic Ester",1.0,Pd(OAc)2,0.0625,SPhos,0.125,,2.5,MeCN,61.68,2873466.5,,
1628,6-triflatequinoline,"1c, 6-OTf-Q",1.0,0.0004,"2b, Boronic Ester",1.0,Pd(OAc)2,0.0625,dtbpf,0.125,,2.5,MeCN,40.61,7412561.0,,
1629,6-triflatequinoline,"1c, 6-OTf-Q",1.0,0.0004,"2b, Boronic Ester",1.0,Pd(OAc)2,0.0625,XPhos,0.125,,2.5,MeCN,49.48,2020857.88,,
1630,6-triflatequinoline,"1c, 6-OTf-Q",1.0,0.0004,"2b, Boronic Ester",1.0,Pd(OAc)2,0.0625,dppf,0.125,,2.5,MeCN,15.88,12206543.0,,
1631,6-triflatequinoline,"1c, 6-OTf-Q",1.0,0.0004,"2b, Boronic Ester",1.0,Pd(OAc)2,0.0625,Xantphos,0.125,,2.5,MeCN,8.52,447639.34,,
1632,6-triflatequinoline,"1c, 6-OTf-Q",1.0,0.0004,"2b, Boronic Ester",1.0,Pd(OAc)2,0.0625,,,,2.5,MeCN,26.49,9582168.0,,
1633,6-triflatequinoline,"1c, 6-OTf-Q",1.0,0.0004,"2b, Boronic Ester",1.0,Pd(OAc)2,0.0625,P(tBu)3,0.125,NaOH,2.5,THF,31.45,1506604.0,,
1634,6-triflatequinoline,"1c, 6-OTf-Q",1.0,0.0004,"2b, Boronic Ester",1.0,Pd(OAc)2,0.0625,P(Ph)3 ,0.125,NaOH,2.5,THF,92.89,27222580.0,,
1635,6-triflatequinoline,"1c, 6-OTf-Q",1.0,0.0004,"2b, Boronic Ester",1.0,Pd(OAc)2,0.0625,AmPhos,0.125,NaOH,2.5,THF,23.2,1141436.13,,
1636,6-triflatequinoline,"1c, 6-OTf-Q",1.0,0.0004,"2b, Boronic Ester",1.0,Pd(OAc)2,0.0625,P(Cy)3,0.125,NaOH,2.5,THF,66.25,17158398.0,,
1637,6-triflatequinoline,"1c, 6-OTf-Q",1.0,0.0004,"2b, Boronic Ester",1.0,Pd(OAc)2,0.0625,P(o-Tol)3,0.125,NaOH,2.5,THF,32.29,1527131.88,,
1638,6-triflatequinoline,"1c, 6-OTf-Q",1.0,0.0004,"2b, Boronic Ester",1.0,Pd(OAc)2,0.0625,CataCXium A,0.125,NaOH,2.5,THF,26.8,5446783.0,,
1639,6-triflatequinoline,"1c, 6-OTf-Q",1.0,0.0004,"2b, Boronic Ester",1.0,Pd(OAc)2,0.0625,SPhos,0.125,NaOH,2.5,THF,90.94,5502791.0,,
1640,6-triflatequinoline,"1c, 6-OTf-Q",1.0,0.0004,"2b, Boronic Ester",1.0,Pd(OAc)2,0.0625,dtbpf,0.125,NaOH,2.5,THF,65.58,13743674.0,,
1641,6-triflatequinoline,"1c, 6-OTf-Q",1.0,0.0004,"2b, Boronic Ester",1.0,Pd(OAc)2,0.0625,XPhos,0.125,NaOH,2.5,THF,90.0,5110206.0,,
1642,6-triflatequinoline,"1c, 6-OTf-Q",1.0,0.0004,"2b, Boronic Ester",1.0,Pd(OAc)2,0.0625,dppf,0.125,NaOH,2.5,THF,6.38,5196786.0,,
1643,6-triflatequinoline,"1c, 6-OTf-Q",1.0,0.0004,"2b, Boronic Ester",1.0,Pd(OAc)2,0.0625,Xantphos,0.125,NaOH,2.5,THF,54.14,3109429.75,,
1644,6-triflatequinoline,"1c, 6-OTf-Q",1.0,0.0004,"2b, Boronic Ester",1.0,Pd(OAc)2,0.0625,,,NaOH,2.5,THF,40.08,13557370.0,,
1645,6-triflatequinoline,"1c, 6-OTf-Q",1.0,0.0004,"2b, Boronic Ester",1.0,Pd(OAc)2,0.0625,P(tBu)3,0.125,NaHCO3,2.5,THF,35.1,1733809.63,,
1646,6-triflatequinoline,"1c, 6-OTf-Q",1.0,0.0004,"2b, Boronic Ester",1.0,Pd(OAc)2,0.0625,P(Ph)3 ,0.125,NaHCO3,2.5,THF,96.16,30941186.0,,
1647,6-triflatequinoline,"1c, 6-OTf-Q",1.0,0.0004,"2b, Boronic Ester",1.0,Pd(OAc)2,0.0625,AmPhos,0.125,NaHCO3,2.5,THF,22.19,1244267.88,,
1648,6-triflatequinoline,"1c, 6-OTf-Q",1.0,0.0004,"2b, Boronic Ester",1.0,Pd(OAc)2,0.0625,P(Cy)3,0.125,NaHCO3,2.5,THF,95.29,27168002.0,,
1649,6-triflatequinoline,"1c, 6-OTf-Q",1.0,0.0004,"2b, Boronic Ester",1.0,Pd(OAc)2,0.0625,P(o-Tol)3,0.125,NaHCO3,2.5,THF,16.72,942480.63,,
1650,6-triflatequinoline,"1c, 6-OTf-Q",1.0,0.0004,"2b, Boronic Ester",1.0,Pd(OAc)2,0.0625,CataCXium A,0.125,NaHCO3,2.5,THF,30.07,6675445.0,,
1651,6-triflatequinoline,"1c, 6-OTf-Q",1.0,0.0004,"2b, Boronic Ester",1.0,Pd(OAc)2,0.0625,SPhos,0.125,NaHCO3,2.5,THF,76.37,4268873.0,,
1652,6-triflatequinoline,"1c, 6-OTf-Q",1.0,0.0004,"2b, Boronic Ester",1.0,Pd(OAc)2,0.0625,dtbpf,0.125,NaHCO3,2.5,THF,58.01,14812898.0,,
1653,6-triflatequinoline,"1c, 6-OTf-Q",1.0,0.0004,"2b, Boronic Ester",1.0,Pd(OAc)2,0.0625,XPhos,0.125,NaHCO3,2.5,THF,80.96,4863325.5,,
1654,6-triflatequinoline,"1c, 6-OTf-Q",1.0,0.0004,"2b, Boronic Ester",1.0,Pd(OAc)2,0.0625,dppf,0.125,NaHCO3,2.5,THF,14.14,10767332.0,,
1655,6-triflatequinoline,"1c, 6-OTf-Q",1.0,0.0004,"2b, Boronic Ester",1.0,Pd(OAc)2,0.0625,Xantphos,0.125,NaHCO3,2.5,THF,16.77,1102538.5,,
1656,6-triflatequinoline,"1c, 6-OTf-Q",1.0,0.0004,"2b, Boronic Ester",1.0,Pd(OAc)2,0.0625,,,NaHCO3,2.5,THF,29.4,11510415.0,,
1657,6-triflatequinoline,"1c, 6-OTf-Q",1.0,0.0004,"2b, Boronic Ester",1.0,Pd(OAc)2,0.0625,P(tBu)3,0.125,CsF,2.5,THF,17.48,692199.19,,
1658,6-triflatequinoline,"1c, 6-OTf-Q",1.0,0.0004,"2b, Boronic Ester",1.0,Pd(OAc)2,0.0625,P(Ph)3 ,0.125,CsF,2.5,THF,85.82,25756924.0,,
1659,6-triflatequinoline,"1c, 6-OTf-Q",1.0,0.0004,"2b, Boronic Ester",1.0,Pd(OAc)2,0.0625,AmPhos,0.125,CsF,2.5,THF,19.11,1047778.75,,
1660,6-triflatequinoline,"1c, 6-OTf-Q",1.0,0.0004,"2b, Boronic Ester",1.0,Pd(OAc)2,0.0625,P(Cy)3,0.125,CsF,2.5,THF,95.0,27956920.0,,
1661,6-triflatequinoline,"1c, 6-OTf-Q",1.0,0.0004,"2b, Boronic Ester",1.0,Pd(OAc)2,0.0625,P(o-Tol)3,0.125,CsF,2.5,THF,22.65,1328654.0,,
1662,6-triflatequinoline,"1c, 6-OTf-Q",1.0,0.0004,"2b, Boronic Ester",1.0,Pd(OAc)2,0.0625,CataCXium A,0.125,CsF,2.5,THF,37.69,8284892.5,,
1663,6-triflatequinoline,"1c, 6-OTf-Q",1.0,0.0004,"2b, Boronic Ester",1.0,Pd(OAc)2,0.0625,SPhos,0.125,CsF,2.5,THF,53.23,2946576.25,,
1664,6-triflatequinoline,"1c, 6-OTf-Q",1.0,0.0004,"2b, Boronic Ester",1.0,Pd(OAc)2,0.0625,dtbpf,0.125,CsF,2.5,THF,51.13,12319710.0,,
1665,6-triflatequinoline,"1c, 6-OTf-Q",1.0,0.0004,"2b, Boronic Ester",1.0,Pd(OAc)2,0.0625,XPhos,0.125,CsF,2.5,THF,70.51,4046734.0,,
1666,6-triflatequinoline,"1c, 6-OTf-Q",1.0,0.0004,"2b, Boronic Ester",1.0,Pd(OAc)2,0.0625,dppf,0.125,CsF,2.5,THF,69.09,15593590.0,,
1667,6-triflatequinoline,"1c, 6-OTf-Q",1.0,0.0004,"2b, Boronic Ester",1.0,Pd(OAc)2,0.0625,Xantphos,0.125,CsF,2.5,THF,12.06,838811.69,,
1668,6-triflatequinoline,"1c, 6-OTf-Q",1.0,0.0004,"2b, Boronic Ester",1.0,Pd(OAc)2,0.0625,,,CsF,2.5,THF,21.11,7098674.0,,
1669,6-triflatequinoline,"1c, 6-OTf-Q",1.0,0.0004,"2b, Boronic Ester",1.0,Pd(OAc)2,0.0625,P(tBu)3,0.125,K3PO4,2.5,THF,21.44,1298469.5,,
1670,6-triflatequinoline,"1c, 6-OTf-Q",1.0,0.0004,"2b, Boronic Ester",1.0,Pd(OAc)2,0.0625,P(Ph)3 ,0.125,K3PO4,2.5,THF,83.61,26143226.0,,
1671,6-triflatequinoline,"1c, 6-OTf-Q",1.0,0.0004,"2b, Boronic Ester",1.0,Pd(OAc)2,0.0625,AmPhos,0.125,K3PO4,2.5,THF,29.86,1526407.13,,
1672,6-triflatequinoline,"1c, 6-OTf-Q",1.0,0.0004,"2b, Boronic Ester",1.0,Pd(OAc)2,0.0625,P(Cy)3,0.125,K3PO4,2.5,THF,77.59,23789064.0,,
1673,6-triflatequinoline,"1c, 6-OTf-Q",1.0,0.0004,"2b, Boronic Ester",1.0,Pd(OAc)2,0.0625,P(o-Tol)3,0.125,K3PO4,2.5,THF,20.35,1175873.0,,
1674,6-triflatequinoline,"1c, 6-OTf-Q",1.0,0.0004,"2b, Boronic Ester",1.0,Pd(OAc)2,0.0625,CataCXium A,0.125,K3PO4,2.5,THF,31.69,7241506.5,,
1675,6-triflatequinoline,"1c, 6-OTf-Q",1.0,0.0004,"2b, Boronic Ester",1.0,Pd(OAc)2,0.0625,SPhos,0.125,K3PO4,2.5,THF,55.07,2985342.0,,
1676,6-triflatequinoline,"1c, 6-OTf-Q",1.0,0.0004,"2b, Boronic Ester",1.0,Pd(OAc)2,0.0625,dtbpf,0.125,K3PO4,2.5,THF,54.95,11921065.0,,
1677,6-triflatequinoline,"1c, 6-OTf-Q",1.0,0.0004,"2b, Boronic Ester",1.0,Pd(OAc)2,0.0625,XPhos,0.125,K3PO4,2.5,THF,65.8,3551089.0,,
1678,6-triflatequinoline,"1c, 6-OTf-Q",1.0,0.0004,"2b, Boronic Ester",1.0,Pd(OAc)2,0.0625,dppf,0.125,K3PO4,2.5,THF,12.54,8143929.5,,
1679,6-triflatequinoline,"1c, 6-OTf-Q",1.0,0.0004,"2b, Boronic Ester",1.0,Pd(OAc)2,0.0625,Xantphos,0.125,K3PO4,2.5,THF,10.97,891493.25,,
1680,6-triflatequinoline,"1c, 6-OTf-Q",1.0,0.0004,"2b, Boronic Ester",1.0,Pd(OAc)2,0.0625,,,K3PO4,2.5,THF,29.26,10294901.0,,
1681,6-triflatequinoline,"1c, 6-OTf-Q",1.0,0.0004,"2b, Boronic Ester",1.0,Pd(OAc)2,0.0625,P(tBu)3,0.125,KOH,2.5,THF,37.31,1650805.88,,
1682,6-triflatequinoline,"1c, 6-OTf-Q",1.0,0.0004,"2b, Boronic Ester",1.0,Pd(OAc)2,0.0625,P(Ph)3 ,0.125,KOH,2.5,THF,90.75,25953378.0,,
1683,6-triflatequinoline,"1c, 6-OTf-Q",1.0,0.0004,"2b, Boronic Ester",1.0,Pd(OAc)2,0.0625,AmPhos,0.125,KOH,2.5,THF,23.77,1144794.63,,
1684,6-triflatequinoline,"1c, 6-OTf-Q",1.0,0.0004,"2b, Boronic Ester",1.0,Pd(OAc)2,0.0625,P(Cy)3,0.125,KOH,2.5,THF,75.02,22811378.0,,
1685,6-triflatequinoline,"1c, 6-OTf-Q",1.0,0.0004,"2b, Boronic Ester",1.0,Pd(OAc)2,0.0625,P(o-Tol)3,0.125,KOH,2.5,THF,33.92,1961079.88,,
1686,6-triflatequinoline,"1c, 6-OTf-Q",1.0,0.0004,"2b, Boronic Ester",1.0,Pd(OAc)2,0.0625,CataCXium A,0.125,KOH,2.5,THF,23.22,4056976.0,,
1687,6-triflatequinoline,"1c, 6-OTf-Q",1.0,0.0004,"2b, Boronic Ester",1.0,Pd(OAc)2,0.0625,SPhos,0.125,KOH,2.5,THF,82.31,4309489.0,,
1688,6-triflatequinoline,"1c, 6-OTf-Q",1.0,0.0004,"2b, Boronic Ester",1.0,Pd(OAc)2,0.0625,dtbpf,0.125,KOH,2.5,THF,64.35,15293629.0,,
1689,6-triflatequinoline,"1c, 6-OTf-Q",1.0,0.0004,"2b, Boronic Ester",1.0,Pd(OAc)2,0.0625,XPhos,0.125,KOH,2.5,THF,84.34,4910547.5,,
1690,6-triflatequinoline,"1c, 6-OTf-Q",1.0,0.0004,"2b, Boronic Ester",1.0,Pd(OAc)2,0.0625,dppf,0.125,KOH,2.5,THF,9.25,4803537.0,,
1691,6-triflatequinoline,"1c, 6-OTf-Q",1.0,0.0004,"2b, Boronic Ester",1.0,Pd(OAc)2,0.0625,Xantphos,0.125,KOH,2.5,THF,43.3,2621809.75,,
1692,6-triflatequinoline,"1c, 6-OTf-Q",1.0,0.0004,"2b, Boronic Ester",1.0,Pd(OAc)2,0.0625,,,KOH,2.5,THF,46.91,16430633.0,,
1693,6-triflatequinoline,"1c, 6-OTf-Q",1.0,0.0004,"2b, Boronic Ester",1.0,Pd(OAc)2,0.0625,P(tBu)3,0.125,LiOtBu,2.5,THF,38.88,2019605.88,,
1694,6-triflatequinoline,"1c, 6-OTf-Q",1.0,0.0004,"2b, Boronic Ester",1.0,Pd(OAc)2,0.0625,P(Ph)3 ,0.125,LiOtBu,2.5,THF,94.45,29667678.0,,
1695,6-triflatequinoline,"1c, 6-OTf-Q",1.0,0.0004,"2b, Boronic Ester",1.0,Pd(OAc)2,0.0625,AmPhos,0.125,LiOtBu,2.5,THF,20.51,1092574.38,,
1696,6-triflatequinoline,"1c, 6-OTf-Q",1.0,0.0004,"2b, Boronic Ester",1.0,Pd(OAc)2,0.0625,P(Cy)3,0.125,LiOtBu,2.5,THF,79.1,23962614.0,,
1697,6-triflatequinoline,"1c, 6-OTf-Q",1.0,0.0004,"2b, Boronic Ester",1.0,Pd(OAc)2,0.0625,P(o-Tol)3,0.125,LiOtBu,2.5,THF,30.29,1427431.5,,
1698,6-triflatequinoline,"1c, 6-OTf-Q",1.0,0.0004,"2b, Boronic Ester",1.0,Pd(OAc)2,0.0625,CataCXium A,0.125,LiOtBu,2.5,THF,18.55,3240164.0,,
1699,6-triflatequinoline,"1c, 6-OTf-Q",1.0,0.0004,"2b, Boronic Ester",1.0,Pd(OAc)2,0.0625,SPhos,0.125,LiOtBu,2.5,THF,94.27,5393727.0,,
1700,6-triflatequinoline,"1c, 6-OTf-Q",1.0,0.0004,"2b, Boronic Ester",1.0,Pd(OAc)2,0.0625,dtbpf,0.125,LiOtBu,2.5,THF,57.39,14823349.0,,
1701,6-triflatequinoline,"1c, 6-OTf-Q",1.0,0.0004,"2b, Boronic Ester",1.0,Pd(OAc)2,0.0625,XPhos,0.125,LiOtBu,2.5,THF,93.61,5451300.5,,
1702,6-triflatequinoline,"1c, 6-OTf-Q",1.0,0.0004,"2b, Boronic Ester",1.0,Pd(OAc)2,0.0625,dppf,0.125,LiOtBu,2.5,THF,33.53,6941392.0,,
1703,6-triflatequinoline,"1c, 6-OTf-Q",1.0,0.0004,"2b, Boronic Ester",1.0,Pd(OAc)2,0.0625,Xantphos,0.125,LiOtBu,2.5,THF,48.91,2938223.25,,
1704,6-triflatequinoline,"1c, 6-OTf-Q",1.0,0.0004,"2b, Boronic Ester",1.0,Pd(OAc)2,0.0625,,,LiOtBu,2.5,THF,46.59,16135383.0,,
1705,6-triflatequinoline,"1c, 6-OTf-Q",1.0,0.0004,"2b, Boronic Ester",1.0,Pd(OAc)2,0.0625,P(tBu)3,0.125,Et3N,2.5,THF,37.8,2049699.75,,
1706,6-triflatequinoline,"1c, 6-OTf-Q",1.0,0.0004,"2b, Boronic Ester",1.0,Pd(OAc)2,0.0625,P(Ph)3 ,0.125,Et3N,2.5,THF,96.02,30387574.0,,
1707,6-triflatequinoline,"1c, 6-OTf-Q",1.0,0.0004,"2b, Boronic Ester",1.0,Pd(OAc)2,0.0625,AmPhos,0.125,Et3N,2.5,THF,15.05,763297.81,,
1708,6-triflatequinoline,"1c, 6-OTf-Q",1.0,0.0004,"2b, Boronic Ester",1.0,Pd(OAc)2,0.0625,P(Cy)3,0.125,Et3N,2.5,THF,73.27,21757338.0,,
1709,6-triflatequinoline,"1c, 6-OTf-Q",1.0,0.0004,"2b, Boronic Ester",1.0,Pd(OAc)2,0.0625,P(o-Tol)3,0.125,Et3N,2.5,THF,35.32,2209178.0,,
1710,6-triflatequinoline,"1c, 6-OTf-Q",1.0,0.0004,"2b, Boronic Ester",1.0,Pd(OAc)2,0.0625,CataCXium A,0.125,Et3N,2.5,THF,28.86,6571882.0,,
1711,6-triflatequinoline,"1c, 6-OTf-Q",1.0,0.0004,"2b, Boronic Ester",1.0,Pd(OAc)2,0.0625,SPhos,0.125,Et3N,2.5,THF,95.06,5462145.0,,
1712,6-triflatequinoline,"1c, 6-OTf-Q",1.0,0.0004,"2b, Boronic Ester",1.0,Pd(OAc)2,0.0625,dtbpf,0.125,Et3N,2.5,THF,57.25,15298195.0,,
1713,6-triflatequinoline,"1c, 6-OTf-Q",1.0,0.0004,"2b, Boronic Ester",1.0,Pd(OAc)2,0.0625,XPhos,0.125,Et3N,2.5,THF,91.7,5855840.5,,
1714,6-triflatequinoline,"1c, 6-OTf-Q",1.0,0.0004,"2b, Boronic Ester",1.0,Pd(OAc)2,0.0625,dppf,0.125,Et3N,2.5,THF,8.74,5305631.5,,
1715,6-triflatequinoline,"1c, 6-OTf-Q",1.0,0.0004,"2b, Boronic Ester",1.0,Pd(OAc)2,0.0625,Xantphos,0.125,Et3N,2.5,THF,44.42,2768792.75,,
1716,6-triflatequinoline,"1c, 6-OTf-Q",1.0,0.0004,"2b, Boronic Ester",1.0,Pd(OAc)2,0.0625,,,Et3N,2.5,THF,43.27,15679422.0,,
1717,6-triflatequinoline,"1c, 6-OTf-Q",1.0,0.0004,"2b, Boronic Ester",1.0,Pd(OAc)2,0.0625,P(tBu)3,0.125,,2.5,THF,39.91,2225559.75,,
1718,6-triflatequinoline,"1c, 6-OTf-Q",1.0,0.0004,"2b, Boronic Ester",1.0,Pd(OAc)2,0.0625,P(Ph)3 ,0.125,,2.5,THF,96.15,29006816.0,,
1719,6-triflatequinoline,"1c, 6-OTf-Q",1.0,0.0004,"2b, Boronic Ester",1.0,Pd(OAc)2,0.0625,AmPhos,0.125,,2.5,THF,25.97,1618921.75,,
1720,6-triflatequinoline,"1c, 6-OTf-Q",1.0,0.0004,"2b, Boronic Ester",1.0,Pd(OAc)2,0.0625,P(Cy)3,0.125,,2.5,THF,94.3,28578316.0,,
1721,6-triflatequinoline,"1c, 6-OTf-Q",1.0,0.0004,"2b, Boronic Ester",1.0,Pd(OAc)2,0.0625,P(o-Tol)3,0.125,,2.5,THF,25.48,1353014.63,,
1722,6-triflatequinoline,"1c, 6-OTf-Q",1.0,0.0004,"2b, Boronic Ester",1.0,Pd(OAc)2,0.0625,CataCXium A,0.125,,2.5,THF,26.31,5646889.0,,
1723,6-triflatequinoline,"1c, 6-OTf-Q",1.0,0.0004,"2b, Boronic Ester",1.0,Pd(OAc)2,0.0625,SPhos,0.125,,2.5,THF,82.24,4713323.5,,
1724,6-triflatequinoline,"1c, 6-OTf-Q",1.0,0.0004,"2b, Boronic Ester",1.0,Pd(OAc)2,0.0625,dtbpf,0.125,,2.5,THF,60.2,14276764.0,,
1725,6-triflatequinoline,"1c, 6-OTf-Q",1.0,0.0004,"2b, Boronic Ester",1.0,Pd(OAc)2,0.0625,XPhos,0.125,,2.5,THF,81.88,5038834.5,,
1726,6-triflatequinoline,"1c, 6-OTf-Q",1.0,0.0004,"2b, Boronic Ester",1.0,Pd(OAc)2,0.0625,dppf,0.125,,2.5,THF,16.6,12705058.0,,
1727,6-triflatequinoline,"1c, 6-OTf-Q",1.0,0.0004,"2b, Boronic Ester",1.0,Pd(OAc)2,0.0625,Xantphos,0.125,,2.5,THF,21.46,1529838.63,,
1728,6-triflatequinoline,"1c, 6-OTf-Q",1.0,0.0004,"2b, Boronic Ester",1.0,Pd(OAc)2,0.0625,,,,2.5,THF,34.16,11818527.0,,
1729,6-triflatequinoline,"1c, 6-OTf-Q",1.0,0.0004,"2b, Boronic Ester",1.0,Pd(OAc)2,0.0625,P(tBu)3,0.125,NaOH,2.5,DMF,52.87,2702419.0,,
1730,6-triflatequinoline,"1c, 6-OTf-Q",1.0,0.0004,"2b, Boronic Ester",1.0,Pd(OAc)2,0.0625,P(Ph)3 ,0.125,NaOH,2.5,DMF,71.41,15721479.0,,
1731,6-triflatequinoline,"1c, 6-OTf-Q",1.0,0.0004,"2b, Boronic Ester",1.0,Pd(OAc)2,0.0625,AmPhos,0.125,NaOH,2.5,DMF,43.54,1982755.0,,
1732,6-triflatequinoline,"1c, 6-OTf-Q",1.0,0.0004,"2b, Boronic Ester",1.0,Pd(OAc)2,0.0625,P(Cy)3,0.125,NaOH,2.5,DMF,54.68,13617631.0,,
1733,6-triflatequinoline,"1c, 6-OTf-Q",1.0,0.0004,"2b, Boronic Ester",1.0,Pd(OAc)2,0.0625,P(o-Tol)3,0.125,NaOH,2.5,DMF,29.2,282315.38,,
1734,6-triflatequinoline,"1c, 6-OTf-Q",1.0,0.0004,"2b, Boronic Ester",1.0,Pd(OAc)2,0.0625,CataCXium A,0.125,NaOH,2.5,DMF,23.29,588691.88,,
1735,6-triflatequinoline,"1c, 6-OTf-Q",1.0,0.0004,"2b, Boronic Ester",1.0,Pd(OAc)2,0.0625,SPhos,0.125,NaOH,2.5,DMF,70.63,262298.69,,
1736,6-triflatequinoline,"1c, 6-OTf-Q",1.0,0.0004,"2b, Boronic Ester",1.0,Pd(OAc)2,0.0625,dtbpf,0.125,NaOH,2.5,DMF,40.86,1389124.38,,
1737,6-triflatequinoline,"1c, 6-OTf-Q",1.0,0.0004,"2b, Boronic Ester",1.0,Pd(OAc)2,0.0625,XPhos,0.125,NaOH,2.5,DMF,68.92,1903996.13,,
1738,6-triflatequinoline,"1c, 6-OTf-Q",1.0,0.0004,"2b, Boronic Ester",1.0,Pd(OAc)2,0.0625,dppf,0.125,NaOH,2.5,DMF,4.68,1931275.5,,
1739,6-triflatequinoline,"1c, 6-OTf-Q",1.0,0.0004,"2b, Boronic Ester",1.0,Pd(OAc)2,0.0625,Xantphos,0.125,NaOH,2.5,DMF,24.97,1040304.25,,
1740,6-triflatequinoline,"1c, 6-OTf-Q",1.0,0.0004,"2b, Boronic Ester",1.0,Pd(OAc)2,0.0625,,,NaOH,2.5,DMF,28.48,7605996.0,,
1741,6-triflatequinoline,"1c, 6-OTf-Q",1.0,0.0004,"2b, Boronic Ester",1.0,Pd(OAc)2,0.0625,P(tBu)3,0.125,NaHCO3,2.5,DMF,22.8,853099.5,,
1742,6-triflatequinoline,"1c, 6-OTf-Q",1.0,0.0004,"2b, Boronic Ester",1.0,Pd(OAc)2,0.0625,P(Ph)3 ,0.125,NaHCO3,2.5,DMF,90.99,20607580.0,,
1743,6-triflatequinoline,"1c, 6-OTf-Q",1.0,0.0004,"2b, Boronic Ester",1.0,Pd(OAc)2,0.0625,AmPhos,0.125,NaHCO3,2.5,DMF,46.17,2003370.75,,
1744,6-triflatequinoline,"1c, 6-OTf-Q",1.0,0.0004,"2b, Boronic Ester",1.0,Pd(OAc)2,0.0625,P(Cy)3,0.125,NaHCO3,2.5,DMF,60.25,13636926.0,,
1745,6-triflatequinoline,"1c, 6-OTf-Q",1.0,0.0004,"2b, Boronic Ester",1.0,Pd(OAc)2,0.0625,P(o-Tol)3,0.125,NaHCO3,2.5,DMF,31.45,1368584.88,,
1746,6-triflatequinoline,"1c, 6-OTf-Q",1.0,0.0004,"2b, Boronic Ester",1.0,Pd(OAc)2,0.0625,CataCXium A,0.125,NaHCO3,2.5,DMF,68.31,11905629.0,,
1747,6-triflatequinoline,"1c, 6-OTf-Q",1.0,0.0004,"2b, Boronic Ester",1.0,Pd(OAc)2,0.0625,SPhos,0.125,NaHCO3,2.5,DMF,66.35,3312754.5,,
1748,6-triflatequinoline,"1c, 6-OTf-Q",1.0,0.0004,"2b, Boronic Ester",1.0,Pd(OAc)2,0.0625,dtbpf,0.125,NaHCO3,2.5,DMF,38.51,5745594.0,,
1749,6-triflatequinoline,"1c, 6-OTf-Q",1.0,0.0004,"2b, Boronic Ester",1.0,Pd(OAc)2,0.0625,XPhos,0.125,NaHCO3,2.5,DMF,52.63,2289164.75,,
1750,6-triflatequinoline,"1c, 6-OTf-Q",1.0,0.0004,"2b, Boronic Ester",1.0,Pd(OAc)2,0.0625,dppf,0.125,NaHCO3,2.5,DMF,13.12,10200992.0,,
1751,6-triflatequinoline,"1c, 6-OTf-Q",1.0,0.0004,"2b, Boronic Ester",1.0,Pd(OAc)2,0.0625,Xantphos,0.125,NaHCO3,2.5,DMF,16.14,705186.81,,
1752,6-triflatequinoline,"1c, 6-OTf-Q",1.0,0.0004,"2b, Boronic Ester",1.0,Pd(OAc)2,0.0625,,,NaHCO3,2.5,DMF,27.04,7289690.5,,
1753,6-triflatequinoline,"1c, 6-OTf-Q",1.0,0.0004,"2b, Boronic Ester",1.0,Pd(OAc)2,0.0625,P(tBu)3,0.125,CsF,2.5,DMF,10.33,613953.31,,
1754,6-triflatequinoline,"1c, 6-OTf-Q",1.0,0.0004,"2b, Boronic Ester",1.0,Pd(OAc)2,0.0625,P(Ph)3 ,0.125,CsF,2.5,DMF,92.04,24403434.0,,
1755,6-triflatequinoline,"1c, 6-OTf-Q",1.0,0.0004,"2b, Boronic Ester",1.0,Pd(OAc)2,0.0625,AmPhos,0.125,CsF,2.5,DMF,66.56,2870140.0,,
1756,6-triflatequinoline,"1c, 6-OTf-Q",1.0,0.0004,"2b, Boronic Ester",1.0,Pd(OAc)2,0.0625,P(Cy)3,0.125,CsF,2.5,DMF,93.1,21775724.0,,
1757,6-triflatequinoline,"1c, 6-OTf-Q",1.0,0.0004,"2b, Boronic Ester",1.0,Pd(OAc)2,0.0625,P(o-Tol)3,0.125,CsF,2.5,DMF,58.79,2625419.5,,
1758,6-triflatequinoline,"1c, 6-OTf-Q",1.0,0.0004,"2b, Boronic Ester",1.0,Pd(OAc)2,0.0625,CataCXium A,0.125,CsF,2.5,DMF,91.26,14936959.0,,
1759,6-triflatequinoline,"1c, 6-OTf-Q",1.0,0.0004,"2b, Boronic Ester",1.0,Pd(OAc)2,0.0625,SPhos,0.125,CsF,2.5,DMF,72.82,3722521.25,,
1760,6-triflatequinoline,"1c, 6-OTf-Q",1.0,0.0004,"2b, Boronic Ester",1.0,Pd(OAc)2,0.0625,dtbpf,0.125,CsF,2.5,DMF,54.52,9297395.0,,
1761,6-triflatequinoline,"1c, 6-OTf-Q",1.0,0.0004,"2b, Boronic Ester",1.0,Pd(OAc)2,0.0625,XPhos,0.125,CsF,2.5,DMF,67.02,3337054.25,,
1762,6-triflatequinoline,"1c, 6-OTf-Q",1.0,0.0004,"2b, Boronic Ester",1.0,Pd(OAc)2,0.0625,dppf,0.125,CsF,2.5,DMF,77.01,13714203.0,,
1763,6-triflatequinoline,"1c, 6-OTf-Q",1.0,0.0004,"2b, Boronic Ester",1.0,Pd(OAc)2,0.0625,Xantphos,0.125,CsF,2.5,DMF,13.03,781051.5,,
1764,6-triflatequinoline,"1c, 6-OTf-Q",1.0,0.0004,"2b, Boronic Ester",1.0,Pd(OAc)2,0.0625,,,CsF,2.5,DMF,47.8,12117412.0,,
1765,6-triflatequinoline,"1c, 6-OTf-Q",1.0,0.0004,"2b, Boronic Ester",1.0,Pd(OAc)2,0.0625,P(tBu)3,0.125,K3PO4,2.5,DMF,23.79,1349421.5,,
1766,6-triflatequinoline,"1c, 6-OTf-Q",1.0,0.0004,"2b, Boronic Ester",1.0,Pd(OAc)2,0.0625,P(Ph)3 ,0.125,K3PO4,2.5,DMF,83.36,19988322.0,,
1767,6-triflatequinoline,"1c, 6-OTf-Q",1.0,0.0004,"2b, Boronic Ester",1.0,Pd(OAc)2,0.0625,AmPhos,0.125,K3PO4,2.5,DMF,66.09,2789957.75,,
1768,6-triflatequinoline,"1c, 6-OTf-Q",1.0,0.0004,"2b, Boronic Ester",1.0,Pd(OAc)2,0.0625,P(Cy)3,0.125,K3PO4,2.5,DMF,52.88,13969074.0,,
1769,6-triflatequinoline,"1c, 6-OTf-Q",1.0,0.0004,"2b, Boronic Ester",1.0,Pd(OAc)2,0.0625,P(o-Tol)3,0.125,K3PO4,2.5,DMF,43.96,1780413.25,,
1770,6-triflatequinoline,"1c, 6-OTf-Q",1.0,0.0004,"2b, Boronic Ester",1.0,Pd(OAc)2,0.0625,CataCXium A,0.125,K3PO4,2.5,DMF,65.1,11555577.0,,
1771,6-triflatequinoline,"1c, 6-OTf-Q",1.0,0.0004,"2b, Boronic Ester",1.0,Pd(OAc)2,0.0625,SPhos,0.125,K3PO4,2.5,DMF,47.6,2152158.75,,
1772,6-triflatequinoline,"1c, 6-OTf-Q",1.0,0.0004,"2b, Boronic Ester",1.0,Pd(OAc)2,0.0625,dtbpf,0.125,K3PO4,2.5,DMF,50.75,8923952.0,,
1773,6-triflatequinoline,"1c, 6-OTf-Q",1.0,0.0004,"2b, Boronic Ester",1.0,Pd(OAc)2,0.0625,XPhos,0.125,K3PO4,2.5,DMF,48.02,2195151.75,,
1774,6-triflatequinoline,"1c, 6-OTf-Q",1.0,0.0004,"2b, Boronic Ester",1.0,Pd(OAc)2,0.0625,dppf,0.125,K3PO4,2.5,DMF,9.49,6364711.5,,
1775,6-triflatequinoline,"1c, 6-OTf-Q",1.0,0.0004,"2b, Boronic Ester",1.0,Pd(OAc)2,0.0625,Xantphos,0.125,K3PO4,2.5,DMF,12.69,576091.38,,
1776,6-triflatequinoline,"1c, 6-OTf-Q",1.0,0.0004,"2b, Boronic Ester",1.0,Pd(OAc)2,0.0625,,,K3PO4,2.5,DMF,30.26,8544421.0,,
1777,6-triflatequinoline,"1c, 6-OTf-Q",1.0,0.0004,"2b, Boronic Ester",1.0,Pd(OAc)2,0.0625,P(tBu)3,0.125,KOH,2.5,DMF,39.79,2017957.75,,
1778,6-triflatequinoline,"1c, 6-OTf-Q",1.0,0.0004,"2b, Boronic Ester",1.0,Pd(OAc)2,0.0625,P(Ph)3 ,0.125,KOH,2.5,DMF,83.87,19709348.0,,
1779,6-triflatequinoline,"1c, 6-OTf-Q",1.0,0.0004,"2b, Boronic Ester",1.0,Pd(OAc)2,0.0625,AmPhos,0.125,KOH,2.5,DMF,61.52,2766510.5,,
1780,6-triflatequinoline,"1c, 6-OTf-Q",1.0,0.0004,"2b, Boronic Ester",1.0,Pd(OAc)2,0.0625,P(Cy)3,0.125,KOH,2.5,DMF,89.01,17732774.0,,
1781,6-triflatequinoline,"1c, 6-OTf-Q",1.0,0.0004,"2b, Boronic Ester",1.0,Pd(OAc)2,0.0625,P(o-Tol)3,0.125,KOH,2.5,DMF,54.78,2644487.25,,
1782,6-triflatequinoline,"1c, 6-OTf-Q",1.0,0.0004,"2b, Boronic Ester",1.0,Pd(OAc)2,0.0625,CataCXium A,0.125,KOH,2.5,DMF,52.04,9108387.0,,
1783,6-triflatequinoline,"1c, 6-OTf-Q",1.0,0.0004,"2b, Boronic Ester",1.0,Pd(OAc)2,0.0625,SPhos,0.125,KOH,2.5,DMF,74.8,3617832.5,,
1784,6-triflatequinoline,"1c, 6-OTf-Q",1.0,0.0004,"2b, Boronic Ester",1.0,Pd(OAc)2,0.0625,dtbpf,0.125,KOH,2.5,DMF,55.29,9904037.0,,
1785,6-triflatequinoline,"1c, 6-OTf-Q",1.0,0.0004,"2b, Boronic Ester",1.0,Pd(OAc)2,0.0625,XPhos,0.125,KOH,2.5,DMF,71.36,3373636.25,,
1786,6-triflatequinoline,"1c, 6-OTf-Q",1.0,0.0004,"2b, Boronic Ester",1.0,Pd(OAc)2,0.0625,dppf,0.125,KOH,2.5,DMF,10.72,5580039.0,,
1787,6-triflatequinoline,"1c, 6-OTf-Q",1.0,0.0004,"2b, Boronic Ester",1.0,Pd(OAc)2,0.0625,Xantphos,0.125,KOH,2.5,DMF,44.0,2187037.25,,
1788,6-triflatequinoline,"1c, 6-OTf-Q",1.0,0.0004,"2b, Boronic Ester",1.0,Pd(OAc)2,0.0625,,,KOH,2.5,DMF,45.32,12756488.0,,
1789,6-triflatequinoline,"1c, 6-OTf-Q",1.0,0.0004,"2b, Boronic Ester",1.0,Pd(OAc)2,0.0625,P(tBu)3,0.125,LiOtBu,2.5,DMF,61.88,3181618.0,,
1790,6-triflatequinoline,"1c, 6-OTf-Q",1.0,0.0004,"2b, Boronic Ester",1.0,Pd(OAc)2,0.0625,P(Ph)3 ,0.125,LiOtBu,2.5,DMF,89.04,21517188.0,,
1791,6-triflatequinoline,"1c, 6-OTf-Q",1.0,0.0004,"2b, Boronic Ester",1.0,Pd(OAc)2,0.0625,AmPhos,0.125,LiOtBu,2.5,DMF,67.24,2866138.25,,
1792,6-triflatequinoline,"1c, 6-OTf-Q",1.0,0.0004,"2b, Boronic Ester",1.0,Pd(OAc)2,0.0625,P(Cy)3,0.125,LiOtBu,2.5,DMF,71.21,16567390.0,,
1793,6-triflatequinoline,"1c, 6-OTf-Q",1.0,0.0004,"2b, Boronic Ester",1.0,Pd(OAc)2,0.0625,P(o-Tol)3,0.125,LiOtBu,2.5,DMF,57.62,2808868.5,,
1794,6-triflatequinoline,"1c, 6-OTf-Q",1.0,0.0004,"2b, Boronic Ester",1.0,Pd(OAc)2,0.0625,CataCXium A,0.125,LiOtBu,2.5,DMF,53.67,9151215.0,,
1795,6-triflatequinoline,"1c, 6-OTf-Q",1.0,0.0004,"2b, Boronic Ester",1.0,Pd(OAc)2,0.0625,SPhos,0.125,LiOtBu,2.5,DMF,77.06,3746374.0,,
1796,6-triflatequinoline,"1c, 6-OTf-Q",1.0,0.0004,"2b, Boronic Ester",1.0,Pd(OAc)2,0.0625,dtbpf,0.125,LiOtBu,2.5,DMF,57.45,10556956.0,,
1797,6-triflatequinoline,"1c, 6-OTf-Q",1.0,0.0004,"2b, Boronic Ester",1.0,Pd(OAc)2,0.0625,XPhos,0.125,LiOtBu,2.5,DMF,75.0,3571000.75,,
1798,6-triflatequinoline,"1c, 6-OTf-Q",1.0,0.0004,"2b, Boronic Ester",1.0,Pd(OAc)2,0.0625,dppf,0.125,LiOtBu,2.5,DMF,4.94,4907027.5,,
1799,6-triflatequinoline,"1c, 6-OTf-Q",1.0,0.0004,"2b, Boronic Ester",1.0,Pd(OAc)2,0.0625,Xantphos,0.125,LiOtBu,2.5,DMF,45.26,2165880.0,,
1800,6-triflatequinoline,"1c, 6-OTf-Q",1.0,0.0004,"2b, Boronic Ester",1.0,Pd(OAc)2,0.0625,,,LiOtBu,2.5,DMF,30.44,8374831.5,,
1801,6-triflatequinoline,"1c, 6-OTf-Q",1.0,0.0004,"2b, Boronic Ester",1.0,Pd(OAc)2,0.0625,P(tBu)3,0.125,Et3N,2.5,DMF,65.32,2988103.75,,
1802,6-triflatequinoline,"1c, 6-OTf-Q",1.0,0.0004,"2b, Boronic Ester",1.0,Pd(OAc)2,0.0625,P(Ph)3 ,0.125,Et3N,2.5,DMF,85.9,19881188.0,,
1803,6-triflatequinoline,"1c, 6-OTf-Q",1.0,0.0004,"2b, Boronic Ester",1.0,Pd(OAc)2,0.0625,AmPhos,0.125,Et3N,2.5,DMF,57.78,2435287.0,,
1804,6-triflatequinoline,"1c, 6-OTf-Q",1.0,0.0004,"2b, Boronic Ester",1.0,Pd(OAc)2,0.0625,P(Cy)3,0.125,Et3N,2.5,DMF,70.55,16060738.0,,
1805,6-triflatequinoline,"1c, 6-OTf-Q",1.0,0.0004,"2b, Boronic Ester",1.0,Pd(OAc)2,0.0625,P(o-Tol)3,0.125,Et3N,2.5,DMF,45.41,2013465.63,,
1806,6-triflatequinoline,"1c, 6-OTf-Q",1.0,0.0004,"2b, Boronic Ester",1.0,Pd(OAc)2,0.0625,CataCXium A,0.125,Et3N,2.5,DMF,53.78,8435787.0,,
1807,6-triflatequinoline,"1c, 6-OTf-Q",1.0,0.0004,"2b, Boronic Ester",1.0,Pd(OAc)2,0.0625,SPhos,0.125,Et3N,2.5,DMF,75.33,3613073.5,,
1808,6-triflatequinoline,"1c, 6-OTf-Q",1.0,0.0004,"2b, Boronic Ester",1.0,Pd(OAc)2,0.0625,dtbpf,0.125,Et3N,2.5,DMF,60.33,10685369.0,,
1809,6-triflatequinoline,"1c, 6-OTf-Q",1.0,0.0004,"2b, Boronic Ester",1.0,Pd(OAc)2,0.0625,XPhos,0.125,Et3N,2.5,DMF,65.57,2857832.0,,
1810,6-triflatequinoline,"1c, 6-OTf-Q",1.0,0.0004,"2b, Boronic Ester",1.0,Pd(OAc)2,0.0625,dppf,0.125,Et3N,2.5,DMF,7.66,4275661.0,,
1811,6-triflatequinoline,"1c, 6-OTf-Q",1.0,0.0004,"2b, Boronic Ester",1.0,Pd(OAc)2,0.0625,Xantphos,0.125,Et3N,2.5,DMF,42.84,2005711.5,,
1812,6-triflatequinoline,"1c, 6-OTf-Q",1.0,0.0004,"2b, Boronic Ester",1.0,Pd(OAc)2,0.0625,,,Et3N,2.5,DMF,38.79,10247765.0,,
1813,6-triflatequinoline,"1c, 6-OTf-Q",1.0,0.0004,"2b, Boronic Ester",1.0,Pd(OAc)2,0.0625,P(tBu)3,0.125,,2.5,DMF,60.05,2777062.5,,
1814,6-triflatequinoline,"1c, 6-OTf-Q",1.0,0.0004,"2b, Boronic Ester",1.0,Pd(OAc)2,0.0625,P(Ph)3 ,0.125,,2.5,DMF,79.66,18119036.0,,
1815,6-triflatequinoline,"1c, 6-OTf-Q",1.0,0.0004,"2b, Boronic Ester",1.0,Pd(OAc)2,0.0625,AmPhos,0.125,,2.5,DMF,45.66,1955596.13,,
1816,6-triflatequinoline,"1c, 6-OTf-Q",1.0,0.0004,"2b, Boronic Ester",1.0,Pd(OAc)2,0.0625,P(Cy)3,0.125,,2.5,DMF,68.03,15706137.0,,
1817,6-triflatequinoline,"1c, 6-OTf-Q",1.0,0.0004,"2b, Boronic Ester",1.0,Pd(OAc)2,0.0625,P(o-Tol)3,0.125,,2.5,DMF,52.13,2426257.0,,
1818,6-triflatequinoline,"1c, 6-OTf-Q",1.0,0.0004,"2b, Boronic Ester",1.0,Pd(OAc)2,0.0625,CataCXium A,0.125,,2.5,DMF,49.82,8691747.0,,
1819,6-triflatequinoline,"1c, 6-OTf-Q",1.0,0.0004,"2b, Boronic Ester",1.0,Pd(OAc)2,0.0625,SPhos,0.125,,2.5,DMF,71.12,3444218.5,,
1820,6-triflatequinoline,"1c, 6-OTf-Q",1.0,0.0004,"2b, Boronic Ester",1.0,Pd(OAc)2,0.0625,dtbpf,0.125,,2.5,DMF,48.21,8334061.5,,
1821,6-triflatequinoline,"1c, 6-OTf-Q",1.0,0.0004,"2b, Boronic Ester",1.0,Pd(OAc)2,0.0625,XPhos,0.125,,2.5,DMF,74.08,3663967.75,,
1822,6-triflatequinoline,"1c, 6-OTf-Q",1.0,0.0004,"2b, Boronic Ester",1.0,Pd(OAc)2,0.0625,dppf,0.125,,2.5,DMF,10.39,6315785.5,,
1823,6-triflatequinoline,"1c, 6-OTf-Q",1.0,0.0004,"2b, Boronic Ester",1.0,Pd(OAc)2,0.0625,Xantphos,0.125,,2.5,DMF,41.87,2100080.0,,
1824,6-triflatequinoline,"1c, 6-OTf-Q",1.0,0.0004,"2b, Boronic Ester",1.0,Pd(OAc)2,0.0625,,,,2.5,DMF,27.76,7717838.5,,
1825,6-triflatequinoline,"1c, 6-OTf-Q",1.0,0.0004,"2b, Boronic Ester",1.0,Pd(OAc)2,0.0625,P(tBu)3,0.125,NaOH,2.5,MeOH,28.74,1331901.38,,
1826,6-triflatequinoline,"1c, 6-OTf-Q",1.0,0.0004,"2b, Boronic Ester",1.0,Pd(OAc)2,0.0625,P(Ph)3 ,0.125,NaOH,2.5,MeOH,91.0,19532634.0,,
1827,6-triflatequinoline,"1c, 6-OTf-Q",1.0,0.0004,"2b, Boronic Ester",1.0,Pd(OAc)2,0.0625,AmPhos,0.125,NaOH,2.5,MeOH,46.01,1963413.13,,
1828,6-triflatequinoline,"1c, 6-OTf-Q",1.0,0.0004,"2b, Boronic Ester",1.0,Pd(OAc)2,0.0625,P(Cy)3,0.125,NaOH,2.5,MeOH,62.34,12460931.0,,
1829,6-triflatequinoline,"1c, 6-OTf-Q",1.0,0.0004,"2b, Boronic Ester",1.0,Pd(OAc)2,0.0625,P(o-Tol)3,0.125,NaOH,2.5,MeOH,54.12,2247134.25,,
1830,6-triflatequinoline,"1c, 6-OTf-Q",1.0,0.0004,"2b, Boronic Ester",1.0,Pd(OAc)2,0.0625,CataCXium A,0.125,NaOH,2.5,MeOH,36.3,5962395.5,,
1831,6-triflatequinoline,"1c, 6-OTf-Q",1.0,0.0004,"2b, Boronic Ester",1.0,Pd(OAc)2,0.0625,SPhos,0.125,NaOH,2.5,MeOH,72.63,3246571.75,,
1832,6-triflatequinoline,"1c, 6-OTf-Q",1.0,0.0004,"2b, Boronic Ester",1.0,Pd(OAc)2,0.0625,dtbpf,0.125,NaOH,2.5,MeOH,39.8,7212123.0,,
1833,6-triflatequinoline,"1c, 6-OTf-Q",1.0,0.0004,"2b, Boronic Ester",1.0,Pd(OAc)2,0.0625,XPhos,0.125,NaOH,2.5,MeOH,63.61,2743850.5,,
1834,6-triflatequinoline,"1c, 6-OTf-Q",1.0,0.0004,"2b, Boronic Ester",1.0,Pd(OAc)2,0.0625,dppf,0.125,NaOH,2.5,MeOH,56.0,10428041.0,,
1835,6-triflatequinoline,"1c, 6-OTf-Q",1.0,0.0004,"2b, Boronic Ester",1.0,Pd(OAc)2,0.0625,Xantphos,0.125,NaOH,2.5,MeOH,13.51,605059.44,,
1836,6-triflatequinoline,"1c, 6-OTf-Q",1.0,0.0004,"2b, Boronic Ester",1.0,Pd(OAc)2,0.0625,,,NaOH,2.5,MeOH,56.71,16386373.0,,
1837,6-triflatequinoline,"1c, 6-OTf-Q",1.0,0.0004,"2b, Boronic Ester",1.0,Pd(OAc)2,0.0625,P(tBu)3,0.125,NaHCO3,2.5,MeOH,26.25,1107408.38,,
1838,6-triflatequinoline,"1c, 6-OTf-Q",1.0,0.0004,"2b, Boronic Ester",1.0,Pd(OAc)2,0.0625,P(Ph)3 ,0.125,NaHCO3,2.5,MeOH,92.54,18938720.0,,
1839,6-triflatequinoline,"1c, 6-OTf-Q",1.0,0.0004,"2b, Boronic Ester",1.0,Pd(OAc)2,0.0625,AmPhos,0.125,NaHCO3,2.5,MeOH,54.75,2353662.5,,
1840,6-triflatequinoline,"1c, 6-OTf-Q",1.0,0.0004,"2b, Boronic Ester",1.0,Pd(OAc)2,0.0625,P(Cy)3,0.125,NaHCO3,2.5,MeOH,89.22,19752498.0,,
1841,6-triflatequinoline,"1c, 6-OTf-Q",1.0,0.0004,"2b, Boronic Ester",1.0,Pd(OAc)2,0.0625,P(o-Tol)3,0.125,NaHCO3,2.5,MeOH,55.28,2300511.75,,
1842,6-triflatequinoline,"1c, 6-OTf-Q",1.0,0.0004,"2b, Boronic Ester",1.0,Pd(OAc)2,0.0625,CataCXium A,0.125,NaHCO3,2.5,MeOH,46.34,7217163.5,,
1843,6-triflatequinoline,"1c, 6-OTf-Q",1.0,0.0004,"2b, Boronic Ester",1.0,Pd(OAc)2,0.0625,SPhos,0.125,NaHCO3,2.5,MeOH,57.38,2320640.0,,
1844,6-triflatequinoline,"1c, 6-OTf-Q",1.0,0.0004,"2b, Boronic Ester",1.0,Pd(OAc)2,0.0625,dtbpf,0.125,NaHCO3,2.5,MeOH,34.96,5437989.5,,
1845,6-triflatequinoline,"1c, 6-OTf-Q",1.0,0.0004,"2b, Boronic Ester",1.0,Pd(OAc)2,0.0625,XPhos,0.125,NaHCO3,2.5,MeOH,56.03,2140098.5,,
1846,6-triflatequinoline,"1c, 6-OTf-Q",1.0,0.0004,"2b, Boronic Ester",1.0,Pd(OAc)2,0.0625,dppf,0.125,NaHCO3,2.5,MeOH,60.07,11392238.0,,
1847,6-triflatequinoline,"1c, 6-OTf-Q",1.0,0.0004,"2b, Boronic Ester",1.0,Pd(OAc)2,0.0625,Xantphos,0.125,NaHCO3,2.5,MeOH,8.14,221851.27,,
1848,6-triflatequinoline,"1c, 6-OTf-Q",1.0,0.0004,"2b, Boronic Ester",1.0,Pd(OAc)2,0.0625,,,NaHCO3,2.5,MeOH,48.04,12907427.0,,
1849,6-triflatequinoline,"1c, 6-OTf-Q",1.0,0.0004,"2b, Boronic Ester",1.0,Pd(OAc)2,0.0625,P(tBu)3,0.125,CsF,2.5,MeOH,30.54,1327528.75,,
1850,6-triflatequinoline,"1c, 6-OTf-Q",1.0,0.0004,"2b, Boronic Ester",1.0,Pd(OAc)2,0.0625,P(Ph)3 ,0.125,CsF,2.5,MeOH,80.77,16487344.0,,
1851,6-triflatequinoline,"1c, 6-OTf-Q",1.0,0.0004,"2b, Boronic Ester",1.0,Pd(OAc)2,0.0625,AmPhos,0.125,CsF,2.5,MeOH,38.15,1582928.13,,
1852,6-triflatequinoline,"1c, 6-OTf-Q",1.0,0.0004,"2b, Boronic Ester",1.0,Pd(OAc)2,0.0625,P(Cy)3,0.125,CsF,2.5,MeOH,79.56,17953730.0,,
1853,6-triflatequinoline,"1c, 6-OTf-Q",1.0,0.0004,"2b, Boronic Ester",1.0,Pd(OAc)2,0.0625,P(o-Tol)3,0.125,CsF,2.5,MeOH,48.82,2165529.75,,
1854,6-triflatequinoline,"1c, 6-OTf-Q",1.0,0.0004,"2b, Boronic Ester",1.0,Pd(OAc)2,0.0625,CataCXium A,0.125,CsF,2.5,MeOH,41.54,6279223.0,,
1855,6-triflatequinoline,"1c, 6-OTf-Q",1.0,0.0004,"2b, Boronic Ester",1.0,Pd(OAc)2,0.0625,SPhos,0.125,CsF,2.5,MeOH,31.36,1338290.75,,
1856,6-triflatequinoline,"1c, 6-OTf-Q",1.0,0.0004,"2b, Boronic Ester",1.0,Pd(OAc)2,0.0625,dtbpf,0.125,CsF,2.5,MeOH,41.41,3667471.75,,
1857,6-triflatequinoline,"1c, 6-OTf-Q",1.0,0.0004,"2b, Boronic Ester",1.0,Pd(OAc)2,0.0625,XPhos,0.125,CsF,2.5,MeOH,36.08,1447539.5,,
1858,6-triflatequinoline,"1c, 6-OTf-Q",1.0,0.0004,"2b, Boronic Ester",1.0,Pd(OAc)2,0.0625,dppf,0.125,CsF,2.5,MeOH,36.34,6858156.0,,
1859,6-triflatequinoline,"1c, 6-OTf-Q",1.0,0.0004,"2b, Boronic Ester",1.0,Pd(OAc)2,0.0625,Xantphos,0.125,CsF,2.5,MeOH,3.82,162398.36,,
1860,6-triflatequinoline,"1c, 6-OTf-Q",1.0,0.0004,"2b, Boronic Ester",1.0,Pd(OAc)2,0.0625,,,CsF,2.5,MeOH,25.24,6826150.5,,
1861,6-triflatequinoline,"1c, 6-OTf-Q",1.0,0.0004,"2b, Boronic Ester",1.0,Pd(OAc)2,0.0625,P(tBu)3,0.125,K3PO4,2.5,MeOH,25.47,1373015.63,,
1862,6-triflatequinoline,"1c, 6-OTf-Q",1.0,0.0004,"2b, Boronic Ester",1.0,Pd(OAc)2,0.0625,P(Ph)3 ,0.125,K3PO4,2.5,MeOH,94.74,20916812.0,,
1863,6-triflatequinoline,"1c, 6-OTf-Q",1.0,0.0004,"2b, Boronic Ester",1.0,Pd(OAc)2,0.0625,AmPhos,0.125,K3PO4,2.5,MeOH,55.38,2706678.0,,
1864,6-triflatequinoline,"1c, 6-OTf-Q",1.0,0.0004,"2b, Boronic Ester",1.0,Pd(OAc)2,0.0625,P(Cy)3,0.125,K3PO4,2.5,MeOH,83.07,19013708.0,,
1865,6-triflatequinoline,"1c, 6-OTf-Q",1.0,0.0004,"2b, Boronic Ester",1.0,Pd(OAc)2,0.0625,P(o-Tol)3,0.125,K3PO4,2.5,MeOH,61.24,3033937.0,,
1866,6-triflatequinoline,"1c, 6-OTf-Q",1.0,0.0004,"2b, Boronic Ester",1.0,Pd(OAc)2,0.0625,CataCXium A,0.125,K3PO4,2.5,MeOH,40.4,6766544.0,,
1867,6-triflatequinoline,"1c, 6-OTf-Q",1.0,0.0004,"2b, Boronic Ester",1.0,Pd(OAc)2,0.0625,SPhos,0.125,K3PO4,2.5,MeOH,74.29,3595022.75,,
1868,6-triflatequinoline,"1c, 6-OTf-Q",1.0,0.0004,"2b, Boronic Ester",1.0,Pd(OAc)2,0.0625,dtbpf,0.125,K3PO4,2.5,MeOH,43.56,6333190.0,,
1869,6-triflatequinoline,"1c, 6-OTf-Q",1.0,0.0004,"2b, Boronic Ester",1.0,Pd(OAc)2,0.0625,XPhos,0.125,K3PO4,2.5,MeOH,68.52,3160833.25,,
1870,6-triflatequinoline,"1c, 6-OTf-Q",1.0,0.0004,"2b, Boronic Ester",1.0,Pd(OAc)2,0.0625,dppf,0.125,K3PO4,2.5,MeOH,72.78,15589857.0,,
1871,6-triflatequinoline,"1c, 6-OTf-Q",1.0,0.0004,"2b, Boronic Ester",1.0,Pd(OAc)2,0.0625,Xantphos,0.125,K3PO4,2.5,MeOH,7.86,354717.63,,
1872,6-triflatequinoline,"1c, 6-OTf-Q",1.0,0.0004,"2b, Boronic Ester",1.0,Pd(OAc)2,0.0625,,,K3PO4,2.5,MeOH,56.83,14228842.0,,
1873,6-triflatequinoline,"1c, 6-OTf-Q",1.0,0.0004,"2b, Boronic Ester",1.0,Pd(OAc)2,0.0625,P(tBu)3,0.125,KOH,2.5,MeOH,19.33,1011775.06,,
1874,6-triflatequinoline,"1c, 6-OTf-Q",1.0,0.0004,"2b, Boronic Ester",1.0,Pd(OAc)2,0.0625,P(Ph)3 ,0.125,KOH,2.5,MeOH,94.2,21440310.0,,
1875,6-triflatequinoline,"1c, 6-OTf-Q",1.0,0.0004,"2b, Boronic Ester",1.0,Pd(OAc)2,0.0625,AmPhos,0.125,KOH,2.5,MeOH,51.1,2662507.5,,
1876,6-triflatequinoline,"1c, 6-OTf-Q",1.0,0.0004,"2b, Boronic Ester",1.0,Pd(OAc)2,0.0625,P(Cy)3,0.125,KOH,2.5,MeOH,82.87,18758404.0,,
1877,6-triflatequinoline,"1c, 6-OTf-Q",1.0,0.0004,"2b, Boronic Ester",1.0,Pd(OAc)2,0.0625,P(o-Tol)3,0.125,KOH,2.5,MeOH,58.21,2553912.75,,
1878,6-triflatequinoline,"1c, 6-OTf-Q",1.0,0.0004,"2b, Boronic Ester",1.0,Pd(OAc)2,0.0625,CataCXium A,0.125,KOH,2.5,MeOH,35.0,5682875.5,,
1879,6-triflatequinoline,"1c, 6-OTf-Q",1.0,0.0004,"2b, Boronic Ester",1.0,Pd(OAc)2,0.0625,SPhos,0.125,KOH,2.5,MeOH,73.51,3590126.25,,
1880,6-triflatequinoline,"1c, 6-OTf-Q",1.0,0.0004,"2b, Boronic Ester",1.0,Pd(OAc)2,0.0625,dtbpf,0.125,KOH,2.5,MeOH,50.39,8153398.5,,
1881,6-triflatequinoline,"1c, 6-OTf-Q",1.0,0.0004,"2b, Boronic Ester",1.0,Pd(OAc)2,0.0625,XPhos,0.125,KOH,2.5,MeOH,71.6,3433855.0,,
1882,6-triflatequinoline,"1c, 6-OTf-Q",1.0,0.0004,"2b, Boronic Ester",1.0,Pd(OAc)2,0.0625,dppf,0.125,KOH,2.5,MeOH,73.84,13561568.0,,
1883,6-triflatequinoline,"1c, 6-OTf-Q",1.0,0.0004,"2b, Boronic Ester",1.0,Pd(OAc)2,0.0625,Xantphos,0.125,KOH,2.5,MeOH,8.77,472824.03,,
1884,6-triflatequinoline,"1c, 6-OTf-Q",1.0,0.0004,"2b, Boronic Ester",1.0,Pd(OAc)2,0.0625,,,KOH,2.5,MeOH,60.3,15821829.0,,
1885,6-triflatequinoline,"1c, 6-OTf-Q",1.0,0.0004,"2b, Boronic Ester",1.0,Pd(OAc)2,0.0625,P(tBu)3,0.125,LiOtBu,2.5,MeOH,22.38,1115884.13,,
1886,6-triflatequinoline,"1c, 6-OTf-Q",1.0,0.0004,"2b, Boronic Ester",1.0,Pd(OAc)2,0.0625,P(Ph)3 ,0.125,LiOtBu,2.5,MeOH,94.74,18383950.0,,
1887,6-triflatequinoline,"1c, 6-OTf-Q",1.0,0.0004,"2b, Boronic Ester",1.0,Pd(OAc)2,0.0625,AmPhos,0.125,LiOtBu,2.5,MeOH,50.15,2517936.0,,
1888,6-triflatequinoline,"1c, 6-OTf-Q",1.0,0.0004,"2b, Boronic Ester",1.0,Pd(OAc)2,0.0625,P(Cy)3,0.125,LiOtBu,2.5,MeOH,86.78,19385412.0,,
1889,6-triflatequinoline,"1c, 6-OTf-Q",1.0,0.0004,"2b, Boronic Ester",1.0,Pd(OAc)2,0.0625,P(o-Tol)3,0.125,LiOtBu,2.5,MeOH,58.07,2681826.75,,
1890,6-triflatequinoline,"1c, 6-OTf-Q",1.0,0.0004,"2b, Boronic Ester",1.0,Pd(OAc)2,0.0625,CataCXium A,0.125,LiOtBu,2.5,MeOH,36.27,6180188.5,,
1891,6-triflatequinoline,"1c, 6-OTf-Q",1.0,0.0004,"2b, Boronic Ester",1.0,Pd(OAc)2,0.0625,SPhos,0.125,LiOtBu,2.5,MeOH,76.49,3466353.25,,
1892,6-triflatequinoline,"1c, 6-OTf-Q",1.0,0.0004,"2b, Boronic Ester",1.0,Pd(OAc)2,0.0625,dtbpf,0.125,LiOtBu,2.5,MeOH,51.87,8669814.0,,
1893,6-triflatequinoline,"1c, 6-OTf-Q",1.0,0.0004,"2b, Boronic Ester",1.0,Pd(OAc)2,0.0625,XPhos,0.125,LiOtBu,2.5,MeOH,76.38,3581719.5,,
1894,6-triflatequinoline,"1c, 6-OTf-Q",1.0,0.0004,"2b, Boronic Ester",1.0,Pd(OAc)2,0.0625,dppf,0.125,LiOtBu,2.5,MeOH,60.63,11682603.0,,
1895,6-triflatequinoline,"1c, 6-OTf-Q",1.0,0.0004,"2b, Boronic Ester",1.0,Pd(OAc)2,0.0625,Xantphos,0.125,LiOtBu,2.5,MeOH,9.72,439231.66,,
1896,6-triflatequinoline,"1c, 6-OTf-Q",1.0,0.0004,"2b, Boronic Ester",1.0,Pd(OAc)2,0.0625,,,LiOtBu,2.5,MeOH,65.09,17303308.0,,
1897,6-triflatequinoline,"1c, 6-OTf-Q",1.0,0.0004,"2b, Boronic Ester",1.0,Pd(OAc)2,0.0625,P(tBu)3,0.125,Et3N,2.5,MeOH,22.3,1376254.25,,
1898,6-triflatequinoline,"1c, 6-OTf-Q",1.0,0.0004,"2b, Boronic Ester",1.0,Pd(OAc)2,0.0625,P(Ph)3 ,0.125,Et3N,2.5,MeOH,86.35,20278296.0,,
1899,6-triflatequinoline,"1c, 6-OTf-Q",1.0,0.0004,"2b, Boronic Ester",1.0,Pd(OAc)2,0.0625,AmPhos,0.125,Et3N,2.5,MeOH,39.96,1803599.88,,
1900,6-triflatequinoline,"1c, 6-OTf-Q",1.0,0.0004,"2b, Boronic Ester",1.0,Pd(OAc)2,0.0625,P(Cy)3,0.125,Et3N,2.5,MeOH,74.99,16807690.0,,
1901,6-triflatequinoline,"1c, 6-OTf-Q",1.0,0.0004,"2b, Boronic Ester",1.0,Pd(OAc)2,0.0625,P(o-Tol)3,0.125,Et3N,2.5,MeOH,48.59,2480596.0,,
1902,6-triflatequinoline,"1c, 6-OTf-Q",1.0,0.0004,"2b, Boronic Ester",1.0,Pd(OAc)2,0.0625,CataCXium A,0.125,Et3N,2.5,MeOH,42.82,7163659.0,,
1903,6-triflatequinoline,"1c, 6-OTf-Q",1.0,0.0004,"2b, Boronic Ester",1.0,Pd(OAc)2,0.0625,SPhos,0.125,Et3N,2.5,MeOH,38.93,1740592.13,,
1904,6-triflatequinoline,"1c, 6-OTf-Q",1.0,0.0004,"2b, Boronic Ester",1.0,Pd(OAc)2,0.0625,dtbpf,0.125,Et3N,2.5,MeOH,31.27,5425877.5,,
1905,6-triflatequinoline,"1c, 6-OTf-Q",1.0,0.0004,"2b, Boronic Ester",1.0,Pd(OAc)2,0.0625,XPhos,0.125,Et3N,2.5,MeOH,40.32,1667124.88,,
1906,6-triflatequinoline,"1c, 6-OTf-Q",1.0,0.0004,"2b, Boronic Ester",1.0,Pd(OAc)2,0.0625,dppf,0.125,Et3N,2.5,MeOH,46.06,8712042.0,,
1907,6-triflatequinoline,"1c, 6-OTf-Q",1.0,0.0004,"2b, Boronic Ester",1.0,Pd(OAc)2,0.0625,Xantphos,0.125,Et3N,2.5,MeOH,4.63,170385.61,,
1908,6-triflatequinoline,"1c, 6-OTf-Q",1.0,0.0004,"2b, Boronic Ester",1.0,Pd(OAc)2,0.0625,,,Et3N,2.5,MeOH,30.44,8921568.0,,
1909,6-triflatequinoline,"1c, 6-OTf-Q",1.0,0.0004,"2b, Boronic Ester",1.0,Pd(OAc)2,0.0625,P(tBu)3,0.125,,2.5,MeOH,24.85,1076704.0,,
1910,6-triflatequinoline,"1c, 6-OTf-Q",1.0,0.0004,"2b, Boronic Ester",1.0,Pd(OAc)2,0.0625,P(Ph)3 ,0.125,,2.5,MeOH,67.67,13324461.0,,
1911,6-triflatequinoline,"1c, 6-OTf-Q",1.0,0.0004,"2b, Boronic Ester",1.0,Pd(OAc)2,0.0625,AmPhos,0.125,,2.5,MeOH,31.33,1448182.63,,
1912,6-triflatequinoline,"1c, 6-OTf-Q",1.0,0.0004,"2b, Boronic Ester",1.0,Pd(OAc)2,0.0625,P(Cy)3,0.125,,2.5,MeOH,60.57,12031211.0,,
1913,6-triflatequinoline,"1c, 6-OTf-Q",1.0,0.0004,"2b, Boronic Ester",1.0,Pd(OAc)2,0.0625,P(o-Tol)3,0.125,,2.5,MeOH,39.76,1637389.38,,
1914,6-triflatequinoline,"1c, 6-OTf-Q",1.0,0.0004,"2b, Boronic Ester",1.0,Pd(OAc)2,0.0625,CataCXium A,0.125,,2.5,MeOH,34.18,5436244.5,,
1915,6-triflatequinoline,"1c, 6-OTf-Q",1.0,0.0004,"2b, Boronic Ester",1.0,Pd(OAc)2,0.0625,SPhos,0.125,,2.5,MeOH,29.22,1306894.13,,
1916,6-triflatequinoline,"1c, 6-OTf-Q",1.0,0.0004,"2b, Boronic Ester",1.0,Pd(OAc)2,0.0625,dtbpf,0.125,,2.5,MeOH,31.24,3765793.5,,
1917,6-triflatequinoline,"1c, 6-OTf-Q",1.0,0.0004,"2b, Boronic Ester",1.0,Pd(OAc)2,0.0625,XPhos,0.125,,2.5,MeOH,28.87,958183.38,,
1918,6-triflatequinoline,"1c, 6-OTf-Q",1.0,0.0004,"2b, Boronic Ester",1.0,Pd(OAc)2,0.0625,dppf,0.125,,2.5,MeOH,30.61,5043106.5,,
1919,6-triflatequinoline,"1c, 6-OTf-Q",1.0,0.0004,"2b, Boronic Ester",1.0,Pd(OAc)2,0.0625,Xantphos,0.125,,2.5,MeOH,5.17,180255.36,,
1920,6-triflatequinoline,"1c, 6-OTf-Q",1.0,0.0004,"2b, Boronic Ester",1.0,Pd(OAc)2,0.0625,,,,2.5,MeOH,24.96,7632607.0,,
1921,6-Iodoquinoline,"1d, 6-I-Q",1.0,0.0004,"2b, Boronic Ester",1.0,Pd(OAc)2,0.0625,P(tBu)3,0.125,NaOH,2.5,MeCN,93.45,4642609.5,,
1922,6-Iodoquinoline,"1d, 6-I-Q",1.0,0.0004,"2b, Boronic Ester",1.0,Pd(OAc)2,0.0625,P(Ph)3 ,0.125,NaOH,2.5,MeCN,91.77,24487518.0,,
1923,6-Iodoquinoline,"1d, 6-I-Q",1.0,0.0004,"2b, Boronic Ester",1.0,Pd(OAc)2,0.0625,AmPhos,0.125,NaOH,2.5,MeCN,94.83,4121666.5,,
1924,6-Iodoquinoline,"1d, 6-I-Q",1.0,0.0004,"2b, Boronic Ester",1.0,Pd(OAc)2,0.0625,P(Cy)3,0.125,NaOH,2.5,MeCN,85.66,24533608.0,,
1925,6-Iodoquinoline,"1d, 6-I-Q",1.0,0.0004,"2b, Boronic Ester",1.0,Pd(OAc)2,0.0625,P(o-Tol)3,0.125,NaOH,2.5,MeCN,84.89,3929599.5,,
1926,6-Iodoquinoline,"1d, 6-I-Q",1.0,0.0004,"2b, Boronic Ester",1.0,Pd(OAc)2,0.0625,CataCXium A,0.125,NaOH,2.5,MeCN,94.39,23191718.0,,
1927,6-Iodoquinoline,"1d, 6-I-Q",1.0,0.0004,"2b, Boronic Ester",1.0,Pd(OAc)2,0.0625,SPhos,0.125,NaOH,2.5,MeCN,91.96,4816225.5,,
1928,6-Iodoquinoline,"1d, 6-I-Q",1.0,0.0004,"2b, Boronic Ester",1.0,Pd(OAc)2,0.0625,dtbpf,0.125,NaOH,2.5,MeCN,91.59,23937432.0,,
1929,6-Iodoquinoline,"1d, 6-I-Q",1.0,0.0004,"2b, Boronic Ester",1.0,Pd(OAc)2,0.0625,XPhos,0.125,NaOH,2.5,MeCN,90.64,4218058.0,,
1930,6-Iodoquinoline,"1d, 6-I-Q",1.0,0.0004,"2b, Boronic Ester",1.0,Pd(OAc)2,0.0625,dppf,0.125,NaOH,2.5,MeCN,48.61,11650882.0,,
1931,6-Iodoquinoline,"1d, 6-I-Q",1.0,0.0004,"2b, Boronic Ester",1.0,Pd(OAc)2,0.0625,Xantphos,0.125,NaOH,2.5,MeCN,38.45,1747456.5,,
1932,6-Iodoquinoline,"1d, 6-I-Q",1.0,0.0004,"2b, Boronic Ester",1.0,Pd(OAc)2,0.0625,,,NaOH,2.5,MeCN,76.79,28584460.0,,
1933,6-Iodoquinoline,"1d, 6-I-Q",1.0,0.0004,"2b, Boronic Ester",1.0,Pd(OAc)2,0.0625,P(tBu)3,0.125,NaHCO3,2.5,MeCN,90.21,4744440.5,,
1934,6-Iodoquinoline,"1d, 6-I-Q",1.0,0.0004,"2b, Boronic Ester",1.0,Pd(OAc)2,0.0625,P(Ph)3 ,0.125,NaHCO3,2.5,MeCN,86.31,21705572.0,,
1935,6-Iodoquinoline,"1d, 6-I-Q",1.0,0.0004,"2b, Boronic Ester",1.0,Pd(OAc)2,0.0625,AmPhos,0.125,NaHCO3,2.5,MeCN,94.41,4780498.0,,
1936,6-Iodoquinoline,"1d, 6-I-Q",1.0,0.0004,"2b, Boronic Ester",1.0,Pd(OAc)2,0.0625,P(Cy)3,0.125,NaHCO3,2.5,MeCN,83.44,25630672.0,,
1937,6-Iodoquinoline,"1d, 6-I-Q",1.0,0.0004,"2b, Boronic Ester",1.0,Pd(OAc)2,0.0625,P(o-Tol)3,0.125,NaHCO3,2.5,MeCN,78.9,3200901.5,,
1938,6-Iodoquinoline,"1d, 6-I-Q",1.0,0.0004,"2b, Boronic Ester",1.0,Pd(OAc)2,0.0625,CataCXium A,0.125,NaHCO3,2.5,MeCN,87.12,23064050.0,,
1939,6-Iodoquinoline,"1d, 6-I-Q",1.0,0.0004,"2b, Boronic Ester",1.0,Pd(OAc)2,0.0625,SPhos,0.125,NaHCO3,2.5,MeCN,73.94,3610960.75,,
1940,6-Iodoquinoline,"1d, 6-I-Q",1.0,0.0004,"2b, Boronic Ester",1.0,Pd(OAc)2,0.0625,dtbpf,0.125,NaHCO3,2.5,MeCN,73.15,18603628.0,,
1941,6-Iodoquinoline,"1d, 6-I-Q",1.0,0.0004,"2b, Boronic Ester",1.0,Pd(OAc)2,0.0625,XPhos,0.125,NaHCO3,2.5,MeCN,74.99,3686167.5,,
1942,6-Iodoquinoline,"1d, 6-I-Q",1.0,0.0004,"2b, Boronic Ester",1.0,Pd(OAc)2,0.0625,dppf,0.125,NaHCO3,2.5,MeCN,76.88,20237172.0,,
1943,6-Iodoquinoline,"1d, 6-I-Q",1.0,0.0004,"2b, Boronic Ester",1.0,Pd(OAc)2,0.0625,Xantphos,0.125,NaHCO3,2.5,MeCN,27.66,1448538.13,,
1944,6-Iodoquinoline,"1d, 6-I-Q",1.0,0.0004,"2b, Boronic Ester",1.0,Pd(OAc)2,0.0625,,,NaHCO3,2.5,MeCN,50.98,19334446.0,,
1945,6-Iodoquinoline,"1d, 6-I-Q",1.0,0.0004,"2b, Boronic Ester",1.0,Pd(OAc)2,0.0625,P(tBu)3,0.125,CsF,2.5,MeCN,77.29,3659025.25,,
1946,6-Iodoquinoline,"1d, 6-I-Q",1.0,0.0004,"2b, Boronic Ester",1.0,Pd(OAc)2,0.0625,P(Ph)3 ,0.125,CsF,2.5,MeCN,82.9,25496652.0,,
1947,6-Iodoquinoline,"1d, 6-I-Q",1.0,0.0004,"2b, Boronic Ester",1.0,Pd(OAc)2,0.0625,AmPhos,0.125,CsF,2.5,MeCN,91.18,4654196.5,,
1948,6-Iodoquinoline,"1d, 6-I-Q",1.0,0.0004,"2b, Boronic Ester",1.0,Pd(OAc)2,0.0625,P(Cy)3,0.125,CsF,2.5,MeCN,73.98,22457256.0,,
1949,6-Iodoquinoline,"1d, 6-I-Q",1.0,0.0004,"2b, Boronic Ester",1.0,Pd(OAc)2,0.0625,P(o-Tol)3,0.125,CsF,2.5,MeCN,77.15,3599335.75,,
1950,6-Iodoquinoline,"1d, 6-I-Q",1.0,0.0004,"2b, Boronic Ester",1.0,Pd(OAc)2,0.0625,CataCXium A,0.125,CsF,2.5,MeCN,88.58,25721366.0,,
1951,6-Iodoquinoline,"1d, 6-I-Q",1.0,0.0004,"2b, Boronic Ester",1.0,Pd(OAc)2,0.0625,SPhos,0.125,CsF,2.5,MeCN,76.2,3484275.25,,
1952,6-Iodoquinoline,"1d, 6-I-Q",1.0,0.0004,"2b, Boronic Ester",1.0,Pd(OAc)2,0.0625,dtbpf,0.125,CsF,2.5,MeCN,71.75,17419574.0,,
1953,6-Iodoquinoline,"1d, 6-I-Q",1.0,0.0004,"2b, Boronic Ester",1.0,Pd(OAc)2,0.0625,XPhos,0.125,CsF,2.5,MeCN,72.25,3372723.0,,
1954,6-Iodoquinoline,"1d, 6-I-Q",1.0,0.0004,"2b, Boronic Ester",1.0,Pd(OAc)2,0.0625,dppf,0.125,CsF,2.5,MeCN,72.92,19930886.0,,
1955,6-Iodoquinoline,"1d, 6-I-Q",1.0,0.0004,"2b, Boronic Ester",1.0,Pd(OAc)2,0.0625,Xantphos,0.125,CsF,2.5,MeCN,29.54,1473604.13,,
1956,6-Iodoquinoline,"1d, 6-I-Q",1.0,0.0004,"2b, Boronic Ester",1.0,Pd(OAc)2,0.0625,,,CsF,2.5,MeCN,44.21,14393399.0,,
1957,6-Iodoquinoline,"1d, 6-I-Q",1.0,0.0004,"2b, Boronic Ester",1.0,Pd(OAc)2,0.0625,P(tBu)3,0.125,K3PO4,2.5,MeCN,73.51,3350242.5,,
1958,6-Iodoquinoline,"1d, 6-I-Q",1.0,0.0004,"2b, Boronic Ester",1.0,Pd(OAc)2,0.0625,P(Ph)3 ,0.125,K3PO4,2.5,MeCN,76.58,20392014.0,,
1959,6-Iodoquinoline,"1d, 6-I-Q",1.0,0.0004,"2b, Boronic Ester",1.0,Pd(OAc)2,0.0625,AmPhos,0.125,K3PO4,2.5,MeCN,85.14,4010208.0,,
1960,6-Iodoquinoline,"1d, 6-I-Q",1.0,0.0004,"2b, Boronic Ester",1.0,Pd(OAc)2,0.0625,P(Cy)3,0.125,K3PO4,2.5,MeCN,65.61,17443358.0,,
1961,6-Iodoquinoline,"1d, 6-I-Q",1.0,0.0004,"2b, Boronic Ester",1.0,Pd(OAc)2,0.0625,P(o-Tol)3,0.125,K3PO4,2.5,MeCN,66.38,3345092.0,,
1962,6-Iodoquinoline,"1d, 6-I-Q",1.0,0.0004,"2b, Boronic Ester",1.0,Pd(OAc)2,0.0625,CataCXium A,0.125,K3PO4,2.5,MeCN,83.98,23078166.0,,
1963,6-Iodoquinoline,"1d, 6-I-Q",1.0,0.0004,"2b, Boronic Ester",1.0,Pd(OAc)2,0.0625,SPhos,0.125,K3PO4,2.5,MeCN,81.32,3878597.5,,
1964,6-Iodoquinoline,"1d, 6-I-Q",1.0,0.0004,"2b, Boronic Ester",1.0,Pd(OAc)2,0.0625,dtbpf,0.125,K3PO4,2.5,MeCN,76.91,18171158.0,,
1965,6-Iodoquinoline,"1d, 6-I-Q",1.0,0.0004,"2b, Boronic Ester",1.0,Pd(OAc)2,0.0625,XPhos,0.125,K3PO4,2.5,MeCN,71.22,3127587.5,,
1966,6-Iodoquinoline,"1d, 6-I-Q",1.0,0.0004,"2b, Boronic Ester",1.0,Pd(OAc)2,0.0625,dppf,0.125,K3PO4,2.5,MeCN,72.54,20130842.0,,
1967,6-Iodoquinoline,"1d, 6-I-Q",1.0,0.0004,"2b, Boronic Ester",1.0,Pd(OAc)2,0.0625,Xantphos,0.125,K3PO4,2.5,MeCN,35.15,1744003.63,,
1968,6-Iodoquinoline,"1d, 6-I-Q",1.0,0.0004,"2b, Boronic Ester",1.0,Pd(OAc)2,0.0625,,,K3PO4,2.5,MeCN,59.64,20778166.0,,
1969,6-Iodoquinoline,"1d, 6-I-Q",1.0,0.0004,"2b, Boronic Ester",1.0,Pd(OAc)2,0.0625,P(tBu)3,0.125,KOH,2.5,MeCN,91.28,4303108.0,,
1970,6-Iodoquinoline,"1d, 6-I-Q",1.0,0.0004,"2b, Boronic Ester",1.0,Pd(OAc)2,0.0625,P(Ph)3 ,0.125,KOH,2.5,MeCN,94.13,25662204.0,,
1971,6-Iodoquinoline,"1d, 6-I-Q",1.0,0.0004,"2b, Boronic Ester",1.0,Pd(OAc)2,0.0625,AmPhos,0.125,KOH,2.5,MeCN,99.05,5027959.5,,
1972,6-Iodoquinoline,"1d, 6-I-Q",1.0,0.0004,"2b, Boronic Ester",1.0,Pd(OAc)2,0.0625,P(Cy)3,0.125,KOH,2.5,MeCN,91.07,26569114.0,,
1973,6-Iodoquinoline,"1d, 6-I-Q",1.0,0.0004,"2b, Boronic Ester",1.0,Pd(OAc)2,0.0625,P(o-Tol)3,0.125,KOH,2.5,MeCN,86.97,3791069.0,,
1974,6-Iodoquinoline,"1d, 6-I-Q",1.0,0.0004,"2b, Boronic Ester",1.0,Pd(OAc)2,0.0625,CataCXium A,0.125,KOH,2.5,MeCN,95.97,24053752.0,,
1975,6-Iodoquinoline,"1d, 6-I-Q",1.0,0.0004,"2b, Boronic Ester",1.0,Pd(OAc)2,0.0625,SPhos,0.125,KOH,2.5,MeCN,93.95,5113424.5,,
1976,6-Iodoquinoline,"1d, 6-I-Q",1.0,0.0004,"2b, Boronic Ester",1.0,Pd(OAc)2,0.0625,dtbpf,0.125,KOH,2.5,MeCN,93.52,22350412.0,,
1977,6-Iodoquinoline,"1d, 6-I-Q",1.0,0.0004,"2b, Boronic Ester",1.0,Pd(OAc)2,0.0625,XPhos,0.125,KOH,2.5,MeCN,93.06,4631544.0,,
1978,6-Iodoquinoline,"1d, 6-I-Q",1.0,0.0004,"2b, Boronic Ester",1.0,Pd(OAc)2,0.0625,dppf,0.125,KOH,2.5,MeCN,78.36,18226624.0,,
1979,6-Iodoquinoline,"1d, 6-I-Q",1.0,0.0004,"2b, Boronic Ester",1.0,Pd(OAc)2,0.0625,Xantphos,0.125,KOH,2.5,MeCN,55.0,2707378.0,,
1980,6-Iodoquinoline,"1d, 6-I-Q",1.0,0.0004,"2b, Boronic Ester",1.0,Pd(OAc)2,0.0625,,,KOH,2.5,MeCN,81.86,27749392.0,,
1981,6-Iodoquinoline,"1d, 6-I-Q",1.0,0.0004,"2b, Boronic Ester",1.0,Pd(OAc)2,0.0625,P(tBu)3,0.125,LiOtBu,2.5,MeCN,98.42,4846685.5,,
1982,6-Iodoquinoline,"1d, 6-I-Q",1.0,0.0004,"2b, Boronic Ester",1.0,Pd(OAc)2,0.0625,P(Ph)3 ,0.125,LiOtBu,2.5,MeCN,94.7,26376408.0,,
1983,6-Iodoquinoline,"1d, 6-I-Q",1.0,0.0004,"2b, Boronic Ester",1.0,Pd(OAc)2,0.0625,AmPhos,0.125,LiOtBu,2.5,MeCN,99.15,5228444.0,,
1984,6-Iodoquinoline,"1d, 6-I-Q",1.0,0.0004,"2b, Boronic Ester",1.0,Pd(OAc)2,0.0625,P(Cy)3,0.125,LiOtBu,2.5,MeCN,92.42,25736732.0,,
1985,6-Iodoquinoline,"1d, 6-I-Q",1.0,0.0004,"2b, Boronic Ester",1.0,Pd(OAc)2,0.0625,P(o-Tol)3,0.125,LiOtBu,2.5,MeCN,88.64,4160809.0,,
1986,6-Iodoquinoline,"1d, 6-I-Q",1.0,0.0004,"2b, Boronic Ester",1.0,Pd(OAc)2,0.0625,CataCXium A,0.125,LiOtBu,2.5,MeCN,96.48,24085490.0,,
1987,6-Iodoquinoline,"1d, 6-I-Q",1.0,0.0004,"2b, Boronic Ester",1.0,Pd(OAc)2,0.0625,SPhos,0.125,LiOtBu,2.5,MeCN,93.44,4658208.0,,
1988,6-Iodoquinoline,"1d, 6-I-Q",1.0,0.0004,"2b, Boronic Ester",1.0,Pd(OAc)2,0.0625,dtbpf,0.125,LiOtBu,2.5,MeCN,91.86,23089584.0,,
1989,6-Iodoquinoline,"1d, 6-I-Q",1.0,0.0004,"2b, Boronic Ester",1.0,Pd(OAc)2,0.0625,XPhos,0.125,LiOtBu,2.5,MeCN,92.77,4921597.5,,
1990,6-Iodoquinoline,"1d, 6-I-Q",1.0,0.0004,"2b, Boronic Ester",1.0,Pd(OAc)2,0.0625,dppf,0.125,LiOtBu,2.5,MeCN,51.05,11254959.0,,
1991,6-Iodoquinoline,"1d, 6-I-Q",1.0,0.0004,"2b, Boronic Ester",1.0,Pd(OAc)2,0.0625,Xantphos,0.125,LiOtBu,2.5,MeCN,42.37,1829173.38,,
1992,6-Iodoquinoline,"1d, 6-I-Q",1.0,0.0004,"2b, Boronic Ester",1.0,Pd(OAc)2,0.0625,,,LiOtBu,2.5,MeCN,65.49,20384498.0,,
1993,6-Iodoquinoline,"1d, 6-I-Q",1.0,0.0004,"2b, Boronic Ester",1.0,Pd(OAc)2,0.0625,P(tBu)3,0.125,Et3N,2.5,MeCN,96.3,4988666.0,,
1994,6-Iodoquinoline,"1d, 6-I-Q",1.0,0.0004,"2b, Boronic Ester",1.0,Pd(OAc)2,0.0625,P(Ph)3 ,0.125,Et3N,2.5,MeCN,94.38,23665398.0,,
1995,6-Iodoquinoline,"1d, 6-I-Q",1.0,0.0004,"2b, Boronic Ester",1.0,Pd(OAc)2,0.0625,AmPhos,0.125,Et3N,2.5,MeCN,97.98,4369847.0,,
1996,6-Iodoquinoline,"1d, 6-I-Q",1.0,0.0004,"2b, Boronic Ester",1.0,Pd(OAc)2,0.0625,P(Cy)3,0.125,Et3N,2.5,MeCN,85.57,21465974.0,,
1997,6-Iodoquinoline,"1d, 6-I-Q",1.0,0.0004,"2b, Boronic Ester",1.0,Pd(OAc)2,0.0625,P(o-Tol)3,0.125,Et3N,2.5,MeCN,83.26,3995567.25,,
1998,6-Iodoquinoline,"1d, 6-I-Q",1.0,0.0004,"2b, Boronic Ester",1.0,Pd(OAc)2,0.0625,CataCXium A,0.125,Et3N,2.5,MeCN,94.32,21568786.0,,
1999,6-Iodoquinoline,"1d, 6-I-Q",1.0,0.0004,"2b, Boronic Ester",1.0,Pd(OAc)2,0.0625,SPhos,0.125,Et3N,2.5,MeCN,84.9,3765627.5,,
2000,6-Iodoquinoline,"1d, 6-I-Q",1.0,0.0004,"2b, Boronic Ester",1.0,Pd(OAc)2,0.0625,dtbpf,0.125,Et3N,2.5,MeCN,79.89,16718915.0,,
2001,6-Iodoquinoline,"1d, 6-I-Q",1.0,0.0004,"2b, Boronic Ester",1.0,Pd(OAc)2,0.0625,XPhos,0.125,Et3N,2.5,MeCN,72.37,3182566.0,,
2002,6-Iodoquinoline,"1d, 6-I-Q",1.0,0.0004,"2b, Boronic Ester",1.0,Pd(OAc)2,0.0625,dppf,0.125,Et3N,2.5,MeCN,69.77,16456441.0,,
2003,6-Iodoquinoline,"1d, 6-I-Q",1.0,0.0004,"2b, Boronic Ester",1.0,Pd(OAc)2,0.0625,Xantphos,0.125,Et3N,2.5,MeCN,30.29,1584133.63,,
2004,6-Iodoquinoline,"1d, 6-I-Q",1.0,0.0004,"2b, Boronic Ester",1.0,Pd(OAc)2,0.0625,,,Et3N,2.5,MeCN,46.05,14799322.0,,
2005,6-Iodoquinoline,"1d, 6-I-Q",1.0,0.0004,"2b, Boronic Ester",1.0,Pd(OAc)2,0.0625,P(tBu)3,0.125,,2.5,MeCN,90.88,4053660.0,,
2006,6-Iodoquinoline,"1d, 6-I-Q",1.0,0.0004,"2b, Boronic Ester",1.0,Pd(OAc)2,0.0625,P(Ph)3 ,0.125,,2.5,MeCN,79.83,19353020.0,,
2007,6-Iodoquinoline,"1d, 6-I-Q",1.0,0.0004,"2b, Boronic Ester",1.0,Pd(OAc)2,0.0625,AmPhos,0.125,,2.5,MeCN,86.16,3831959.0,,
2008,6-Iodoquinoline,"1d, 6-I-Q",1.0,0.0004,"2b, Boronic Ester",1.0,Pd(OAc)2,0.0625,P(Cy)3,0.125,,2.5,MeCN,61.84,14391386.0,,
2009,6-Iodoquinoline,"1d, 6-I-Q",1.0,0.0004,"2b, Boronic Ester",1.0,Pd(OAc)2,0.0625,P(o-Tol)3,0.125,,2.5,MeCN,58.42,2101494.25,,
2010,6-Iodoquinoline,"1d, 6-I-Q",1.0,0.0004,"2b, Boronic Ester",1.0,Pd(OAc)2,0.0625,CataCXium A,0.125,,2.5,MeCN,71.98,17092166.0,,
2011,6-Iodoquinoline,"1d, 6-I-Q",1.0,0.0004,"2b, Boronic Ester",1.0,Pd(OAc)2,0.0625,SPhos,0.125,,2.5,MeCN,63.7,2790918.75,,
2012,6-Iodoquinoline,"1d, 6-I-Q",1.0,0.0004,"2b, Boronic Ester",1.0,Pd(OAc)2,0.0625,dtbpf,0.125,,2.5,MeCN,62.23,12170917.0,,
2013,6-Iodoquinoline,"1d, 6-I-Q",1.0,0.0004,"2b, Boronic Ester",1.0,Pd(OAc)2,0.0625,XPhos,0.125,,2.5,MeCN,48.24,2041749.88,,
2014,6-Iodoquinoline,"1d, 6-I-Q",1.0,0.0004,"2b, Boronic Ester",1.0,Pd(OAc)2,0.0625,dppf,0.125,,2.5,MeCN,48.85,11529869.0,,
2015,6-Iodoquinoline,"1d, 6-I-Q",1.0,0.0004,"2b, Boronic Ester",1.0,Pd(OAc)2,0.0625,Xantphos,0.125,,2.5,MeCN,16.31,799169.13,,
2016,6-Iodoquinoline,"1d, 6-I-Q",1.0,0.0004,"2b, Boronic Ester",1.0,Pd(OAc)2,0.0625,,,,2.5,MeCN,36.35,13352322.0,,
2017,6-Iodoquinoline,"1d, 6-I-Q",1.0,0.0004,"2b, Boronic Ester",1.0,Pd(OAc)2,0.0625,P(tBu)3,0.125,NaOH,2.5,THF,87.52,4311521.5,,
2018,6-Iodoquinoline,"1d, 6-I-Q",1.0,0.0004,"2b, Boronic Ester",1.0,Pd(OAc)2,0.0625,P(Ph)3 ,0.125,NaOH,2.5,THF,86.4,24315062.0,,
2019,6-Iodoquinoline,"1d, 6-I-Q",1.0,0.0004,"2b, Boronic Ester",1.0,Pd(OAc)2,0.0625,AmPhos,0.125,NaOH,2.5,THF,91.17,4526223.5,,
2020,6-Iodoquinoline,"1d, 6-I-Q",1.0,0.0004,"2b, Boronic Ester",1.0,Pd(OAc)2,0.0625,P(Cy)3,0.125,NaOH,2.5,THF,75.17,20135680.0,,
2021,6-Iodoquinoline,"1d, 6-I-Q",1.0,0.0004,"2b, Boronic Ester",1.0,Pd(OAc)2,0.0625,P(o-Tol)3,0.125,NaOH,2.5,THF,73.61,3355526.25,,
2022,6-Iodoquinoline,"1d, 6-I-Q",1.0,0.0004,"2b, Boronic Ester",1.0,Pd(OAc)2,0.0625,CataCXium A,0.125,NaOH,2.5,THF,92.59,24105668.0,,
2023,6-Iodoquinoline,"1d, 6-I-Q",1.0,0.0004,"2b, Boronic Ester",1.0,Pd(OAc)2,0.0625,SPhos,0.125,NaOH,2.5,THF,81.41,3712420.75,,
2024,6-Iodoquinoline,"1d, 6-I-Q",1.0,0.0004,"2b, Boronic Ester",1.0,Pd(OAc)2,0.0625,dtbpf,0.125,NaOH,2.5,THF,76.01,17087798.0,,
2025,6-Iodoquinoline,"1d, 6-I-Q",1.0,0.0004,"2b, Boronic Ester",1.0,Pd(OAc)2,0.0625,XPhos,0.125,NaOH,2.5,THF,82.69,3869340.75,,
2026,6-Iodoquinoline,"1d, 6-I-Q",1.0,0.0004,"2b, Boronic Ester",1.0,Pd(OAc)2,0.0625,dppf,0.125,NaOH,2.5,THF,42.57,7861367.0,,
2027,6-Iodoquinoline,"1d, 6-I-Q",1.0,0.0004,"2b, Boronic Ester",1.0,Pd(OAc)2,0.0625,Xantphos,0.125,NaOH,2.5,THF,57.17,2567920.25,,
2028,6-Iodoquinoline,"1d, 6-I-Q",1.0,0.0004,"2b, Boronic Ester",1.0,Pd(OAc)2,0.0625,,,NaOH,2.5,THF,82.24,27550676.0,,
2029,6-Iodoquinoline,"1d, 6-I-Q",1.0,0.0004,"2b, Boronic Ester",1.0,Pd(OAc)2,0.0625,P(tBu)3,0.125,NaHCO3,2.5,THF,95.58,5324542.5,,
2030,6-Iodoquinoline,"1d, 6-I-Q",1.0,0.0004,"2b, Boronic Ester",1.0,Pd(OAc)2,0.0625,P(Ph)3 ,0.125,NaHCO3,2.5,THF,94.23,29629622.0,,
2031,6-Iodoquinoline,"1d, 6-I-Q",1.0,0.0004,"2b, Boronic Ester",1.0,Pd(OAc)2,0.0625,AmPhos,0.125,NaHCO3,2.5,THF,91.47,4904266.5,,
2032,6-Iodoquinoline,"1d, 6-I-Q",1.0,0.0004,"2b, Boronic Ester",1.0,Pd(OAc)2,0.0625,P(Cy)3,0.125,NaHCO3,2.5,THF,75.42,21588886.0,,
2033,6-Iodoquinoline,"1d, 6-I-Q",1.0,0.0004,"2b, Boronic Ester",1.0,Pd(OAc)2,0.0625,P(o-Tol)3,0.125,NaHCO3,2.5,THF,63.8,2925493.0,,
2034,6-Iodoquinoline,"1d, 6-I-Q",1.0,0.0004,"2b, Boronic Ester",1.0,Pd(OAc)2,0.0625,CataCXium A,0.125,NaHCO3,2.5,THF,87.5,24081946.0,,
2035,6-Iodoquinoline,"1d, 6-I-Q",1.0,0.0004,"2b, Boronic Ester",1.0,Pd(OAc)2,0.0625,SPhos,0.125,NaHCO3,2.5,THF,68.79,3317924.25,,
2036,6-Iodoquinoline,"1d, 6-I-Q",1.0,0.0004,"2b, Boronic Ester",1.0,Pd(OAc)2,0.0625,dtbpf,0.125,NaHCO3,2.5,THF,51.23,13527093.0,,
2037,6-Iodoquinoline,"1d, 6-I-Q",1.0,0.0004,"2b, Boronic Ester",1.0,Pd(OAc)2,0.0625,XPhos,0.125,NaHCO3,2.5,THF,56.96,2482491.0,,
2038,6-Iodoquinoline,"1d, 6-I-Q",1.0,0.0004,"2b, Boronic Ester",1.0,Pd(OAc)2,0.0625,dppf,0.125,NaHCO3,2.5,THF,31.65,5648581.0,,
2039,6-Iodoquinoline,"1d, 6-I-Q",1.0,0.0004,"2b, Boronic Ester",1.0,Pd(OAc)2,0.0625,Xantphos,0.125,NaHCO3,2.5,THF,34.72,1799445.13,,
2040,6-Iodoquinoline,"1d, 6-I-Q",1.0,0.0004,"2b, Boronic Ester",1.0,Pd(OAc)2,0.0625,,,NaHCO3,2.5,THF,49.38,16886384.0,,
2041,6-Iodoquinoline,"1d, 6-I-Q",1.0,0.0004,"2b, Boronic Ester",1.0,Pd(OAc)2,0.0625,P(tBu)3,0.125,CsF,2.5,THF,70.1,3281685.0,,
2042,6-Iodoquinoline,"1d, 6-I-Q",1.0,0.0004,"2b, Boronic Ester",1.0,Pd(OAc)2,0.0625,P(Ph)3 ,0.125,CsF,2.5,THF,73.19,19462224.0,,
2043,6-Iodoquinoline,"1d, 6-I-Q",1.0,0.0004,"2b, Boronic Ester",1.0,Pd(OAc)2,0.0625,AmPhos,0.125,CsF,2.5,THF,79.38,3936532.0,,
2044,6-Iodoquinoline,"1d, 6-I-Q",1.0,0.0004,"2b, Boronic Ester",1.0,Pd(OAc)2,0.0625,P(Cy)3,0.125,CsF,2.5,THF,64.74,19589570.0,,
2045,6-Iodoquinoline,"1d, 6-I-Q",1.0,0.0004,"2b, Boronic Ester",1.0,Pd(OAc)2,0.0625,P(o-Tol)3,0.125,CsF,2.5,THF,51.31,2356811.5,,
2046,6-Iodoquinoline,"1d, 6-I-Q",1.0,0.0004,"2b, Boronic Ester",1.0,Pd(OAc)2,0.0625,CataCXium A,0.125,CsF,2.5,THF,73.74,17518176.0,,
2047,6-Iodoquinoline,"1d, 6-I-Q",1.0,0.0004,"2b, Boronic Ester",1.0,Pd(OAc)2,0.0625,SPhos,0.125,CsF,2.5,THF,50.98,2487315.5,,
2048,6-Iodoquinoline,"1d, 6-I-Q",1.0,0.0004,"2b, Boronic Ester",1.0,Pd(OAc)2,0.0625,dtbpf,0.125,CsF,2.5,THF,45.02,11270262.0,,
2049,6-Iodoquinoline,"1d, 6-I-Q",1.0,0.0004,"2b, Boronic Ester",1.0,Pd(OAc)2,0.0625,XPhos,0.125,CsF,2.5,THF,41.21,1911069.0,,
2050,6-Iodoquinoline,"1d, 6-I-Q",1.0,0.0004,"2b, Boronic Ester",1.0,Pd(OAc)2,0.0625,dppf,0.125,CsF,2.5,THF,27.48,3978732.25,,
2051,6-Iodoquinoline,"1d, 6-I-Q",1.0,0.0004,"2b, Boronic Ester",1.0,Pd(OAc)2,0.0625,Xantphos,0.125,CsF,2.5,THF,25.12,1334893.88,,
2052,6-Iodoquinoline,"1d, 6-I-Q",1.0,0.0004,"2b, Boronic Ester",1.0,Pd(OAc)2,0.0625,,,CsF,2.5,THF,35.65,11708111.0,,
2053,6-Iodoquinoline,"1d, 6-I-Q",1.0,0.0004,"2b, Boronic Ester",1.0,Pd(OAc)2,0.0625,P(tBu)3,0.125,K3PO4,2.5,THF,62.64,2466958.75,,
2054,6-Iodoquinoline,"1d, 6-I-Q",1.0,0.0004,"2b, Boronic Ester",1.0,Pd(OAc)2,0.0625,P(Ph)3 ,0.125,K3PO4,2.5,THF,63.24,18115594.0,,
2055,6-Iodoquinoline,"1d, 6-I-Q",1.0,0.0004,"2b, Boronic Ester",1.0,Pd(OAc)2,0.0625,AmPhos,0.125,K3PO4,2.5,THF,72.78,3516697.5,,
2056,6-Iodoquinoline,"1d, 6-I-Q",1.0,0.0004,"2b, Boronic Ester",1.0,Pd(OAc)2,0.0625,P(Cy)3,0.125,K3PO4,2.5,THF,53.88,14806461.0,,
2057,6-Iodoquinoline,"1d, 6-I-Q",1.0,0.0004,"2b, Boronic Ester",1.0,Pd(OAc)2,0.0625,P(o-Tol)3,0.125,K3PO4,2.5,THF,46.37,2222926.25,,
2058,6-Iodoquinoline,"1d, 6-I-Q",1.0,0.0004,"2b, Boronic Ester",1.0,Pd(OAc)2,0.0625,CataCXium A,0.125,K3PO4,2.5,THF,70.7,18042418.0,,
2059,6-Iodoquinoline,"1d, 6-I-Q",1.0,0.0004,"2b, Boronic Ester",1.0,Pd(OAc)2,0.0625,SPhos,0.125,K3PO4,2.5,THF,47.47,2297982.75,,
2060,6-Iodoquinoline,"1d, 6-I-Q",1.0,0.0004,"2b, Boronic Ester",1.0,Pd(OAc)2,0.0625,dtbpf,0.125,K3PO4,2.5,THF,48.4,12229050.0,,
2061,6-Iodoquinoline,"1d, 6-I-Q",1.0,0.0004,"2b, Boronic Ester",1.0,Pd(OAc)2,0.0625,XPhos,0.125,K3PO4,2.5,THF,43.93,2052883.5,,
2062,6-Iodoquinoline,"1d, 6-I-Q",1.0,0.0004,"2b, Boronic Ester",1.0,Pd(OAc)2,0.0625,dppf,0.125,K3PO4,2.5,THF,30.13,5157075.5,,
2063,6-Iodoquinoline,"1d, 6-I-Q",1.0,0.0004,"2b, Boronic Ester",1.0,Pd(OAc)2,0.0625,Xantphos,0.125,K3PO4,2.5,THF,26.27,1350130.75,,
2064,6-Iodoquinoline,"1d, 6-I-Q",1.0,0.0004,"2b, Boronic Ester",1.0,Pd(OAc)2,0.0625,,,K3PO4,2.5,THF,36.01,11947263.0,,
2065,6-Iodoquinoline,"1d, 6-I-Q",1.0,0.0004,"2b, Boronic Ester",1.0,Pd(OAc)2,0.0625,P(tBu)3,0.125,KOH,2.5,THF,79.77,3843974.0,,
2066,6-Iodoquinoline,"1d, 6-I-Q",1.0,0.0004,"2b, Boronic Ester",1.0,Pd(OAc)2,0.0625,P(Ph)3 ,0.125,KOH,2.5,THF,77.32,17810752.0,,
2067,6-Iodoquinoline,"1d, 6-I-Q",1.0,0.0004,"2b, Boronic Ester",1.0,Pd(OAc)2,0.0625,AmPhos,0.125,KOH,2.5,THF,84.23,4314814.5,,
2068,6-Iodoquinoline,"1d, 6-I-Q",1.0,0.0004,"2b, Boronic Ester",1.0,Pd(OAc)2,0.0625,P(Cy)3,0.125,KOH,2.5,THF,68.45,18520754.0,,
2069,6-Iodoquinoline,"1d, 6-I-Q",1.0,0.0004,"2b, Boronic Ester",1.0,Pd(OAc)2,0.0625,P(o-Tol)3,0.125,KOH,2.5,THF,64.85,2784122.25,,
2070,6-Iodoquinoline,"1d, 6-I-Q",1.0,0.0004,"2b, Boronic Ester",1.0,Pd(OAc)2,0.0625,CataCXium A,0.125,KOH,2.5,THF,86.12,20557130.0,,
2071,6-Iodoquinoline,"1d, 6-I-Q",1.0,0.0004,"2b, Boronic Ester",1.0,Pd(OAc)2,0.0625,SPhos,0.125,KOH,2.5,THF,73.7,3530386.75,,
2072,6-Iodoquinoline,"1d, 6-I-Q",1.0,0.0004,"2b, Boronic Ester",1.0,Pd(OAc)2,0.0625,dtbpf,0.125,KOH,2.5,THF,67.84,16957982.0,,
2073,6-Iodoquinoline,"1d, 6-I-Q",1.0,0.0004,"2b, Boronic Ester",1.0,Pd(OAc)2,0.0625,XPhos,0.125,KOH,2.5,THF,72.71,3513372.0,,
2074,6-Iodoquinoline,"1d, 6-I-Q",1.0,0.0004,"2b, Boronic Ester",1.0,Pd(OAc)2,0.0625,dppf,0.125,KOH,2.5,THF,34.33,6372867.5,,
2075,6-Iodoquinoline,"1d, 6-I-Q",1.0,0.0004,"2b, Boronic Ester",1.0,Pd(OAc)2,0.0625,Xantphos,0.125,KOH,2.5,THF,48.37,2216995.5,,
2076,6-Iodoquinoline,"1d, 6-I-Q",1.0,0.0004,"2b, Boronic Ester",1.0,Pd(OAc)2,0.0625,,,KOH,2.5,THF,65.7,21331098.0,,
2077,6-Iodoquinoline,"1d, 6-I-Q",1.0,0.0004,"2b, Boronic Ester",1.0,Pd(OAc)2,0.0625,P(tBu)3,0.125,LiOtBu,2.5,THF,93.55,4909782.5,,
2078,6-Iodoquinoline,"1d, 6-I-Q",1.0,0.0004,"2b, Boronic Ester",1.0,Pd(OAc)2,0.0625,P(Ph)3 ,0.125,LiOtBu,2.5,THF,94.71,27704208.0,,
2079,6-Iodoquinoline,"1d, 6-I-Q",1.0,0.0004,"2b, Boronic Ester",1.0,Pd(OAc)2,0.0625,AmPhos,0.125,LiOtBu,2.5,THF,95.53,4964342.5,,
2080,6-Iodoquinoline,"1d, 6-I-Q",1.0,0.0004,"2b, Boronic Ester",1.0,Pd(OAc)2,0.0625,P(Cy)3,0.125,LiOtBu,2.5,THF,82.19,22773900.0,,
2081,6-Iodoquinoline,"1d, 6-I-Q",1.0,0.0004,"2b, Boronic Ester",1.0,Pd(OAc)2,0.0625,P(o-Tol)3,0.125,LiOtBu,2.5,THF,87.04,4597647.0,,
2082,6-Iodoquinoline,"1d, 6-I-Q",1.0,0.0004,"2b, Boronic Ester",1.0,Pd(OAc)2,0.0625,CataCXium A,0.125,LiOtBu,2.5,THF,96.61,23699664.0,,
2083,6-Iodoquinoline,"1d, 6-I-Q",1.0,0.0004,"2b, Boronic Ester",1.0,Pd(OAc)2,0.0625,SPhos,0.125,LiOtBu,2.5,THF,95.34,5176130.0,,
2084,6-Iodoquinoline,"1d, 6-I-Q",1.0,0.0004,"2b, Boronic Ester",1.0,Pd(OAc)2,0.0625,dtbpf,0.125,LiOtBu,2.5,THF,80.23,18893524.0,,
2085,6-Iodoquinoline,"1d, 6-I-Q",1.0,0.0004,"2b, Boronic Ester",1.0,Pd(OAc)2,0.0625,XPhos,0.125,LiOtBu,2.5,THF,93.67,4837360.0,,
2086,6-Iodoquinoline,"1d, 6-I-Q",1.0,0.0004,"2b, Boronic Ester",1.0,Pd(OAc)2,0.0625,dppf,0.125,LiOtBu,2.5,THF,38.96,8438789.0,,
2087,6-Iodoquinoline,"1d, 6-I-Q",1.0,0.0004,"2b, Boronic Ester",1.0,Pd(OAc)2,0.0625,Xantphos,0.125,LiOtBu,2.5,THF,66.41,3487726.5,,
2088,6-Iodoquinoline,"1d, 6-I-Q",1.0,0.0004,"2b, Boronic Ester",1.0,Pd(OAc)2,0.0625,,,LiOtBu,2.5,THF,89.17,28409162.0,,
2089,6-Iodoquinoline,"1d, 6-I-Q",1.0,0.0004,"2b, Boronic Ester",1.0,Pd(OAc)2,0.0625,P(tBu)3,0.125,Et3N,2.5,THF,96.25,5138970.0,,
2090,6-Iodoquinoline,"1d, 6-I-Q",1.0,0.0004,"2b, Boronic Ester",1.0,Pd(OAc)2,0.0625,P(Ph)3 ,0.125,Et3N,2.5,THF,97.09,28488800.0,,
2091,6-Iodoquinoline,"1d, 6-I-Q",1.0,0.0004,"2b, Boronic Ester",1.0,Pd(OAc)2,0.0625,AmPhos,0.125,Et3N,2.5,THF,96.0,5493562.0,,
2092,6-Iodoquinoline,"1d, 6-I-Q",1.0,0.0004,"2b, Boronic Ester",1.0,Pd(OAc)2,0.0625,P(Cy)3,0.125,Et3N,2.5,THF,90.29,27610010.0,,
2093,6-Iodoquinoline,"1d, 6-I-Q",1.0,0.0004,"2b, Boronic Ester",1.0,Pd(OAc)2,0.0625,P(o-Tol)3,0.125,Et3N,2.5,THF,84.87,4390592.0,,
2094,6-Iodoquinoline,"1d, 6-I-Q",1.0,0.0004,"2b, Boronic Ester",1.0,Pd(OAc)2,0.0625,CataCXium A,0.125,Et3N,2.5,THF,94.85,23641952.0,,
2095,6-Iodoquinoline,"1d, 6-I-Q",1.0,0.0004,"2b, Boronic Ester",1.0,Pd(OAc)2,0.0625,SPhos,0.125,Et3N,2.5,THF,85.37,4493166.0,,
2096,6-Iodoquinoline,"1d, 6-I-Q",1.0,0.0004,"2b, Boronic Ester",1.0,Pd(OAc)2,0.0625,dtbpf,0.125,Et3N,2.5,THF,69.71,16678310.0,,
2097,6-Iodoquinoline,"1d, 6-I-Q",1.0,0.0004,"2b, Boronic Ester",1.0,Pd(OAc)2,0.0625,XPhos,0.125,Et3N,2.5,THF,80.34,4209995.0,,
2098,6-Iodoquinoline,"1d, 6-I-Q",1.0,0.0004,"2b, Boronic Ester",1.0,Pd(OAc)2,0.0625,dppf,0.125,Et3N,2.5,THF,38.08,6528769.5,,
2099,6-Iodoquinoline,"1d, 6-I-Q",1.0,0.0004,"2b, Boronic Ester",1.0,Pd(OAc)2,0.0625,Xantphos,0.125,Et3N,2.5,THF,45.74,2336769.0,,
2100,6-Iodoquinoline,"1d, 6-I-Q",1.0,0.0004,"2b, Boronic Ester",1.0,Pd(OAc)2,0.0625,,,Et3N,2.5,THF,67.62,22776982.0,,
2101,6-Iodoquinoline,"1d, 6-I-Q",1.0,0.0004,"2b, Boronic Ester",1.0,Pd(OAc)2,0.0625,P(tBu)3,0.125,,2.5,THF,89.61,4877198.0,,
2102,6-Iodoquinoline,"1d, 6-I-Q",1.0,0.0004,"2b, Boronic Ester",1.0,Pd(OAc)2,0.0625,P(Ph)3 ,0.125,,2.5,THF,88.95,26071666.0,,
2103,6-Iodoquinoline,"1d, 6-I-Q",1.0,0.0004,"2b, Boronic Ester",1.0,Pd(OAc)2,0.0625,AmPhos,0.125,,2.5,THF,89.95,4695841.0,,
2104,6-Iodoquinoline,"1d, 6-I-Q",1.0,0.0004,"2b, Boronic Ester",1.0,Pd(OAc)2,0.0625,P(Cy)3,0.125,,2.5,THF,77.56,21855168.0,,
2105,6-Iodoquinoline,"1d, 6-I-Q",1.0,0.0004,"2b, Boronic Ester",1.0,Pd(OAc)2,0.0625,P(o-Tol)3,0.125,,2.5,THF,65.8,3260831.0,,
2106,6-Iodoquinoline,"1d, 6-I-Q",1.0,0.0004,"2b, Boronic Ester",1.0,Pd(OAc)2,0.0625,CataCXium A,0.125,,2.5,THF,86.35,22105366.0,,
2107,6-Iodoquinoline,"1d, 6-I-Q",1.0,0.0004,"2b, Boronic Ester",1.0,Pd(OAc)2,0.0625,SPhos,0.125,,2.5,THF,68.0,3265348.0,,
2108,6-Iodoquinoline,"1d, 6-I-Q",1.0,0.0004,"2b, Boronic Ester",1.0,Pd(OAc)2,0.0625,dtbpf,0.125,,2.5,THF,58.21,12857150.0,,
2109,6-Iodoquinoline,"1d, 6-I-Q",1.0,0.0004,"2b, Boronic Ester",1.0,Pd(OAc)2,0.0625,XPhos,0.125,,2.5,THF,61.65,3090116.25,,
2110,6-Iodoquinoline,"1d, 6-I-Q",1.0,0.0004,"2b, Boronic Ester",1.0,Pd(OAc)2,0.0625,dppf,0.125,,2.5,THF,38.24,7150245.5,,
2111,6-Iodoquinoline,"1d, 6-I-Q",1.0,0.0004,"2b, Boronic Ester",1.0,Pd(OAc)2,0.0625,Xantphos,0.125,,2.5,THF,35.71,1774320.38,,
2112,6-Iodoquinoline,"1d, 6-I-Q",1.0,0.0004,"2b, Boronic Ester",1.0,Pd(OAc)2,0.0625,,,,2.5,THF,45.07,14375082.0,,
2113,6-Iodoquinoline,"1d, 6-I-Q",1.0,0.0004,"2b, Boronic Ester",1.0,Pd(OAc)2,0.0625,P(tBu)3,0.125,NaOH,2.5,DMF,74.71,3662933.25,,
2114,6-Iodoquinoline,"1d, 6-I-Q",1.0,0.0004,"2b, Boronic Ester",1.0,Pd(OAc)2,0.0625,P(Ph)3 ,0.125,NaOH,2.5,DMF,88.53,23015334.0,,
2115,6-Iodoquinoline,"1d, 6-I-Q",1.0,0.0004,"2b, Boronic Ester",1.0,Pd(OAc)2,0.0625,AmPhos,0.125,NaOH,2.5,DMF,93.09,4561299.5,,
2116,6-Iodoquinoline,"1d, 6-I-Q",1.0,0.0004,"2b, Boronic Ester",1.0,Pd(OAc)2,0.0625,P(Cy)3,0.125,NaOH,2.5,DMF,93.81,23542056.0,,
2117,6-Iodoquinoline,"1d, 6-I-Q",1.0,0.0004,"2b, Boronic Ester",1.0,Pd(OAc)2,0.0625,P(o-Tol)3,0.125,NaOH,2.5,DMF,82.45,3809566.0,,
2118,6-Iodoquinoline,"1d, 6-I-Q",1.0,0.0004,"2b, Boronic Ester",1.0,Pd(OAc)2,0.0625,CataCXium A,0.125,NaOH,2.5,DMF,94.6,18163984.0,,
2119,6-Iodoquinoline,"1d, 6-I-Q",1.0,0.0004,"2b, Boronic Ester",1.0,Pd(OAc)2,0.0625,SPhos,0.125,NaOH,2.5,DMF,91.09,4268764.5,,
2120,6-Iodoquinoline,"1d, 6-I-Q",1.0,0.0004,"2b, Boronic Ester",1.0,Pd(OAc)2,0.0625,dtbpf,0.125,NaOH,2.5,DMF,88.09,17833794.0,,
2121,6-Iodoquinoline,"1d, 6-I-Q",1.0,0.0004,"2b, Boronic Ester",1.0,Pd(OAc)2,0.0625,XPhos,0.125,NaOH,2.5,DMF,90.34,4576490.0,,
2122,6-Iodoquinoline,"1d, 6-I-Q",1.0,0.0004,"2b, Boronic Ester",1.0,Pd(OAc)2,0.0625,dppf,0.125,NaOH,2.5,DMF,23.24,4195011.0,,
2123,6-Iodoquinoline,"1d, 6-I-Q",1.0,0.0004,"2b, Boronic Ester",1.0,Pd(OAc)2,0.0625,Xantphos,0.125,NaOH,2.5,DMF,69.56,3278269.75,,
2124,6-Iodoquinoline,"1d, 6-I-Q",1.0,0.0004,"2b, Boronic Ester",1.0,Pd(OAc)2,0.0625,,,NaOH,2.5,DMF,49.41,13128756.0,,
2125,6-Iodoquinoline,"1d, 6-I-Q",1.0,0.0004,"2b, Boronic Ester",1.0,Pd(OAc)2,0.0625,P(tBu)3,0.125,NaHCO3,2.5,DMF,9.76,575101.88,,
2126,6-Iodoquinoline,"1d, 6-I-Q",1.0,0.0004,"2b, Boronic Ester",1.0,Pd(OAc)2,0.0625,P(Ph)3 ,0.125,NaHCO3,2.5,DMF,93.09,21650122.0,,
2127,6-Iodoquinoline,"1d, 6-I-Q",1.0,0.0004,"2b, Boronic Ester",1.0,Pd(OAc)2,0.0625,AmPhos,0.125,NaHCO3,2.5,DMF,88.64,4273074.0,,
2128,6-Iodoquinoline,"1d, 6-I-Q",1.0,0.0004,"2b, Boronic Ester",1.0,Pd(OAc)2,0.0625,P(Cy)3,0.125,NaHCO3,2.5,DMF,70.05,15195731.0,,
2129,6-Iodoquinoline,"1d, 6-I-Q",1.0,0.0004,"2b, Boronic Ester",1.0,Pd(OAc)2,0.0625,P(o-Tol)3,0.125,NaHCO3,2.5,DMF,62.61,2711034.5,,
2130,6-Iodoquinoline,"1d, 6-I-Q",1.0,0.0004,"2b, Boronic Ester",1.0,Pd(OAc)2,0.0625,CataCXium A,0.125,NaHCO3,2.5,DMF,84.49,15702663.0,,
2131,6-Iodoquinoline,"1d, 6-I-Q",1.0,0.0004,"2b, Boronic Ester",1.0,Pd(OAc)2,0.0625,SPhos,0.125,NaHCO3,2.5,DMF,75.87,3323533.25,,
2132,6-Iodoquinoline,"1d, 6-I-Q",1.0,0.0004,"2b, Boronic Ester",1.0,Pd(OAc)2,0.0625,dtbpf,0.125,NaHCO3,2.5,DMF,55.34,9952338.0,,
2133,6-Iodoquinoline,"1d, 6-I-Q",1.0,0.0004,"2b, Boronic Ester",1.0,Pd(OAc)2,0.0625,XPhos,0.125,NaHCO3,2.5,DMF,72.62,3061057.75,,
2134,6-Iodoquinoline,"1d, 6-I-Q",1.0,0.0004,"2b, Boronic Ester",1.0,Pd(OAc)2,0.0625,dppf,0.125,NaHCO3,2.5,DMF,52.36,8624300.0,,
2135,6-Iodoquinoline,"1d, 6-I-Q",1.0,0.0004,"2b, Boronic Ester",1.0,Pd(OAc)2,0.0625,Xantphos,0.125,NaHCO3,2.5,DMF,18.78,933206.31,,
2136,6-Iodoquinoline,"1d, 6-I-Q",1.0,0.0004,"2b, Boronic Ester",1.0,Pd(OAc)2,0.0625,,,NaHCO3,2.5,DMF,38.75,9944528.0,,
2137,6-Iodoquinoline,"1d, 6-I-Q",1.0,0.0004,"2b, Boronic Ester",1.0,Pd(OAc)2,0.0625,P(tBu)3,0.125,CsF,2.5,DMF,8.72,551153.56,,
2138,6-Iodoquinoline,"1d, 6-I-Q",1.0,0.0004,"2b, Boronic Ester",1.0,Pd(OAc)2,0.0625,P(Ph)3 ,0.125,CsF,2.5,DMF,90.92,21391110.0,,
2139,6-Iodoquinoline,"1d, 6-I-Q",1.0,0.0004,"2b, Boronic Ester",1.0,Pd(OAc)2,0.0625,AmPhos,0.125,CsF,2.5,DMF,91.83,4058586.75,,
2140,6-Iodoquinoline,"1d, 6-I-Q",1.0,0.0004,"2b, Boronic Ester",1.0,Pd(OAc)2,0.0625,P(Cy)3,0.125,CsF,2.5,DMF,82.68,19516204.0,,
2141,6-Iodoquinoline,"1d, 6-I-Q",1.0,0.0004,"2b, Boronic Ester",1.0,Pd(OAc)2,0.0625,P(o-Tol)3,0.125,CsF,2.5,DMF,77.72,3512262.5,,
2142,6-Iodoquinoline,"1d, 6-I-Q",1.0,0.0004,"2b, Boronic Ester",1.0,Pd(OAc)2,0.0625,CataCXium A,0.125,CsF,2.5,DMF,94.69,20768540.0,,
2143,6-Iodoquinoline,"1d, 6-I-Q",1.0,0.0004,"2b, Boronic Ester",1.0,Pd(OAc)2,0.0625,SPhos,0.125,CsF,2.5,DMF,82.58,3665527.0,,
2144,6-Iodoquinoline,"1d, 6-I-Q",1.0,0.0004,"2b, Boronic Ester",1.0,Pd(OAc)2,0.0625,dtbpf,0.125,CsF,2.5,DMF,65.42,11667704.0,,
2145,6-Iodoquinoline,"1d, 6-I-Q",1.0,0.0004,"2b, Boronic Ester",1.0,Pd(OAc)2,0.0625,XPhos,0.125,CsF,2.5,DMF,75.7,3348745.5,,
2146,6-Iodoquinoline,"1d, 6-I-Q",1.0,0.0004,"2b, Boronic Ester",1.0,Pd(OAc)2,0.0625,dppf,0.125,CsF,2.5,DMF,80.02,16290714.0,,
2147,6-Iodoquinoline,"1d, 6-I-Q",1.0,0.0004,"2b, Boronic Ester",1.0,Pd(OAc)2,0.0625,Xantphos,0.125,CsF,2.5,DMF,20.85,1091545.5,,
2148,6-Iodoquinoline,"1d, 6-I-Q",1.0,0.0004,"2b, Boronic Ester",1.0,Pd(OAc)2,0.0625,,,CsF,2.5,DMF,45.42,12254825.0,,
2149,6-Iodoquinoline,"1d, 6-I-Q",1.0,0.0004,"2b, Boronic Ester",1.0,Pd(OAc)2,0.0625,P(tBu)3,0.125,K3PO4,2.5,DMF,67.21,2942636.25,,
2150,6-Iodoquinoline,"1d, 6-I-Q",1.0,0.0004,"2b, Boronic Ester",1.0,Pd(OAc)2,0.0625,P(Ph)3 ,0.125,K3PO4,2.5,DMF,82.49,18558252.0,,
2151,6-Iodoquinoline,"1d, 6-I-Q",1.0,0.0004,"2b, Boronic Ester",1.0,Pd(OAc)2,0.0625,AmPhos,0.125,K3PO4,2.5,DMF,85.38,3776452.25,,
2152,6-Iodoquinoline,"1d, 6-I-Q",1.0,0.0004,"2b, Boronic Ester",1.0,Pd(OAc)2,0.0625,P(Cy)3,0.125,K3PO4,2.5,DMF,60.87,13645015.0,,
2153,6-Iodoquinoline,"1d, 6-I-Q",1.0,0.0004,"2b, Boronic Ester",1.0,Pd(OAc)2,0.0625,P(o-Tol)3,0.125,K3PO4,2.5,DMF,55.43,2177376.5,,
2154,6-Iodoquinoline,"1d, 6-I-Q",1.0,0.0004,"2b, Boronic Ester",1.0,Pd(OAc)2,0.0625,CataCXium A,0.125,K3PO4,2.5,DMF,80.23,16714475.0,,
2155,6-Iodoquinoline,"1d, 6-I-Q",1.0,0.0004,"2b, Boronic Ester",1.0,Pd(OAc)2,0.0625,SPhos,0.125,K3PO4,2.5,DMF,65.91,2817541.5,,
2156,6-Iodoquinoline,"1d, 6-I-Q",1.0,0.0004,"2b, Boronic Ester",1.0,Pd(OAc)2,0.0625,dtbpf,0.125,K3PO4,2.5,DMF,60.62,9583763.0,,
2157,6-Iodoquinoline,"1d, 6-I-Q",1.0,0.0004,"2b, Boronic Ester",1.0,Pd(OAc)2,0.0625,XPhos,0.125,K3PO4,2.5,DMF,51.28,1996620.88,,
2158,6-Iodoquinoline,"1d, 6-I-Q",1.0,0.0004,"2b, Boronic Ester",1.0,Pd(OAc)2,0.0625,dppf,0.125,K3PO4,2.5,DMF,33.22,5245969.5,,
2159,6-Iodoquinoline,"1d, 6-I-Q",1.0,0.0004,"2b, Boronic Ester",1.0,Pd(OAc)2,0.0625,Xantphos,0.125,K3PO4,2.5,DMF,19.12,903342.81,,
2160,6-Iodoquinoline,"1d, 6-I-Q",1.0,0.0004,"2b, Boronic Ester",1.0,Pd(OAc)2,0.0625,,,K3PO4,2.5,DMF,40.07,10591962.0,,
2161,6-Iodoquinoline,"1d, 6-I-Q",1.0,0.0004,"2b, Boronic Ester",1.0,Pd(OAc)2,0.0625,P(tBu)3,0.125,KOH,2.5,DMF,56.56,2535159.25,,
2162,6-Iodoquinoline,"1d, 6-I-Q",1.0,0.0004,"2b, Boronic Ester",1.0,Pd(OAc)2,0.0625,P(Ph)3 ,0.125,KOH,2.5,DMF,93.46,23328716.0,,
2163,6-Iodoquinoline,"1d, 6-I-Q",1.0,0.0004,"2b, Boronic Ester",1.0,Pd(OAc)2,0.0625,AmPhos,0.125,KOH,2.5,DMF,91.35,4439501.5,,
2164,6-Iodoquinoline,"1d, 6-I-Q",1.0,0.0004,"2b, Boronic Ester",1.0,Pd(OAc)2,0.0625,P(Cy)3,0.125,KOH,2.5,DMF,93.62,24059054.0,,
2165,6-Iodoquinoline,"1d, 6-I-Q",1.0,0.0004,"2b, Boronic Ester",1.0,Pd(OAc)2,0.0625,P(o-Tol)3,0.125,KOH,2.5,DMF,82.14,3791431.5,,
2166,6-Iodoquinoline,"1d, 6-I-Q",1.0,0.0004,"2b, Boronic Ester",1.0,Pd(OAc)2,0.0625,CataCXium A,0.125,KOH,2.5,DMF,94.13,19413844.0,,
2167,6-Iodoquinoline,"1d, 6-I-Q",1.0,0.0004,"2b, Boronic Ester",1.0,Pd(OAc)2,0.0625,SPhos,0.125,KOH,2.5,DMF,88.89,4207415.5,,
2168,6-Iodoquinoline,"1d, 6-I-Q",1.0,0.0004,"2b, Boronic Ester",1.0,Pd(OAc)2,0.0625,dtbpf,0.125,KOH,2.5,DMF,81.21,15569692.0,,
2169,6-Iodoquinoline,"1d, 6-I-Q",1.0,0.0004,"2b, Boronic Ester",1.0,Pd(OAc)2,0.0625,XPhos,0.125,KOH,2.5,DMF,85.96,4070370.75,,
2170,6-Iodoquinoline,"1d, 6-I-Q",1.0,0.0004,"2b, Boronic Ester",1.0,Pd(OAc)2,0.0625,dppf,0.125,KOH,2.5,DMF,42.24,7276736.5,,
2171,6-Iodoquinoline,"1d, 6-I-Q",1.0,0.0004,"2b, Boronic Ester",1.0,Pd(OAc)2,0.0625,Xantphos,0.125,KOH,2.5,DMF,72.17,3427047.75,,
2172,6-Iodoquinoline,"1d, 6-I-Q",1.0,0.0004,"2b, Boronic Ester",1.0,Pd(OAc)2,0.0625,,,KOH,2.5,DMF,59.38,14973448.0,,
2173,6-Iodoquinoline,"1d, 6-I-Q",1.0,0.0004,"2b, Boronic Ester",1.0,Pd(OAc)2,0.0625,P(tBu)3,0.125,LiOtBu,2.5,DMF,88.33,3968125.25,,
2174,6-Iodoquinoline,"1d, 6-I-Q",1.0,0.0004,"2b, Boronic Ester",1.0,Pd(OAc)2,0.0625,P(Ph)3 ,0.125,LiOtBu,2.5,DMF,95.49,22957396.0,,
2175,6-Iodoquinoline,"1d, 6-I-Q",1.0,0.0004,"2b, Boronic Ester",1.0,Pd(OAc)2,0.0625,AmPhos,0.125,LiOtBu,2.5,DMF,96.28,4521996.5,,
2176,6-Iodoquinoline,"1d, 6-I-Q",1.0,0.0004,"2b, Boronic Ester",1.0,Pd(OAc)2,0.0625,P(Cy)3,0.125,LiOtBu,2.5,DMF,89.03,19742418.0,,
2177,6-Iodoquinoline,"1d, 6-I-Q",1.0,0.0004,"2b, Boronic Ester",1.0,Pd(OAc)2,0.0625,P(o-Tol)3,0.125,LiOtBu,2.5,DMF,82.58,3638194.75,,
2178,6-Iodoquinoline,"1d, 6-I-Q",1.0,0.0004,"2b, Boronic Ester",1.0,Pd(OAc)2,0.0625,CataCXium A,0.125,LiOtBu,2.5,DMF,96.97,18585278.0,,
2179,6-Iodoquinoline,"1d, 6-I-Q",1.0,0.0004,"2b, Boronic Ester",1.0,Pd(OAc)2,0.0625,SPhos,0.125,LiOtBu,2.5,DMF,93.79,4322048.0,,
2180,6-Iodoquinoline,"1d, 6-I-Q",1.0,0.0004,"2b, Boronic Ester",1.0,Pd(OAc)2,0.0625,dtbpf,0.125,LiOtBu,2.5,DMF,83.34,15177728.0,,
2181,6-Iodoquinoline,"1d, 6-I-Q",1.0,0.0004,"2b, Boronic Ester",1.0,Pd(OAc)2,0.0625,XPhos,0.125,LiOtBu,2.5,DMF,82.14,3650715.25,,
2182,6-Iodoquinoline,"1d, 6-I-Q",1.0,0.0004,"2b, Boronic Ester",1.0,Pd(OAc)2,0.0625,dppf,0.125,LiOtBu,2.5,DMF,29.84,5417779.5,,
2183,6-Iodoquinoline,"1d, 6-I-Q",1.0,0.0004,"2b, Boronic Ester",1.0,Pd(OAc)2,0.0625,Xantphos,0.125,LiOtBu,2.5,DMF,68.64,3180095.75,,
2184,6-Iodoquinoline,"1d, 6-I-Q",1.0,0.0004,"2b, Boronic Ester",1.0,Pd(OAc)2,0.0625,,,LiOtBu,2.5,DMF,61.79,14565537.0,,
2185,6-Iodoquinoline,"1d, 6-I-Q",1.0,0.0004,"2b, Boronic Ester",1.0,Pd(OAc)2,0.0625,P(tBu)3,0.125,Et3N,2.5,DMF,92.96,4220567.5,,
2186,6-Iodoquinoline,"1d, 6-I-Q",1.0,0.0004,"2b, Boronic Ester",1.0,Pd(OAc)2,0.0625,P(Ph)3 ,0.125,Et3N,2.5,DMF,89.15,20739278.0,,
2187,6-Iodoquinoline,"1d, 6-I-Q",1.0,0.0004,"2b, Boronic Ester",1.0,Pd(OAc)2,0.0625,AmPhos,0.125,Et3N,2.5,DMF,90.81,4314321.5,,
2188,6-Iodoquinoline,"1d, 6-I-Q",1.0,0.0004,"2b, Boronic Ester",1.0,Pd(OAc)2,0.0625,P(Cy)3,0.125,Et3N,2.5,DMF,76.98,17354554.0,,
2189,6-Iodoquinoline,"1d, 6-I-Q",1.0,0.0004,"2b, Boronic Ester",1.0,Pd(OAc)2,0.0625,P(o-Tol)3,0.125,Et3N,2.5,DMF,71.34,3090016.25,,
2190,6-Iodoquinoline,"1d, 6-I-Q",1.0,0.0004,"2b, Boronic Ester",1.0,Pd(OAc)2,0.0625,CataCXium A,0.125,Et3N,2.5,DMF,86.44,16065693.0,,
2191,6-Iodoquinoline,"1d, 6-I-Q",1.0,0.0004,"2b, Boronic Ester",1.0,Pd(OAc)2,0.0625,SPhos,0.125,Et3N,2.5,DMF,73.02,3067594.25,,
2192,6-Iodoquinoline,"1d, 6-I-Q",1.0,0.0004,"2b, Boronic Ester",1.0,Pd(OAc)2,0.0625,dtbpf,0.125,Et3N,2.5,DMF,69.9,12480631.0,,
2193,6-Iodoquinoline,"1d, 6-I-Q",1.0,0.0004,"2b, Boronic Ester",1.0,Pd(OAc)2,0.0625,XPhos,0.125,Et3N,2.5,DMF,72.75,3360154.5,,
2194,6-Iodoquinoline,"1d, 6-I-Q",1.0,0.0004,"2b, Boronic Ester",1.0,Pd(OAc)2,0.0625,dppf,0.125,Et3N,2.5,DMF,32.15,4991003.0,,
2195,6-Iodoquinoline,"1d, 6-I-Q",1.0,0.0004,"2b, Boronic Ester",1.0,Pd(OAc)2,0.0625,Xantphos,0.125,Et3N,2.5,DMF,42.09,2004359.63,,
2196,6-Iodoquinoline,"1d, 6-I-Q",1.0,0.0004,"2b, Boronic Ester",1.0,Pd(OAc)2,0.0625,,,Et3N,2.5,DMF,31.5,8569023.0,,
2197,6-Iodoquinoline,"1d, 6-I-Q",1.0,0.0004,"2b, Boronic Ester",1.0,Pd(OAc)2,0.0625,P(tBu)3,0.125,,2.5,DMF,90.92,4350944.5,,
2198,6-Iodoquinoline,"1d, 6-I-Q",1.0,0.0004,"2b, Boronic Ester",1.0,Pd(OAc)2,0.0625,P(Ph)3 ,0.125,,2.5,DMF,95.18,23813776.0,,
2199,6-Iodoquinoline,"1d, 6-I-Q",1.0,0.0004,"2b, Boronic Ester",1.0,Pd(OAc)2,0.0625,AmPhos,0.125,,2.5,DMF,95.78,4415177.0,,
2200,6-Iodoquinoline,"1d, 6-I-Q",1.0,0.0004,"2b, Boronic Ester",1.0,Pd(OAc)2,0.0625,P(Cy)3,0.125,,2.5,DMF,62.9,13659143.0,,
2201,6-Iodoquinoline,"1d, 6-I-Q",1.0,0.0004,"2b, Boronic Ester",1.0,Pd(OAc)2,0.0625,P(o-Tol)3,0.125,,2.5,DMF,51.62,2091557.0,,
2202,6-Iodoquinoline,"1d, 6-I-Q",1.0,0.0004,"2b, Boronic Ester",1.0,Pd(OAc)2,0.0625,CataCXium A,0.125,,2.5,DMF,74.53,14038106.0,,
2203,6-Iodoquinoline,"1d, 6-I-Q",1.0,0.0004,"2b, Boronic Ester",1.0,Pd(OAc)2,0.0625,SPhos,0.125,,2.5,DMF,55.91,2232587.0,,
2204,6-Iodoquinoline,"1d, 6-I-Q",1.0,0.0004,"2b, Boronic Ester",1.0,Pd(OAc)2,0.0625,dtbpf,0.125,,2.5,DMF,52.67,8284257.5,,
2205,6-Iodoquinoline,"1d, 6-I-Q",1.0,0.0004,"2b, Boronic Ester",1.0,Pd(OAc)2,0.0625,XPhos,0.125,,2.5,DMF,44.36,1730603.13,,
2206,6-Iodoquinoline,"1d, 6-I-Q",1.0,0.0004,"2b, Boronic Ester",1.0,Pd(OAc)2,0.0625,dppf,0.125,,2.5,DMF,33.12,5148746.5,,
2207,6-Iodoquinoline,"1d, 6-I-Q",1.0,0.0004,"2b, Boronic Ester",1.0,Pd(OAc)2,0.0625,Xantphos,0.125,,2.5,DMF,15.46,736537.56,,
2208,6-Iodoquinoline,"1d, 6-I-Q",1.0,0.0004,"2b, Boronic Ester",1.0,Pd(OAc)2,0.0625,,,,2.5,DMF,30.28,8366701.5,,
2209,6-Iodoquinoline,"1d, 6-I-Q",1.0,0.0004,"2b, Boronic Ester",1.0,Pd(OAc)2,0.0625,P(tBu)3,0.125,NaOH,2.5,MeOH,80.02,2705669.25,,
2210,6-Iodoquinoline,"1d, 6-I-Q",1.0,0.0004,"2b, Boronic Ester",1.0,Pd(OAc)2,0.0625,P(Ph)3 ,0.125,NaOH,2.5,MeOH,89.96,20054148.0,,
2211,6-Iodoquinoline,"1d, 6-I-Q",1.0,0.0004,"2b, Boronic Ester",1.0,Pd(OAc)2,0.0625,AmPhos,0.125,NaOH,2.5,MeOH,90.36,2776702.5,,
2212,6-Iodoquinoline,"1d, 6-I-Q",1.0,0.0004,"2b, Boronic Ester",1.0,Pd(OAc)2,0.0625,P(Cy)3,0.125,NaOH,2.5,MeOH,84.38,9099818.0,,
2213,6-Iodoquinoline,"1d, 6-I-Q",1.0,0.0004,"2b, Boronic Ester",1.0,Pd(OAc)2,0.0625,P(o-Tol)3,0.125,NaOH,2.5,MeOH,83.25,1872232.13,,
2214,6-Iodoquinoline,"1d, 6-I-Q",1.0,0.0004,"2b, Boronic Ester",1.0,Pd(OAc)2,0.0625,CataCXium A,0.125,NaOH,2.5,MeOH,84.8,9257291.0,,
2215,6-Iodoquinoline,"1d, 6-I-Q",1.0,0.0004,"2b, Boronic Ester",1.0,Pd(OAc)2,0.0625,SPhos,0.125,NaOH,2.5,MeOH,83.9,1724233.38,,
2216,6-Iodoquinoline,"1d, 6-I-Q",1.0,0.0004,"2b, Boronic Ester",1.0,Pd(OAc)2,0.0625,dtbpf,0.125,NaOH,2.5,MeOH,74.94,6023882.5,,
2217,6-Iodoquinoline,"1d, 6-I-Q",1.0,0.0004,"2b, Boronic Ester",1.0,Pd(OAc)2,0.0625,XPhos,0.125,NaOH,2.5,MeOH,81.05,1434672.63,,
2218,6-Iodoquinoline,"1d, 6-I-Q",1.0,0.0004,"2b, Boronic Ester",1.0,Pd(OAc)2,0.0625,dppf,0.125,NaOH,2.5,MeOH,80.99,6217437.0,,
2219,6-Iodoquinoline,"1d, 6-I-Q",1.0,0.0004,"2b, Boronic Ester",1.0,Pd(OAc)2,0.0625,Xantphos,0.125,NaOH,2.5,MeOH,48.42,752778.63,,
2220,6-Iodoquinoline,"1d, 6-I-Q",1.0,0.0004,"2b, Boronic Ester",1.0,Pd(OAc)2,0.0625,,,NaOH,2.5,MeOH,75.47,10655088.0,,
2221,6-Iodoquinoline,"1d, 6-I-Q",1.0,0.0004,"2b, Boronic Ester",1.0,Pd(OAc)2,0.0625,P(tBu)3,0.125,NaHCO3,2.5,MeOH,77.27,721803.94,,
2222,6-Iodoquinoline,"1d, 6-I-Q",1.0,0.0004,"2b, Boronic Ester",1.0,Pd(OAc)2,0.0625,P(Ph)3 ,0.125,NaHCO3,2.5,MeOH,87.84,6133626.0,,
2223,6-Iodoquinoline,"1d, 6-I-Q",1.0,0.0004,"2b, Boronic Ester",1.0,Pd(OAc)2,0.0625,AmPhos,0.125,NaHCO3,2.5,MeOH,90.07,913578.75,,
2224,6-Iodoquinoline,"1d, 6-I-Q",1.0,0.0004,"2b, Boronic Ester",1.0,Pd(OAc)2,0.0625,P(Cy)3,0.125,NaHCO3,2.5,MeOH,86.58,4140501.75,,
2225,6-Iodoquinoline,"1d, 6-I-Q",1.0,0.0004,"2b, Boronic Ester",1.0,Pd(OAc)2,0.0625,P(o-Tol)3,0.125,NaHCO3,2.5,MeOH,86.82,698198.38,,
2226,6-Iodoquinoline,"1d, 6-I-Q",1.0,0.0004,"2b, Boronic Ester",1.0,Pd(OAc)2,0.0625,CataCXium A,0.125,NaHCO3,2.5,MeOH,83.75,5100867.5,,
2227,6-Iodoquinoline,"1d, 6-I-Q",1.0,0.0004,"2b, Boronic Ester",1.0,Pd(OAc)2,0.0625,SPhos,0.125,NaHCO3,2.5,MeOH,82.5,660684.5,,
2228,6-Iodoquinoline,"1d, 6-I-Q",1.0,0.0004,"2b, Boronic Ester",1.0,Pd(OAc)2,0.0625,dtbpf,0.125,NaHCO3,2.5,MeOH,67.23,2410161.25,,
2229,6-Iodoquinoline,"1d, 6-I-Q",1.0,0.0004,"2b, Boronic Ester",1.0,Pd(OAc)2,0.0625,XPhos,0.125,NaHCO3,2.5,MeOH,81.52,448316.69,,
2230,6-Iodoquinoline,"1d, 6-I-Q",1.0,0.0004,"2b, Boronic Ester",1.0,Pd(OAc)2,0.0625,dppf,0.125,NaHCO3,2.5,MeOH,79.88,3240813.25,,
2231,6-Iodoquinoline,"1d, 6-I-Q",1.0,0.0004,"2b, Boronic Ester",1.0,Pd(OAc)2,0.0625,Xantphos,0.125,NaHCO3,2.5,MeOH,46.7,211180.64,,
2232,6-Iodoquinoline,"1d, 6-I-Q",1.0,0.0004,"2b, Boronic Ester",1.0,Pd(OAc)2,0.0625,,,NaHCO3,2.5,MeOH,74.9,9323048.0,,
2233,6-Iodoquinoline,"1d, 6-I-Q",1.0,0.0004,"2b, Boronic Ester",1.0,Pd(OAc)2,0.0625,P(tBu)3,0.125,CsF,2.5,MeOH,67.08,267526.0,,
2234,6-Iodoquinoline,"1d, 6-I-Q",1.0,0.0004,"2b, Boronic Ester",1.0,Pd(OAc)2,0.0625,P(Ph)3 ,0.125,CsF,2.5,MeOH,68.0,2098604.25,,
2235,6-Iodoquinoline,"1d, 6-I-Q",1.0,0.0004,"2b, Boronic Ester",1.0,Pd(OAc)2,0.0625,AmPhos,0.125,CsF,2.5,MeOH,75.68,432417.78,,
2236,6-Iodoquinoline,"1d, 6-I-Q",1.0,0.0004,"2b, Boronic Ester",1.0,Pd(OAc)2,0.0625,P(Cy)3,0.125,CsF,2.5,MeOH,77.41,2838134.5,,
2237,6-Iodoquinoline,"1d, 6-I-Q",1.0,0.0004,"2b, Boronic Ester",1.0,Pd(OAc)2,0.0625,P(o-Tol)3,0.125,CsF,2.5,MeOH,72.92,613770.88,,
2238,6-Iodoquinoline,"1d, 6-I-Q",1.0,0.0004,"2b, Boronic Ester",1.0,Pd(OAc)2,0.0625,CataCXium A,0.125,CsF,2.5,MeOH,76.08,2693623.25,,
2239,6-Iodoquinoline,"1d, 6-I-Q",1.0,0.0004,"2b, Boronic Ester",1.0,Pd(OAc)2,0.0625,SPhos,0.125,CsF,2.5,MeOH,52.18,332277.0,,
2240,6-Iodoquinoline,"1d, 6-I-Q",1.0,0.0004,"2b, Boronic Ester",1.0,Pd(OAc)2,0.0625,dtbpf,0.125,CsF,2.5,MeOH,50.91,1908253.75,,
2241,6-Iodoquinoline,"1d, 6-I-Q",1.0,0.0004,"2b, Boronic Ester",1.0,Pd(OAc)2,0.0625,XPhos,0.125,CsF,2.5,MeOH,49.61,678454.75,,
2242,6-Iodoquinoline,"1d, 6-I-Q",1.0,0.0004,"2b, Boronic Ester",1.0,Pd(OAc)2,0.0625,dppf,0.125,CsF,2.5,MeOH,60.34,5089426.0,,
2243,6-Iodoquinoline,"1d, 6-I-Q",1.0,0.0004,"2b, Boronic Ester",1.0,Pd(OAc)2,0.0625,Xantphos,0.125,CsF,2.5,MeOH,21.09,85947.21,,
2244,6-Iodoquinoline,"1d, 6-I-Q",1.0,0.0004,"2b, Boronic Ester",1.0,Pd(OAc)2,0.0625,,,CsF,2.5,MeOH,40.4,3807783.25,,
2245,6-Iodoquinoline,"1d, 6-I-Q",1.0,0.0004,"2b, Boronic Ester",1.0,Pd(OAc)2,0.0625,P(tBu)3,0.125,K3PO4,2.5,MeOH,83.04,999265.81,,
2246,6-Iodoquinoline,"1d, 6-I-Q",1.0,0.0004,"2b, Boronic Ester",1.0,Pd(OAc)2,0.0625,P(Ph)3 ,0.125,K3PO4,2.5,MeOH,90.36,6493513.0,,
2247,6-Iodoquinoline,"1d, 6-I-Q",1.0,0.0004,"2b, Boronic Ester",1.0,Pd(OAc)2,0.0625,AmPhos,0.125,K3PO4,2.5,MeOH,92.58,1338850.88,,
2248,6-Iodoquinoline,"1d, 6-I-Q",1.0,0.0004,"2b, Boronic Ester",1.0,Pd(OAc)2,0.0625,P(Cy)3,0.125,K3PO4,2.5,MeOH,88.04,8551042.0,,
2249,6-Iodoquinoline,"1d, 6-I-Q",1.0,0.0004,"2b, Boronic Ester",1.0,Pd(OAc)2,0.0625,P(o-Tol)3,0.125,K3PO4,2.5,MeOH,88.19,1049498.25,,
2250,6-Iodoquinoline,"1d, 6-I-Q",1.0,0.0004,"2b, Boronic Ester",1.0,Pd(OAc)2,0.0625,CataCXium A,0.125,K3PO4,2.5,MeOH,91.15,8839411.0,,
2251,6-Iodoquinoline,"1d, 6-I-Q",1.0,0.0004,"2b, Boronic Ester",1.0,Pd(OAc)2,0.0625,SPhos,0.125,K3PO4,2.5,MeOH,88.96,1454084.63,,
2252,6-Iodoquinoline,"1d, 6-I-Q",1.0,0.0004,"2b, Boronic Ester",1.0,Pd(OAc)2,0.0625,dtbpf,0.125,K3PO4,2.5,MeOH,77.55,4756263.5,,
2253,6-Iodoquinoline,"1d, 6-I-Q",1.0,0.0004,"2b, Boronic Ester",1.0,Pd(OAc)2,0.0625,XPhos,0.125,K3PO4,2.5,MeOH,85.09,868947.5,,
2254,6-Iodoquinoline,"1d, 6-I-Q",1.0,0.0004,"2b, Boronic Ester",1.0,Pd(OAc)2,0.0625,dppf,0.125,K3PO4,2.5,MeOH,78.78,4055401.5,,
2255,6-Iodoquinoline,"1d, 6-I-Q",1.0,0.0004,"2b, Boronic Ester",1.0,Pd(OAc)2,0.0625,Xantphos,0.125,K3PO4,2.5,MeOH,39.8,280819.34,,
2256,6-Iodoquinoline,"1d, 6-I-Q",1.0,0.0004,"2b, Boronic Ester",1.0,Pd(OAc)2,0.0625,,,K3PO4,2.5,MeOH,75.42,6571500.5,,
2257,6-Iodoquinoline,"1d, 6-I-Q",1.0,0.0004,"2b, Boronic Ester",1.0,Pd(OAc)2,0.0625,P(tBu)3,0.125,KOH,2.5,MeOH,80.91,608507.88,,
2258,6-Iodoquinoline,"1d, 6-I-Q",1.0,0.0004,"2b, Boronic Ester",1.0,Pd(OAc)2,0.0625,P(Ph)3 ,0.125,KOH,2.5,MeOH,83.21,3745811.25,,
2259,6-Iodoquinoline,"1d, 6-I-Q",1.0,0.0004,"2b, Boronic Ester",1.0,Pd(OAc)2,0.0625,AmPhos,0.125,KOH,2.5,MeOH,83.8,697174.19,,
2260,6-Iodoquinoline,"1d, 6-I-Q",1.0,0.0004,"2b, Boronic Ester",1.0,Pd(OAc)2,0.0625,P(Cy)3,0.125,KOH,2.5,MeOH,78.56,3211354.5,,
2261,6-Iodoquinoline,"1d, 6-I-Q",1.0,0.0004,"2b, Boronic Ester",1.0,Pd(OAc)2,0.0625,P(o-Tol)3,0.125,KOH,2.5,MeOH,86.4,453022.63,,
2262,6-Iodoquinoline,"1d, 6-I-Q",1.0,0.0004,"2b, Boronic Ester",1.0,Pd(OAc)2,0.0625,CataCXium A,0.125,KOH,2.5,MeOH,83.71,2866473.25,,
2263,6-Iodoquinoline,"1d, 6-I-Q",1.0,0.0004,"2b, Boronic Ester",1.0,Pd(OAc)2,0.0625,SPhos,0.125,KOH,2.5,MeOH,87.81,507557.38,,
2264,6-Iodoquinoline,"1d, 6-I-Q",1.0,0.0004,"2b, Boronic Ester",1.0,Pd(OAc)2,0.0625,dtbpf,0.125,KOH,2.5,MeOH,78.48,2795731.0,,
2265,6-Iodoquinoline,"1d, 6-I-Q",1.0,0.0004,"2b, Boronic Ester",1.0,Pd(OAc)2,0.0625,XPhos,0.125,KOH,2.5,MeOH,82.35,452431.16,,
2266,6-Iodoquinoline,"1d, 6-I-Q",1.0,0.0004,"2b, Boronic Ester",1.0,Pd(OAc)2,0.0625,dppf,0.125,KOH,2.5,MeOH,84.83,1943440.0,,
2267,6-Iodoquinoline,"1d, 6-I-Q",1.0,0.0004,"2b, Boronic Ester",1.0,Pd(OAc)2,0.0625,Xantphos,0.125,KOH,2.5,MeOH,75.06,265045.56,,
2268,6-Iodoquinoline,"1d, 6-I-Q",1.0,0.0004,"2b, Boronic Ester",1.0,Pd(OAc)2,0.0625,,,KOH,2.5,MeOH,68.08,3557539.75,,
2269,6-Iodoquinoline,"1d, 6-I-Q",1.0,0.0004,"2b, Boronic Ester",1.0,Pd(OAc)2,0.0625,P(tBu)3,0.125,LiOtBu,2.5,MeOH,85.92,229752.75,,
2270,6-Iodoquinoline,"1d, 6-I-Q",1.0,0.0004,"2b, Boronic Ester",1.0,Pd(OAc)2,0.0625,P(Ph)3 ,0.125,LiOtBu,2.5,MeOH,92.33,3328933.75,,
2271,6-Iodoquinoline,"1d, 6-I-Q",1.0,0.0004,"2b, Boronic Ester",1.0,Pd(OAc)2,0.0625,AmPhos,0.125,LiOtBu,2.5,MeOH,100.0,508171.63,,
2272,6-Iodoquinoline,"1d, 6-I-Q",1.0,0.0004,"2b, Boronic Ester",1.0,Pd(OAc)2,0.0625,P(Cy)3,0.125,LiOtBu,2.5,MeOH,89.27,3336679.5,,
2273,6-Iodoquinoline,"1d, 6-I-Q",1.0,0.0004,"2b, Boronic Ester",1.0,Pd(OAc)2,0.0625,P(o-Tol)3,0.125,LiOtBu,2.5,MeOH,100.0,499096.28,,
2274,6-Iodoquinoline,"1d, 6-I-Q",1.0,0.0004,"2b, Boronic Ester",1.0,Pd(OAc)2,0.0625,CataCXium A,0.125,LiOtBu,2.5,MeOH,86.19,2940464.0,,
2275,6-Iodoquinoline,"1d, 6-I-Q",1.0,0.0004,"2b, Boronic Ester",1.0,Pd(OAc)2,0.0625,SPhos,0.125,LiOtBu,2.5,MeOH,100.0,379670.56,,
2276,6-Iodoquinoline,"1d, 6-I-Q",1.0,0.0004,"2b, Boronic Ester",1.0,Pd(OAc)2,0.0625,dtbpf,0.125,LiOtBu,2.5,MeOH,88.71,2920767.5,,
2277,6-Iodoquinoline,"1d, 6-I-Q",1.0,0.0004,"2b, Boronic Ester",1.0,Pd(OAc)2,0.0625,XPhos,0.125,LiOtBu,2.5,MeOH,91.9,317414.91,,
2278,6-Iodoquinoline,"1d, 6-I-Q",1.0,0.0004,"2b, Boronic Ester",1.0,Pd(OAc)2,0.0625,dppf,0.125,LiOtBu,2.5,MeOH,85.35,3139500.75,,
2279,6-Iodoquinoline,"1d, 6-I-Q",1.0,0.0004,"2b, Boronic Ester",1.0,Pd(OAc)2,0.0625,Xantphos,0.125,LiOtBu,2.5,MeOH,85.42,263190.31,,
2280,6-Iodoquinoline,"1d, 6-I-Q",1.0,0.0004,"2b, Boronic Ester",1.0,Pd(OAc)2,0.0625,,,LiOtBu,2.5,MeOH,64.1,2327041.5,,
2281,6-Iodoquinoline,"1d, 6-I-Q",1.0,0.0004,"2b, Boronic Ester",1.0,Pd(OAc)2,0.0625,P(tBu)3,0.125,Et3N,2.5,MeOH,70.65,570315.5,,
2282,6-Iodoquinoline,"1d, 6-I-Q",1.0,0.0004,"2b, Boronic Ester",1.0,Pd(OAc)2,0.0625,P(Ph)3 ,0.125,Et3N,2.5,MeOH,78.77,1467428.5,,
2283,6-Iodoquinoline,"1d, 6-I-Q",1.0,0.0004,"2b, Boronic Ester",1.0,Pd(OAc)2,0.0625,AmPhos,0.125,Et3N,2.5,MeOH,73.96,294206.88,,
2284,6-Iodoquinoline,"1d, 6-I-Q",1.0,0.0004,"2b, Boronic Ester",1.0,Pd(OAc)2,0.0625,P(Cy)3,0.125,Et3N,2.5,MeOH,84.05,2417373.25,,
2285,6-Iodoquinoline,"1d, 6-I-Q",1.0,0.0004,"2b, Boronic Ester",1.0,Pd(OAc)2,0.0625,P(o-Tol)3,0.125,Et3N,2.5,MeOH,72.18,223695.05,,
2286,6-Iodoquinoline,"1d, 6-I-Q",1.0,0.0004,"2b, Boronic Ester",1.0,Pd(OAc)2,0.0625,CataCXium A,0.125,Et3N,2.5,MeOH,73.53,1933285.63,,
2287,6-Iodoquinoline,"1d, 6-I-Q",1.0,0.0004,"2b, Boronic Ester",1.0,Pd(OAc)2,0.0625,SPhos,0.125,Et3N,2.5,MeOH,76.43,304412.94,,
2288,6-Iodoquinoline,"1d, 6-I-Q",1.0,0.0004,"2b, Boronic Ester",1.0,Pd(OAc)2,0.0625,dtbpf,0.125,Et3N,2.5,MeOH,59.73,1470229.25,,
2289,6-Iodoquinoline,"1d, 6-I-Q",1.0,0.0004,"2b, Boronic Ester",1.0,Pd(OAc)2,0.0625,XPhos,0.125,Et3N,2.5,MeOH,78.36,167936.27,,
2290,6-Iodoquinoline,"1d, 6-I-Q",1.0,0.0004,"2b, Boronic Ester",1.0,Pd(OAc)2,0.0625,dppf,0.125,Et3N,2.5,MeOH,67.82,1219024.0,,
2291,6-Iodoquinoline,"1d, 6-I-Q",1.0,0.0004,"2b, Boronic Ester",1.0,Pd(OAc)2,0.0625,Xantphos,0.125,Et3N,2.5,MeOH,58.8,142750.44,,
2292,6-Iodoquinoline,"1d, 6-I-Q",1.0,0.0004,"2b, Boronic Ester",1.0,Pd(OAc)2,0.0625,,,Et3N,2.5,MeOH,49.37,2573658.25,,
2293,6-Iodoquinoline,"1d, 6-I-Q",1.0,0.0004,"2b, Boronic Ester",1.0,Pd(OAc)2,0.0625,P(tBu)3,0.125,,2.5,MeOH,41.39,104065.96,,
2294,6-Iodoquinoline,"1d, 6-I-Q",1.0,0.0004,"2b, Boronic Ester",1.0,Pd(OAc)2,0.0625,P(Ph)3 ,0.125,,2.5,MeOH,47.4,1167435.0,,
2295,6-Iodoquinoline,"1d, 6-I-Q",1.0,0.0004,"2b, Boronic Ester",1.0,Pd(OAc)2,0.0625,AmPhos,0.125,,2.5,MeOH,66.14,164851.88,,
2296,6-Iodoquinoline,"1d, 6-I-Q",1.0,0.0004,"2b, Boronic Ester",1.0,Pd(OAc)2,0.0625,P(Cy)3,0.125,,2.5,MeOH,72.16,1744113.38,,
2297,6-Iodoquinoline,"1d, 6-I-Q",1.0,0.0004,"2b, Boronic Ester",1.0,Pd(OAc)2,0.0625,P(o-Tol)3,0.125,,2.5,MeOH,64.73,182430.72,,
2298,6-Iodoquinoline,"1d, 6-I-Q",1.0,0.0004,"2b, Boronic Ester",1.0,Pd(OAc)2,0.0625,CataCXium A,0.125,,2.5,MeOH,55.71,1418733.13,,
2299,6-Iodoquinoline,"1d, 6-I-Q",1.0,0.0004,"2b, Boronic Ester",1.0,Pd(OAc)2,0.0625,SPhos,0.125,,2.5,MeOH,63.75,164912.48,,
2300,6-Iodoquinoline,"1d, 6-I-Q",1.0,0.0004,"2b, Boronic Ester",1.0,Pd(OAc)2,0.0625,dtbpf,0.125,,2.5,MeOH,39.69,827227.63,,
2301,6-Iodoquinoline,"1d, 6-I-Q",1.0,0.0004,"2b, Boronic Ester",1.0,Pd(OAc)2,0.0625,XPhos,0.125,,2.5,MeOH,66.05,89600.63,,
2302,6-Iodoquinoline,"1d, 6-I-Q",1.0,0.0004,"2b, Boronic Ester",1.0,Pd(OAc)2,0.0625,dppf,0.125,,2.5,MeOH,41.9,662419.56,,
2303,6-Iodoquinoline,"1d, 6-I-Q",1.0,0.0004,"2b, Boronic Ester",1.0,Pd(OAc)2,0.0625,Xantphos,0.125,,2.5,MeOH,39.89,74028.38,,
2304,6-Iodoquinoline,"1d, 6-I-Q",1.0,0.0004,"2b, Boronic Ester",1.0,Pd(OAc)2,0.0625,,,,2.5,MeOH,25.83,7975930.5,,
2305,6-Bromoquinoline,"1b, 6-Br-Q",1.0,0.0004,"2b, Boronic Ester",1.0,Pd(OAc)2,0.0625,P(tBu)3,0.125,NaOH,2.5,MeCN,54.09,129360.2,,
2306,6-Bromoquinoline,"1b, 6-Br-Q",1.0,0.0004,"2b, Boronic Ester",1.0,Pd(OAc)2,0.0625,P(Ph)3 ,0.125,NaOH,2.5,MeCN,89.89,11961260.0,,
2307,6-Bromoquinoline,"1b, 6-Br-Q",1.0,0.0004,"2b, Boronic Ester",1.0,Pd(OAc)2,0.0625,AmPhos,0.125,NaOH,2.5,MeCN,88.23,529779.19,,
2308,6-Bromoquinoline,"1b, 6-Br-Q",1.0,0.0004,"2b, Boronic Ester",1.0,Pd(OAc)2,0.0625,P(Cy)3,0.125,NaOH,2.5,MeCN,71.74,2190283.5,,
2309,6-Bromoquinoline,"1b, 6-Br-Q",1.0,0.0004,"2b, Boronic Ester",1.0,Pd(OAc)2,0.0625,P(o-Tol)3,0.125,NaOH,2.5,MeCN,75.74,371672.78,,
2310,6-Bromoquinoline,"1b, 6-Br-Q",1.0,0.0004,"2b, Boronic Ester",1.0,Pd(OAc)2,0.0625,CataCXium A,0.125,NaOH,2.5,MeCN,87.89,2456511.25,,
2311,6-Bromoquinoline,"1b, 6-Br-Q",1.0,0.0004,"2b, Boronic Ester",1.0,Pd(OAc)2,0.0625,SPhos,0.125,NaOH,2.5,MeCN,85.64,456255.09,,
2312,6-Bromoquinoline,"1b, 6-Br-Q",1.0,0.0004,"2b, Boronic Ester",1.0,Pd(OAc)2,0.0625,dtbpf,0.125,NaOH,2.5,MeCN,71.35,1482862.0,,
2313,6-Bromoquinoline,"1b, 6-Br-Q",1.0,0.0004,"2b, Boronic Ester",1.0,Pd(OAc)2,0.0625,XPhos,0.125,NaOH,2.5,MeCN,73.21,172014.27,,
2314,6-Bromoquinoline,"1b, 6-Br-Q",1.0,0.0004,"2b, Boronic Ester",1.0,Pd(OAc)2,0.0625,dppf,0.125,NaOH,2.5,MeCN,67.26,1952936.5,,
2315,6-Bromoquinoline,"1b, 6-Br-Q",1.0,0.0004,"2b, Boronic Ester",1.0,Pd(OAc)2,0.0625,Xantphos,0.125,NaOH,2.5,MeCN,38.04,51491.15,,
2316,6-Bromoquinoline,"1b, 6-Br-Q",1.0,0.0004,"2b, Boronic Ester",1.0,Pd(OAc)2,0.0625,,,NaOH,2.5,MeCN,29.0,724088.38,,
2317,6-Bromoquinoline,"1b, 6-Br-Q",1.0,0.0004,"2b, Boronic Ester",1.0,Pd(OAc)2,0.0625,P(tBu)3,0.125,NaHCO3,2.5,MeCN,60.99,67154.8,,
2318,6-Bromoquinoline,"1b, 6-Br-Q",1.0,0.0004,"2b, Boronic Ester",1.0,Pd(OAc)2,0.0625,P(Ph)3 ,0.125,NaHCO3,2.5,MeCN,68.23,1363887.38,,
2319,6-Bromoquinoline,"1b, 6-Br-Q",1.0,0.0004,"2b, Boronic Ester",1.0,Pd(OAc)2,0.0625,AmPhos,0.125,NaHCO3,2.5,MeCN,66.89,140697.56,,
2320,6-Bromoquinoline,"1b, 6-Br-Q",1.0,0.0004,"2b, Boronic Ester",1.0,Pd(OAc)2,0.0625,P(Cy)3,0.125,NaHCO3,2.5,MeCN,70.14,1486608.38,,
2321,6-Bromoquinoline,"1b, 6-Br-Q",1.0,0.0004,"2b, Boronic Ester",1.0,Pd(OAc)2,0.0625,P(o-Tol)3,0.125,NaHCO3,2.5,MeCN,59.04,85574.54,,
2322,6-Bromoquinoline,"1b, 6-Br-Q",1.0,0.0004,"2b, Boronic Ester",1.0,Pd(OAc)2,0.0625,CataCXium A,0.125,NaHCO3,2.5,MeCN,56.68,555009.31,,
2323,6-Bromoquinoline,"1b, 6-Br-Q",1.0,0.0004,"2b, Boronic Ester",1.0,Pd(OAc)2,0.0625,SPhos,0.125,NaHCO3,2.5,MeCN,73.5,156220.52,,
2324,6-Bromoquinoline,"1b, 6-Br-Q",1.0,0.0004,"2b, Boronic Ester",1.0,Pd(OAc)2,0.0625,dtbpf,0.125,NaHCO3,2.5,MeCN,70.91,808672.63,,
2325,6-Bromoquinoline,"1b, 6-Br-Q",1.0,0.0004,"2b, Boronic Ester",1.0,Pd(OAc)2,0.0625,XPhos,0.125,NaHCO3,2.5,MeCN,60.47,48518.18,,
2326,6-Bromoquinoline,"1b, 6-Br-Q",1.0,0.0004,"2b, Boronic Ester",1.0,Pd(OAc)2,0.0625,dppf,0.125,NaHCO3,2.5,MeCN,51.14,485246.88,,
2327,6-Bromoquinoline,"1b, 6-Br-Q",1.0,0.0004,"2b, Boronic Ester",1.0,Pd(OAc)2,0.0625,Xantphos,0.125,NaHCO3,2.5,MeCN,0.0,20989.25,,
2328,6-Bromoquinoline,"1b, 6-Br-Q",1.0,0.0004,"2b, Boronic Ester",1.0,Pd(OAc)2,0.0625,,,NaHCO3,2.5,MeCN,10.02,152445.92,,
2329,6-Bromoquinoline,"1b, 6-Br-Q",1.0,0.0004,"2b, Boronic Ester",1.0,Pd(OAc)2,0.0625,P(tBu)3,0.125,CsF,2.5,MeCN,0.0,13171.05,,
2330,6-Bromoquinoline,"1b, 6-Br-Q",1.0,0.0004,"2b, Boronic Ester",1.0,Pd(OAc)2,0.0625,P(Ph)3 ,0.125,CsF,2.5,MeCN,53.51,611910.44,,
2331,6-Bromoquinoline,"1b, 6-Br-Q",1.0,0.0004,"2b, Boronic Ester",1.0,Pd(OAc)2,0.0625,AmPhos,0.125,CsF,2.5,MeCN,68.33,104710.55,,
2332,6-Bromoquinoline,"1b, 6-Br-Q",1.0,0.0004,"2b, Boronic Ester",1.0,Pd(OAc)2,0.0625,P(Cy)3,0.125,CsF,2.5,MeCN,72.87,1345591.5,,
2333,6-Bromoquinoline,"1b, 6-Br-Q",1.0,0.0004,"2b, Boronic Ester",1.0,Pd(OAc)2,0.0625,P(o-Tol)3,0.125,CsF,2.5,MeCN,70.13,101428.34,,
2334,6-Bromoquinoline,"1b, 6-Br-Q",1.0,0.0004,"2b, Boronic Ester",1.0,Pd(OAc)2,0.0625,CataCXium A,0.125,CsF,2.5,MeCN,57.5,1761918.63,,
2335,6-Bromoquinoline,"1b, 6-Br-Q",1.0,0.0004,"2b, Boronic Ester",1.0,Pd(OAc)2,0.0625,SPhos,0.125,CsF,2.5,MeCN,73.4,232651.64,,
2336,6-Bromoquinoline,"1b, 6-Br-Q",1.0,0.0004,"2b, Boronic Ester",1.0,Pd(OAc)2,0.0625,dtbpf,0.125,CsF,2.5,MeCN,60.55,979672.63,,
2337,6-Bromoquinoline,"1b, 6-Br-Q",1.0,0.0004,"2b, Boronic Ester",1.0,Pd(OAc)2,0.0625,XPhos,0.125,CsF,2.5,MeCN,58.39,164029.16,,
2338,6-Bromoquinoline,"1b, 6-Br-Q",1.0,0.0004,"2b, Boronic Ester",1.0,Pd(OAc)2,0.0625,dppf,0.125,CsF,2.5,MeCN,36.74,457594.38,,
2339,6-Bromoquinoline,"1b, 6-Br-Q",1.0,0.0004,"2b, Boronic Ester",1.0,Pd(OAc)2,0.0625,Xantphos,0.125,CsF,2.5,MeCN,0.0,17335.41,,
2340,6-Bromoquinoline,"1b, 6-Br-Q",1.0,0.0004,"2b, Boronic Ester",1.0,Pd(OAc)2,0.0625,,,CsF,2.5,MeCN,9.87,253875.14,,
2341,6-Bromoquinoline,"1b, 6-Br-Q",1.0,0.0004,"2b, Boronic Ester",1.0,Pd(OAc)2,0.0625,P(tBu)3,0.125,K3PO4,2.5,MeCN,38.56,81630.27,,
2342,6-Bromoquinoline,"1b, 6-Br-Q",1.0,0.0004,"2b, Boronic Ester",1.0,Pd(OAc)2,0.0625,P(Ph)3 ,0.125,K3PO4,2.5,MeCN,59.59,843465.38,,
2343,6-Bromoquinoline,"1b, 6-Br-Q",1.0,0.0004,"2b, Boronic Ester",1.0,Pd(OAc)2,0.0625,AmPhos,0.125,K3PO4,2.5,MeCN,61.85,146977.06,,
2344,6-Bromoquinoline,"1b, 6-Br-Q",1.0,0.0004,"2b, Boronic Ester",1.0,Pd(OAc)2,0.0625,P(Cy)3,0.125,K3PO4,2.5,MeCN,40.11,783440.06,,
2345,6-Bromoquinoline,"1b, 6-Br-Q",1.0,0.0004,"2b, Boronic Ester",1.0,Pd(OAc)2,0.0625,P(o-Tol)3,0.125,K3PO4,2.5,MeCN,35.17,91084.84,,
2346,6-Bromoquinoline,"1b, 6-Br-Q",1.0,0.0004,"2b, Boronic Ester",1.0,Pd(OAc)2,0.0625,CataCXium A,0.125,K3PO4,2.5,MeCN,48.02,1180924.25,,
2347,6-Bromoquinoline,"1b, 6-Br-Q",1.0,0.0004,"2b, Boronic Ester",1.0,Pd(OAc)2,0.0625,SPhos,0.125,K3PO4,2.5,MeCN,53.78,168309.45,,
2348,6-Bromoquinoline,"1b, 6-Br-Q",1.0,0.0004,"2b, Boronic Ester",1.0,Pd(OAc)2,0.0625,dtbpf,0.125,K3PO4,2.5,MeCN,40.12,574655.31,,
2349,6-Bromoquinoline,"1b, 6-Br-Q",1.0,0.0004,"2b, Boronic Ester",1.0,Pd(OAc)2,0.0625,XPhos,0.125,K3PO4,2.5,MeCN,55.03,78280.59,,
2350,6-Bromoquinoline,"1b, 6-Br-Q",1.0,0.0004,"2b, Boronic Ester",1.0,Pd(OAc)2,0.0625,dppf,0.125,K3PO4,2.5,MeCN,40.04,388992.19,,
2351,6-Bromoquinoline,"1b, 6-Br-Q",1.0,0.0004,"2b, Boronic Ester",1.0,Pd(OAc)2,0.0625,Xantphos,0.125,K3PO4,2.5,MeCN,0.0,21539.11,,
2352,6-Bromoquinoline,"1b, 6-Br-Q",1.0,0.0004,"2b, Boronic Ester",1.0,Pd(OAc)2,0.0625,,,K3PO4,2.5,MeCN,9.96,162863.44,,
2353,6-Bromoquinoline,"1b, 6-Br-Q",1.0,0.0004,"2b, Boronic Ester",1.0,Pd(OAc)2,0.0625,P(tBu)3,0.125,KOH,2.5,MeCN,54.09,129360.2,,
2354,6-Bromoquinoline,"1b, 6-Br-Q",1.0,0.0004,"2b, Boronic Ester",1.0,Pd(OAc)2,0.0625,P(Ph)3 ,0.125,KOH,2.5,MeCN,70.82,1990120.88,,
2355,6-Bromoquinoline,"1b, 6-Br-Q",1.0,0.0004,"2b, Boronic Ester",1.0,Pd(OAc)2,0.0625,AmPhos,0.125,KOH,2.5,MeCN,81.7,228021.41,,
2356,6-Bromoquinoline,"1b, 6-Br-Q",1.0,0.0004,"2b, Boronic Ester",1.0,Pd(OAc)2,0.0625,P(Cy)3,0.125,KOH,2.5,MeCN,74.2,2100517.5,,
2357,6-Bromoquinoline,"1b, 6-Br-Q",1.0,0.0004,"2b, Boronic Ester",1.0,Pd(OAc)2,0.0625,P(o-Tol)3,0.125,KOH,2.5,MeCN,61.1,162925.36,,
2358,6-Bromoquinoline,"1b, 6-Br-Q",1.0,0.0004,"2b, Boronic Ester",1.0,Pd(OAc)2,0.0625,CataCXium A,0.125,KOH,2.5,MeCN,78.09,1630839.25,,
2359,6-Bromoquinoline,"1b, 6-Br-Q",1.0,0.0004,"2b, Boronic Ester",1.0,Pd(OAc)2,0.0625,SPhos,0.125,KOH,2.5,MeCN,89.93,392902.25,,
2360,6-Bromoquinoline,"1b, 6-Br-Q",1.0,0.0004,"2b, Boronic Ester",1.0,Pd(OAc)2,0.0625,dtbpf,0.125,KOH,2.5,MeCN,74.29,1548713.63,,
2361,6-Bromoquinoline,"1b, 6-Br-Q",1.0,0.0004,"2b, Boronic Ester",1.0,Pd(OAc)2,0.0625,XPhos,0.125,KOH,2.5,MeCN,70.65,199191.53,,
2362,6-Bromoquinoline,"1b, 6-Br-Q",1.0,0.0004,"2b, Boronic Ester",1.0,Pd(OAc)2,0.0625,dppf,0.125,KOH,2.5,MeCN,38.59,903053.75,,
2363,6-Bromoquinoline,"1b, 6-Br-Q",1.0,0.0004,"2b, Boronic Ester",1.0,Pd(OAc)2,0.0625,Xantphos,0.125,KOH,2.5,MeCN,20.34,44502.14,,
2364,6-Bromoquinoline,"1b, 6-Br-Q",1.0,0.0004,"2b, Boronic Ester",1.0,Pd(OAc)2,0.0625,,,KOH,2.5,MeCN,21.31,1074931.88,,
2365,6-Bromoquinoline,"1b, 6-Br-Q",1.0,0.0004,"2b, Boronic Ester",1.0,Pd(OAc)2,0.0625,P(tBu)3,0.125,LiOtBu,2.5,MeCN,92.06,364805.38,,
2366,6-Bromoquinoline,"1b, 6-Br-Q",1.0,0.0004,"2b, Boronic Ester",1.0,Pd(OAc)2,0.0625,P(Ph)3 ,0.125,LiOtBu,2.5,MeCN,73.07,2121006.0,,
2367,6-Bromoquinoline,"1b, 6-Br-Q",1.0,0.0004,"2b, Boronic Ester",1.0,Pd(OAc)2,0.0625,AmPhos,0.125,LiOtBu,2.5,MeCN,85.26,455809.34,,
2368,6-Bromoquinoline,"1b, 6-Br-Q",1.0,0.0004,"2b, Boronic Ester",1.0,Pd(OAc)2,0.0625,P(Cy)3,0.125,LiOtBu,2.5,MeCN,87.12,3012239.75,,
2369,6-Bromoquinoline,"1b, 6-Br-Q",1.0,0.0004,"2b, Boronic Ester",1.0,Pd(OAc)2,0.0625,P(o-Tol)3,0.125,LiOtBu,2.5,MeCN,76.39,198583.89,,
2370,6-Bromoquinoline,"1b, 6-Br-Q",1.0,0.0004,"2b, Boronic Ester",1.0,Pd(OAc)2,0.0625,CataCXium A,0.125,LiOtBu,2.5,MeCN,70.45,1189325.5,,
2371,6-Bromoquinoline,"1b, 6-Br-Q",1.0,0.0004,"2b, Boronic Ester",1.0,Pd(OAc)2,0.0625,SPhos,0.125,LiOtBu,2.5,MeCN,82.08,337070.78,,
2372,6-Bromoquinoline,"1b, 6-Br-Q",1.0,0.0004,"2b, Boronic Ester",1.0,Pd(OAc)2,0.0625,dtbpf,0.125,LiOtBu,2.5,MeCN,67.77,1417653.88,,
2373,6-Bromoquinoline,"1b, 6-Br-Q",1.0,0.0004,"2b, Boronic Ester",1.0,Pd(OAc)2,0.0625,XPhos,0.125,LiOtBu,2.5,MeCN,77.21,205030.73,,
2374,6-Bromoquinoline,"1b, 6-Br-Q",1.0,0.0004,"2b, Boronic Ester",1.0,Pd(OAc)2,0.0625,dppf,0.125,LiOtBu,2.5,MeCN,35.28,823625.0,,
2375,6-Bromoquinoline,"1b, 6-Br-Q",1.0,0.0004,"2b, Boronic Ester",1.0,Pd(OAc)2,0.0625,Xantphos,0.125,LiOtBu,2.5,MeCN,0.0,25768.07,,
2376,6-Bromoquinoline,"1b, 6-Br-Q",1.0,0.0004,"2b, Boronic Ester",1.0,Pd(OAc)2,0.0625,,,LiOtBu,2.5,MeCN,6.74,486007.63,,
2377,6-Bromoquinoline,"1b, 6-Br-Q",1.0,0.0004,"2b, Boronic Ester",1.0,Pd(OAc)2,0.0625,P(tBu)3,0.125,Et3N,2.5,MeCN,91.87,755930.44,,
2378,6-Bromoquinoline,"1b, 6-Br-Q",1.0,0.0004,"2b, Boronic Ester",1.0,Pd(OAc)2,0.0625,P(Ph)3 ,0.125,Et3N,2.5,MeCN,86.04,2467933.0,,
2379,6-Bromoquinoline,"1b, 6-Br-Q",1.0,0.0004,"2b, Boronic Ester",1.0,Pd(OAc)2,0.0625,AmPhos,0.125,Et3N,2.5,MeCN,81.14,483773.19,,
2380,6-Bromoquinoline,"1b, 6-Br-Q",1.0,0.0004,"2b, Boronic Ester",1.0,Pd(OAc)2,0.0625,P(Cy)3,0.125,Et3N,2.5,MeCN,58.71,1919144.88,,
2381,6-Bromoquinoline,"1b, 6-Br-Q",1.0,0.0004,"2b, Boronic Ester",1.0,Pd(OAc)2,0.0625,P(o-Tol)3,0.125,Et3N,2.5,MeCN,53.69,194185.56,,
2382,6-Bromoquinoline,"1b, 6-Br-Q",1.0,0.0004,"2b, Boronic Ester",1.0,Pd(OAc)2,0.0625,CataCXium A,0.125,Et3N,2.5,MeCN,82.92,2847765.5,,
2383,6-Bromoquinoline,"1b, 6-Br-Q",1.0,0.0004,"2b, Boronic Ester",1.0,Pd(OAc)2,0.0625,SPhos,0.125,Et3N,2.5,MeCN,74.65,348939.19,,
2384,6-Bromoquinoline,"1b, 6-Br-Q",1.0,0.0004,"2b, Boronic Ester",1.0,Pd(OAc)2,0.0625,dtbpf,0.125,Et3N,2.5,MeCN,40.37,1088689.88,,
2385,6-Bromoquinoline,"1b, 6-Br-Q",1.0,0.0004,"2b, Boronic Ester",1.0,Pd(OAc)2,0.0625,XPhos,0.125,Et3N,2.5,MeCN,60.58,174366.64,,
2386,6-Bromoquinoline,"1b, 6-Br-Q",1.0,0.0004,"2b, Boronic Ester",1.0,Pd(OAc)2,0.0625,dppf,0.125,Et3N,2.5,MeCN,48.24,521903.22,,
2387,6-Bromoquinoline,"1b, 6-Br-Q",1.0,0.0004,"2b, Boronic Ester",1.0,Pd(OAc)2,0.0625,Xantphos,0.125,Et3N,2.5,MeCN,8.86,26167.06,,
2388,6-Bromoquinoline,"1b, 6-Br-Q",1.0,0.0004,"2b, Boronic Ester",1.0,Pd(OAc)2,0.0625,,,Et3N,2.5,MeCN,12.7,650970.19,,
2389,6-Bromoquinoline,"1b, 6-Br-Q",1.0,0.0004,"2b, Boronic Ester",1.0,Pd(OAc)2,0.0625,P(tBu)3,0.125,,2.5,MeCN,90.41,550407.31,,
2390,6-Bromoquinoline,"1b, 6-Br-Q",1.0,0.0004,"2b, Boronic Ester",1.0,Pd(OAc)2,0.0625,P(Ph)3 ,0.125,,2.5,MeCN,73.11,1883057.13,,
2391,6-Bromoquinoline,"1b, 6-Br-Q",1.0,0.0004,"2b, Boronic Ester",1.0,Pd(OAc)2,0.0625,AmPhos,0.125,,2.5,MeCN,83.89,1302008.88,,
2392,6-Bromoquinoline,"1b, 6-Br-Q",1.0,0.0004,"2b, Boronic Ester",1.0,Pd(OAc)2,0.0625,P(Cy)3,0.125,,2.5,MeCN,51.13,2873167.75,,
2393,6-Bromoquinoline,"1b, 6-Br-Q",1.0,0.0004,"2b, Boronic Ester",1.0,Pd(OAc)2,0.0625,P(o-Tol)3,0.125,,2.5,MeCN,53.85,672963.0,,
2394,6-Bromoquinoline,"1b, 6-Br-Q",1.0,0.0004,"2b, Boronic Ester",1.0,Pd(OAc)2,0.0625,CataCXium A,0.125,,2.5,MeCN,75.67,4129624.0,,
2395,6-Bromoquinoline,"1b, 6-Br-Q",1.0,0.0004,"2b, Boronic Ester",1.0,Pd(OAc)2,0.0625,SPhos,0.125,,2.5,MeCN,58.46,469311.63,,
2396,6-Bromoquinoline,"1b, 6-Br-Q",1.0,0.0004,"2b, Boronic Ester",1.0,Pd(OAc)2,0.0625,dtbpf,0.125,,2.5,MeCN,41.67,1349799.0,,
2397,6-Bromoquinoline,"1b, 6-Br-Q",1.0,0.0004,"2b, Boronic Ester",1.0,Pd(OAc)2,0.0625,XPhos,0.125,,2.5,MeCN,56.14,242486.95,,
2398,6-Bromoquinoline,"1b, 6-Br-Q",1.0,0.0004,"2b, Boronic Ester",1.0,Pd(OAc)2,0.0625,dppf,0.125,,2.5,MeCN,38.48,1607199.13,,
2399,6-Bromoquinoline,"1b, 6-Br-Q",1.0,0.0004,"2b, Boronic Ester",1.0,Pd(OAc)2,0.0625,Xantphos,0.125,,2.5,MeCN,11.16,33651.5,,
2400,6-Bromoquinoline,"1b, 6-Br-Q",1.0,0.0004,"2b, Boronic Ester",1.0,Pd(OAc)2,0.0625,,,,2.5,MeCN,9.53,2851642.0,,
2401,6-Bromoquinoline,"1b, 6-Br-Q",1.0,0.0004,"2b, Boronic Ester",1.0,Pd(OAc)2,0.0625,P(tBu)3,0.125,NaOH,2.5,THF,91.58,5113190.5,,
2402,6-Bromoquinoline,"1b, 6-Br-Q",1.0,0.0004,"2b, Boronic Ester",1.0,Pd(OAc)2,0.0625,P(Ph)3 ,0.125,NaOH,2.5,THF,78.77,18349436.0,,
2403,6-Bromoquinoline,"1b, 6-Br-Q",1.0,0.0004,"2b, Boronic Ester",1.0,Pd(OAc)2,0.0625,AmPhos,0.125,NaOH,2.5,THF,91.57,4932781.0,,
2404,6-Bromoquinoline,"1b, 6-Br-Q",1.0,0.0004,"2b, Boronic Ester",1.0,Pd(OAc)2,0.0625,P(Cy)3,0.125,NaOH,2.5,THF,72.23,19999292.0,,
2405,6-Bromoquinoline,"1b, 6-Br-Q",1.0,0.0004,"2b, Boronic Ester",1.0,Pd(OAc)2,0.0625,P(o-Tol)3,0.125,NaOH,2.5,THF,55.9,2456293.5,,
2406,6-Bromoquinoline,"1b, 6-Br-Q",1.0,0.0004,"2b, Boronic Ester",1.0,Pd(OAc)2,0.0625,CataCXium A,0.125,NaOH,2.5,THF,95.99,22720840.0,,
2407,6-Bromoquinoline,"1b, 6-Br-Q",1.0,0.0004,"2b, Boronic Ester",1.0,Pd(OAc)2,0.0625,SPhos,0.125,NaOH,2.5,THF,87.24,4434007.5,,
2408,6-Bromoquinoline,"1b, 6-Br-Q",1.0,0.0004,"2b, Boronic Ester",1.0,Pd(OAc)2,0.0625,dtbpf,0.125,NaOH,2.5,THF,61.49,13084032.0,,
2409,6-Bromoquinoline,"1b, 6-Br-Q",1.0,0.0004,"2b, Boronic Ester",1.0,Pd(OAc)2,0.0625,XPhos,0.125,NaOH,2.5,THF,79.27,3451482.75,,
2410,6-Bromoquinoline,"1b, 6-Br-Q",1.0,0.0004,"2b, Boronic Ester",1.0,Pd(OAc)2,0.0625,dppf,0.125,NaOH,2.5,THF,13.81,1793194.63,,
2411,6-Bromoquinoline,"1b, 6-Br-Q",1.0,0.0004,"2b, Boronic Ester",1.0,Pd(OAc)2,0.0625,Xantphos,0.125,NaOH,2.5,THF,19.77,1005872.75,,
2412,6-Bromoquinoline,"1b, 6-Br-Q",1.0,0.0004,"2b, Boronic Ester",1.0,Pd(OAc)2,0.0625,,,NaOH,2.5,THF,6.93,1866425.63,,
2413,6-Bromoquinoline,"1b, 6-Br-Q",1.0,0.0004,"2b, Boronic Ester",1.0,Pd(OAc)2,0.0625,P(tBu)3,0.125,NaHCO3,2.5,THF,94.76,5085677.5,,
2414,6-Bromoquinoline,"1b, 6-Br-Q",1.0,0.0004,"2b, Boronic Ester",1.0,Pd(OAc)2,0.0625,P(Ph)3 ,0.125,NaHCO3,2.5,THF,84.05,24363024.0,,
2415,6-Bromoquinoline,"1b, 6-Br-Q",1.0,0.0004,"2b, Boronic Ester",1.0,Pd(OAc)2,0.0625,AmPhos,0.125,NaHCO3,2.5,THF,83.02,4304336.5,,
2416,6-Bromoquinoline,"1b, 6-Br-Q",1.0,0.0004,"2b, Boronic Ester",1.0,Pd(OAc)2,0.0625,P(Cy)3,0.125,NaHCO3,2.5,THF,51.05,14108942.0,,
2417,6-Bromoquinoline,"1b, 6-Br-Q",1.0,0.0004,"2b, Boronic Ester",1.0,Pd(OAc)2,0.0625,P(o-Tol)3,0.125,NaHCO3,2.5,THF,57.14,2524754.25,,
2418,6-Bromoquinoline,"1b, 6-Br-Q",1.0,0.0004,"2b, Boronic Ester",1.0,Pd(OAc)2,0.0625,CataCXium A,0.125,NaHCO3,2.5,THF,87.79,21320812.0,,
2419,6-Bromoquinoline,"1b, 6-Br-Q",1.0,0.0004,"2b, Boronic Ester",1.0,Pd(OAc)2,0.0625,SPhos,0.125,NaHCO3,2.5,THF,58.9,2638432.25,,
2420,6-Bromoquinoline,"1b, 6-Br-Q",1.0,0.0004,"2b, Boronic Ester",1.0,Pd(OAc)2,0.0625,dtbpf,0.125,NaHCO3,2.5,THF,40.24,9642127.0,,
2421,6-Bromoquinoline,"1b, 6-Br-Q",1.0,0.0004,"2b, Boronic Ester",1.0,Pd(OAc)2,0.0625,XPhos,0.125,NaHCO3,2.5,THF,46.82,2311960.0,,
2422,6-Bromoquinoline,"1b, 6-Br-Q",1.0,0.0004,"2b, Boronic Ester",1.0,Pd(OAc)2,0.0625,dppf,0.125,NaHCO3,2.5,THF,16.9,794619.81,,
2423,6-Bromoquinoline,"1b, 6-Br-Q",1.0,0.0004,"2b, Boronic Ester",1.0,Pd(OAc)2,0.0625,Xantphos,0.125,NaHCO3,2.5,THF,8.79,355918.34,,
2424,6-Bromoquinoline,"1b, 6-Br-Q",1.0,0.0004,"2b, Boronic Ester",1.0,Pd(OAc)2,0.0625,,,NaHCO3,2.5,THF,3.83,651686.38,,
2425,6-Bromoquinoline,"1b, 6-Br-Q",1.0,0.0004,"2b, Boronic Ester",1.0,Pd(OAc)2,0.0625,P(tBu)3,0.125,CsF,2.5,THF,62.75,2974275.5,,
2426,6-Bromoquinoline,"1b, 6-Br-Q",1.0,0.0004,"2b, Boronic Ester",1.0,Pd(OAc)2,0.0625,P(Ph)3 ,0.125,CsF,2.5,THF,67.34,18560288.0,,
2427,6-Bromoquinoline,"1b, 6-Br-Q",1.0,0.0004,"2b, Boronic Ester",1.0,Pd(OAc)2,0.0625,AmPhos,0.125,CsF,2.5,THF,72.45,3904949.5,,
2428,6-Bromoquinoline,"1b, 6-Br-Q",1.0,0.0004,"2b, Boronic Ester",1.0,Pd(OAc)2,0.0625,P(Cy)3,0.125,CsF,2.5,THF,35.86,9537899.0,,
2429,6-Bromoquinoline,"1b, 6-Br-Q",1.0,0.0004,"2b, Boronic Ester",1.0,Pd(OAc)2,0.0625,P(o-Tol)3,0.125,CsF,2.5,THF,50.31,2183918.5,,
2430,6-Bromoquinoline,"1b, 6-Br-Q",1.0,0.0004,"2b, Boronic Ester",1.0,Pd(OAc)2,0.0625,CataCXium A,0.125,CsF,2.5,THF,77.02,17796906.0,,
2431,6-Bromoquinoline,"1b, 6-Br-Q",1.0,0.0004,"2b, Boronic Ester",1.0,Pd(OAc)2,0.0625,SPhos,0.125,CsF,2.5,THF,44.12,1959838.5,,
2432,6-Bromoquinoline,"1b, 6-Br-Q",1.0,0.0004,"2b, Boronic Ester",1.0,Pd(OAc)2,0.0625,dtbpf,0.125,CsF,2.5,THF,38.9,9125126.0,,
2433,6-Bromoquinoline,"1b, 6-Br-Q",1.0,0.0004,"2b, Boronic Ester",1.0,Pd(OAc)2,0.0625,XPhos,0.125,CsF,2.5,THF,35.27,1712229.25,,
2434,6-Bromoquinoline,"1b, 6-Br-Q",1.0,0.0004,"2b, Boronic Ester",1.0,Pd(OAc)2,0.0625,dppf,0.125,CsF,2.5,THF,15.35,714527.06,,
2435,6-Bromoquinoline,"1b, 6-Br-Q",1.0,0.0004,"2b, Boronic Ester",1.0,Pd(OAc)2,0.0625,Xantphos,0.125,CsF,2.5,THF,3.89,293953.59,,
2436,6-Bromoquinoline,"1b, 6-Br-Q",1.0,0.0004,"2b, Boronic Ester",1.0,Pd(OAc)2,0.0625,,,CsF,2.5,THF,3.61,633596.38,,
2437,6-Bromoquinoline,"1b, 6-Br-Q",1.0,0.0004,"2b, Boronic Ester",1.0,Pd(OAc)2,0.0625,P(tBu)3,0.125,K3PO4,2.5,THF,63.86,3377126.5,,
2438,6-Bromoquinoline,"1b, 6-Br-Q",1.0,0.0004,"2b, Boronic Ester",1.0,Pd(OAc)2,0.0625,P(Ph)3 ,0.125,K3PO4,2.5,THF,57.83,15604753.0,,
2439,6-Bromoquinoline,"1b, 6-Br-Q",1.0,0.0004,"2b, Boronic Ester",1.0,Pd(OAc)2,0.0625,AmPhos,0.125,K3PO4,2.5,THF,69.6,3413721.75,,
2440,6-Bromoquinoline,"1b, 6-Br-Q",1.0,0.0004,"2b, Boronic Ester",1.0,Pd(OAc)2,0.0625,P(Cy)3,0.125,K3PO4,2.5,THF,30.49,9027810.0,,
2441,6-Bromoquinoline,"1b, 6-Br-Q",1.0,0.0004,"2b, Boronic Ester",1.0,Pd(OAc)2,0.0625,P(o-Tol)3,0.125,K3PO4,2.5,THF,35.36,1519040.25,,
2442,6-Bromoquinoline,"1b, 6-Br-Q",1.0,0.0004,"2b, Boronic Ester",1.0,Pd(OAc)2,0.0625,CataCXium A,0.125,K3PO4,2.5,THF,76.6,17149778.0,,
2443,6-Bromoquinoline,"1b, 6-Br-Q",1.0,0.0004,"2b, Boronic Ester",1.0,Pd(OAc)2,0.0625,SPhos,0.125,K3PO4,2.5,THF,43.0,2088695.88,,
2444,6-Bromoquinoline,"1b, 6-Br-Q",1.0,0.0004,"2b, Boronic Ester",1.0,Pd(OAc)2,0.0625,dtbpf,0.125,K3PO4,2.5,THF,36.78,7913578.0,,
2445,6-Bromoquinoline,"1b, 6-Br-Q",1.0,0.0004,"2b, Boronic Ester",1.0,Pd(OAc)2,0.0625,XPhos,0.125,K3PO4,2.5,THF,41.3,1806043.5,,
2446,6-Bromoquinoline,"1b, 6-Br-Q",1.0,0.0004,"2b, Boronic Ester",1.0,Pd(OAc)2,0.0625,dppf,0.125,K3PO4,2.5,THF,19.51,794036.5,,
2447,6-Bromoquinoline,"1b, 6-Br-Q",1.0,0.0004,"2b, Boronic Ester",1.0,Pd(OAc)2,0.0625,Xantphos,0.125,K3PO4,2.5,THF,10.61,582608.19,,
2448,6-Bromoquinoline,"1b, 6-Br-Q",1.0,0.0004,"2b, Boronic Ester",1.0,Pd(OAc)2,0.0625,,,K3PO4,2.5,THF,5.36,1445282.13,,
2449,6-Bromoquinoline,"1b, 6-Br-Q",1.0,0.0004,"2b, Boronic Ester",1.0,Pd(OAc)2,0.0625,P(tBu)3,0.125,KOH,2.5,THF,84.63,4054185.25,,
2450,6-Bromoquinoline,"1b, 6-Br-Q",1.0,0.0004,"2b, Boronic Ester",1.0,Pd(OAc)2,0.0625,P(Ph)3 ,0.125,KOH,2.5,THF,66.77,17768400.0,,
2451,6-Bromoquinoline,"1b, 6-Br-Q",1.0,0.0004,"2b, Boronic Ester",1.0,Pd(OAc)2,0.0625,AmPhos,0.125,KOH,2.5,THF,82.33,4492928.0,,
2452,6-Bromoquinoline,"1b, 6-Br-Q",1.0,0.0004,"2b, Boronic Ester",1.0,Pd(OAc)2,0.0625,P(Cy)3,0.125,KOH,2.5,THF,51.68,13422534.0,,
2453,6-Bromoquinoline,"1b, 6-Br-Q",1.0,0.0004,"2b, Boronic Ester",1.0,Pd(OAc)2,0.0625,P(o-Tol)3,0.125,KOH,2.5,THF,47.09,1934671.5,,
2454,6-Bromoquinoline,"1b, 6-Br-Q",1.0,0.0004,"2b, Boronic Ester",1.0,Pd(OAc)2,0.0625,CataCXium A,0.125,KOH,2.5,THF,87.49,18578022.0,,
2455,6-Bromoquinoline,"1b, 6-Br-Q",1.0,0.0004,"2b, Boronic Ester",1.0,Pd(OAc)2,0.0625,SPhos,0.125,KOH,2.5,THF,65.49,3571358.5,,
2456,6-Bromoquinoline,"1b, 6-Br-Q",1.0,0.0004,"2b, Boronic Ester",1.0,Pd(OAc)2,0.0625,dtbpf,0.125,KOH,2.5,THF,45.63,10142963.0,,
2457,6-Bromoquinoline,"1b, 6-Br-Q",1.0,0.0004,"2b, Boronic Ester",1.0,Pd(OAc)2,0.0625,XPhos,0.125,KOH,2.5,THF,58.58,2768333.25,,
2458,6-Bromoquinoline,"1b, 6-Br-Q",1.0,0.0004,"2b, Boronic Ester",1.0,Pd(OAc)2,0.0625,dppf,0.125,KOH,2.5,THF,23.22,1303409.63,,
2459,6-Bromoquinoline,"1b, 6-Br-Q",1.0,0.0004,"2b, Boronic Ester",1.0,Pd(OAc)2,0.0625,Xantphos,0.125,KOH,2.5,THF,20.59,1034554.94,,
2460,6-Bromoquinoline,"1b, 6-Br-Q",1.0,0.0004,"2b, Boronic Ester",1.0,Pd(OAc)2,0.0625,,,KOH,2.5,THF,5.9,1319045.63,,
2461,6-Bromoquinoline,"1b, 6-Br-Q",1.0,0.0004,"2b, Boronic Ester",1.0,Pd(OAc)2,0.0625,P(tBu)3,0.125,LiOtBu,2.5,THF,95.96,5394632.0,,
2462,6-Bromoquinoline,"1b, 6-Br-Q",1.0,0.0004,"2b, Boronic Ester",1.0,Pd(OAc)2,0.0625,P(Ph)3 ,0.125,LiOtBu,2.5,THF,84.07,22539278.0,,
2463,6-Bromoquinoline,"1b, 6-Br-Q",1.0,0.0004,"2b, Boronic Ester",1.0,Pd(OAc)2,0.0625,AmPhos,0.125,LiOtBu,2.5,THF,89.16,4820803.5,,
2464,6-Bromoquinoline,"1b, 6-Br-Q",1.0,0.0004,"2b, Boronic Ester",1.0,Pd(OAc)2,0.0625,P(Cy)3,0.125,LiOtBu,2.5,THF,69.93,19227640.0,,
2465,6-Bromoquinoline,"1b, 6-Br-Q",1.0,0.0004,"2b, Boronic Ester",1.0,Pd(OAc)2,0.0625,P(o-Tol)3,0.125,LiOtBu,2.5,THF,48.16,2130750.25,,
2466,6-Bromoquinoline,"1b, 6-Br-Q",1.0,0.0004,"2b, Boronic Ester",1.0,Pd(OAc)2,0.0625,CataCXium A,0.125,LiOtBu,2.5,THF,96.19,21473194.0,,
2467,6-Bromoquinoline,"1b, 6-Br-Q",1.0,0.0004,"2b, Boronic Ester",1.0,Pd(OAc)2,0.0625,SPhos,0.125,LiOtBu,2.5,THF,84.96,3864385.25,,
2468,6-Bromoquinoline,"1b, 6-Br-Q",1.0,0.0004,"2b, Boronic Ester",1.0,Pd(OAc)2,0.0625,dtbpf,0.125,LiOtBu,2.5,THF,44.69,10610566.0,,
2469,6-Bromoquinoline,"1b, 6-Br-Q",1.0,0.0004,"2b, Boronic Ester",1.0,Pd(OAc)2,0.0625,XPhos,0.125,LiOtBu,2.5,THF,62.77,3071446.0,,
2470,6-Bromoquinoline,"1b, 6-Br-Q",1.0,0.0004,"2b, Boronic Ester",1.0,Pd(OAc)2,0.0625,dppf,0.125,LiOtBu,2.5,THF,24.77,2392432.5,,
2471,6-Bromoquinoline,"1b, 6-Br-Q",1.0,0.0004,"2b, Boronic Ester",1.0,Pd(OAc)2,0.0625,Xantphos,0.125,LiOtBu,2.5,THF,15.31,751182.25,,
2472,6-Bromoquinoline,"1b, 6-Br-Q",1.0,0.0004,"2b, Boronic Ester",1.0,Pd(OAc)2,0.0625,,,LiOtBu,2.5,THF,3.9,674319.0,,
2473,6-Bromoquinoline,"1b, 6-Br-Q",1.0,0.0004,"2b, Boronic Ester",1.0,Pd(OAc)2,0.0625,P(tBu)3,0.125,Et3N,2.5,THF,96.75,5565561.5,,
2474,6-Bromoquinoline,"1b, 6-Br-Q",1.0,0.0004,"2b, Boronic Ester",1.0,Pd(OAc)2,0.0625,P(Ph)3 ,0.125,Et3N,2.5,THF,89.53,25680808.0,,
2475,6-Bromoquinoline,"1b, 6-Br-Q",1.0,0.0004,"2b, Boronic Ester",1.0,Pd(OAc)2,0.0625,AmPhos,0.125,Et3N,2.5,THF,83.51,4216151.0,,
2476,6-Bromoquinoline,"1b, 6-Br-Q",1.0,0.0004,"2b, Boronic Ester",1.0,Pd(OAc)2,0.0625,P(Cy)3,0.125,Et3N,2.5,THF,73.54,20813568.0,,
2477,6-Bromoquinoline,"1b, 6-Br-Q",1.0,0.0004,"2b, Boronic Ester",1.0,Pd(OAc)2,0.0625,P(o-Tol)3,0.125,Et3N,2.5,THF,50.25,2429481.75,,
2478,6-Bromoquinoline,"1b, 6-Br-Q",1.0,0.0004,"2b, Boronic Ester",1.0,Pd(OAc)2,0.0625,CataCXium A,0.125,Et3N,2.5,THF,94.07,23116500.0,,
2479,6-Bromoquinoline,"1b, 6-Br-Q",1.0,0.0004,"2b, Boronic Ester",1.0,Pd(OAc)2,0.0625,SPhos,0.125,Et3N,2.5,THF,87.02,4596058.5,,
2480,6-Bromoquinoline,"1b, 6-Br-Q",1.0,0.0004,"2b, Boronic Ester",1.0,Pd(OAc)2,0.0625,dtbpf,0.125,Et3N,2.5,THF,49.5,12517272.0,,
2481,6-Bromoquinoline,"1b, 6-Br-Q",1.0,0.0004,"2b, Boronic Ester",1.0,Pd(OAc)2,0.0625,XPhos,0.125,Et3N,2.5,THF,78.0,4059765.5,,
2482,6-Bromoquinoline,"1b, 6-Br-Q",1.0,0.0004,"2b, Boronic Ester",1.0,Pd(OAc)2,0.0625,dppf,0.125,Et3N,2.5,THF,13.89,1687866.0,,
2483,6-Bromoquinoline,"1b, 6-Br-Q",1.0,0.0004,"2b, Boronic Ester",1.0,Pd(OAc)2,0.0625,Xantphos,0.125,Et3N,2.5,THF,30.63,1811122.75,,
2484,6-Bromoquinoline,"1b, 6-Br-Q",1.0,0.0004,"2b, Boronic Ester",1.0,Pd(OAc)2,0.0625,,,Et3N,2.5,THF,4.37,791934.13,,
2485,6-Bromoquinoline,"1b, 6-Br-Q",1.0,0.0004,"2b, Boronic Ester",1.0,Pd(OAc)2,0.0625,P(tBu)3,0.125,,2.5,THF,95.63,5227120.5,,
2486,6-Bromoquinoline,"1b, 6-Br-Q",1.0,0.0004,"2b, Boronic Ester",1.0,Pd(OAc)2,0.0625,P(Ph)3 ,0.125,,2.5,THF,90.28,25834962.0,,
2487,6-Bromoquinoline,"1b, 6-Br-Q",1.0,0.0004,"2b, Boronic Ester",1.0,Pd(OAc)2,0.0625,AmPhos,0.125,,2.5,THF,89.01,4774376.5,,
2488,6-Bromoquinoline,"1b, 6-Br-Q",1.0,0.0004,"2b, Boronic Ester",1.0,Pd(OAc)2,0.0625,P(Cy)3,0.125,,2.5,THF,68.94,18075382.0,,
2489,6-Bromoquinoline,"1b, 6-Br-Q",1.0,0.0004,"2b, Boronic Ester",1.0,Pd(OAc)2,0.0625,P(o-Tol)3,0.125,,2.5,THF,58.19,2509063.5,,
2490,6-Bromoquinoline,"1b, 6-Br-Q",1.0,0.0004,"2b, Boronic Ester",1.0,Pd(OAc)2,0.0625,CataCXium A,0.125,,2.5,THF,93.15,22541318.0,,
2491,6-Bromoquinoline,"1b, 6-Br-Q",1.0,0.0004,"2b, Boronic Ester",1.0,Pd(OAc)2,0.0625,SPhos,0.125,,2.5,THF,74.94,3936477.5,,
2492,6-Bromoquinoline,"1b, 6-Br-Q",1.0,0.0004,"2b, Boronic Ester",1.0,Pd(OAc)2,0.0625,dtbpf,0.125,,2.5,THF,47.67,10791116.0,,
2493,6-Bromoquinoline,"1b, 6-Br-Q",1.0,0.0004,"2b, Boronic Ester",1.0,Pd(OAc)2,0.0625,XPhos,0.125,,2.5,THF,62.86,2923942.25,,
2494,6-Bromoquinoline,"1b, 6-Br-Q",1.0,0.0004,"2b, Boronic Ester",1.0,Pd(OAc)2,0.0625,dppf,0.125,,2.5,THF,16.11,950327.19,,
2495,6-Bromoquinoline,"1b, 6-Br-Q",1.0,0.0004,"2b, Boronic Ester",1.0,Pd(OAc)2,0.0625,Xantphos,0.125,,2.5,THF,20.7,1126192.63,,
2496,6-Bromoquinoline,"1b, 6-Br-Q",1.0,0.0004,"2b, Boronic Ester",1.0,Pd(OAc)2,0.0625,,,,2.5,THF,5.53,1018060.44,,
2497,6-Bromoquinoline,"1b, 6-Br-Q",1.0,0.0004,"2b, Boronic Ester",1.0,Pd(OAc)2,0.0625,P(tBu)3,0.125,NaOH,2.5,DMF,76.5,3369349.25,,
2498,6-Bromoquinoline,"1b, 6-Br-Q",1.0,0.0004,"2b, Boronic Ester",1.0,Pd(OAc)2,0.0625,P(Ph)3 ,0.125,NaOH,2.5,DMF,73.78,16343113.0,,
2499,6-Bromoquinoline,"1b, 6-Br-Q",1.0,0.0004,"2b, Boronic Ester",1.0,Pd(OAc)2,0.0625,AmPhos,0.125,NaOH,2.5,DMF,79.7,3719172.75,,
2500,6-Bromoquinoline,"1b, 6-Br-Q",1.0,0.0004,"2b, Boronic Ester",1.0,Pd(OAc)2,0.0625,P(Cy)3,0.125,NaOH,2.5,DMF,64.78,14763256.0,,
2501,6-Bromoquinoline,"1b, 6-Br-Q",1.0,0.0004,"2b, Boronic Ester",1.0,Pd(OAc)2,0.0625,P(o-Tol)3,0.125,NaOH,2.5,DMF,24.56,1077899.38,,
2502,6-Bromoquinoline,"1b, 6-Br-Q",1.0,0.0004,"2b, Boronic Ester",1.0,Pd(OAc)2,0.0625,CataCXium A,0.125,NaOH,2.5,DMF,65.95,11599409.0,,
2503,6-Bromoquinoline,"1b, 6-Br-Q",1.0,0.0004,"2b, Boronic Ester",1.0,Pd(OAc)2,0.0625,SPhos,0.125,NaOH,2.5,DMF,66.0,2950401.5,,
2504,6-Bromoquinoline,"1b, 6-Br-Q",1.0,0.0004,"2b, Boronic Ester",1.0,Pd(OAc)2,0.0625,dtbpf,0.125,NaOH,2.5,DMF,47.04,8883405.0,,
2505,6-Bromoquinoline,"1b, 6-Br-Q",1.0,0.0004,"2b, Boronic Ester",1.0,Pd(OAc)2,0.0625,XPhos,0.125,NaOH,2.5,DMF,34.74,1558090.38,,
2506,6-Bromoquinoline,"1b, 6-Br-Q",1.0,0.0004,"2b, Boronic Ester",1.0,Pd(OAc)2,0.0625,dppf,0.125,NaOH,2.5,DMF,14.08,1054568.25,,
2507,6-Bromoquinoline,"1b, 6-Br-Q",1.0,0.0004,"2b, Boronic Ester",1.0,Pd(OAc)2,0.0625,Xantphos,0.125,NaOH,2.5,DMF,6.5,363715.19,,
2508,6-Bromoquinoline,"1b, 6-Br-Q",1.0,0.0004,"2b, Boronic Ester",1.0,Pd(OAc)2,0.0625,,,NaOH,2.5,DMF,6.23,1437357.63,,
2509,6-Bromoquinoline,"1b, 6-Br-Q",1.0,0.0004,"2b, Boronic Ester",1.0,Pd(OAc)2,0.0625,P(tBu)3,0.125,NaHCO3,2.5,DMF,46.47,1927745.25,,
2510,6-Bromoquinoline,"1b, 6-Br-Q",1.0,0.0004,"2b, Boronic Ester",1.0,Pd(OAc)2,0.0625,P(Ph)3 ,0.125,NaHCO3,2.5,DMF,69.04,14859741.0,,
2511,6-Bromoquinoline,"1b, 6-Br-Q",1.0,0.0004,"2b, Boronic Ester",1.0,Pd(OAc)2,0.0625,AmPhos,0.125,NaHCO3,2.5,DMF,48.07,2086306.25,,
2512,6-Bromoquinoline,"1b, 6-Br-Q",1.0,0.0004,"2b, Boronic Ester",1.0,Pd(OAc)2,0.0625,P(Cy)3,0.125,NaHCO3,2.5,DMF,51.21,12443684.0,,
2513,6-Bromoquinoline,"1b, 6-Br-Q",1.0,0.0004,"2b, Boronic Ester",1.0,Pd(OAc)2,0.0625,P(o-Tol)3,0.125,NaHCO3,2.5,DMF,14.81,595382.25,,
2514,6-Bromoquinoline,"1b, 6-Br-Q",1.0,0.0004,"2b, Boronic Ester",1.0,Pd(OAc)2,0.0625,CataCXium A,0.125,NaHCO3,2.5,DMF,49.06,7826853.5,,
2515,6-Bromoquinoline,"1b, 6-Br-Q",1.0,0.0004,"2b, Boronic Ester",1.0,Pd(OAc)2,0.0625,SPhos,0.125,NaHCO3,2.5,DMF,26.04,1065006.13,,
2516,6-Bromoquinoline,"1b, 6-Br-Q",1.0,0.0004,"2b, Boronic Ester",1.0,Pd(OAc)2,0.0625,dtbpf,0.125,NaHCO3,2.5,DMF,21.19,2899890.25,,
2517,6-Bromoquinoline,"1b, 6-Br-Q",1.0,0.0004,"2b, Boronic Ester",1.0,Pd(OAc)2,0.0625,XPhos,0.125,NaHCO3,2.5,DMF,22.13,904676.88,,
2518,6-Bromoquinoline,"1b, 6-Br-Q",1.0,0.0004,"2b, Boronic Ester",1.0,Pd(OAc)2,0.0625,dppf,0.125,NaHCO3,2.5,DMF,13.71,531824.31,,
2519,6-Bromoquinoline,"1b, 6-Br-Q",1.0,0.0004,"2b, Boronic Ester",1.0,Pd(OAc)2,0.0625,Xantphos,0.125,NaHCO3,2.5,DMF,3.26,148654.42,,
2520,6-Bromoquinoline,"1b, 6-Br-Q",1.0,0.0004,"2b, Boronic Ester",1.0,Pd(OAc)2,0.0625,,,NaHCO3,2.5,DMF,8.06,1897362.5,,
2521,6-Bromoquinoline,"1b, 6-Br-Q",1.0,0.0004,"2b, Boronic Ester",1.0,Pd(OAc)2,0.0625,P(tBu)3,0.125,CsF,2.5,DMF,36.03,1649535.5,,
2522,6-Bromoquinoline,"1b, 6-Br-Q",1.0,0.0004,"2b, Boronic Ester",1.0,Pd(OAc)2,0.0625,P(Ph)3 ,0.125,CsF,2.5,DMF,73.12,16402426.0,,
2523,6-Bromoquinoline,"1b, 6-Br-Q",1.0,0.0004,"2b, Boronic Ester",1.0,Pd(OAc)2,0.0625,AmPhos,0.125,CsF,2.5,DMF,46.27,1947548.0,,
2524,6-Bromoquinoline,"1b, 6-Br-Q",1.0,0.0004,"2b, Boronic Ester",1.0,Pd(OAc)2,0.0625,P(Cy)3,0.125,CsF,2.5,DMF,36.75,8404939.0,,
2525,6-Bromoquinoline,"1b, 6-Br-Q",1.0,0.0004,"2b, Boronic Ester",1.0,Pd(OAc)2,0.0625,P(o-Tol)3,0.125,CsF,2.5,DMF,24.77,1183542.63,,
2526,6-Bromoquinoline,"1b, 6-Br-Q",1.0,0.0004,"2b, Boronic Ester",1.0,Pd(OAc)2,0.0625,CataCXium A,0.125,CsF,2.5,DMF,71.45,11952787.0,,
2527,6-Bromoquinoline,"1b, 6-Br-Q",1.0,0.0004,"2b, Boronic Ester",1.0,Pd(OAc)2,0.0625,SPhos,0.125,CsF,2.5,DMF,46.34,1965631.88,,
2528,6-Bromoquinoline,"1b, 6-Br-Q",1.0,0.0004,"2b, Boronic Ester",1.0,Pd(OAc)2,0.0625,dtbpf,0.125,CsF,2.5,DMF,22.25,3790286.75,,
2529,6-Bromoquinoline,"1b, 6-Br-Q",1.0,0.0004,"2b, Boronic Ester",1.0,Pd(OAc)2,0.0625,XPhos,0.125,CsF,2.5,DMF,21.87,947360.88,,
2530,6-Bromoquinoline,"1b, 6-Br-Q",1.0,0.0004,"2b, Boronic Ester",1.0,Pd(OAc)2,0.0625,dppf,0.125,CsF,2.5,DMF,12.0,737300.31,,
2531,6-Bromoquinoline,"1b, 6-Br-Q",1.0,0.0004,"2b, Boronic Ester",1.0,Pd(OAc)2,0.0625,Xantphos,0.125,CsF,2.5,DMF,3.95,201109.41,,
2532,6-Bromoquinoline,"1b, 6-Br-Q",1.0,0.0004,"2b, Boronic Ester",1.0,Pd(OAc)2,0.0625,,,CsF,2.5,DMF,7.53,1726065.25,,
2533,6-Bromoquinoline,"1b, 6-Br-Q",1.0,0.0004,"2b, Boronic Ester",1.0,Pd(OAc)2,0.0625,P(tBu)3,0.125,K3PO4,2.5,DMF,48.73,2186064.0,,
2534,6-Bromoquinoline,"1b, 6-Br-Q",1.0,0.0004,"2b, Boronic Ester",1.0,Pd(OAc)2,0.0625,P(Ph)3 ,0.125,K3PO4,2.5,DMF,61.38,14457490.0,,
2535,6-Bromoquinoline,"1b, 6-Br-Q",1.0,0.0004,"2b, Boronic Ester",1.0,Pd(OAc)2,0.0625,AmPhos,0.125,K3PO4,2.5,DMF,54.47,2374915.5,,
2536,6-Bromoquinoline,"1b, 6-Br-Q",1.0,0.0004,"2b, Boronic Ester",1.0,Pd(OAc)2,0.0625,P(Cy)3,0.125,K3PO4,2.5,DMF,20.64,5248756.0,,
2537,6-Bromoquinoline,"1b, 6-Br-Q",1.0,0.0004,"2b, Boronic Ester",1.0,Pd(OAc)2,0.0625,P(o-Tol)3,0.125,K3PO4,2.5,DMF,11.81,528536.88,,
2538,6-Bromoquinoline,"1b, 6-Br-Q",1.0,0.0004,"2b, Boronic Ester",1.0,Pd(OAc)2,0.0625,CataCXium A,0.125,K3PO4,2.5,DMF,54.23,8952357.0,,
2539,6-Bromoquinoline,"1b, 6-Br-Q",1.0,0.0004,"2b, Boronic Ester",1.0,Pd(OAc)2,0.0625,SPhos,0.125,K3PO4,2.5,DMF,29.16,1310852.38,,
2540,6-Bromoquinoline,"1b, 6-Br-Q",1.0,0.0004,"2b, Boronic Ester",1.0,Pd(OAc)2,0.0625,dtbpf,0.125,K3PO4,2.5,DMF,22.12,3488454.75,,
2541,6-Bromoquinoline,"1b, 6-Br-Q",1.0,0.0004,"2b, Boronic Ester",1.0,Pd(OAc)2,0.0625,XPhos,0.125,K3PO4,2.5,DMF,15.46,670386.94,,
2542,6-Bromoquinoline,"1b, 6-Br-Q",1.0,0.0004,"2b, Boronic Ester",1.0,Pd(OAc)2,0.0625,dppf,0.125,K3PO4,2.5,DMF,14.19,619277.31,,
2543,6-Bromoquinoline,"1b, 6-Br-Q",1.0,0.0004,"2b, Boronic Ester",1.0,Pd(OAc)2,0.0625,Xantphos,0.125,K3PO4,2.5,DMF,3.02,149390.8,,
2544,6-Bromoquinoline,"1b, 6-Br-Q",1.0,0.0004,"2b, Boronic Ester",1.0,Pd(OAc)2,0.0625,,,K3PO4,2.5,DMF,8.3,1541860.13,,
2545,6-Bromoquinoline,"1b, 6-Br-Q",1.0,0.0004,"2b, Boronic Ester",1.0,Pd(OAc)2,0.0625,P(tBu)3,0.125,KOH,2.5,DMF,48.06,2218903.0,,
2546,6-Bromoquinoline,"1b, 6-Br-Q",1.0,0.0004,"2b, Boronic Ester",1.0,Pd(OAc)2,0.0625,P(Ph)3 ,0.125,KOH,2.5,DMF,64.78,14846253.0,,
2547,6-Bromoquinoline,"1b, 6-Br-Q",1.0,0.0004,"2b, Boronic Ester",1.0,Pd(OAc)2,0.0625,AmPhos,0.125,KOH,2.5,DMF,66.62,3087866.75,,
2548,6-Bromoquinoline,"1b, 6-Br-Q",1.0,0.0004,"2b, Boronic Ester",1.0,Pd(OAc)2,0.0625,P(Cy)3,0.125,KOH,2.5,DMF,67.83,15983740.0,,
2549,6-Bromoquinoline,"1b, 6-Br-Q",1.0,0.0004,"2b, Boronic Ester",1.0,Pd(OAc)2,0.0625,P(o-Tol)3,0.125,KOH,2.5,DMF,30.73,1340787.0,,
2550,6-Bromoquinoline,"1b, 6-Br-Q",1.0,0.0004,"2b, Boronic Ester",1.0,Pd(OAc)2,0.0625,CataCXium A,0.125,KOH,2.5,DMF,64.75,10748437.0,,
2551,6-Bromoquinoline,"1b, 6-Br-Q",1.0,0.0004,"2b, Boronic Ester",1.0,Pd(OAc)2,0.0625,SPhos,0.125,KOH,2.5,DMF,63.96,2854387.25,,
2552,6-Bromoquinoline,"1b, 6-Br-Q",1.0,0.0004,"2b, Boronic Ester",1.0,Pd(OAc)2,0.0625,dtbpf,0.125,KOH,2.5,DMF,45.04,8418666.0,,
2553,6-Bromoquinoline,"1b, 6-Br-Q",1.0,0.0004,"2b, Boronic Ester",1.0,Pd(OAc)2,0.0625,XPhos,0.125,KOH,2.5,DMF,43.51,1935714.38,,
2554,6-Bromoquinoline,"1b, 6-Br-Q",1.0,0.0004,"2b, Boronic Ester",1.0,Pd(OAc)2,0.0625,dppf,0.125,KOH,2.5,DMF,13.43,1506897.38,,
2555,6-Bromoquinoline,"1b, 6-Br-Q",1.0,0.0004,"2b, Boronic Ester",1.0,Pd(OAc)2,0.0625,Xantphos,0.125,KOH,2.5,DMF,14.23,771169.25,,
2556,6-Bromoquinoline,"1b, 6-Br-Q",1.0,0.0004,"2b, Boronic Ester",1.0,Pd(OAc)2,0.0625,,,KOH,2.5,DMF,18.94,5797213.0,,
2557,6-Bromoquinoline,"1b, 6-Br-Q",1.0,0.0004,"2b, Boronic Ester",1.0,Pd(OAc)2,0.0625,P(tBu)3,0.125,LiOtBu,2.5,DMF,78.71,3492871.25,,
2558,6-Bromoquinoline,"1b, 6-Br-Q",1.0,0.0004,"2b, Boronic Ester",1.0,Pd(OAc)2,0.0625,P(Ph)3 ,0.125,LiOtBu,2.5,DMF,75.39,16941684.0,,
2559,6-Bromoquinoline,"1b, 6-Br-Q",1.0,0.0004,"2b, Boronic Ester",1.0,Pd(OAc)2,0.0625,AmPhos,0.125,LiOtBu,2.5,DMF,69.89,2990737.25,,
2560,6-Bromoquinoline,"1b, 6-Br-Q",1.0,0.0004,"2b, Boronic Ester",1.0,Pd(OAc)2,0.0625,P(Cy)3,0.125,LiOtBu,2.5,DMF,64.27,13921153.0,,
2561,6-Bromoquinoline,"1b, 6-Br-Q",1.0,0.0004,"2b, Boronic Ester",1.0,Pd(OAc)2,0.0625,P(o-Tol)3,0.125,LiOtBu,2.5,DMF,26.26,967944.44,,
2562,6-Bromoquinoline,"1b, 6-Br-Q",1.0,0.0004,"2b, Boronic Ester",1.0,Pd(OAc)2,0.0625,CataCXium A,0.125,LiOtBu,2.5,DMF,82.62,13157213.0,,
2563,6-Bromoquinoline,"1b, 6-Br-Q",1.0,0.0004,"2b, Boronic Ester",1.0,Pd(OAc)2,0.0625,SPhos,0.125,LiOtBu,2.5,DMF,33.94,1381891.63,,
2564,6-Bromoquinoline,"1b, 6-Br-Q",1.0,0.0004,"2b, Boronic Ester",1.0,Pd(OAc)2,0.0625,dtbpf,0.125,LiOtBu,2.5,DMF,82.62,13157213.0,,
2565,6-Bromoquinoline,"1b, 6-Br-Q",1.0,0.0004,"2b, Boronic Ester",1.0,Pd(OAc)2,0.0625,XPhos,0.125,LiOtBu,2.5,DMF,15.32,620906.25,,
2566,6-Bromoquinoline,"1b, 6-Br-Q",1.0,0.0004,"2b, Boronic Ester",1.0,Pd(OAc)2,0.0625,dppf,0.125,LiOtBu,2.5,DMF,13.9,860194.0,,
2567,6-Bromoquinoline,"1b, 6-Br-Q",1.0,0.0004,"2b, Boronic Ester",1.0,Pd(OAc)2,0.0625,Xantphos,0.125,LiOtBu,2.5,DMF,7.16,320324.19,,
2568,6-Bromoquinoline,"1b, 6-Br-Q",1.0,0.0004,"2b, Boronic Ester",1.0,Pd(OAc)2,0.0625,,,LiOtBu,2.5,DMF,4.91,628359.63,,
2569,6-Bromoquinoline,"1b, 6-Br-Q",1.0,0.0004,"2b, Boronic Ester",1.0,Pd(OAc)2,0.0625,P(tBu)3,0.125,Et3N,2.5,DMF,80.76,3561735.0,,
2570,6-Bromoquinoline,"1b, 6-Br-Q",1.0,0.0004,"2b, Boronic Ester",1.0,Pd(OAc)2,0.0625,P(Ph)3 ,0.125,Et3N,2.5,DMF,64.9,14003659.0,,
2571,6-Bromoquinoline,"1b, 6-Br-Q",1.0,0.0004,"2b, Boronic Ester",1.0,Pd(OAc)2,0.0625,AmPhos,0.125,Et3N,2.5,DMF,75.18,3540789.0,,
2572,6-Bromoquinoline,"1b, 6-Br-Q",1.0,0.0004,"2b, Boronic Ester",1.0,Pd(OAc)2,0.0625,P(Cy)3,0.125,Et3N,2.5,DMF,49.02,9799341.0,,
2573,6-Bromoquinoline,"1b, 6-Br-Q",1.0,0.0004,"2b, Boronic Ester",1.0,Pd(OAc)2,0.0625,P(o-Tol)3,0.125,Et3N,2.5,DMF,6.62,271581.63,,
2574,6-Bromoquinoline,"1b, 6-Br-Q",1.0,0.0004,"2b, Boronic Ester",1.0,Pd(OAc)2,0.0625,CataCXium A,0.125,Et3N,2.5,DMF,72.32,11489481.0,,
2575,6-Bromoquinoline,"1b, 6-Br-Q",1.0,0.0004,"2b, Boronic Ester",1.0,Pd(OAc)2,0.0625,SPhos,0.125,Et3N,2.5,DMF,42.8,1822048.25,,
2576,6-Bromoquinoline,"1b, 6-Br-Q",1.0,0.0004,"2b, Boronic Ester",1.0,Pd(OAc)2,0.0625,dtbpf,0.125,Et3N,2.5,DMF,26.88,4896178.0,,
2577,6-Bromoquinoline,"1b, 6-Br-Q",1.0,0.0004,"2b, Boronic Ester",1.0,Pd(OAc)2,0.0625,XPhos,0.125,Et3N,2.5,DMF,12.06,475697.72,,
2578,6-Bromoquinoline,"1b, 6-Br-Q",1.0,0.0004,"2b, Boronic Ester",1.0,Pd(OAc)2,0.0625,dppf,0.125,Et3N,2.5,DMF,7.25,681751.25,,
2579,6-Bromoquinoline,"1b, 6-Br-Q",1.0,0.0004,"2b, Boronic Ester",1.0,Pd(OAc)2,0.0625,Xantphos,0.125,Et3N,2.5,DMF,9.19,488848.69,,
2580,6-Bromoquinoline,"1b, 6-Br-Q",1.0,0.0004,"2b, Boronic Ester",1.0,Pd(OAc)2,0.0625,,,Et3N,2.5,DMF,5.77,887105.06,,
2581,6-Bromoquinoline,"1b, 6-Br-Q",1.0,0.0004,"2b, Boronic Ester",1.0,Pd(OAc)2,0.0625,P(tBu)3,0.125,,2.5,DMF,80.94,3586624.0,,
2582,6-Bromoquinoline,"1b, 6-Br-Q",1.0,0.0004,"2b, Boronic Ester",1.0,Pd(OAc)2,0.0625,P(Ph)3 ,0.125,,2.5,DMF,45.54,10159760.0,,
2583,6-Bromoquinoline,"1b, 6-Br-Q",1.0,0.0004,"2b, Boronic Ester",1.0,Pd(OAc)2,0.0625,AmPhos,0.125,,2.5,DMF,57.76,2432714.0,,
2584,6-Bromoquinoline,"1b, 6-Br-Q",1.0,0.0004,"2b, Boronic Ester",1.0,Pd(OAc)2,0.0625,P(Cy)3,0.125,,2.5,DMF,45.11,10371106.0,,
2585,6-Bromoquinoline,"1b, 6-Br-Q",1.0,0.0004,"2b, Boronic Ester",1.0,Pd(OAc)2,0.0625,P(o-Tol)3,0.125,,2.5,DMF,12.44,530879.56,,
2586,6-Bromoquinoline,"1b, 6-Br-Q",1.0,0.0004,"2b, Boronic Ester",1.0,Pd(OAc)2,0.0625,CataCXium A,0.125,,2.5,DMF,64.8,10377281.0,,
2587,6-Bromoquinoline,"1b, 6-Br-Q",1.0,0.0004,"2b, Boronic Ester",1.0,Pd(OAc)2,0.0625,SPhos,0.125,,2.5,DMF,23.47,1005503.5,,
2588,6-Bromoquinoline,"1b, 6-Br-Q",1.0,0.0004,"2b, Boronic Ester",1.0,Pd(OAc)2,0.0625,dtbpf,0.125,,2.5,DMF,23.11,4171693.5,,
2589,6-Bromoquinoline,"1b, 6-Br-Q",1.0,0.0004,"2b, Boronic Ester",1.0,Pd(OAc)2,0.0625,XPhos,0.125,,2.5,DMF,17.57,760564.19,,
2590,6-Bromoquinoline,"1b, 6-Br-Q",1.0,0.0004,"2b, Boronic Ester",1.0,Pd(OAc)2,0.0625,dppf,0.125,,2.5,DMF,14.79,485583.81,,
2591,6-Bromoquinoline,"1b, 6-Br-Q",1.0,0.0004,"2b, Boronic Ester",1.0,Pd(OAc)2,0.0625,Xantphos,0.125,,2.5,DMF,3.8,107278.37,,
2592,6-Bromoquinoline,"1b, 6-Br-Q",1.0,0.0004,"2b, Boronic Ester",1.0,Pd(OAc)2,0.0625,,,,2.5,DMF,8.83,1908531.38,,
2593,6-Bromoquinoline,"1b, 6-Br-Q",1.0,0.0004,"2b, Boronic Ester",1.0,Pd(OAc)2,0.0625,P(tBu)3,0.125,NaOH,2.5,MeOH,59.59,2068734.63,,
2594,6-Bromoquinoline,"1b, 6-Br-Q",1.0,0.0004,"2b, Boronic Ester",1.0,Pd(OAc)2,0.0625,P(Ph)3 ,0.125,NaOH,2.5,MeOH,79.1,16220114.0,,
2595,6-Bromoquinoline,"1b, 6-Br-Q",1.0,0.0004,"2b, Boronic Ester",1.0,Pd(OAc)2,0.0625,AmPhos,0.125,NaOH,2.5,MeOH,68.54,3177641.5,,
2596,6-Bromoquinoline,"1b, 6-Br-Q",1.0,0.0004,"2b, Boronic Ester",1.0,Pd(OAc)2,0.0625,P(Cy)3,0.125,NaOH,2.5,MeOH,61.92,12022868.0,,
2597,6-Bromoquinoline,"1b, 6-Br-Q",1.0,0.0004,"2b, Boronic Ester",1.0,Pd(OAc)2,0.0625,P(o-Tol)3,0.125,NaOH,2.5,MeOH,64.08,2520749.25,,
2598,6-Bromoquinoline,"1b, 6-Br-Q",1.0,0.0004,"2b, Boronic Ester",1.0,Pd(OAc)2,0.0625,CataCXium A,0.125,NaOH,2.5,MeOH,64.25,10126055.0,,
2599,6-Bromoquinoline,"1b, 6-Br-Q",1.0,0.0004,"2b, Boronic Ester",1.0,Pd(OAc)2,0.0625,SPhos,0.125,NaOH,2.5,MeOH,54.09,2187776.5,,
2600,6-Bromoquinoline,"1b, 6-Br-Q",1.0,0.0004,"2b, Boronic Ester",1.0,Pd(OAc)2,0.0625,dtbpf,0.125,NaOH,2.5,MeOH,25.5,4369236.0,,
2601,6-Bromoquinoline,"1b, 6-Br-Q",1.0,0.0004,"2b, Boronic Ester",1.0,Pd(OAc)2,0.0625,XPhos,0.125,NaOH,2.5,MeOH,52.82,2172678.0,,
2602,6-Bromoquinoline,"1b, 6-Br-Q",1.0,0.0004,"2b, Boronic Ester",1.0,Pd(OAc)2,0.0625,dppf,0.125,NaOH,2.5,MeOH,9.05,1007668.94,,
2603,6-Bromoquinoline,"1b, 6-Br-Q",1.0,0.0004,"2b, Boronic Ester",1.0,Pd(OAc)2,0.0625,Xantphos,0.125,NaOH,2.5,MeOH,3.78,104398.06,,
2604,6-Bromoquinoline,"1b, 6-Br-Q",1.0,0.0004,"2b, Boronic Ester",1.0,Pd(OAc)2,0.0625,,,NaOH,2.5,MeOH,42.9,11513077.0,,
2605,6-Bromoquinoline,"1b, 6-Br-Q",1.0,0.0004,"2b, Boronic Ester",1.0,Pd(OAc)2,0.0625,P(tBu)3,0.125,NaHCO3,2.5,MeOH,31.58,1279056.88,,
2606,6-Bromoquinoline,"1b, 6-Br-Q",1.0,0.0004,"2b, Boronic Ester",1.0,Pd(OAc)2,0.0625,P(Ph)3 ,0.125,NaHCO3,2.5,MeOH,68.46,14234454.0,,
2607,6-Bromoquinoline,"1b, 6-Br-Q",1.0,0.0004,"2b, Boronic Ester",1.0,Pd(OAc)2,0.0625,AmPhos,0.125,NaHCO3,2.5,MeOH,56.14,2349769.0,,
2608,6-Bromoquinoline,"1b, 6-Br-Q",1.0,0.0004,"2b, Boronic Ester",1.0,Pd(OAc)2,0.0625,P(Cy)3,0.125,NaHCO3,2.5,MeOH,47.07,9430069.0,,
2609,6-Bromoquinoline,"1b, 6-Br-Q",1.0,0.0004,"2b, Boronic Ester",1.0,Pd(OAc)2,0.0625,P(o-Tol)3,0.125,NaHCO3,2.5,MeOH,64.57,2614299.75,,
2610,6-Bromoquinoline,"1b, 6-Br-Q",1.0,0.0004,"2b, Boronic Ester",1.0,Pd(OAc)2,0.0625,CataCXium A,0.125,NaHCO3,2.5,MeOH,58.33,8650409.0,,
2611,6-Bromoquinoline,"1b, 6-Br-Q",1.0,0.0004,"2b, Boronic Ester",1.0,Pd(OAc)2,0.0625,SPhos,0.125,NaHCO3,2.5,MeOH,35.81,1441042.88,,
2612,6-Bromoquinoline,"1b, 6-Br-Q",1.0,0.0004,"2b, Boronic Ester",1.0,Pd(OAc)2,0.0625,dtbpf,0.125,NaHCO3,2.5,MeOH,17.87,1864332.75,,
2613,6-Bromoquinoline,"1b, 6-Br-Q",1.0,0.0004,"2b, Boronic Ester",1.0,Pd(OAc)2,0.0625,XPhos,0.125,NaHCO3,2.5,MeOH,29.62,1178162.38,,
2614,6-Bromoquinoline,"1b, 6-Br-Q",1.0,0.0004,"2b, Boronic Ester",1.0,Pd(OAc)2,0.0625,dppf,0.125,NaHCO3,2.5,MeOH,10.28,1126310.63,,
2615,6-Bromoquinoline,"1b, 6-Br-Q",1.0,0.0004,"2b, Boronic Ester",1.0,Pd(OAc)2,0.0625,Xantphos,0.125,NaHCO3,2.5,MeOH,2.25,53857.47,,
2616,6-Bromoquinoline,"1b, 6-Br-Q",1.0,0.0004,"2b, Boronic Ester",1.0,Pd(OAc)2,0.0625,,,NaHCO3,2.5,MeOH,19.46,5139216.5,,
2617,6-Bromoquinoline,"1b, 6-Br-Q",1.0,0.0004,"2b, Boronic Ester",1.0,Pd(OAc)2,0.0625,P(tBu)3,0.125,CsF,2.5,MeOH,43.27,1776642.75,,
2618,6-Bromoquinoline,"1b, 6-Br-Q",1.0,0.0004,"2b, Boronic Ester",1.0,Pd(OAc)2,0.0625,P(Ph)3 ,0.125,CsF,2.5,MeOH,46.68,10134070.0,,
2619,6-Bromoquinoline,"1b, 6-Br-Q",1.0,0.0004,"2b, Boronic Ester",1.0,Pd(OAc)2,0.0625,AmPhos,0.125,CsF,2.5,MeOH,51.25,2122736.5,,
2620,6-Bromoquinoline,"1b, 6-Br-Q",1.0,0.0004,"2b, Boronic Ester",1.0,Pd(OAc)2,0.0625,P(Cy)3,0.125,CsF,2.5,MeOH,24.51,5007895.5,,
2621,6-Bromoquinoline,"1b, 6-Br-Q",1.0,0.0004,"2b, Boronic Ester",1.0,Pd(OAc)2,0.0625,P(o-Tol)3,0.125,CsF,2.5,MeOH,48.51,1773099.38,,
2622,6-Bromoquinoline,"1b, 6-Br-Q",1.0,0.0004,"2b, Boronic Ester",1.0,Pd(OAc)2,0.0625,CataCXium A,0.125,CsF,2.5,MeOH,42.43,6736304.5,,
2623,6-Bromoquinoline,"1b, 6-Br-Q",1.0,0.0004,"2b, Boronic Ester",1.0,Pd(OAc)2,0.0625,SPhos,0.125,CsF,2.5,MeOH,17.87,750654.0,,
2624,6-Bromoquinoline,"1b, 6-Br-Q",1.0,0.0004,"2b, Boronic Ester",1.0,Pd(OAc)2,0.0625,dtbpf,0.125,CsF,2.5,MeOH,0.0,1018207.06,,
2625,6-Bromoquinoline,"1b, 6-Br-Q",1.0,0.0004,"2b, Boronic Ester",1.0,Pd(OAc)2,0.0625,XPhos,0.125,CsF,2.5,MeOH,16.19,469245.34,,
2626,6-Bromoquinoline,"1b, 6-Br-Q",1.0,0.0004,"2b, Boronic Ester",1.0,Pd(OAc)2,0.0625,dppf,0.125,CsF,2.5,MeOH,12.44,507198.03,,
2627,6-Bromoquinoline,"1b, 6-Br-Q",1.0,0.0004,"2b, Boronic Ester",1.0,Pd(OAc)2,0.0625,Xantphos,0.125,CsF,2.5,MeOH,1.48,49970.66,,
2628,6-Bromoquinoline,"1b, 6-Br-Q",1.0,0.0004,"2b, Boronic Ester",1.0,Pd(OAc)2,0.0625,,,CsF,2.5,MeOH,9.48,2334194.5,,
2629,6-Bromoquinoline,"1b, 6-Br-Q",1.0,0.0004,"2b, Boronic Ester",1.0,Pd(OAc)2,0.0625,P(tBu)3,0.125,K3PO4,2.5,MeOH,42.55,1491422.88,,
2630,6-Bromoquinoline,"1b, 6-Br-Q",1.0,0.0004,"2b, Boronic Ester",1.0,Pd(OAc)2,0.0625,P(Ph)3 ,0.125,K3PO4,2.5,MeOH,66.78,14660551.0,,
2631,6-Bromoquinoline,"1b, 6-Br-Q",1.0,0.0004,"2b, Boronic Ester",1.0,Pd(OAc)2,0.0625,AmPhos,0.125,K3PO4,2.5,MeOH,63.17,2446182.5,,
2632,6-Bromoquinoline,"1b, 6-Br-Q",1.0,0.0004,"2b, Boronic Ester",1.0,Pd(OAc)2,0.0625,P(Cy)3,0.125,K3PO4,2.5,MeOH,57.3,13253136.0,,
2633,6-Bromoquinoline,"1b, 6-Br-Q",1.0,0.0004,"2b, Boronic Ester",1.0,Pd(OAc)2,0.0625,P(o-Tol)3,0.125,K3PO4,2.5,MeOH,60.9,2346049.25,,
2634,6-Bromoquinoline,"1b, 6-Br-Q",1.0,0.0004,"2b, Boronic Ester",1.0,Pd(OAc)2,0.0625,CataCXium A,0.125,K3PO4,2.5,MeOH,65.29,8498962.0,,
2635,6-Bromoquinoline,"1b, 6-Br-Q",1.0,0.0004,"2b, Boronic Ester",1.0,Pd(OAc)2,0.0625,SPhos,0.125,K3PO4,2.5,MeOH,50.12,1890164.38,,
2636,6-Bromoquinoline,"1b, 6-Br-Q",1.0,0.0004,"2b, Boronic Ester",1.0,Pd(OAc)2,0.0625,dtbpf,0.125,K3PO4,2.5,MeOH,27.79,3734685.5,,
2637,6-Bromoquinoline,"1b, 6-Br-Q",1.0,0.0004,"2b, Boronic Ester",1.0,Pd(OAc)2,0.0625,XPhos,0.125,K3PO4,2.5,MeOH,43.98,1799865.25,,
2638,6-Bromoquinoline,"1b, 6-Br-Q",1.0,0.0004,"2b, Boronic Ester",1.0,Pd(OAc)2,0.0625,dppf,0.125,K3PO4,2.5,MeOH,9.77,813875.56,,
2639,6-Bromoquinoline,"1b, 6-Br-Q",1.0,0.0004,"2b, Boronic Ester",1.0,Pd(OAc)2,0.0625,Xantphos,0.125,K3PO4,2.5,MeOH,1.79,79250.19,,
2640,6-Bromoquinoline,"1b, 6-Br-Q",1.0,0.0004,"2b, Boronic Ester",1.0,Pd(OAc)2,0.0625,,,K3PO4,2.5,MeOH,30.8,8979726.0,,
2641,6-Bromoquinoline,"1b, 6-Br-Q",1.0,0.0004,"2b, Boronic Ester",1.0,Pd(OAc)2,0.0625,P(tBu)3,0.125,KOH,2.5,MeOH,39.63,1811602.13,,
2642,6-Bromoquinoline,"1b, 6-Br-Q",1.0,0.0004,"2b, Boronic Ester",1.0,Pd(OAc)2,0.0625,P(Ph)3 ,0.125,KOH,2.5,MeOH,71.17,16786116.0,,
2643,6-Bromoquinoline,"1b, 6-Br-Q",1.0,0.0004,"2b, Boronic Ester",1.0,Pd(OAc)2,0.0625,AmPhos,0.125,KOH,2.5,MeOH,62.59,2770339.25,,
2644,6-Bromoquinoline,"1b, 6-Br-Q",1.0,0.0004,"2b, Boronic Ester",1.0,Pd(OAc)2,0.0625,P(Cy)3,0.125,KOH,2.5,MeOH,59.71,12709405.0,,
2645,6-Bromoquinoline,"1b, 6-Br-Q",1.0,0.0004,"2b, Boronic Ester",1.0,Pd(OAc)2,0.0625,P(o-Tol)3,0.125,KOH,2.5,MeOH,67.68,2842319.0,,
2646,6-Bromoquinoline,"1b, 6-Br-Q",1.0,0.0004,"2b, Boronic Ester",1.0,Pd(OAc)2,0.0625,CataCXium A,0.125,KOH,2.5,MeOH,69.05,10195977.0,,
2647,6-Bromoquinoline,"1b, 6-Br-Q",1.0,0.0004,"2b, Boronic Ester",1.0,Pd(OAc)2,0.0625,SPhos,0.125,KOH,2.5,MeOH,60.62,2698375.5,,
2648,6-Bromoquinoline,"1b, 6-Br-Q",1.0,0.0004,"2b, Boronic Ester",1.0,Pd(OAc)2,0.0625,dtbpf,0.125,KOH,2.5,MeOH,27.74,3521985.0,,
2649,6-Bromoquinoline,"1b, 6-Br-Q",1.0,0.0004,"2b, Boronic Ester",1.0,Pd(OAc)2,0.0625,XPhos,0.125,KOH,2.5,MeOH,53.64,2097044.0,,
2650,6-Bromoquinoline,"1b, 6-Br-Q",1.0,0.0004,"2b, Boronic Ester",1.0,Pd(OAc)2,0.0625,dppf,0.125,KOH,2.5,MeOH,11.95,1194812.63,,
2651,6-Bromoquinoline,"1b, 6-Br-Q",1.0,0.0004,"2b, Boronic Ester",1.0,Pd(OAc)2,0.0625,Xantphos,0.125,KOH,2.5,MeOH,0.53,111334.47,,
2652,6-Bromoquinoline,"1b, 6-Br-Q",1.0,0.0004,"2b, Boronic Ester",1.0,Pd(OAc)2,0.0625,,,KOH,2.5,MeOH,33.62,9641354.0,,
2653,6-Bromoquinoline,"1b, 6-Br-Q",1.0,0.0004,"2b, Boronic Ester",1.0,Pd(OAc)2,0.0625,P(tBu)3,0.125,LiOtBu,2.5,MeOH,44.8,1808624.88,,
2654,6-Bromoquinoline,"1b, 6-Br-Q",1.0,0.0004,"2b, Boronic Ester",1.0,Pd(OAc)2,0.0625,P(Ph)3 ,0.125,LiOtBu,2.5,MeOH,77.92,17072824.0,,
2655,6-Bromoquinoline,"1b, 6-Br-Q",1.0,0.0004,"2b, Boronic Ester",1.0,Pd(OAc)2,0.0625,AmPhos,0.125,LiOtBu,2.5,MeOH,63.77,2536426.5,,
2656,6-Bromoquinoline,"1b, 6-Br-Q",1.0,0.0004,"2b, Boronic Ester",1.0,Pd(OAc)2,0.0625,P(Cy)3,0.125,LiOtBu,2.5,MeOH,69.81,14595763.0,,
2657,6-Bromoquinoline,"1b, 6-Br-Q",1.0,0.0004,"2b, Boronic Ester",1.0,Pd(OAc)2,0.0625,P(o-Tol)3,0.125,LiOtBu,2.5,MeOH,71.59,1613140.38,,
2658,6-Bromoquinoline,"1b, 6-Br-Q",1.0,0.0004,"2b, Boronic Ester",1.0,Pd(OAc)2,0.0625,CataCXium A,0.125,LiOtBu,2.5,MeOH,58.86,8624112.0,,
2659,6-Bromoquinoline,"1b, 6-Br-Q",1.0,0.0004,"2b, Boronic Ester",1.0,Pd(OAc)2,0.0625,SPhos,0.125,LiOtBu,2.5,MeOH,51.57,2652522.5,,
2660,6-Bromoquinoline,"1b, 6-Br-Q",1.0,0.0004,"2b, Boronic Ester",1.0,Pd(OAc)2,0.0625,dtbpf,0.125,LiOtBu,2.5,MeOH,25.89,4404483.5,,
2661,6-Bromoquinoline,"1b, 6-Br-Q",1.0,0.0004,"2b, Boronic Ester",1.0,Pd(OAc)2,0.0625,XPhos,0.125,LiOtBu,2.5,MeOH,58.45,160651.33,,
2662,6-Bromoquinoline,"1b, 6-Br-Q",1.0,0.0004,"2b, Boronic Ester",1.0,Pd(OAc)2,0.0625,dppf,0.125,LiOtBu,2.5,MeOH,9.51,976685.88,,
2663,6-Bromoquinoline,"1b, 6-Br-Q",1.0,0.0004,"2b, Boronic Ester",1.0,Pd(OAc)2,0.0625,Xantphos,0.125,LiOtBu,2.5,MeOH,1.32,1258174.38,,
2664,6-Bromoquinoline,"1b, 6-Br-Q",1.0,0.0004,"2b, Boronic Ester",1.0,Pd(OAc)2,0.0625,,,LiOtBu,2.5,MeOH,29.56,7792497.0,,
2665,6-Bromoquinoline,"1b, 6-Br-Q",1.0,0.0004,"2b, Boronic Ester",1.0,Pd(OAc)2,0.0625,P(tBu)3,0.125,Et3N,2.5,MeOH,29.1,2157624.25,,
2666,6-Bromoquinoline,"1b, 6-Br-Q",1.0,0.0004,"2b, Boronic Ester",1.0,Pd(OAc)2,0.0625,P(Ph)3 ,0.125,Et3N,2.5,MeOH,53.9,11768155.0,,
2667,6-Bromoquinoline,"1b, 6-Br-Q",1.0,0.0004,"2b, Boronic Ester",1.0,Pd(OAc)2,0.0625,AmPhos,0.125,Et3N,2.5,MeOH,52.82,2487945.5,,
2668,6-Bromoquinoline,"1b, 6-Br-Q",1.0,0.0004,"2b, Boronic Ester",1.0,Pd(OAc)2,0.0625,P(Cy)3,0.125,Et3N,2.5,MeOH,23.64,5949776.5,,
2669,6-Bromoquinoline,"1b, 6-Br-Q",1.0,0.0004,"2b, Boronic Ester",1.0,Pd(OAc)2,0.0625,P(o-Tol)3,0.125,Et3N,2.5,MeOH,56.7,1016922.31,,
2670,6-Bromoquinoline,"1b, 6-Br-Q",1.0,0.0004,"2b, Boronic Ester",1.0,Pd(OAc)2,0.0625,CataCXium A,0.125,Et3N,2.5,MeOH,58.18,9788770.0,,
2671,6-Bromoquinoline,"1b, 6-Br-Q",1.0,0.0004,"2b, Boronic Ester",1.0,Pd(OAc)2,0.0625,SPhos,0.125,Et3N,2.5,MeOH,24.98,601585.94,,
2672,6-Bromoquinoline,"1b, 6-Br-Q",1.0,0.0004,"2b, Boronic Ester",1.0,Pd(OAc)2,0.0625,dtbpf,0.125,Et3N,2.5,MeOH,14.41,1128955.75,,
2673,6-Bromoquinoline,"1b, 6-Br-Q",1.0,0.0004,"2b, Boronic Ester",1.0,Pd(OAc)2,0.0625,XPhos,0.125,Et3N,2.5,MeOH,17.11,45462.17,,
2674,6-Bromoquinoline,"1b, 6-Br-Q",1.0,0.0004,"2b, Boronic Ester",1.0,Pd(OAc)2,0.0625,dppf,0.125,Et3N,2.5,MeOH,10.52,493358.31,,
2675,6-Bromoquinoline,"1b, 6-Br-Q",1.0,0.0004,"2b, Boronic Ester",1.0,Pd(OAc)2,0.0625,Xantphos,0.125,Et3N,2.5,MeOH,3.82,872160.94,,
2676,6-Bromoquinoline,"1b, 6-Br-Q",1.0,0.0004,"2b, Boronic Ester",1.0,Pd(OAc)2,0.0625,,,Et3N,2.5,MeOH,13.47,3738991.0,,
2677,6-Bromoquinoline,"1b, 6-Br-Q",1.0,0.0004,"2b, Boronic Ester",1.0,Pd(OAc)2,0.0625,P(tBu)3,0.125,,2.5,MeOH,23.95,1585088.88,,
2678,6-Bromoquinoline,"1b, 6-Br-Q",1.0,0.0004,"2b, Boronic Ester",1.0,Pd(OAc)2,0.0625,P(Ph)3 ,0.125,,2.5,MeOH,34.17,7139814.0,,
2679,6-Bromoquinoline,"1b, 6-Br-Q",1.0,0.0004,"2b, Boronic Ester",1.0,Pd(OAc)2,0.0625,AmPhos,0.125,,2.5,MeOH,42.55,1554294.63,,
2680,6-Bromoquinoline,"1b, 6-Br-Q",1.0,0.0004,"2b, Boronic Ester",1.0,Pd(OAc)2,0.0625,P(Cy)3,0.125,,2.5,MeOH,22.01,4527036.5,,
2681,6-Bromoquinoline,"1b, 6-Br-Q",1.0,0.0004,"2b, Boronic Ester",1.0,Pd(OAc)2,0.0625,P(o-Tol)3,0.125,,2.5,MeOH,45.8,892344.88,,
2682,6-Bromoquinoline,"1b, 6-Br-Q",1.0,0.0004,"2b, Boronic Ester",1.0,Pd(OAc)2,0.0625,CataCXium A,0.125,,2.5,MeOH,44.01,6057212.5,,
2683,6-Bromoquinoline,"1b, 6-Br-Q",1.0,0.0004,"2b, Boronic Ester",1.0,Pd(OAc)2,0.0625,SPhos,0.125,,2.5,MeOH,21.48,501386.03,,
2684,6-Bromoquinoline,"1b, 6-Br-Q",1.0,0.0004,"2b, Boronic Ester",1.0,Pd(OAc)2,0.0625,dtbpf,0.125,,2.5,MeOH,16.74,1193342.5,,
2685,6-Bromoquinoline,"1b, 6-Br-Q",1.0,0.0004,"2b, Boronic Ester",1.0,Pd(OAc)2,0.0625,XPhos,0.125,,2.5,MeOH,17.77,50673.9,,
2686,6-Bromoquinoline,"1b, 6-Br-Q",1.0,0.0004,"2b, Boronic Ester",1.0,Pd(OAc)2,0.0625,dppf,0.125,,2.5,MeOH,8.94,372095.97,,
2687,6-Bromoquinoline,"1b, 6-Br-Q",1.0,0.0004,"2b, Boronic Ester",1.0,Pd(OAc)2,0.0625,Xantphos,0.125,,2.5,MeOH,2.05,187079.34,,
2688,6-Bromoquinoline,"1b, 6-Br-Q",1.0,0.0004,"2b, Boronic Ester",1.0,Pd(OAc)2,0.0625,,,,2.5,MeOH,12.43,3464280.25,,
2689,6-chloroquinoline,"1a, 6-Cl-Q",1.0,0.0004,"2b, Boronic Ester",1.0,Pd(OAc)2,0.0625,P(tBu)3,0.125,NaOH,2.5,MeCN,1.2,88180.65,,
2690,6-chloroquinoline,"1a, 6-Cl-Q",1.0,0.0004,"2b, Boronic Ester",1.0,Pd(OAc)2,0.0625,P(Ph)3 ,0.125,NaOH,2.5,MeCN,18.94,3642678.0,,
2691,6-chloroquinoline,"1a, 6-Cl-Q",1.0,0.0004,"2b, Boronic Ester",1.0,Pd(OAc)2,0.0625,AmPhos,0.125,NaOH,2.5,MeCN,4.02,187079.34,,
2692,6-chloroquinoline,"1a, 6-Cl-Q",1.0,0.0004,"2b, Boronic Ester",1.0,Pd(OAc)2,0.0625,P(Cy)3,0.125,NaOH,2.5,MeCN,16.47,2898778.5,,
2693,6-chloroquinoline,"1a, 6-Cl-Q",1.0,0.0004,"2b, Boronic Ester",1.0,Pd(OAc)2,0.0625,P(o-Tol)3,0.125,NaOH,2.5,MeCN,2.62,209171.25,,
2694,6-chloroquinoline,"1a, 6-Cl-Q",1.0,0.0004,"2b, Boronic Ester",1.0,Pd(OAc)2,0.0625,CataCXium A,0.125,NaOH,2.5,MeCN,15.97,2105361.75,,
2695,6-chloroquinoline,"1a, 6-Cl-Q",1.0,0.0004,"2b, Boronic Ester",1.0,Pd(OAc)2,0.0625,SPhos,0.125,NaOH,2.5,MeCN,41.9,2246021.5,,
2696,6-chloroquinoline,"1a, 6-Cl-Q",1.0,0.0004,"2b, Boronic Ester",1.0,Pd(OAc)2,0.0625,dtbpf,0.125,NaOH,2.5,MeCN,18.02,3872461.75,,
2697,6-chloroquinoline,"1a, 6-Cl-Q",1.0,0.0004,"2b, Boronic Ester",1.0,Pd(OAc)2,0.0625,XPhos,0.125,NaOH,2.5,MeCN,56.66,2560286.25,,
2698,6-chloroquinoline,"1a, 6-Cl-Q",1.0,0.0004,"2b, Boronic Ester",1.0,Pd(OAc)2,0.0625,dppf,0.125,NaOH,2.5,MeCN,19.41,2851658.75,,
2699,6-chloroquinoline,"1a, 6-Cl-Q",1.0,0.0004,"2b, Boronic Ester",1.0,Pd(OAc)2,0.0625,Xantphos,0.125,NaOH,2.5,MeCN,1.25,87661.79,,
2700,6-chloroquinoline,"1a, 6-Cl-Q",1.0,0.0004,"2b, Boronic Ester",1.0,Pd(OAc)2,0.0625,,,NaOH,2.5,MeCN,17.29,3445004.75,,
2701,6-chloroquinoline,"1a, 6-Cl-Q",1.0,0.0004,"2b, Boronic Ester",1.0,Pd(OAc)2,0.0625,P(tBu)3,0.125,NaHCO3,2.5,MeCN,10.73,546043.13,,
2702,6-chloroquinoline,"1a, 6-Cl-Q",1.0,0.0004,"2b, Boronic Ester",1.0,Pd(OAc)2,0.0625,P(Ph)3 ,0.125,NaHCO3,2.5,MeCN,14.74,2530264.5,,
2703,6-chloroquinoline,"1a, 6-Cl-Q",1.0,0.0004,"2b, Boronic Ester",1.0,Pd(OAc)2,0.0625,AmPhos,0.125,NaHCO3,2.5,MeCN,11.22,503893.5,,
2704,6-chloroquinoline,"1a, 6-Cl-Q",1.0,0.0004,"2b, Boronic Ester",1.0,Pd(OAc)2,0.0625,P(Cy)3,0.125,NaHCO3,2.5,MeCN,12.8,2651674.5,,
2705,6-chloroquinoline,"1a, 6-Cl-Q",1.0,0.0004,"2b, Boronic Ester",1.0,Pd(OAc)2,0.0625,P(o-Tol)3,0.125,NaHCO3,2.5,MeCN,6.61,289064.84,,
2706,6-chloroquinoline,"1a, 6-Cl-Q",1.0,0.0004,"2b, Boronic Ester",1.0,Pd(OAc)2,0.0625,CataCXium A,0.125,NaHCO3,2.5,MeCN,12.93,1841369.88,,
2707,6-chloroquinoline,"1a, 6-Cl-Q",1.0,0.0004,"2b, Boronic Ester",1.0,Pd(OAc)2,0.0625,SPhos,0.125,NaHCO3,2.5,MeCN,76.92,3549546.0,,
2708,6-chloroquinoline,"1a, 6-Cl-Q",1.0,0.0004,"2b, Boronic Ester",1.0,Pd(OAc)2,0.0625,dtbpf,0.125,NaHCO3,2.5,MeCN,14.44,1918508.88,,
2709,6-chloroquinoline,"1a, 6-Cl-Q",1.0,0.0004,"2b, Boronic Ester",1.0,Pd(OAc)2,0.0625,XPhos,0.125,NaHCO3,2.5,MeCN,76.61,3358542.5,,
2710,6-chloroquinoline,"1a, 6-Cl-Q",1.0,0.0004,"2b, Boronic Ester",1.0,Pd(OAc)2,0.0625,dppf,0.125,NaHCO3,2.5,MeCN,22.13,1468180.38,,
2711,6-chloroquinoline,"1a, 6-Cl-Q",1.0,0.0004,"2b, Boronic Ester",1.0,Pd(OAc)2,0.0625,Xantphos,0.125,NaHCO3,2.5,MeCN,5.82,275015.53,,
2712,6-chloroquinoline,"1a, 6-Cl-Q",1.0,0.0004,"2b, Boronic Ester",1.0,Pd(OAc)2,0.0625,,,NaHCO3,2.5,MeCN,15.08,3969473.75,,
2713,6-chloroquinoline,"1a, 6-Cl-Q",1.0,0.0004,"2b, Boronic Ester",1.0,Pd(OAc)2,0.0625,P(tBu)3,0.125,CsF,2.5,MeCN,9.98,454324.22,,
2714,6-chloroquinoline,"1a, 6-Cl-Q",1.0,0.0004,"2b, Boronic Ester",1.0,Pd(OAc)2,0.0625,P(Ph)3 ,0.125,CsF,2.5,MeCN,13.89,2183900.0,,
2715,6-chloroquinoline,"1a, 6-Cl-Q",1.0,0.0004,"2b, Boronic Ester",1.0,Pd(OAc)2,0.0625,AmPhos,0.125,CsF,2.5,MeCN,7.66,400339.0,,
2716,6-chloroquinoline,"1a, 6-Cl-Q",1.0,0.0004,"2b, Boronic Ester",1.0,Pd(OAc)2,0.0625,P(Cy)3,0.125,CsF,2.5,MeCN,13.92,3575967.25,,
2717,6-chloroquinoline,"1a, 6-Cl-Q",1.0,0.0004,"2b, Boronic Ester",1.0,Pd(OAc)2,0.0625,P(o-Tol)3,0.125,CsF,2.5,MeCN,7.8,333702.72,,
2718,6-chloroquinoline,"1a, 6-Cl-Q",1.0,0.0004,"2b, Boronic Ester",1.0,Pd(OAc)2,0.0625,CataCXium A,0.125,CsF,2.5,MeCN,15.16,2610446.75,,
2719,6-chloroquinoline,"1a, 6-Cl-Q",1.0,0.0004,"2b, Boronic Ester",1.0,Pd(OAc)2,0.0625,SPhos,0.125,CsF,2.5,MeCN,72.09,3319578.25,,
2720,6-chloroquinoline,"1a, 6-Cl-Q",1.0,0.0004,"2b, Boronic Ester",1.0,Pd(OAc)2,0.0625,dtbpf,0.125,CsF,2.5,MeCN,16.64,2410753.5,,
2721,6-chloroquinoline,"1a, 6-Cl-Q",1.0,0.0004,"2b, Boronic Ester",1.0,Pd(OAc)2,0.0625,XPhos,0.125,CsF,2.5,MeCN,77.78,3982548.5,,
2722,6-chloroquinoline,"1a, 6-Cl-Q",1.0,0.0004,"2b, Boronic Ester",1.0,Pd(OAc)2,0.0625,dppf,0.125,CsF,2.5,MeCN,22.92,1731726.88,,
2723,6-chloroquinoline,"1a, 6-Cl-Q",1.0,0.0004,"2b, Boronic Ester",1.0,Pd(OAc)2,0.0625,Xantphos,0.125,CsF,2.5,MeCN,0.94,524226.03,,
2724,6-chloroquinoline,"1a, 6-Cl-Q",1.0,0.0004,"2b, Boronic Ester",1.0,Pd(OAc)2,0.0625,,,CsF,2.5,MeCN,14.56,3421580.5,,
2725,6-chloroquinoline,"1a, 6-Cl-Q",1.0,0.0004,"2b, Boronic Ester",1.0,Pd(OAc)2,0.0625,P(tBu)3,0.125,K3PO4,2.5,MeCN,8.73,544688.25,,
2726,6-chloroquinoline,"1a, 6-Cl-Q",1.0,0.0004,"2b, Boronic Ester",1.0,Pd(OAc)2,0.0625,P(Ph)3 ,0.125,K3PO4,2.5,MeCN,14.02,2433953.5,,
2727,6-chloroquinoline,"1a, 6-Cl-Q",1.0,0.0004,"2b, Boronic Ester",1.0,Pd(OAc)2,0.0625,AmPhos,0.125,K3PO4,2.5,MeCN,9.68,504985.94,,
2728,6-chloroquinoline,"1a, 6-Cl-Q",1.0,0.0004,"2b, Boronic Ester",1.0,Pd(OAc)2,0.0625,P(Cy)3,0.125,K3PO4,2.5,MeCN,12.55,2918980.75,,
2729,6-chloroquinoline,"1a, 6-Cl-Q",1.0,0.0004,"2b, Boronic Ester",1.0,Pd(OAc)2,0.0625,P(o-Tol)3,0.125,K3PO4,2.5,MeCN,5.79,305768.94,,
2730,6-chloroquinoline,"1a, 6-Cl-Q",1.0,0.0004,"2b, Boronic Ester",1.0,Pd(OAc)2,0.0625,CataCXium A,0.125,K3PO4,2.5,MeCN,15.47,3041424.25,,
2731,6-chloroquinoline,"1a, 6-Cl-Q",1.0,0.0004,"2b, Boronic Ester",1.0,Pd(OAc)2,0.0625,SPhos,0.125,K3PO4,2.5,MeCN,69.42,3583373.0,,
2732,6-chloroquinoline,"1a, 6-Cl-Q",1.0,0.0004,"2b, Boronic Ester",1.0,Pd(OAc)2,0.0625,dtbpf,0.125,K3PO4,2.5,MeCN,15.49,2499095.5,,
2733,6-chloroquinoline,"1a, 6-Cl-Q",1.0,0.0004,"2b, Boronic Ester",1.0,Pd(OAc)2,0.0625,XPhos,0.125,K3PO4,2.5,MeCN,68.05,3281027.75,,
2734,6-chloroquinoline,"1a, 6-Cl-Q",1.0,0.0004,"2b, Boronic Ester",1.0,Pd(OAc)2,0.0625,dppf,0.125,K3PO4,2.5,MeCN,21.2,1674350.25,,
2735,6-chloroquinoline,"1a, 6-Cl-Q",1.0,0.0004,"2b, Boronic Ester",1.0,Pd(OAc)2,0.0625,Xantphos,0.125,K3PO4,2.5,MeCN,0.96,325012.88,,
2736,6-chloroquinoline,"1a, 6-Cl-Q",1.0,0.0004,"2b, Boronic Ester",1.0,Pd(OAc)2,0.0625,,,K3PO4,2.5,MeCN,16.59,4375905.0,,
2737,6-chloroquinoline,"1a, 6-Cl-Q",1.0,0.0004,"2b, Boronic Ester",1.0,Pd(OAc)2,0.0625,P(tBu)3,0.125,KOH,2.5,MeCN,10.48,572435.25,,
2738,6-chloroquinoline,"1a, 6-Cl-Q",1.0,0.0004,"2b, Boronic Ester",1.0,Pd(OAc)2,0.0625,P(Ph)3 ,0.125,KOH,2.5,MeCN,13.89,2706245.75,,
2739,6-chloroquinoline,"1a, 6-Cl-Q",1.0,0.0004,"2b, Boronic Ester",1.0,Pd(OAc)2,0.0625,AmPhos,0.125,KOH,2.5,MeCN,8.09,420507.06,,
2740,6-chloroquinoline,"1a, 6-Cl-Q",1.0,0.0004,"2b, Boronic Ester",1.0,Pd(OAc)2,0.0625,P(Cy)3,0.125,KOH,2.5,MeCN,12.11,3678041.75,,
2741,6-chloroquinoline,"1a, 6-Cl-Q",1.0,0.0004,"2b, Boronic Ester",1.0,Pd(OAc)2,0.0625,P(o-Tol)3,0.125,KOH,2.5,MeCN,6.6,354045.16,,
2742,6-chloroquinoline,"1a, 6-Cl-Q",1.0,0.0004,"2b, Boronic Ester",1.0,Pd(OAc)2,0.0625,CataCXium A,0.125,KOH,2.5,MeCN,12.64,2132447.5,,
2743,6-chloroquinoline,"1a, 6-Cl-Q",1.0,0.0004,"2b, Boronic Ester",1.0,Pd(OAc)2,0.0625,SPhos,0.125,KOH,2.5,MeCN,74.54,3884707.0,,
2744,6-chloroquinoline,"1a, 6-Cl-Q",1.0,0.0004,"2b, Boronic Ester",1.0,Pd(OAc)2,0.0625,dtbpf,0.125,KOH,2.5,MeCN,15.95,2506381.5,,
2745,6-chloroquinoline,"1a, 6-Cl-Q",1.0,0.0004,"2b, Boronic Ester",1.0,Pd(OAc)2,0.0625,XPhos,0.125,KOH,2.5,MeCN,81.17,4330423.0,,
2746,6-chloroquinoline,"1a, 6-Cl-Q",1.0,0.0004,"2b, Boronic Ester",1.0,Pd(OAc)2,0.0625,dppf,0.125,KOH,2.5,MeCN,20.79,1532522.25,,
2747,6-chloroquinoline,"1a, 6-Cl-Q",1.0,0.0004,"2b, Boronic Ester",1.0,Pd(OAc)2,0.0625,Xantphos,0.125,KOH,2.5,MeCN,0.52,325118.97,,
2748,6-chloroquinoline,"1a, 6-Cl-Q",1.0,0.0004,"2b, Boronic Ester",1.0,Pd(OAc)2,0.0625,,,KOH,2.5,MeCN,14.42,4017160.25,,
2749,6-chloroquinoline,"1a, 6-Cl-Q",1.0,0.0004,"2b, Boronic Ester",1.0,Pd(OAc)2,0.0625,P(tBu)3,0.125,LiOtBu,2.5,MeCN,12.39,784774.06,,
2750,6-chloroquinoline,"1a, 6-Cl-Q",1.0,0.0004,"2b, Boronic Ester",1.0,Pd(OAc)2,0.0625,P(Ph)3 ,0.125,LiOtBu,2.5,MeCN,14.63,1883532.38,,
2751,6-chloroquinoline,"1a, 6-Cl-Q",1.0,0.0004,"2b, Boronic Ester",1.0,Pd(OAc)2,0.0625,AmPhos,0.125,LiOtBu,2.5,MeCN,8.7,427202.0,,
2752,6-chloroquinoline,"1a, 6-Cl-Q",1.0,0.0004,"2b, Boronic Ester",1.0,Pd(OAc)2,0.0625,P(Cy)3,0.125,LiOtBu,2.5,MeCN,12.0,3562773.0,,
2753,6-chloroquinoline,"1a, 6-Cl-Q",1.0,0.0004,"2b, Boronic Ester",1.0,Pd(OAc)2,0.0625,P(o-Tol)3,0.125,LiOtBu,2.5,MeCN,7.08,425001.34,,
2754,6-chloroquinoline,"1a, 6-Cl-Q",1.0,0.0004,"2b, Boronic Ester",1.0,Pd(OAc)2,0.0625,CataCXium A,0.125,LiOtBu,2.5,MeCN,14.51,2736469.75,,
2755,6-chloroquinoline,"1a, 6-Cl-Q",1.0,0.0004,"2b, Boronic Ester",1.0,Pd(OAc)2,0.0625,SPhos,0.125,LiOtBu,2.5,MeCN,75.5,3823223.5,,
2756,6-chloroquinoline,"1a, 6-Cl-Q",1.0,0.0004,"2b, Boronic Ester",1.0,Pd(OAc)2,0.0625,dtbpf,0.125,LiOtBu,2.5,MeCN,14.89,2418704.0,,
2757,6-chloroquinoline,"1a, 6-Cl-Q",1.0,0.0004,"2b, Boronic Ester",1.0,Pd(OAc)2,0.0625,XPhos,0.125,LiOtBu,2.5,MeCN,76.56,4243336.0,,
2758,6-chloroquinoline,"1a, 6-Cl-Q",1.0,0.0004,"2b, Boronic Ester",1.0,Pd(OAc)2,0.0625,dppf,0.125,LiOtBu,2.5,MeCN,21.27,1822305.5,,
2759,6-chloroquinoline,"1a, 6-Cl-Q",1.0,0.0004,"2b, Boronic Ester",1.0,Pd(OAc)2,0.0625,Xantphos,0.125,LiOtBu,2.5,MeCN,5.71,314134.84,,
2760,6-chloroquinoline,"1a, 6-Cl-Q",1.0,0.0004,"2b, Boronic Ester",1.0,Pd(OAc)2,0.0625,,,LiOtBu,2.5,MeCN,11.5,2710828.5,,
2761,6-chloroquinoline,"1a, 6-Cl-Q",1.0,0.0004,"2b, Boronic Ester",1.0,Pd(OAc)2,0.0625,P(tBu)3,0.125,Et3N,2.5,MeCN,9.28,540740.69,,
2762,6-chloroquinoline,"1a, 6-Cl-Q",1.0,0.0004,"2b, Boronic Ester",1.0,Pd(OAc)2,0.0625,P(Ph)3 ,0.125,Et3N,2.5,MeCN,14.61,2420062.75,,
2763,6-chloroquinoline,"1a, 6-Cl-Q",1.0,0.0004,"2b, Boronic Ester",1.0,Pd(OAc)2,0.0625,AmPhos,0.125,Et3N,2.5,MeCN,10.13,565275.44,,
2764,6-chloroquinoline,"1a, 6-Cl-Q",1.0,0.0004,"2b, Boronic Ester",1.0,Pd(OAc)2,0.0625,P(Cy)3,0.125,Et3N,2.5,MeCN,11.6,3439262.75,,
2765,6-chloroquinoline,"1a, 6-Cl-Q",1.0,0.0004,"2b, Boronic Ester",1.0,Pd(OAc)2,0.0625,P(o-Tol)3,0.125,Et3N,2.5,MeCN,5.93,372704.97,,
2766,6-chloroquinoline,"1a, 6-Cl-Q",1.0,0.0004,"2b, Boronic Ester",1.0,Pd(OAc)2,0.0625,CataCXium A,0.125,Et3N,2.5,MeCN,14.44,2662217.5,,
2767,6-chloroquinoline,"1a, 6-Cl-Q",1.0,0.0004,"2b, Boronic Ester",1.0,Pd(OAc)2,0.0625,SPhos,0.125,Et3N,2.5,MeCN,72.12,3812420.25,,
2768,6-chloroquinoline,"1a, 6-Cl-Q",1.0,0.0004,"2b, Boronic Ester",1.0,Pd(OAc)2,0.0625,dtbpf,0.125,Et3N,2.5,MeCN,14.31,2530022.75,,
2769,6-chloroquinoline,"1a, 6-Cl-Q",1.0,0.0004,"2b, Boronic Ester",1.0,Pd(OAc)2,0.0625,XPhos,0.125,Et3N,2.5,MeCN,67.73,3493474.0,,
2770,6-chloroquinoline,"1a, 6-Cl-Q",1.0,0.0004,"2b, Boronic Ester",1.0,Pd(OAc)2,0.0625,dppf,0.125,Et3N,2.5,MeCN,23.71,1559505.38,,
2771,6-chloroquinoline,"1a, 6-Cl-Q",1.0,0.0004,"2b, Boronic Ester",1.0,Pd(OAc)2,0.0625,Xantphos,0.125,Et3N,2.5,MeCN,5.54,334676.94,,
2772,6-chloroquinoline,"1a, 6-Cl-Q",1.0,0.0004,"2b, Boronic Ester",1.0,Pd(OAc)2,0.0625,,,Et3N,2.5,MeCN,15.2,3592316.25,,
2773,6-chloroquinoline,"1a, 6-Cl-Q",1.0,0.0004,"2b, Boronic Ester",1.0,Pd(OAc)2,0.0625,P(tBu)3,0.125,,2.5,MeCN,12.16,683202.25,,
2774,6-chloroquinoline,"1a, 6-Cl-Q",1.0,0.0004,"2b, Boronic Ester",1.0,Pd(OAc)2,0.0625,P(Ph)3 ,0.125,,2.5,MeCN,14.3,2635387.5,,
2775,6-chloroquinoline,"1a, 6-Cl-Q",1.0,0.0004,"2b, Boronic Ester",1.0,Pd(OAc)2,0.0625,AmPhos,0.125,,2.5,MeCN,8.88,455334.28,,
2776,6-chloroquinoline,"1a, 6-Cl-Q",1.0,0.0004,"2b, Boronic Ester",1.0,Pd(OAc)2,0.0625,P(Cy)3,0.125,,2.5,MeCN,12.44,4120673.5,,
2777,6-chloroquinoline,"1a, 6-Cl-Q",1.0,0.0004,"2b, Boronic Ester",1.0,Pd(OAc)2,0.0625,P(o-Tol)3,0.125,,2.5,MeCN,7.41,403154.47,,
2778,6-chloroquinoline,"1a, 6-Cl-Q",1.0,0.0004,"2b, Boronic Ester",1.0,Pd(OAc)2,0.0625,CataCXium A,0.125,,2.5,MeCN,18.06,3823867.5,,
2779,6-chloroquinoline,"1a, 6-Cl-Q",1.0,0.0004,"2b, Boronic Ester",1.0,Pd(OAc)2,0.0625,SPhos,0.125,,2.5,MeCN,64.66,3025872.5,,
2780,6-chloroquinoline,"1a, 6-Cl-Q",1.0,0.0004,"2b, Boronic Ester",1.0,Pd(OAc)2,0.0625,dtbpf,0.125,,2.5,MeCN,14.48,2509516.0,,
2781,6-chloroquinoline,"1a, 6-Cl-Q",1.0,0.0004,"2b, Boronic Ester",1.0,Pd(OAc)2,0.0625,XPhos,0.125,,2.5,MeCN,66.37,3463252.25,,
2782,6-chloroquinoline,"1a, 6-Cl-Q",1.0,0.0004,"2b, Boronic Ester",1.0,Pd(OAc)2,0.0625,dppf,0.125,,2.5,MeCN,22.76,1891135.25,,
2783,6-chloroquinoline,"1a, 6-Cl-Q",1.0,0.0004,"2b, Boronic Ester",1.0,Pd(OAc)2,0.0625,Xantphos,0.125,,2.5,MeCN,0.44,288951.97,,
2784,6-chloroquinoline,"1a, 6-Cl-Q",1.0,0.0004,"2b, Boronic Ester",1.0,Pd(OAc)2,0.0625,,,,2.5,MeCN,14.52,3128259.75,,
2785,6-chloroquinoline,"1a, 6-Cl-Q",1.0,0.0004,"2b, Boronic Ester",1.0,Pd(OAc)2,0.0625,P(tBu)3,0.125,NaOH,2.5,THF,22.09,1525050.0,,
2786,6-chloroquinoline,"1a, 6-Cl-Q",1.0,0.0004,"2b, Boronic Ester",1.0,Pd(OAc)2,0.0625,P(Ph)3 ,0.125,NaOH,2.5,THF,16.79,2583134.5,,
2787,6-chloroquinoline,"1a, 6-Cl-Q",1.0,0.0004,"2b, Boronic Ester",1.0,Pd(OAc)2,0.0625,AmPhos,0.125,NaOH,2.5,THF,16.94,903228.31,,
2788,6-chloroquinoline,"1a, 6-Cl-Q",1.0,0.0004,"2b, Boronic Ester",1.0,Pd(OAc)2,0.0625,P(Cy)3,0.125,NaOH,2.5,THF,31.86,8302152.5,,
2789,6-chloroquinoline,"1a, 6-Cl-Q",1.0,0.0004,"2b, Boronic Ester",1.0,Pd(OAc)2,0.0625,P(o-Tol)3,0.125,NaOH,2.5,THF,10.92,644877.44,,
2790,6-chloroquinoline,"1a, 6-Cl-Q",1.0,0.0004,"2b, Boronic Ester",1.0,Pd(OAc)2,0.0625,CataCXium A,0.125,NaOH,2.5,THF,49.91,10339145.0,,
2791,6-chloroquinoline,"1a, 6-Cl-Q",1.0,0.0004,"2b, Boronic Ester",1.0,Pd(OAc)2,0.0625,SPhos,0.125,NaOH,2.5,THF,78.41,4467220.0,,
2792,6-chloroquinoline,"1a, 6-Cl-Q",1.0,0.0004,"2b, Boronic Ester",1.0,Pd(OAc)2,0.0625,dtbpf,0.125,NaOH,2.5,THF,19.14,3641497.0,,
2793,6-chloroquinoline,"1a, 6-Cl-Q",1.0,0.0004,"2b, Boronic Ester",1.0,Pd(OAc)2,0.0625,XPhos,0.125,NaOH,2.5,THF,92.16,5436838.0,,
2794,6-chloroquinoline,"1a, 6-Cl-Q",1.0,0.0004,"2b, Boronic Ester",1.0,Pd(OAc)2,0.0625,dppf,0.125,NaOH,2.5,THF,28.11,1728423.13,,
2795,6-chloroquinoline,"1a, 6-Cl-Q",1.0,0.0004,"2b, Boronic Ester",1.0,Pd(OAc)2,0.0625,Xantphos,0.125,NaOH,2.5,THF,4.69,348510.88,,
2796,6-chloroquinoline,"1a, 6-Cl-Q",1.0,0.0004,"2b, Boronic Ester",1.0,Pd(OAc)2,0.0625,,,NaOH,2.5,THF,17.04,3692448.5,,
2797,6-chloroquinoline,"1a, 6-Cl-Q",1.0,0.0004,"2b, Boronic Ester",1.0,Pd(OAc)2,0.0625,P(tBu)3,0.125,NaHCO3,2.5,THF,51.13,3080186.5,,
2798,6-chloroquinoline,"1a, 6-Cl-Q",1.0,0.0004,"2b, Boronic Ester",1.0,Pd(OAc)2,0.0625,P(Ph)3 ,0.125,NaHCO3,2.5,THF,15.63,3258473.75,,
2799,6-chloroquinoline,"1a, 6-Cl-Q",1.0,0.0004,"2b, Boronic Ester",1.0,Pd(OAc)2,0.0625,AmPhos,0.125,NaHCO3,2.5,THF,30.89,1950506.63,,
2800,6-chloroquinoline,"1a, 6-Cl-Q",1.0,0.0004,"2b, Boronic Ester",1.0,Pd(OAc)2,0.0625,P(Cy)3,0.125,NaHCO3,2.5,THF,48.75,12704809.0,,
2801,6-chloroquinoline,"1a, 6-Cl-Q",1.0,0.0004,"2b, Boronic Ester",1.0,Pd(OAc)2,0.0625,P(o-Tol)3,0.125,NaHCO3,2.5,THF,7.82,500080.31,,
2802,6-chloroquinoline,"1a, 6-Cl-Q",1.0,0.0004,"2b, Boronic Ester",1.0,Pd(OAc)2,0.0625,CataCXium A,0.125,NaHCO3,2.5,THF,67.8,15924089.0,,
2803,6-chloroquinoline,"1a, 6-Cl-Q",1.0,0.0004,"2b, Boronic Ester",1.0,Pd(OAc)2,0.0625,SPhos,0.125,NaHCO3,2.5,THF,50.66,2910562.25,,
2804,6-chloroquinoline,"1a, 6-Cl-Q",1.0,0.0004,"2b, Boronic Ester",1.0,Pd(OAc)2,0.0625,dtbpf,0.125,NaHCO3,2.5,THF,18.16,3309324.75,,
2805,6-chloroquinoline,"1a, 6-Cl-Q",1.0,0.0004,"2b, Boronic Ester",1.0,Pd(OAc)2,0.0625,XPhos,0.125,NaHCO3,2.5,THF,56.5,3208710.5,,
2806,6-chloroquinoline,"1a, 6-Cl-Q",1.0,0.0004,"2b, Boronic Ester",1.0,Pd(OAc)2,0.0625,dppf,0.125,NaHCO3,2.5,THF,26.1,1681233.63,,
2807,6-chloroquinoline,"1a, 6-Cl-Q",1.0,0.0004,"2b, Boronic Ester",1.0,Pd(OAc)2,0.0625,Xantphos,0.125,NaHCO3,2.5,THF,3.88,277307.94,,
2808,6-chloroquinoline,"1a, 6-Cl-Q",1.0,0.0004,"2b, Boronic Ester",1.0,Pd(OAc)2,0.0625,,,NaHCO3,2.5,THF,14.76,2543810.25,,
2809,6-chloroquinoline,"1a, 6-Cl-Q",1.0,0.0004,"2b, Boronic Ester",1.0,Pd(OAc)2,0.0625,P(tBu)3,0.125,CsF,2.5,THF,21.19,1539998.25,,
2810,6-chloroquinoline,"1a, 6-Cl-Q",1.0,0.0004,"2b, Boronic Ester",1.0,Pd(OAc)2,0.0625,P(Ph)3 ,0.125,CsF,2.5,THF,15.55,3044231.0,,
2811,6-chloroquinoline,"1a, 6-Cl-Q",1.0,0.0004,"2b, Boronic Ester",1.0,Pd(OAc)2,0.0625,AmPhos,0.125,CsF,2.5,THF,25.81,1648394.0,,
2812,6-chloroquinoline,"1a, 6-Cl-Q",1.0,0.0004,"2b, Boronic Ester",1.0,Pd(OAc)2,0.0625,P(Cy)3,0.125,CsF,2.5,THF,43.78,12249831.0,,
2813,6-chloroquinoline,"1a, 6-Cl-Q",1.0,0.0004,"2b, Boronic Ester",1.0,Pd(OAc)2,0.0625,P(o-Tol)3,0.125,CsF,2.5,THF,5.56,391291.47,,
2814,6-chloroquinoline,"1a, 6-Cl-Q",1.0,0.0004,"2b, Boronic Ester",1.0,Pd(OAc)2,0.0625,CataCXium A,0.125,CsF,2.5,THF,48.33,11809332.0,,
2815,6-chloroquinoline,"1a, 6-Cl-Q",1.0,0.0004,"2b, Boronic Ester",1.0,Pd(OAc)2,0.0625,SPhos,0.125,CsF,2.5,THF,46.59,2798952.75,,
2816,6-chloroquinoline,"1a, 6-Cl-Q",1.0,0.0004,"2b, Boronic Ester",1.0,Pd(OAc)2,0.0625,dtbpf,0.125,CsF,2.5,THF,19.3,3850028.0,,
2817,6-chloroquinoline,"1a, 6-Cl-Q",1.0,0.0004,"2b, Boronic Ester",1.0,Pd(OAc)2,0.0625,XPhos,0.125,CsF,2.5,THF,57.55,3393845.75,,
2818,6-chloroquinoline,"1a, 6-Cl-Q",1.0,0.0004,"2b, Boronic Ester",1.0,Pd(OAc)2,0.0625,dppf,0.125,CsF,2.5,THF,26.21,1609342.38,,
2819,6-chloroquinoline,"1a, 6-Cl-Q",1.0,0.0004,"2b, Boronic Ester",1.0,Pd(OAc)2,0.0625,Xantphos,0.125,CsF,2.5,THF,3.28,285850.31,,
2820,6-chloroquinoline,"1a, 6-Cl-Q",1.0,0.0004,"2b, Boronic Ester",1.0,Pd(OAc)2,0.0625,,,CsF,2.5,THF,16.84,3136560.5,,
2821,6-chloroquinoline,"1a, 6-Cl-Q",1.0,0.0004,"2b, Boronic Ester",1.0,Pd(OAc)2,0.0625,P(tBu)3,0.125,K3PO4,2.5,THF,30.6,2139922.25,,
2822,6-chloroquinoline,"1a, 6-Cl-Q",1.0,0.0004,"2b, Boronic Ester",1.0,Pd(OAc)2,0.0625,P(Ph)3 ,0.125,K3PO4,2.5,THF,16.41,3252317.75,,
2823,6-chloroquinoline,"1a, 6-Cl-Q",1.0,0.0004,"2b, Boronic Ester",1.0,Pd(OAc)2,0.0625,AmPhos,0.125,K3PO4,2.5,THF,23.82,1600339.13,,
2824,6-chloroquinoline,"1a, 6-Cl-Q",1.0,0.0004,"2b, Boronic Ester",1.0,Pd(OAc)2,0.0625,P(Cy)3,0.125,K3PO4,2.5,THF,37.16,10170154.0,,
2825,6-chloroquinoline,"1a, 6-Cl-Q",1.0,0.0004,"2b, Boronic Ester",1.0,Pd(OAc)2,0.0625,P(o-Tol)3,0.125,K3PO4,2.5,THF,6.45,429740.94,,
2826,6-chloroquinoline,"1a, 6-Cl-Q",1.0,0.0004,"2b, Boronic Ester",1.0,Pd(OAc)2,0.0625,CataCXium A,0.125,K3PO4,2.5,THF,46.65,10673253.0,,
2827,6-chloroquinoline,"1a, 6-Cl-Q",1.0,0.0004,"2b, Boronic Ester",1.0,Pd(OAc)2,0.0625,SPhos,0.125,K3PO4,2.5,THF,53.72,3074466.0,,
2828,6-chloroquinoline,"1a, 6-Cl-Q",1.0,0.0004,"2b, Boronic Ester",1.0,Pd(OAc)2,0.0625,dtbpf,0.125,K3PO4,2.5,THF,18.31,3937766.5,,
2829,6-chloroquinoline,"1a, 6-Cl-Q",1.0,0.0004,"2b, Boronic Ester",1.0,Pd(OAc)2,0.0625,XPhos,0.125,K3PO4,2.5,THF,68.31,4064385.0,,
2830,6-chloroquinoline,"1a, 6-Cl-Q",1.0,0.0004,"2b, Boronic Ester",1.0,Pd(OAc)2,0.0625,dppf,0.125,K3PO4,2.5,THF,25.51,1297004.75,,
2831,6-chloroquinoline,"1a, 6-Cl-Q",1.0,0.0004,"2b, Boronic Ester",1.0,Pd(OAc)2,0.0625,Xantphos,0.125,K3PO4,2.5,THF,3.54,282258.5,,
2832,6-chloroquinoline,"1a, 6-Cl-Q",1.0,0.0004,"2b, Boronic Ester",1.0,Pd(OAc)2,0.0625,,,K3PO4,2.5,THF,15.16,3016133.75,,
2833,6-chloroquinoline,"1a, 6-Cl-Q",1.0,0.0004,"2b, Boronic Ester",1.0,Pd(OAc)2,0.0625,P(tBu)3,0.125,KOH,2.5,THF,44.63,2544067.25,,
2834,6-chloroquinoline,"1a, 6-Cl-Q",1.0,0.0004,"2b, Boronic Ester",1.0,Pd(OAc)2,0.0625,P(Ph)3 ,0.125,KOH,2.5,THF,17.78,2859605.25,,
2835,6-chloroquinoline,"1a, 6-Cl-Q",1.0,0.0004,"2b, Boronic Ester",1.0,Pd(OAc)2,0.0625,AmPhos,0.125,KOH,2.5,THF,25.22,1616123.25,,
2836,6-chloroquinoline,"1a, 6-Cl-Q",1.0,0.0004,"2b, Boronic Ester",1.0,Pd(OAc)2,0.0625,P(Cy)3,0.125,KOH,2.5,THF,46.21,11547573.0,,
2837,6-chloroquinoline,"1a, 6-Cl-Q",1.0,0.0004,"2b, Boronic Ester",1.0,Pd(OAc)2,0.0625,P(o-Tol)3,0.125,KOH,2.5,THF,7.62,378762.06,,
2838,6-chloroquinoline,"1a, 6-Cl-Q",1.0,0.0004,"2b, Boronic Ester",1.0,Pd(OAc)2,0.0625,CataCXium A,0.125,KOH,2.5,THF,33.61,6272064.0,,
2839,6-chloroquinoline,"1a, 6-Cl-Q",1.0,0.0004,"2b, Boronic Ester",1.0,Pd(OAc)2,0.0625,SPhos,0.125,KOH,2.5,THF,70.67,3749245.0,,
2840,6-chloroquinoline,"1a, 6-Cl-Q",1.0,0.0004,"2b, Boronic Ester",1.0,Pd(OAc)2,0.0625,dtbpf,0.125,KOH,2.5,THF,22.18,3763662.25,,
2841,6-chloroquinoline,"1a, 6-Cl-Q",1.0,0.0004,"2b, Boronic Ester",1.0,Pd(OAc)2,0.0625,XPhos,0.125,KOH,2.5,THF,79.94,4037992.5,,
2842,6-chloroquinoline,"1a, 6-Cl-Q",1.0,0.0004,"2b, Boronic Ester",1.0,Pd(OAc)2,0.0625,dppf,0.125,KOH,2.5,THF,28.72,1227147.63,,
2843,6-chloroquinoline,"1a, 6-Cl-Q",1.0,0.0004,"2b, Boronic Ester",1.0,Pd(OAc)2,0.0625,Xantphos,0.125,KOH,2.5,THF,4.56,354267.06,,
2844,6-chloroquinoline,"1a, 6-Cl-Q",1.0,0.0004,"2b, Boronic Ester",1.0,Pd(OAc)2,0.0625,,,KOH,2.5,THF,20.75,5120858.0,,
2845,6-chloroquinoline,"1a, 6-Cl-Q",1.0,0.0004,"2b, Boronic Ester",1.0,Pd(OAc)2,0.0625,P(tBu)3,0.125,LiOtBu,2.5,THF,52.95,2676829.25,,
2846,6-chloroquinoline,"1a, 6-Cl-Q",1.0,0.0004,"2b, Boronic Ester",1.0,Pd(OAc)2,0.0625,P(Ph)3 ,0.125,LiOtBu,2.5,THF,18.29,2564470.25,,
2847,6-chloroquinoline,"1a, 6-Cl-Q",1.0,0.0004,"2b, Boronic Ester",1.0,Pd(OAc)2,0.0625,AmPhos,0.125,LiOtBu,2.5,THF,15.12,856250.94,,
2848,6-chloroquinoline,"1a, 6-Cl-Q",1.0,0.0004,"2b, Boronic Ester",1.0,Pd(OAc)2,0.0625,P(Cy)3,0.125,LiOtBu,2.5,THF,18.51,4083928.0,,
2849,6-chloroquinoline,"1a, 6-Cl-Q",1.0,0.0004,"2b, Boronic Ester",1.0,Pd(OAc)2,0.0625,P(o-Tol)3,0.125,LiOtBu,2.5,THF,9.07,454991.25,,
2850,6-chloroquinoline,"1a, 6-Cl-Q",1.0,0.0004,"2b, Boronic Ester",1.0,Pd(OAc)2,0.0625,CataCXium A,0.125,LiOtBu,2.5,THF,30.62,5507842.5,,
2851,6-chloroquinoline,"1a, 6-Cl-Q",1.0,0.0004,"2b, Boronic Ester",1.0,Pd(OAc)2,0.0625,SPhos,0.125,LiOtBu,2.5,THF,77.13,4044308.5,,
2852,6-chloroquinoline,"1a, 6-Cl-Q",1.0,0.0004,"2b, Boronic Ester",1.0,Pd(OAc)2,0.0625,dtbpf,0.125,LiOtBu,2.5,THF,18.22,3620247.25,,
2853,6-chloroquinoline,"1a, 6-Cl-Q",1.0,0.0004,"2b, Boronic Ester",1.0,Pd(OAc)2,0.0625,XPhos,0.125,LiOtBu,2.5,THF,92.53,4932660.0,,
2854,6-chloroquinoline,"1a, 6-Cl-Q",1.0,0.0004,"2b, Boronic Ester",1.0,Pd(OAc)2,0.0625,dppf,0.125,LiOtBu,2.5,THF,31.85,1399299.13,,
2855,6-chloroquinoline,"1a, 6-Cl-Q",1.0,0.0004,"2b, Boronic Ester",1.0,Pd(OAc)2,0.0625,Xantphos,0.125,LiOtBu,2.5,THF,3.51,313819.84,,
2856,6-chloroquinoline,"1a, 6-Cl-Q",1.0,0.0004,"2b, Boronic Ester",1.0,Pd(OAc)2,0.0625,,,LiOtBu,2.5,THF,23.33,5930031.0,,
2857,6-chloroquinoline,"1a, 6-Cl-Q",1.0,0.0004,"2b, Boronic Ester",1.0,Pd(OAc)2,0.0625,P(tBu)3,0.125,Et3N,2.5,THF,58.57,3213819.5,,
2858,6-chloroquinoline,"1a, 6-Cl-Q",1.0,0.0004,"2b, Boronic Ester",1.0,Pd(OAc)2,0.0625,P(Ph)3 ,0.125,Et3N,2.5,THF,18.11,2918481.75,,
2859,6-chloroquinoline,"1a, 6-Cl-Q",1.0,0.0004,"2b, Boronic Ester",1.0,Pd(OAc)2,0.0625,AmPhos,0.125,Et3N,2.5,THF,11.47,701219.44,,
2860,6-chloroquinoline,"1a, 6-Cl-Q",1.0,0.0004,"2b, Boronic Ester",1.0,Pd(OAc)2,0.0625,P(Cy)3,0.125,Et3N,2.5,THF,15.75,3519854.5,,
2861,6-chloroquinoline,"1a, 6-Cl-Q",1.0,0.0004,"2b, Boronic Ester",1.0,Pd(OAc)2,0.0625,P(o-Tol)3,0.125,Et3N,2.5,THF,7.3,556351.5,,
2862,6-chloroquinoline,"1a, 6-Cl-Q",1.0,0.0004,"2b, Boronic Ester",1.0,Pd(OAc)2,0.0625,CataCXium A,0.125,Et3N,2.5,THF,33.7,5664371.0,,
2863,6-chloroquinoline,"1a, 6-Cl-Q",1.0,0.0004,"2b, Boronic Ester",1.0,Pd(OAc)2,0.0625,SPhos,0.125,Et3N,2.5,THF,76.22,4134198.25,,
2864,6-chloroquinoline,"1a, 6-Cl-Q",1.0,0.0004,"2b, Boronic Ester",1.0,Pd(OAc)2,0.0625,dtbpf,0.125,Et3N,2.5,THF,17.93,3252103.0,,
2865,6-chloroquinoline,"1a, 6-Cl-Q",1.0,0.0004,"2b, Boronic Ester",1.0,Pd(OAc)2,0.0625,XPhos,0.125,Et3N,2.5,THF,91.76,5549021.5,,
2866,6-chloroquinoline,"1a, 6-Cl-Q",1.0,0.0004,"2b, Boronic Ester",1.0,Pd(OAc)2,0.0625,dppf,0.125,Et3N,2.5,THF,24.98,1486753.13,,
2867,6-chloroquinoline,"1a, 6-Cl-Q",1.0,0.0004,"2b, Boronic Ester",1.0,Pd(OAc)2,0.0625,Xantphos,0.125,Et3N,2.5,THF,5.14,480841.69,,
2868,6-chloroquinoline,"1a, 6-Cl-Q",1.0,0.0004,"2b, Boronic Ester",1.0,Pd(OAc)2,0.0625,,,Et3N,2.5,THF,18.45,3714506.75,,
2869,6-chloroquinoline,"1a, 6-Cl-Q",1.0,0.0004,"2b, Boronic Ester",1.0,Pd(OAc)2,0.0625,P(tBu)3,0.125,,2.5,THF,51.1,3043528.5,,
2870,6-chloroquinoline,"1a, 6-Cl-Q",1.0,0.0004,"2b, Boronic Ester",1.0,Pd(OAc)2,0.0625,P(Ph)3 ,0.125,,2.5,THF,17.49,3220206.5,,
2871,6-chloroquinoline,"1a, 6-Cl-Q",1.0,0.0004,"2b, Boronic Ester",1.0,Pd(OAc)2,0.0625,AmPhos,0.125,,2.5,THF,31.05,2005464.5,,
2872,6-chloroquinoline,"1a, 6-Cl-Q",1.0,0.0004,"2b, Boronic Ester",1.0,Pd(OAc)2,0.0625,P(Cy)3,0.125,,2.5,THF,51.23,13547272.0,,
2873,6-chloroquinoline,"1a, 6-Cl-Q",1.0,0.0004,"2b, Boronic Ester",1.0,Pd(OAc)2,0.0625,P(o-Tol)3,0.125,,2.5,THF,6.84,449385.56,,
2874,6-chloroquinoline,"1a, 6-Cl-Q",1.0,0.0004,"2b, Boronic Ester",1.0,Pd(OAc)2,0.0625,CataCXium A,0.125,,2.5,THF,77.06,19301484.0,,
2875,6-chloroquinoline,"1a, 6-Cl-Q",1.0,0.0004,"2b, Boronic Ester",1.0,Pd(OAc)2,0.0625,SPhos,0.125,,2.5,THF,69.3,4086460.25,,
2876,6-chloroquinoline,"1a, 6-Cl-Q",1.0,0.0004,"2b, Boronic Ester",1.0,Pd(OAc)2,0.0625,dtbpf,0.125,,2.5,THF,19.32,3728881.0,,
2877,6-chloroquinoline,"1a, 6-Cl-Q",1.0,0.0004,"2b, Boronic Ester",1.0,Pd(OAc)2,0.0625,XPhos,0.125,,2.5,THF,84.83,5068238.0,,
2878,6-chloroquinoline,"1a, 6-Cl-Q",1.0,0.0004,"2b, Boronic Ester",1.0,Pd(OAc)2,0.0625,dppf,0.125,,2.5,THF,24.25,1123599.63,,
2879,6-chloroquinoline,"1a, 6-Cl-Q",1.0,0.0004,"2b, Boronic Ester",1.0,Pd(OAc)2,0.0625,Xantphos,0.125,,2.5,THF,7.35,591828.5,,
2880,6-chloroquinoline,"1a, 6-Cl-Q",1.0,0.0004,"2b, Boronic Ester",1.0,Pd(OAc)2,0.0625,,,,2.5,THF,21.21,5263897.5,,
2881,6-chloroquinoline,"1a, 6-Cl-Q",1.0,0.0004,"2b, Boronic Ester",1.0,Pd(OAc)2,0.0625,P(tBu)3,0.125,NaOH,2.5,DMF,25.34,1173901.5,,
2882,6-chloroquinoline,"1a, 6-Cl-Q",1.0,0.0004,"2b, Boronic Ester",1.0,Pd(OAc)2,0.0625,P(Ph)3 ,0.125,NaOH,2.5,DMF,13.32,2430055.25,,
2883,6-chloroquinoline,"1a, 6-Cl-Q",1.0,0.0004,"2b, Boronic Ester",1.0,Pd(OAc)2,0.0625,AmPhos,0.125,NaOH,2.5,DMF,11.93,569290.81,,
2884,6-chloroquinoline,"1a, 6-Cl-Q",1.0,0.0004,"2b, Boronic Ester",1.0,Pd(OAc)2,0.0625,P(Cy)3,0.125,NaOH,2.5,DMF,13.92,2771868.0,,
2885,6-chloroquinoline,"1a, 6-Cl-Q",1.0,0.0004,"2b, Boronic Ester",1.0,Pd(OAc)2,0.0625,P(o-Tol)3,0.125,NaOH,2.5,DMF,7.68,392699.84,,
2886,6-chloroquinoline,"1a, 6-Cl-Q",1.0,0.0004,"2b, Boronic Ester",1.0,Pd(OAc)2,0.0625,CataCXium A,0.125,NaOH,2.5,DMF,12.29,1355803.5,,
2887,6-chloroquinoline,"1a, 6-Cl-Q",1.0,0.0004,"2b, Boronic Ester",1.0,Pd(OAc)2,0.0625,SPhos,0.125,NaOH,2.5,DMF,72.38,3276145.75,,
2888,6-chloroquinoline,"1a, 6-Cl-Q",1.0,0.0004,"2b, Boronic Ester",1.0,Pd(OAc)2,0.0625,dtbpf,0.125,NaOH,2.5,DMF,18.45,2822078.5,,
2889,6-chloroquinoline,"1a, 6-Cl-Q",1.0,0.0004,"2b, Boronic Ester",1.0,Pd(OAc)2,0.0625,XPhos,0.125,NaOH,2.5,DMF,86.53,4099936.25,,
2890,6-chloroquinoline,"1a, 6-Cl-Q",1.0,0.0004,"2b, Boronic Ester",1.0,Pd(OAc)2,0.0625,dppf,0.125,NaOH,2.5,DMF,17.0,1163065.38,,
2891,6-chloroquinoline,"1a, 6-Cl-Q",1.0,0.0004,"2b, Boronic Ester",1.0,Pd(OAc)2,0.0625,Xantphos,0.125,NaOH,2.5,DMF,5.26,257151.34,,
2892,6-chloroquinoline,"1a, 6-Cl-Q",1.0,0.0004,"2b, Boronic Ester",1.0,Pd(OAc)2,0.0625,,,NaOH,2.5,DMF,17.19,4167761.5,,
2893,6-chloroquinoline,"1a, 6-Cl-Q",1.0,0.0004,"2b, Boronic Ester",1.0,Pd(OAc)2,0.0625,P(tBu)3,0.125,NaHCO3,2.5,DMF,11.13,607654.75,,
2894,6-chloroquinoline,"1a, 6-Cl-Q",1.0,0.0004,"2b, Boronic Ester",1.0,Pd(OAc)2,0.0625,P(Ph)3 ,0.125,NaHCO3,2.5,DMF,17.02,2283028.25,,
2895,6-chloroquinoline,"1a, 6-Cl-Q",1.0,0.0004,"2b, Boronic Ester",1.0,Pd(OAc)2,0.0625,AmPhos,0.125,NaHCO3,2.5,DMF,8.53,339879.56,,
2896,6-chloroquinoline,"1a, 6-Cl-Q",1.0,0.0004,"2b, Boronic Ester",1.0,Pd(OAc)2,0.0625,P(Cy)3,0.125,NaHCO3,2.5,DMF,32.5,8265355.5,,
2897,6-chloroquinoline,"1a, 6-Cl-Q",1.0,0.0004,"2b, Boronic Ester",1.0,Pd(OAc)2,0.0625,P(o-Tol)3,0.125,NaHCO3,2.5,DMF,6.25,289927.41,,
2898,6-chloroquinoline,"1a, 6-Cl-Q",1.0,0.0004,"2b, Boronic Ester",1.0,Pd(OAc)2,0.0625,CataCXium A,0.125,NaHCO3,2.5,DMF,21.79,3179270.5,,
2899,6-chloroquinoline,"1a, 6-Cl-Q",1.0,0.0004,"2b, Boronic Ester",1.0,Pd(OAc)2,0.0625,SPhos,0.125,NaHCO3,2.5,DMF,46.5,1867114.5,,
2900,6-chloroquinoline,"1a, 6-Cl-Q",1.0,0.0004,"2b, Boronic Ester",1.0,Pd(OAc)2,0.0625,dtbpf,0.125,NaHCO3,2.5,DMF,15.45,1843393.0,,
2901,6-chloroquinoline,"1a, 6-Cl-Q",1.0,0.0004,"2b, Boronic Ester",1.0,Pd(OAc)2,0.0625,XPhos,0.125,NaHCO3,2.5,DMF,52.93,2240546.5,,
2902,6-chloroquinoline,"1a, 6-Cl-Q",1.0,0.0004,"2b, Boronic Ester",1.0,Pd(OAc)2,0.0625,dppf,0.125,NaHCO3,2.5,DMF,24.46,1527491.5,,
2903,6-chloroquinoline,"1a, 6-Cl-Q",1.0,0.0004,"2b, Boronic Ester",1.0,Pd(OAc)2,0.0625,Xantphos,0.125,NaHCO3,2.5,DMF,0.58,197315.23,,
2904,6-chloroquinoline,"1a, 6-Cl-Q",1.0,0.0004,"2b, Boronic Ester",1.0,Pd(OAc)2,0.0625,,,NaHCO3,2.5,DMF,13.34,1592875.75,,
2905,6-chloroquinoline,"1a, 6-Cl-Q",1.0,0.0004,"2b, Boronic Ester",1.0,Pd(OAc)2,0.0625,P(tBu)3,0.125,CsF,2.5,DMF,4.3,237106.63,,
2906,6-chloroquinoline,"1a, 6-Cl-Q",1.0,0.0004,"2b, Boronic Ester",1.0,Pd(OAc)2,0.0625,P(Ph)3 ,0.125,CsF,2.5,DMF,16.32,2341312.75,,
2907,6-chloroquinoline,"1a, 6-Cl-Q",1.0,0.0004,"2b, Boronic Ester",1.0,Pd(OAc)2,0.0625,AmPhos,0.125,CsF,2.5,DMF,9.25,444431.47,,
2908,6-chloroquinoline,"1a, 6-Cl-Q",1.0,0.0004,"2b, Boronic Ester",1.0,Pd(OAc)2,0.0625,P(Cy)3,0.125,CsF,2.5,DMF,31.18,7332393.0,,
2909,6-chloroquinoline,"1a, 6-Cl-Q",1.0,0.0004,"2b, Boronic Ester",1.0,Pd(OAc)2,0.0625,P(o-Tol)3,0.125,CsF,2.5,DMF,5.96,267680.5,,
2910,6-chloroquinoline,"1a, 6-Cl-Q",1.0,0.0004,"2b, Boronic Ester",1.0,Pd(OAc)2,0.0625,CataCXium A,0.125,CsF,2.5,DMF,21.02,3129187.75,,
2911,6-chloroquinoline,"1a, 6-Cl-Q",1.0,0.0004,"2b, Boronic Ester",1.0,Pd(OAc)2,0.0625,SPhos,0.125,CsF,2.5,DMF,56.86,2487034.5,,
2912,6-chloroquinoline,"1a, 6-Cl-Q",1.0,0.0004,"2b, Boronic Ester",1.0,Pd(OAc)2,0.0625,dtbpf,0.125,CsF,2.5,DMF,16.63,2259430.75,,
2913,6-chloroquinoline,"1a, 6-Cl-Q",1.0,0.0004,"2b, Boronic Ester",1.0,Pd(OAc)2,0.0625,XPhos,0.125,CsF,2.5,DMF,47.98,2064124.0,,
2914,6-chloroquinoline,"1a, 6-Cl-Q",1.0,0.0004,"2b, Boronic Ester",1.0,Pd(OAc)2,0.0625,dppf,0.125,CsF,2.5,DMF,24.08,1572660.75,,
2915,6-chloroquinoline,"1a, 6-Cl-Q",1.0,0.0004,"2b, Boronic Ester",1.0,Pd(OAc)2,0.0625,Xantphos,0.125,CsF,2.5,DMF,0.56,207291.52,,
2916,6-chloroquinoline,"1a, 6-Cl-Q",1.0,0.0004,"2b, Boronic Ester",1.0,Pd(OAc)2,0.0625,,,CsF,2.5,DMF,12.76,2282008.75,,
2917,6-chloroquinoline,"1a, 6-Cl-Q",1.0,0.0004,"2b, Boronic Ester",1.0,Pd(OAc)2,0.0625,P(tBu)3,0.125,K3PO4,2.5,DMF,12.78,719971.81,,
2918,6-chloroquinoline,"1a, 6-Cl-Q",1.0,0.0004,"2b, Boronic Ester",1.0,Pd(OAc)2,0.0625,P(Ph)3 ,0.125,K3PO4,2.5,DMF,15.29,2179274.5,,
2919,6-chloroquinoline,"1a, 6-Cl-Q",1.0,0.0004,"2b, Boronic Ester",1.0,Pd(OAc)2,0.0625,AmPhos,0.125,K3PO4,2.5,DMF,9.32,410133.28,,
2920,6-chloroquinoline,"1a, 6-Cl-Q",1.0,0.0004,"2b, Boronic Ester",1.0,Pd(OAc)2,0.0625,P(Cy)3,0.125,K3PO4,2.5,DMF,26.25,6294247.5,,
2921,6-chloroquinoline,"1a, 6-Cl-Q",1.0,0.0004,"2b, Boronic Ester",1.0,Pd(OAc)2,0.0625,P(o-Tol)3,0.125,K3PO4,2.5,DMF,7.24,320210.38,,
2922,6-chloroquinoline,"1a, 6-Cl-Q",1.0,0.0004,"2b, Boronic Ester",1.0,Pd(OAc)2,0.0625,CataCXium A,0.125,K3PO4,2.5,DMF,20.58,3146009.25,,
2923,6-chloroquinoline,"1a, 6-Cl-Q",1.0,0.0004,"2b, Boronic Ester",1.0,Pd(OAc)2,0.0625,SPhos,0.125,K3PO4,2.5,DMF,40.43,1766060.5,,
2924,6-chloroquinoline,"1a, 6-Cl-Q",1.0,0.0004,"2b, Boronic Ester",1.0,Pd(OAc)2,0.0625,dtbpf,0.125,K3PO4,2.5,DMF,15.78,2226935.25,,
2925,6-chloroquinoline,"1a, 6-Cl-Q",1.0,0.0004,"2b, Boronic Ester",1.0,Pd(OAc)2,0.0625,XPhos,0.125,K3PO4,2.5,DMF,40.46,1709850.13,,
2926,6-chloroquinoline,"1a, 6-Cl-Q",1.0,0.0004,"2b, Boronic Ester",1.0,Pd(OAc)2,0.0625,dppf,0.125,K3PO4,2.5,DMF,24.71,1589317.63,,
2927,6-chloroquinoline,"1a, 6-Cl-Q",1.0,0.0004,"2b, Boronic Ester",1.0,Pd(OAc)2,0.0625,Xantphos,0.125,K3PO4,2.5,DMF,0.6,231914.02,,
2928,6-chloroquinoline,"1a, 6-Cl-Q",1.0,0.0004,"2b, Boronic Ester",1.0,Pd(OAc)2,0.0625,,,K3PO4,2.5,DMF,0.0,69711.96,,
2929,6-chloroquinoline,"1a, 6-Cl-Q",1.0,0.0004,"2b, Boronic Ester",1.0,Pd(OAc)2,0.0625,P(tBu)3,0.125,KOH,2.5,DMF,0.0,0.0,,
2930,6-chloroquinoline,"1a, 6-Cl-Q",1.0,0.0004,"2b, Boronic Ester",1.0,Pd(OAc)2,0.0625,P(Ph)3 ,0.125,KOH,2.5,DMF,16.19,2116423.25,,
2931,6-chloroquinoline,"1a, 6-Cl-Q",1.0,0.0004,"2b, Boronic Ester",1.0,Pd(OAc)2,0.0625,AmPhos,0.125,KOH,2.5,DMF,10.77,308820.34,,
2932,6-chloroquinoline,"1a, 6-Cl-Q",1.0,0.0004,"2b, Boronic Ester",1.0,Pd(OAc)2,0.0625,P(Cy)3,0.125,KOH,2.5,DMF,14.09,2593956.75,,
2933,6-chloroquinoline,"1a, 6-Cl-Q",1.0,0.0004,"2b, Boronic Ester",1.0,Pd(OAc)2,0.0625,P(o-Tol)3,0.125,KOH,2.5,DMF,7.58,378010.56,,
2934,6-chloroquinoline,"1a, 6-Cl-Q",1.0,0.0004,"2b, Boronic Ester",1.0,Pd(OAc)2,0.0625,CataCXium A,0.125,KOH,2.5,DMF,18.47,2469495.0,,
2935,6-chloroquinoline,"1a, 6-Cl-Q",1.0,0.0004,"2b, Boronic Ester",1.0,Pd(OAc)2,0.0625,SPhos,0.125,KOH,2.5,DMF,13.53,576300.88,,
2936,6-chloroquinoline,"1a, 6-Cl-Q",1.0,0.0004,"2b, Boronic Ester",1.0,Pd(OAc)2,0.0625,dtbpf,0.125,KOH,2.5,DMF,18.05,3120469.25,,
2937,6-chloroquinoline,"1a, 6-Cl-Q",1.0,0.0004,"2b, Boronic Ester",1.0,Pd(OAc)2,0.0625,XPhos,0.125,KOH,2.5,DMF,10.45,427736.31,,
2938,6-chloroquinoline,"1a, 6-Cl-Q",1.0,0.0004,"2b, Boronic Ester",1.0,Pd(OAc)2,0.0625,dppf,0.125,KOH,2.5,DMF,21.85,1411659.13,,
2939,6-chloroquinoline,"1a, 6-Cl-Q",1.0,0.0004,"2b, Boronic Ester",1.0,Pd(OAc)2,0.0625,Xantphos,0.125,KOH,2.5,DMF,7.37,264240.44,,
2940,6-chloroquinoline,"1a, 6-Cl-Q",1.0,0.0004,"2b, Boronic Ester",1.0,Pd(OAc)2,0.0625,,,KOH,2.5,DMF,16.58,3249666.5,,
2941,6-chloroquinoline,"1a, 6-Cl-Q",1.0,0.0004,"2b, Boronic Ester",1.0,Pd(OAc)2,0.0625,P(tBu)3,0.125,LiOtBu,2.5,DMF,9.54,471182.66,,
2942,6-chloroquinoline,"1a, 6-Cl-Q",1.0,0.0004,"2b, Boronic Ester",1.0,Pd(OAc)2,0.0625,P(Ph)3 ,0.125,LiOtBu,2.5,DMF,14.96,2332293.75,,
2943,6-chloroquinoline,"1a, 6-Cl-Q",1.0,0.0004,"2b, Boronic Ester",1.0,Pd(OAc)2,0.0625,AmPhos,0.125,LiOtBu,2.5,DMF,10.98,285901.19,,
2944,6-chloroquinoline,"1a, 6-Cl-Q",1.0,0.0004,"2b, Boronic Ester",1.0,Pd(OAc)2,0.0625,P(Cy)3,0.125,LiOtBu,2.5,DMF,13.1,2450936.25,,
2945,6-chloroquinoline,"1a, 6-Cl-Q",1.0,0.0004,"2b, Boronic Ester",1.0,Pd(OAc)2,0.0625,P(o-Tol)3,0.125,LiOtBu,2.5,DMF,8.04,339756.66,,
2946,6-chloroquinoline,"1a, 6-Cl-Q",1.0,0.0004,"2b, Boronic Ester",1.0,Pd(OAc)2,0.0625,CataCXium A,0.125,LiOtBu,2.5,DMF,17.26,2180156.0,,
2947,6-chloroquinoline,"1a, 6-Cl-Q",1.0,0.0004,"2b, Boronic Ester",1.0,Pd(OAc)2,0.0625,SPhos,0.125,LiOtBu,2.5,DMF,12.4,499029.47,,
2948,6-chloroquinoline,"1a, 6-Cl-Q",1.0,0.0004,"2b, Boronic Ester",1.0,Pd(OAc)2,0.0625,dtbpf,0.125,LiOtBu,2.5,DMF,17.26,2229369.75,,
2949,6-chloroquinoline,"1a, 6-Cl-Q",1.0,0.0004,"2b, Boronic Ester",1.0,Pd(OAc)2,0.0625,XPhos,0.125,LiOtBu,2.5,DMF,11.13,318896.47,,
2950,6-chloroquinoline,"1a, 6-Cl-Q",1.0,0.0004,"2b, Boronic Ester",1.0,Pd(OAc)2,0.0625,dppf,0.125,LiOtBu,2.5,DMF,21.36,1263930.25,,
2951,6-chloroquinoline,"1a, 6-Cl-Q",1.0,0.0004,"2b, Boronic Ester",1.0,Pd(OAc)2,0.0625,Xantphos,0.125,LiOtBu,2.5,DMF,6.48,224219.5,,
2952,6-chloroquinoline,"1a, 6-Cl-Q",1.0,0.0004,"2b, Boronic Ester",1.0,Pd(OAc)2,0.0625,,,LiOtBu,2.5,DMF,12.21,1867991.75,,
2953,6-chloroquinoline,"1a, 6-Cl-Q",1.0,0.0004,"2b, Boronic Ester",1.0,Pd(OAc)2,0.0625,P(tBu)3,0.125,Et3N,2.5,DMF,5.84,271626.31,,
2954,6-chloroquinoline,"1a, 6-Cl-Q",1.0,0.0004,"2b, Boronic Ester",1.0,Pd(OAc)2,0.0625,P(Ph)3 ,0.125,Et3N,2.5,DMF,15.7,2426566.0,,
2955,6-chloroquinoline,"1a, 6-Cl-Q",1.0,0.0004,"2b, Boronic Ester",1.0,Pd(OAc)2,0.0625,AmPhos,0.125,Et3N,2.5,DMF,9.8,304157.0,,
2956,6-chloroquinoline,"1a, 6-Cl-Q",1.0,0.0004,"2b, Boronic Ester",1.0,Pd(OAc)2,0.0625,P(Cy)3,0.125,Et3N,2.5,DMF,13.13,2966235.25,,
2957,6-chloroquinoline,"1a, 6-Cl-Q",1.0,0.0004,"2b, Boronic Ester",1.0,Pd(OAc)2,0.0625,P(o-Tol)3,0.125,Et3N,2.5,DMF,8.19,357113.97,,
2958,6-chloroquinoline,"1a, 6-Cl-Q",1.0,0.0004,"2b, Boronic Ester",1.0,Pd(OAc)2,0.0625,CataCXium A,0.125,Et3N,2.5,DMF,16.12,1950507.88,,
2959,6-chloroquinoline,"1a, 6-Cl-Q",1.0,0.0004,"2b, Boronic Ester",1.0,Pd(OAc)2,0.0625,SPhos,0.125,Et3N,2.5,DMF,10.75,449075.91,,
2960,6-chloroquinoline,"1a, 6-Cl-Q",1.0,0.0004,"2b, Boronic Ester",1.0,Pd(OAc)2,0.0625,dtbpf,0.125,Et3N,2.5,DMF,17.39,2592792.5,,
2961,6-chloroquinoline,"1a, 6-Cl-Q",1.0,0.0004,"2b, Boronic Ester",1.0,Pd(OAc)2,0.0625,XPhos,0.125,Et3N,2.5,DMF,9.9,337959.84,,
2962,6-chloroquinoline,"1a, 6-Cl-Q",1.0,0.0004,"2b, Boronic Ester",1.0,Pd(OAc)2,0.0625,dppf,0.125,Et3N,2.5,DMF,22.81,1364184.5,,
2963,6-chloroquinoline,"1a, 6-Cl-Q",1.0,0.0004,"2b, Boronic Ester",1.0,Pd(OAc)2,0.0625,Xantphos,0.125,Et3N,2.5,DMF,7.88,231737.75,,
2964,6-chloroquinoline,"1a, 6-Cl-Q",1.0,0.0004,"2b, Boronic Ester",1.0,Pd(OAc)2,0.0625,,,Et3N,2.5,DMF,12.91,2049785.63,,
2965,6-chloroquinoline,"1a, 6-Cl-Q",1.0,0.0004,"2b, Boronic Ester",1.0,Pd(OAc)2,0.0625,P(tBu)3,0.125,,2.5,DMF,6.69,287484.94,,
2966,6-chloroquinoline,"1a, 6-Cl-Q",1.0,0.0004,"2b, Boronic Ester",1.0,Pd(OAc)2,0.0625,P(Ph)3 ,0.125,,2.5,DMF,15.93,1933193.63,,
2967,6-chloroquinoline,"1a, 6-Cl-Q",1.0,0.0004,"2b, Boronic Ester",1.0,Pd(OAc)2,0.0625,AmPhos,0.125,,2.5,DMF,8.94,300060.34,,
2968,6-chloroquinoline,"1a, 6-Cl-Q",1.0,0.0004,"2b, Boronic Ester",1.0,Pd(OAc)2,0.0625,P(Cy)3,0.125,,2.5,DMF,15.15,3527460.0,,
2969,6-chloroquinoline,"1a, 6-Cl-Q",1.0,0.0004,"2b, Boronic Ester",1.0,Pd(OAc)2,0.0625,P(o-Tol)3,0.125,,2.5,DMF,10.92,468650.84,,
2970,6-chloroquinoline,"1a, 6-Cl-Q",1.0,0.0004,"2b, Boronic Ester",1.0,Pd(OAc)2,0.0625,CataCXium A,0.125,,2.5,DMF,19.53,2752980.75,,
2971,6-chloroquinoline,"1a, 6-Cl-Q",1.0,0.0004,"2b, Boronic Ester",1.0,Pd(OAc)2,0.0625,SPhos,0.125,,2.5,DMF,15.42,621863.63,,
2972,6-chloroquinoline,"1a, 6-Cl-Q",1.0,0.0004,"2b, Boronic Ester",1.0,Pd(OAc)2,0.0625,dtbpf,0.125,,2.5,DMF,16.88,2400734.5,,
2973,6-chloroquinoline,"1a, 6-Cl-Q",1.0,0.0004,"2b, Boronic Ester",1.0,Pd(OAc)2,0.0625,XPhos,0.125,,2.5,DMF,8.47,321772.41,,
2974,6-chloroquinoline,"1a, 6-Cl-Q",1.0,0.0004,"2b, Boronic Ester",1.0,Pd(OAc)2,0.0625,dppf,0.125,,2.5,DMF,24.3,1486146.25,,
2975,6-chloroquinoline,"1a, 6-Cl-Q",1.0,0.0004,"2b, Boronic Ester",1.0,Pd(OAc)2,0.0625,Xantphos,0.125,,2.5,DMF,8.48,269584.5,,
2976,6-chloroquinoline,"1a, 6-Cl-Q",1.0,0.0004,"2b, Boronic Ester",1.0,Pd(OAc)2,0.0625,,,,2.5,DMF,13.97,1656299.13,,
2977,6-chloroquinoline,"1a, 6-Cl-Q",1.0,0.0004,"2b, Boronic Ester",1.0,Pd(OAc)2,0.0625,P(tBu)3,0.125,NaOH,2.5,MeOH,20.19,1052530.13,,
2978,6-chloroquinoline,"1a, 6-Cl-Q",1.0,0.0004,"2b, Boronic Ester",1.0,Pd(OAc)2,0.0625,P(Ph)3 ,0.125,NaOH,2.5,MeOH,12.85,1632534.25,,
2979,6-chloroquinoline,"1a, 6-Cl-Q",1.0,0.0004,"2b, Boronic Ester",1.0,Pd(OAc)2,0.0625,AmPhos,0.125,NaOH,2.5,MeOH,8.82,345169.19,,
2980,6-chloroquinoline,"1a, 6-Cl-Q",1.0,0.0004,"2b, Boronic Ester",1.0,Pd(OAc)2,0.0625,P(Cy)3,0.125,NaOH,2.5,MeOH,21.07,5034598.0,,
2981,6-chloroquinoline,"1a, 6-Cl-Q",1.0,0.0004,"2b, Boronic Ester",1.0,Pd(OAc)2,0.0625,P(o-Tol)3,0.125,NaOH,2.5,MeOH,7.45,340494.38,,
2982,6-chloroquinoline,"1a, 6-Cl-Q",1.0,0.0004,"2b, Boronic Ester",1.0,Pd(OAc)2,0.0625,CataCXium A,0.125,NaOH,2.5,MeOH,42.98,6126892.0,,
2983,6-chloroquinoline,"1a, 6-Cl-Q",1.0,0.0004,"2b, Boronic Ester",1.0,Pd(OAc)2,0.0625,SPhos,0.125,NaOH,2.5,MeOH,63.06,2544584.25,,
2984,6-chloroquinoline,"1a, 6-Cl-Q",1.0,0.0004,"2b, Boronic Ester",1.0,Pd(OAc)2,0.0625,dtbpf,0.125,NaOH,2.5,MeOH,13.94,2170169.0,,
2985,6-chloroquinoline,"1a, 6-Cl-Q",1.0,0.0004,"2b, Boronic Ester",1.0,Pd(OAc)2,0.0625,XPhos,0.125,NaOH,2.5,MeOH,58.97,2117914.0,,
2986,6-chloroquinoline,"1a, 6-Cl-Q",1.0,0.0004,"2b, Boronic Ester",1.0,Pd(OAc)2,0.0625,dppf,0.125,NaOH,2.5,MeOH,15.37,1587732.63,,
2987,6-chloroquinoline,"1a, 6-Cl-Q",1.0,0.0004,"2b, Boronic Ester",1.0,Pd(OAc)2,0.0625,Xantphos,0.125,NaOH,2.5,MeOH,1.14,220931.89,,
2988,6-chloroquinoline,"1a, 6-Cl-Q",1.0,0.0004,"2b, Boronic Ester",1.0,Pd(OAc)2,0.0625,,,NaOH,2.5,MeOH,17.74,3581264.25,,
2989,6-chloroquinoline,"1a, 6-Cl-Q",1.0,0.0004,"2b, Boronic Ester",1.0,Pd(OAc)2,0.0625,P(tBu)3,0.125,NaHCO3,2.5,MeOH,21.2,814233.44,,
2990,6-chloroquinoline,"1a, 6-Cl-Q",1.0,0.0004,"2b, Boronic Ester",1.0,Pd(OAc)2,0.0625,P(Ph)3 ,0.125,NaHCO3,2.5,MeOH,11.91,1080769.38,,
2991,6-chloroquinoline,"1a, 6-Cl-Q",1.0,0.0004,"2b, Boronic Ester",1.0,Pd(OAc)2,0.0625,AmPhos,0.125,NaHCO3,2.5,MeOH,12.2,413617.88,,
2992,6-chloroquinoline,"1a, 6-Cl-Q",1.0,0.0004,"2b, Boronic Ester",1.0,Pd(OAc)2,0.0625,P(Cy)3,0.125,NaHCO3,2.5,MeOH,30.49,4414495.0,,
2993,6-chloroquinoline,"1a, 6-Cl-Q",1.0,0.0004,"2b, Boronic Ester",1.0,Pd(OAc)2,0.0625,P(o-Tol)3,0.125,NaHCO3,2.5,MeOH,7.67,222421.05,,
2994,6-chloroquinoline,"1a, 6-Cl-Q",1.0,0.0004,"2b, Boronic Ester",1.0,Pd(OAc)2,0.0625,CataCXium A,0.125,NaHCO3,2.5,MeOH,16.27,1280394.0,,
2995,6-chloroquinoline,"1a, 6-Cl-Q",1.0,0.0004,"2b, Boronic Ester",1.0,Pd(OAc)2,0.0625,SPhos,0.125,NaHCO3,2.5,MeOH,35.94,356986.22,,
2996,6-chloroquinoline,"1a, 6-Cl-Q",1.0,0.0004,"2b, Boronic Ester",1.0,Pd(OAc)2,0.0625,dtbpf,0.125,NaHCO3,2.5,MeOH,13.16,1554135.13,,
2997,6-chloroquinoline,"1a, 6-Cl-Q",1.0,0.0004,"2b, Boronic Ester",1.0,Pd(OAc)2,0.0625,XPhos,0.125,NaHCO3,2.5,MeOH,34.16,582198.5,,
2998,6-chloroquinoline,"1a, 6-Cl-Q",1.0,0.0004,"2b, Boronic Ester",1.0,Pd(OAc)2,0.0625,dppf,0.125,NaHCO3,2.5,MeOH,15.43,1154916.38,,
2999,6-chloroquinoline,"1a, 6-Cl-Q",1.0,0.0004,"2b, Boronic Ester",1.0,Pd(OAc)2,0.0625,Xantphos,0.125,NaHCO3,2.5,MeOH,5.38,179292.33,,
3000,6-chloroquinoline,"1a, 6-Cl-Q",1.0,0.0004,"2b, Boronic Ester",1.0,Pd(OAc)2,0.0625,,,NaHCO3,2.5,MeOH,15.75,1590995.5,,
3001,6-chloroquinoline,"1a, 6-Cl-Q",1.0,0.0004,"2b, Boronic Ester",1.0,Pd(OAc)2,0.0625,P(tBu)3,0.125,CsF,2.5,MeOH,23.39,427678.38,,
3002,6-chloroquinoline,"1a, 6-Cl-Q",1.0,0.0004,"2b, Boronic Ester",1.0,Pd(OAc)2,0.0625,P(Ph)3 ,0.125,CsF,2.5,MeOH,11.68,610211.38,,
3003,6-chloroquinoline,"1a, 6-Cl-Q",1.0,0.0004,"2b, Boronic Ester",1.0,Pd(OAc)2,0.0625,AmPhos,0.125,CsF,2.5,MeOH,9.8,246043.3,,
3004,6-chloroquinoline,"1a, 6-Cl-Q",1.0,0.0004,"2b, Boronic Ester",1.0,Pd(OAc)2,0.0625,P(Cy)3,0.125,CsF,2.5,MeOH,18.07,2151265.25,,
3005,6-chloroquinoline,"1a, 6-Cl-Q",1.0,0.0004,"2b, Boronic Ester",1.0,Pd(OAc)2,0.0625,P(o-Tol)3,0.125,CsF,2.5,MeOH,8.15,167788.81,,
3006,6-chloroquinoline,"1a, 6-Cl-Q",1.0,0.0004,"2b, Boronic Ester",1.0,Pd(OAc)2,0.0625,CataCXium A,0.125,CsF,2.5,MeOH,21.77,1723807.38,,
3007,6-chloroquinoline,"1a, 6-Cl-Q",1.0,0.0004,"2b, Boronic Ester",1.0,Pd(OAc)2,0.0625,SPhos,0.125,CsF,2.5,MeOH,14.38,405658.94,,
3008,6-chloroquinoline,"1a, 6-Cl-Q",1.0,0.0004,"2b, Boronic Ester",1.0,Pd(OAc)2,0.0625,dtbpf,0.125,CsF,2.5,MeOH,16.91,1085139.5,,
3009,6-chloroquinoline,"1a, 6-Cl-Q",1.0,0.0004,"2b, Boronic Ester",1.0,Pd(OAc)2,0.0625,XPhos,0.125,CsF,2.5,MeOH,16.18,477881.91,,
3010,6-chloroquinoline,"1a, 6-Cl-Q",1.0,0.0004,"2b, Boronic Ester",1.0,Pd(OAc)2,0.0625,dppf,0.125,CsF,2.5,MeOH,12.69,394364.69,,
3011,6-chloroquinoline,"1a, 6-Cl-Q",1.0,0.0004,"2b, Boronic Ester",1.0,Pd(OAc)2,0.0625,Xantphos,0.125,CsF,2.5,MeOH,3.86,147024.64,,
3012,6-chloroquinoline,"1a, 6-Cl-Q",1.0,0.0004,"2b, Boronic Ester",1.0,Pd(OAc)2,0.0625,,,CsF,2.5,MeOH,12.08,885817.81,,
3013,6-chloroquinoline,"1a, 6-Cl-Q",1.0,0.0004,"2b, Boronic Ester",1.0,Pd(OAc)2,0.0625,P(tBu)3,0.125,K3PO4,2.5,MeOH,15.69,681204.5,,
3014,6-chloroquinoline,"1a, 6-Cl-Q",1.0,0.0004,"2b, Boronic Ester",1.0,Pd(OAc)2,0.0625,P(Ph)3 ,0.125,K3PO4,2.5,MeOH,12.04,928665.75,,
3015,6-chloroquinoline,"1a, 6-Cl-Q",1.0,0.0004,"2b, Boronic Ester",1.0,Pd(OAc)2,0.0625,AmPhos,0.125,K3PO4,2.5,MeOH,10.09,319803.88,,
3016,6-chloroquinoline,"1a, 6-Cl-Q",1.0,0.0004,"2b, Boronic Ester",1.0,Pd(OAc)2,0.0625,P(Cy)3,0.125,K3PO4,2.5,MeOH,19.35,2106624.25,,
3017,6-chloroquinoline,"1a, 6-Cl-Q",1.0,0.0004,"2b, Boronic Ester",1.0,Pd(OAc)2,0.0625,P(o-Tol)3,0.125,K3PO4,2.5,MeOH,5.87,243659.55,,
3018,6-chloroquinoline,"1a, 6-Cl-Q",1.0,0.0004,"2b, Boronic Ester",1.0,Pd(OAc)2,0.0625,CataCXium A,0.125,K3PO4,2.5,MeOH,15.42,946277.13,,
3019,6-chloroquinoline,"1a, 6-Cl-Q",1.0,0.0004,"2b, Boronic Ester",1.0,Pd(OAc)2,0.0625,SPhos,0.125,K3PO4,2.5,MeOH,60.45,1818540.38,,
3020,6-chloroquinoline,"1a, 6-Cl-Q",1.0,0.0004,"2b, Boronic Ester",1.0,Pd(OAc)2,0.0625,dtbpf,0.125,K3PO4,2.5,MeOH,14.44,1178410.38,,
3021,6-chloroquinoline,"1a, 6-Cl-Q",1.0,0.0004,"2b, Boronic Ester",1.0,Pd(OAc)2,0.0625,XPhos,0.125,K3PO4,2.5,MeOH,51.75,2005372.88,,
3022,6-chloroquinoline,"1a, 6-Cl-Q",1.0,0.0004,"2b, Boronic Ester",1.0,Pd(OAc)2,0.0625,dppf,0.125,K3PO4,2.5,MeOH,16.13,1226730.5,,
3023,6-chloroquinoline,"1a, 6-Cl-Q",1.0,0.0004,"2b, Boronic Ester",1.0,Pd(OAc)2,0.0625,Xantphos,0.125,K3PO4,2.5,MeOH,7.56,300869.28,,
3024,6-chloroquinoline,"1a, 6-Cl-Q",1.0,0.0004,"2b, Boronic Ester",1.0,Pd(OAc)2,0.0625,,,K3PO4,2.5,MeOH,14.41,1554043.38,,
3025,6-chloroquinoline,"1a, 6-Cl-Q",1.0,0.0004,"2b, Boronic Ester",1.0,Pd(OAc)2,0.0625,P(tBu)3,0.125,KOH,2.5,MeOH,15.32,537986.88,,
3026,6-chloroquinoline,"1a, 6-Cl-Q",1.0,0.0004,"2b, Boronic Ester",1.0,Pd(OAc)2,0.0625,P(Ph)3 ,0.125,KOH,2.5,MeOH,11.81,1002004.88,,
3027,6-chloroquinoline,"1a, 6-Cl-Q",1.0,0.0004,"2b, Boronic Ester",1.0,Pd(OAc)2,0.0625,AmPhos,0.125,KOH,2.5,MeOH,11.2,241544.73,,
3028,6-chloroquinoline,"1a, 6-Cl-Q",1.0,0.0004,"2b, Boronic Ester",1.0,Pd(OAc)2,0.0625,P(Cy)3,0.125,KOH,2.5,MeOH,21.42,2861117.25,,
3029,6-chloroquinoline,"1a, 6-Cl-Q",1.0,0.0004,"2b, Boronic Ester",1.0,Pd(OAc)2,0.0625,P(o-Tol)3,0.125,KOH,2.5,MeOH,6.28,181919.41,,
3030,6-chloroquinoline,"1a, 6-Cl-Q",1.0,0.0004,"2b, Boronic Ester",1.0,Pd(OAc)2,0.0625,CataCXium A,0.125,KOH,2.5,MeOH,13.29,1049494.63,,
3031,6-chloroquinoline,"1a, 6-Cl-Q",1.0,0.0004,"2b, Boronic Ester",1.0,Pd(OAc)2,0.0625,SPhos,0.125,KOH,2.5,MeOH,60.4,1919016.0,,
3032,6-chloroquinoline,"1a, 6-Cl-Q",1.0,0.0004,"2b, Boronic Ester",1.0,Pd(OAc)2,0.0625,dtbpf,0.125,KOH,2.5,MeOH,14.57,1250646.38,,
3033,6-chloroquinoline,"1a, 6-Cl-Q",1.0,0.0004,"2b, Boronic Ester",1.0,Pd(OAc)2,0.0625,XPhos,0.125,KOH,2.5,MeOH,60.85,1681666.0,,
3034,6-chloroquinoline,"1a, 6-Cl-Q",1.0,0.0004,"2b, Boronic Ester",1.0,Pd(OAc)2,0.0625,dppf,0.125,KOH,2.5,MeOH,17.18,1029870.38,,
3035,6-chloroquinoline,"1a, 6-Cl-Q",1.0,0.0004,"2b, Boronic Ester",1.0,Pd(OAc)2,0.0625,Xantphos,0.125,KOH,2.5,MeOH,6.86,177431.16,,
3036,6-chloroquinoline,"1a, 6-Cl-Q",1.0,0.0004,"2b, Boronic Ester",1.0,Pd(OAc)2,0.0625,,,KOH,2.5,MeOH,16.29,1591588.38,,
3037,6-chloroquinoline,"1a, 6-Cl-Q",1.0,0.0004,"2b, Boronic Ester",1.0,Pd(OAc)2,0.0625,P(tBu)3,0.125,LiOtBu,2.5,MeOH,17.43,202411.8,,
3038,6-chloroquinoline,"1a, 6-Cl-Q",1.0,0.0004,"2b, Boronic Ester",1.0,Pd(OAc)2,0.0625,P(Ph)3 ,0.125,LiOtBu,2.5,MeOH,9.21,271583.81,,
3039,6-chloroquinoline,"1a, 6-Cl-Q",1.0,0.0004,"2b, Boronic Ester",1.0,Pd(OAc)2,0.0625,AmPhos,0.125,LiOtBu,2.5,MeOH,12.79,194826.23,,
3040,6-chloroquinoline,"1a, 6-Cl-Q",1.0,0.0004,"2b, Boronic Ester",1.0,Pd(OAc)2,0.0625,P(Cy)3,0.125,LiOtBu,2.5,MeOH,23.45,1874166.25,,
3041,6-chloroquinoline,"1a, 6-Cl-Q",1.0,0.0004,"2b, Boronic Ester",1.0,Pd(OAc)2,0.0625,P(o-Tol)3,0.125,LiOtBu,2.5,MeOH,8.07,185923.64,,
3042,6-chloroquinoline,"1a, 6-Cl-Q",1.0,0.0004,"2b, Boronic Ester",1.0,Pd(OAc)2,0.0625,CataCXium A,0.125,LiOtBu,2.5,MeOH,21.18,1144137.5,,
3043,6-chloroquinoline,"1a, 6-Cl-Q",1.0,0.0004,"2b, Boronic Ester",1.0,Pd(OAc)2,0.0625,SPhos,0.125,LiOtBu,2.5,MeOH,60.02,1496696.0,,
3044,6-chloroquinoline,"1a, 6-Cl-Q",1.0,0.0004,"2b, Boronic Ester",1.0,Pd(OAc)2,0.0625,dtbpf,0.125,LiOtBu,2.5,MeOH,16.56,855601.19,,
3045,6-chloroquinoline,"1a, 6-Cl-Q",1.0,0.0004,"2b, Boronic Ester",1.0,Pd(OAc)2,0.0625,XPhos,0.125,LiOtBu,2.5,MeOH,65.54,1397299.63,,
3046,6-chloroquinoline,"1a, 6-Cl-Q",1.0,0.0004,"2b, Boronic Ester",1.0,Pd(OAc)2,0.0625,dppf,0.125,LiOtBu,2.5,MeOH,17.74,866878.81,,
3047,6-chloroquinoline,"1a, 6-Cl-Q",1.0,0.0004,"2b, Boronic Ester",1.0,Pd(OAc)2,0.0625,Xantphos,0.125,LiOtBu,2.5,MeOH,8.53,117094.93,,
3048,6-chloroquinoline,"1a, 6-Cl-Q",1.0,0.0004,"2b, Boronic Ester",1.0,Pd(OAc)2,0.0625,,,LiOtBu,2.5,MeOH,16.48,865531.75,,
3049,6-chloroquinoline,"1a, 6-Cl-Q",1.0,0.0004,"2b, Boronic Ester",1.0,Pd(OAc)2,0.0625,P(tBu)3,0.125,Et3N,2.5,MeOH,15.05,794160.25,,
3050,6-chloroquinoline,"1a, 6-Cl-Q",1.0,0.0004,"2b, Boronic Ester",1.0,Pd(OAc)2,0.0625,P(Ph)3 ,0.125,Et3N,2.5,MeOH,11.91,1110910.75,,
3051,6-chloroquinoline,"1a, 6-Cl-Q",1.0,0.0004,"2b, Boronic Ester",1.0,Pd(OAc)2,0.0625,AmPhos,0.125,Et3N,2.5,MeOH,10.87,408784.41,,
3052,6-chloroquinoline,"1a, 6-Cl-Q",1.0,0.0004,"2b, Boronic Ester",1.0,Pd(OAc)2,0.0625,P(Cy)3,0.125,Et3N,2.5,MeOH,22.2,2626389.25,,
3053,6-chloroquinoline,"1a, 6-Cl-Q",1.0,0.0004,"2b, Boronic Ester",1.0,Pd(OAc)2,0.0625,P(o-Tol)3,0.125,Et3N,2.5,MeOH,6.7,262747.47,,
3054,6-chloroquinoline,"1a, 6-Cl-Q",1.0,0.0004,"2b, Boronic Ester",1.0,Pd(OAc)2,0.0625,CataCXium A,0.125,Et3N,2.5,MeOH,23.44,2524504.0,,
3055,6-chloroquinoline,"1a, 6-Cl-Q",1.0,0.0004,"2b, Boronic Ester",1.0,Pd(OAc)2,0.0625,SPhos,0.125,Et3N,2.5,MeOH,18.87,754312.69,,
3056,6-chloroquinoline,"1a, 6-Cl-Q",1.0,0.0004,"2b, Boronic Ester",1.0,Pd(OAc)2,0.0625,dtbpf,0.125,Et3N,2.5,MeOH,13.14,1055544.25,,
3057,6-chloroquinoline,"1a, 6-Cl-Q",1.0,0.0004,"2b, Boronic Ester",1.0,Pd(OAc)2,0.0625,XPhos,0.125,Et3N,2.5,MeOH,16.23,622633.44,,
3058,6-chloroquinoline,"1a, 6-Cl-Q",1.0,0.0004,"2b, Boronic Ester",1.0,Pd(OAc)2,0.0625,dppf,0.125,Et3N,2.5,MeOH,14.73,809843.5,,
3059,6-chloroquinoline,"1a, 6-Cl-Q",1.0,0.0004,"2b, Boronic Ester",1.0,Pd(OAc)2,0.0625,Xantphos,0.125,Et3N,2.5,MeOH,5.75,196021.5,,
3060,6-chloroquinoline,"1a, 6-Cl-Q",1.0,0.0004,"2b, Boronic Ester",1.0,Pd(OAc)2,0.0625,,,Et3N,2.5,MeOH,14.21,1044478.88,,
3061,6-chloroquinoline,"1a, 6-Cl-Q",1.0,0.0004,"2b, Boronic Ester",1.0,Pd(OAc)2,0.0625,P(tBu)3,0.125,,2.5,MeOH,12.23,192642.59,,
3062,6-chloroquinoline,"1a, 6-Cl-Q",1.0,0.0004,"2b, Boronic Ester",1.0,Pd(OAc)2,0.0625,P(Ph)3 ,0.125,,2.5,MeOH,11.61,333678.78,,
3063,6-chloroquinoline,"1a, 6-Cl-Q",1.0,0.0004,"2b, Boronic Ester",1.0,Pd(OAc)2,0.0625,AmPhos,0.125,,2.5,MeOH,7.2,184354.7,,
3064,6-chloroquinoline,"1a, 6-Cl-Q",1.0,0.0004,"2b, Boronic Ester",1.0,Pd(OAc)2,0.0625,P(Cy)3,0.125,,2.5,MeOH,15.05,695034.25,,
3065,6-chloroquinoline,"1a, 6-Cl-Q",1.0,0.0004,"2b, Boronic Ester",1.0,Pd(OAc)2,0.0625,P(o-Tol)3,0.125,,2.5,MeOH,7.86,126492.72,,
3066,6-chloroquinoline,"1a, 6-Cl-Q",1.0,0.0004,"2b, Boronic Ester",1.0,Pd(OAc)2,0.0625,CataCXium A,0.125,,2.5,MeOH,19.76,777341.69,,
3067,6-chloroquinoline,"1a, 6-Cl-Q",1.0,0.0004,"2b, Boronic Ester",1.0,Pd(OAc)2,0.0625,SPhos,0.125,,2.5,MeOH,9.62,344516.06,,
3068,6-chloroquinoline,"1a, 6-Cl-Q",1.0,0.0004,"2b, Boronic Ester",1.0,Pd(OAc)2,0.0625,dtbpf,0.125,,2.5,MeOH,10.82,639103.25,,
3069,6-chloroquinoline,"1a, 6-Cl-Q",1.0,0.0004,"2b, Boronic Ester",1.0,Pd(OAc)2,0.0625,XPhos,0.125,,2.5,MeOH,10.31,309538.69,,
3070,6-chloroquinoline,"1a, 6-Cl-Q",1.0,0.0004,"2b, Boronic Ester",1.0,Pd(OAc)2,0.0625,dppf,0.125,,2.5,MeOH,13.63,263871.69,,
3071,6-chloroquinoline,"1a, 6-Cl-Q",1.0,0.0004,"2b, Boronic Ester",1.0,Pd(OAc)2,0.0625,Xantphos,0.125,,2.5,MeOH,6.74,64452.25,,
3072,6-chloroquinoline,"1a, 6-Cl-Q",1.0,0.0004,"2b, Boronic Ester",1.0,Pd(OAc)2,0.0625,,,,2.5,MeOH,15.53,1952070.75,,
3073,6-triflatequinoline,"1c, 6-OTf-Q",1.0,0.0004,"2c, Trifluoroborate",1.0,Pd(OAc)2,0.0625,,,,2.5,MeCN,13.98,39759.32,,
3074,6-triflatequinoline,"1c, 6-OTf-Q",1.0,0.0004,"2c, Trifluoroborate",1.0,Pd(OAc)2,0.0625,P(tBu)3,0.125,,2.5,MeCN,7.97,312537.16,,
3075,6-triflatequinoline,"1c, 6-OTf-Q",1.0,0.0004,"2c, Trifluoroborate",1.0,Pd(OAc)2,0.0625,P(Ph)3 ,0.125,,2.5,MeCN,12.28,1537346.88,,
3076,6-triflatequinoline,"1c, 6-OTf-Q",1.0,0.0004,"2c, Trifluoroborate",1.0,Pd(OAc)2,0.0625,AmPhos,0.125,,2.5,MeCN,7.25,2349765.25,,
3077,6-triflatequinoline,"1c, 6-OTf-Q",1.0,0.0004,"2c, Trifluoroborate",1.0,Pd(OAc)2,0.0625,P(Cy)3,0.125,,2.5,MeCN,5.75,698852.25,,
3078,6-triflatequinoline,"1c, 6-OTf-Q",1.0,0.0004,"2c, Trifluoroborate",1.0,Pd(OAc)2,0.0625,P(o-Tol)3,0.125,,2.5,MeCN,9.46,694242.19,,
3079,6-triflatequinoline,"1c, 6-OTf-Q",1.0,0.0004,"2c, Trifluoroborate",1.0,Pd(OAc)2,0.0625,CataCXium A,0.125,,2.5,MeCN,8.71,1005624.25,,
3080,6-triflatequinoline,"1c, 6-OTf-Q",1.0,0.0004,"2c, Trifluoroborate",1.0,Pd(OAc)2,0.0625,SPhos,0.125,,2.5,MeCN,9.46,325063.63,,
3081,6-triflatequinoline,"1c, 6-OTf-Q",1.0,0.0004,"2c, Trifluoroborate",1.0,Pd(OAc)2,0.0625,dtbpf,0.125,,2.5,MeCN,10.98,383955.91,,
3082,6-triflatequinoline,"1c, 6-OTf-Q",1.0,0.0004,"2c, Trifluoroborate",1.0,Pd(OAc)2,0.0625,XPhos,0.125,,2.5,MeCN,10.67,148122.31,,
3083,6-triflatequinoline,"1c, 6-OTf-Q",1.0,0.0004,"2c, Trifluoroborate",1.0,Pd(OAc)2,0.0625,dppf,0.125,,2.5,MeCN,15.34,276124.63,,
3084,6-triflatequinoline,"1c, 6-OTf-Q",1.0,0.0004,"2c, Trifluoroborate",1.0,Pd(OAc)2,0.0625,Xantphos,0.125,,2.5,MeCN,12.16,141184.36,,
3085,6-triflatequinoline,"1c, 6-OTf-Q",1.0,0.0004,"2c, Trifluoroborate",1.0,Pd(OAc)2,0.0625,,,NaOH,2.5,MeCN,15.14,191087.67,,
3086,6-triflatequinoline,"1c, 6-OTf-Q",1.0,0.0004,"2c, Trifluoroborate",1.0,Pd(OAc)2,0.0625,P(tBu)3,0.125,NaOH,2.5,MeCN,17.9,449927.66,,
3087,6-triflatequinoline,"1c, 6-OTf-Q",1.0,0.0004,"2c, Trifluoroborate",1.0,Pd(OAc)2,0.0625,P(Ph)3 ,0.125,NaOH,2.5,MeCN,16.76,1145288.5,,
3088,6-triflatequinoline,"1c, 6-OTf-Q",1.0,0.0004,"2c, Trifluoroborate",1.0,Pd(OAc)2,0.0625,AmPhos,0.125,NaOH,2.5,MeCN,15.53,1615532.88,,
3089,6-triflatequinoline,"1c, 6-OTf-Q",1.0,0.0004,"2c, Trifluoroborate",1.0,Pd(OAc)2,0.0625,P(Cy)3,0.125,NaOH,2.5,MeCN,15.45,225725.48,,
3090,6-triflatequinoline,"1c, 6-OTf-Q",1.0,0.0004,"2c, Trifluoroborate",1.0,Pd(OAc)2,0.0625,P(o-Tol)3,0.125,NaOH,2.5,MeCN,16.58,616811.31,,
3091,6-triflatequinoline,"1c, 6-OTf-Q",1.0,0.0004,"2c, Trifluoroborate",1.0,Pd(OAc)2,0.0625,CataCXium A,0.125,NaOH,2.5,MeCN,17.09,644307.25,,
3092,6-triflatequinoline,"1c, 6-OTf-Q",1.0,0.0004,"2c, Trifluoroborate",1.0,Pd(OAc)2,0.0625,SPhos,0.125,NaOH,2.5,MeCN,15.62,752844.5,,
3093,6-triflatequinoline,"1c, 6-OTf-Q",1.0,0.0004,"2c, Trifluoroborate",1.0,Pd(OAc)2,0.0625,dtbpf,0.125,NaOH,2.5,MeCN,18.56,960398.44,,
3094,6-triflatequinoline,"1c, 6-OTf-Q",1.0,0.0004,"2c, Trifluoroborate",1.0,Pd(OAc)2,0.0625,XPhos,0.125,NaOH,2.5,MeCN,16.83,381554.19,,
3095,6-triflatequinoline,"1c, 6-OTf-Q",1.0,0.0004,"2c, Trifluoroborate",1.0,Pd(OAc)2,0.0625,dppf,0.125,NaOH,2.5,MeCN,19.36,778517.13,,
3096,6-triflatequinoline,"1c, 6-OTf-Q",1.0,0.0004,"2c, Trifluoroborate",1.0,Pd(OAc)2,0.0625,Xantphos,0.125,NaOH,2.5,MeCN,15.82,94987.23,,
3097,6-triflatequinoline,"1c, 6-OTf-Q",1.0,0.0004,"2c, Trifluoroborate",1.0,Pd(OAc)2,0.0625,,,KOH,2.5,MeCN,18.17,693387.81,,
3098,6-triflatequinoline,"1c, 6-OTf-Q",1.0,0.0004,"2c, Trifluoroborate",1.0,Pd(OAc)2,0.0625,P(tBu)3,0.125,KOH,2.5,MeCN,13.59,1429435.25,,
3099,6-triflatequinoline,"1c, 6-OTf-Q",1.0,0.0004,"2c, Trifluoroborate",1.0,Pd(OAc)2,0.0625,P(Ph)3 ,0.125,KOH,2.5,MeCN,13.24,1602850.5,,
3100,6-triflatequinoline,"1c, 6-OTf-Q",1.0,0.0004,"2c, Trifluoroborate",1.0,Pd(OAc)2,0.0625,AmPhos,0.125,KOH,2.5,MeCN,12.03,1422151.88,,
3101,6-triflatequinoline,"1c, 6-OTf-Q",1.0,0.0004,"2c, Trifluoroborate",1.0,Pd(OAc)2,0.0625,P(Cy)3,0.125,KOH,2.5,MeCN,12.97,317227.13,,
3102,6-triflatequinoline,"1c, 6-OTf-Q",1.0,0.0004,"2c, Trifluoroborate",1.0,Pd(OAc)2,0.0625,P(o-Tol)3,0.125,KOH,2.5,MeCN,12.55,1283470.5,,
3103,6-triflatequinoline,"1c, 6-OTf-Q",1.0,0.0004,"2c, Trifluoroborate",1.0,Pd(OAc)2,0.0625,CataCXium A,0.125,KOH,2.5,MeCN,14.22,1134406.88,,
3104,6-triflatequinoline,"1c, 6-OTf-Q",1.0,0.0004,"2c, Trifluoroborate",1.0,Pd(OAc)2,0.0625,SPhos,0.125,KOH,2.5,MeCN,8.83,429640.75,,
3105,6-triflatequinoline,"1c, 6-OTf-Q",1.0,0.0004,"2c, Trifluoroborate",1.0,Pd(OAc)2,0.0625,dtbpf,0.125,KOH,2.5,MeCN,11.38,689789.31,,
3106,6-triflatequinoline,"1c, 6-OTf-Q",1.0,0.0004,"2c, Trifluoroborate",1.0,Pd(OAc)2,0.0625,XPhos,0.125,KOH,2.5,MeCN,10.59,256547.0,,
3107,6-triflatequinoline,"1c, 6-OTf-Q",1.0,0.0004,"2c, Trifluoroborate",1.0,Pd(OAc)2,0.0625,dppf,0.125,KOH,2.5,MeCN,16.69,2276604.25,,
3108,6-triflatequinoline,"1c, 6-OTf-Q",1.0,0.0004,"2c, Trifluoroborate",1.0,Pd(OAc)2,0.0625,Xantphos,0.125,KOH,2.5,MeCN,10.42,210362.13,,
3109,6-triflatequinoline,"1c, 6-OTf-Q",1.0,0.0004,"2c, Trifluoroborate",1.0,Pd(OAc)2,0.0625,,,LiOtBu,2.5,MeCN,11.59,394822.88,,
3110,6-triflatequinoline,"1c, 6-OTf-Q",1.0,0.0004,"2c, Trifluoroborate",1.0,Pd(OAc)2,0.0625,P(tBu)3,0.125,LiOtBu,2.5,MeCN,9.7,642489.88,,
3111,6-triflatequinoline,"1c, 6-OTf-Q",1.0,0.0004,"2c, Trifluoroborate",1.0,Pd(OAc)2,0.0625,P(Ph)3 ,0.125,LiOtBu,2.5,MeCN,16.66,2190162.5,,
3112,6-triflatequinoline,"1c, 6-OTf-Q",1.0,0.0004,"2c, Trifluoroborate",1.0,Pd(OAc)2,0.0625,AmPhos,0.125,LiOtBu,2.5,MeCN,13.76,2883710.5,,
3113,6-triflatequinoline,"1c, 6-OTf-Q",1.0,0.0004,"2c, Trifluoroborate",1.0,Pd(OAc)2,0.0625,P(Cy)3,0.125,LiOtBu,2.5,MeCN,9.29,485391.97,,
3114,6-triflatequinoline,"1c, 6-OTf-Q",1.0,0.0004,"2c, Trifluoroborate",1.0,Pd(OAc)2,0.0625,P(o-Tol)3,0.125,LiOtBu,2.5,MeCN,10.11,540740.25,,
3115,6-triflatequinoline,"1c, 6-OTf-Q",1.0,0.0004,"2c, Trifluoroborate",1.0,Pd(OAc)2,0.0625,CataCXium A,0.125,LiOtBu,2.5,MeCN,10.18,452010.25,,
3116,6-triflatequinoline,"1c, 6-OTf-Q",1.0,0.0004,"2c, Trifluoroborate",1.0,Pd(OAc)2,0.0625,SPhos,0.125,LiOtBu,2.5,MeCN,9.43,426109.78,,
3117,6-triflatequinoline,"1c, 6-OTf-Q",1.0,0.0004,"2c, Trifluoroborate",1.0,Pd(OAc)2,0.0625,dtbpf,0.125,LiOtBu,2.5,MeCN,14.21,1265034.63,,
3118,6-triflatequinoline,"1c, 6-OTf-Q",1.0,0.0004,"2c, Trifluoroborate",1.0,Pd(OAc)2,0.0625,XPhos,0.125,LiOtBu,2.5,MeCN,12.72,339779.34,,
3119,6-triflatequinoline,"1c, 6-OTf-Q",1.0,0.0004,"2c, Trifluoroborate",1.0,Pd(OAc)2,0.0625,dppf,0.125,LiOtBu,2.5,MeCN,14.01,151202.14,,
3120,6-triflatequinoline,"1c, 6-OTf-Q",1.0,0.0004,"2c, Trifluoroborate",1.0,Pd(OAc)2,0.0625,Xantphos,0.125,LiOtBu,2.5,MeCN,11.28,171550.23,,
3121,6-triflatequinoline,"1c, 6-OTf-Q",1.0,0.0004,"2c, Trifluoroborate",1.0,Pd(OAc)2,0.0625,,,NaHCO3,2.5,MeCN,11.84,580973.38,,
3122,6-triflatequinoline,"1c, 6-OTf-Q",1.0,0.0004,"2c, Trifluoroborate",1.0,Pd(OAc)2,0.0625,P(tBu)3,0.125,NaHCO3,2.5,MeCN,11.55,813256.69,,
3123,6-triflatequinoline,"1c, 6-OTf-Q",1.0,0.0004,"2c, Trifluoroborate",1.0,Pd(OAc)2,0.0625,P(Ph)3 ,0.125,NaHCO3,2.5,MeCN,15.61,1635639.75,,
3124,6-triflatequinoline,"1c, 6-OTf-Q",1.0,0.0004,"2c, Trifluoroborate",1.0,Pd(OAc)2,0.0625,AmPhos,0.125,NaHCO3,2.5,MeCN,13.45,2647783.0,,
3125,6-triflatequinoline,"1c, 6-OTf-Q",1.0,0.0004,"2c, Trifluoroborate",1.0,Pd(OAc)2,0.0625,P(Cy)3,0.125,NaHCO3,2.5,MeCN,11.63,1246817.0,,
3126,6-triflatequinoline,"1c, 6-OTf-Q",1.0,0.0004,"2c, Trifluoroborate",1.0,Pd(OAc)2,0.0625,P(o-Tol)3,0.125,NaHCO3,2.5,MeCN,11.83,963642.06,,
3127,6-triflatequinoline,"1c, 6-OTf-Q",1.0,0.0004,"2c, Trifluoroborate",1.0,Pd(OAc)2,0.0625,CataCXium A,0.125,NaHCO3,2.5,MeCN,15.68,994668.56,,
3128,6-triflatequinoline,"1c, 6-OTf-Q",1.0,0.0004,"2c, Trifluoroborate",1.0,Pd(OAc)2,0.0625,SPhos,0.125,NaHCO3,2.5,MeCN,10.54,947374.31,,
3129,6-triflatequinoline,"1c, 6-OTf-Q",1.0,0.0004,"2c, Trifluoroborate",1.0,Pd(OAc)2,0.0625,dtbpf,0.125,NaHCO3,2.5,MeCN,14.13,1113634.38,,
3130,6-triflatequinoline,"1c, 6-OTf-Q",1.0,0.0004,"2c, Trifluoroborate",1.0,Pd(OAc)2,0.0625,XPhos,0.125,NaHCO3,2.5,MeCN,12.75,502805.75,,
3131,6-triflatequinoline,"1c, 6-OTf-Q",1.0,0.0004,"2c, Trifluoroborate",1.0,Pd(OAc)2,0.0625,dppf,0.125,NaHCO3,2.5,MeCN,15.54,1178173.25,,
3132,6-triflatequinoline,"1c, 6-OTf-Q",1.0,0.0004,"2c, Trifluoroborate",1.0,Pd(OAc)2,0.0625,Xantphos,0.125,NaHCO3,2.5,MeCN,12.25,226199.5,,
3133,6-triflatequinoline,"1c, 6-OTf-Q",1.0,0.0004,"2c, Trifluoroborate",1.0,Pd(OAc)2,0.0625,,,Et3N,2.5,MeCN,14.71,905549.13,,
3134,6-triflatequinoline,"1c, 6-OTf-Q",1.0,0.0004,"2c, Trifluoroborate",1.0,Pd(OAc)2,0.0625,P(tBu)3,0.125,Et3N,2.5,MeCN,12.96,1214153.5,,
3135,6-triflatequinoline,"1c, 6-OTf-Q",1.0,0.0004,"2c, Trifluoroborate",1.0,Pd(OAc)2,0.0625,P(Ph)3 ,0.125,Et3N,2.5,MeCN,16.54,1469834.25,,
3136,6-triflatequinoline,"1c, 6-OTf-Q",1.0,0.0004,"2c, Trifluoroborate",1.0,Pd(OAc)2,0.0625,AmPhos,0.125,Et3N,2.5,MeCN,12.97,1206403.75,,
3137,6-triflatequinoline,"1c, 6-OTf-Q",1.0,0.0004,"2c, Trifluoroborate",1.0,Pd(OAc)2,0.0625,P(Cy)3,0.125,Et3N,2.5,MeCN,10.41,303500.16,,
3138,6-triflatequinoline,"1c, 6-OTf-Q",1.0,0.0004,"2c, Trifluoroborate",1.0,Pd(OAc)2,0.0625,P(o-Tol)3,0.125,Et3N,2.5,MeCN,13.93,1195482.38,,
3139,6-triflatequinoline,"1c, 6-OTf-Q",1.0,0.0004,"2c, Trifluoroborate",1.0,Pd(OAc)2,0.0625,CataCXium A,0.125,Et3N,2.5,MeCN,12.92,820787.31,,
3140,6-triflatequinoline,"1c, 6-OTf-Q",1.0,0.0004,"2c, Trifluoroborate",1.0,Pd(OAc)2,0.0625,SPhos,0.125,Et3N,2.5,MeCN,9.89,225419.53,,
3141,6-triflatequinoline,"1c, 6-OTf-Q",1.0,0.0004,"2c, Trifluoroborate",1.0,Pd(OAc)2,0.0625,dtbpf,0.125,Et3N,2.5,MeCN,11.94,454159.19,,
3142,6-triflatequinoline,"1c, 6-OTf-Q",1.0,0.0004,"2c, Trifluoroborate",1.0,Pd(OAc)2,0.0625,XPhos,0.125,Et3N,2.5,MeCN,12.12,270831.88,,
3143,6-triflatequinoline,"1c, 6-OTf-Q",1.0,0.0004,"2c, Trifluoroborate",1.0,Pd(OAc)2,0.0625,dppf,0.125,Et3N,2.5,MeCN,18.5,990172.81,,
3144,6-triflatequinoline,"1c, 6-OTf-Q",1.0,0.0004,"2c, Trifluoroborate",1.0,Pd(OAc)2,0.0625,Xantphos,0.125,Et3N,2.5,MeCN,13.21,68846.91,,
3145,6-triflatequinoline,"1c, 6-OTf-Q",1.0,0.0004,"2c, Trifluoroborate",1.0,Pd(OAc)2,0.0625,,,CsF,2.5,MeCN,13.2,181240.55,,
3146,6-triflatequinoline,"1c, 6-OTf-Q",1.0,0.0004,"2c, Trifluoroborate",1.0,Pd(OAc)2,0.0625,P(tBu)3,0.125,CsF,2.5,MeCN,10.08,610832.38,,
3147,6-triflatequinoline,"1c, 6-OTf-Q",1.0,0.0004,"2c, Trifluoroborate",1.0,Pd(OAc)2,0.0625,P(Ph)3 ,0.125,CsF,2.5,MeCN,15.56,1847240.5,,
3148,6-triflatequinoline,"1c, 6-OTf-Q",1.0,0.0004,"2c, Trifluoroborate",1.0,Pd(OAc)2,0.0625,AmPhos,0.125,CsF,2.5,MeCN,13.25,2299888.75,,
3149,6-triflatequinoline,"1c, 6-OTf-Q",1.0,0.0004,"2c, Trifluoroborate",1.0,Pd(OAc)2,0.0625,P(Cy)3,0.125,CsF,2.5,MeCN,10.22,183897.72,,
3150,6-triflatequinoline,"1c, 6-OTf-Q",1.0,0.0004,"2c, Trifluoroborate",1.0,Pd(OAc)2,0.0625,P(o-Tol)3,0.125,CsF,2.5,MeCN,13.25,640022.0,,
3151,6-triflatequinoline,"1c, 6-OTf-Q",1.0,0.0004,"2c, Trifluoroborate",1.0,Pd(OAc)2,0.0625,CataCXium A,0.125,CsF,2.5,MeCN,14.27,962835.69,,
3152,6-triflatequinoline,"1c, 6-OTf-Q",1.0,0.0004,"2c, Trifluoroborate",1.0,Pd(OAc)2,0.0625,SPhos,0.125,CsF,2.5,MeCN,11.93,587183.81,,
3153,6-triflatequinoline,"1c, 6-OTf-Q",1.0,0.0004,"2c, Trifluoroborate",1.0,Pd(OAc)2,0.0625,dtbpf,0.125,CsF,2.5,MeCN,13.02,791283.19,,
3154,6-triflatequinoline,"1c, 6-OTf-Q",1.0,0.0004,"2c, Trifluoroborate",1.0,Pd(OAc)2,0.0625,XPhos,0.125,CsF,2.5,MeCN,12.19,195752.83,,
3155,6-triflatequinoline,"1c, 6-OTf-Q",1.0,0.0004,"2c, Trifluoroborate",1.0,Pd(OAc)2,0.0625,dppf,0.125,CsF,2.5,MeCN,16.03,749799.88,,
3156,6-triflatequinoline,"1c, 6-OTf-Q",1.0,0.0004,"2c, Trifluoroborate",1.0,Pd(OAc)2,0.0625,Xantphos,0.125,CsF,2.5,MeCN,12.88,119546.96,,
3157,6-triflatequinoline,"1c, 6-OTf-Q",1.0,0.0004,"2c, Trifluoroborate",1.0,Pd(OAc)2,0.0625,,,K3PO4,2.5,MeCN,11.96,375566.5,,
3158,6-triflatequinoline,"1c, 6-OTf-Q",1.0,0.0004,"2c, Trifluoroborate",1.0,Pd(OAc)2,0.0625,P(tBu)3,0.125,K3PO4,2.5,MeCN,11.12,687662.19,,
3159,6-triflatequinoline,"1c, 6-OTf-Q",1.0,0.0004,"2c, Trifluoroborate",1.0,Pd(OAc)2,0.0625,P(Ph)3 ,0.125,K3PO4,2.5,MeCN,15.95,1159238.5,,
3160,6-triflatequinoline,"1c, 6-OTf-Q",1.0,0.0004,"2c, Trifluoroborate",1.0,Pd(OAc)2,0.0625,AmPhos,0.125,K3PO4,2.5,MeCN,13.51,2158973.25,,
3161,6-triflatequinoline,"1c, 6-OTf-Q",1.0,0.0004,"2c, Trifluoroborate",1.0,Pd(OAc)2,0.0625,P(Cy)3,0.125,K3PO4,2.5,MeCN,11.89,238886.69,,
3162,6-triflatequinoline,"1c, 6-OTf-Q",1.0,0.0004,"2c, Trifluoroborate",1.0,Pd(OAc)2,0.0625,P(o-Tol)3,0.125,K3PO4,2.5,MeCN,13.55,917627.31,,
3163,6-triflatequinoline,"1c, 6-OTf-Q",1.0,0.0004,"2c, Trifluoroborate",1.0,Pd(OAc)2,0.0625,CataCXium A,0.125,K3PO4,2.5,MeCN,13.55,712731.25,,
3164,6-triflatequinoline,"1c, 6-OTf-Q",1.0,0.0004,"2c, Trifluoroborate",1.0,Pd(OAc)2,0.0625,SPhos,0.125,K3PO4,2.5,MeCN,12.05,531670.31,,
3165,6-triflatequinoline,"1c, 6-OTf-Q",1.0,0.0004,"2c, Trifluoroborate",1.0,Pd(OAc)2,0.0625,dtbpf,0.125,K3PO4,2.5,MeCN,12.45,1032334.25,,
3166,6-triflatequinoline,"1c, 6-OTf-Q",1.0,0.0004,"2c, Trifluoroborate",1.0,Pd(OAc)2,0.0625,XPhos,0.125,K3PO4,2.5,MeCN,13.52,231965.67,,
3167,6-triflatequinoline,"1c, 6-OTf-Q",1.0,0.0004,"2c, Trifluoroborate",1.0,Pd(OAc)2,0.0625,dppf,0.125,K3PO4,2.5,MeCN,17.66,799920.88,,
3168,6-triflatequinoline,"1c, 6-OTf-Q",1.0,0.0004,"2c, Trifluoroborate",1.0,Pd(OAc)2,0.0625,Xantphos,0.125,K3PO4,2.5,MeCN,11.14,65083.72,,
3169,6-triflatequinoline,"1c, 6-OTf-Q",1.0,0.0004,"2c, Trifluoroborate",1.0,Pd(OAc)2,0.0625,,,,2.5,THF,24.96,1282826.5,,
3170,6-triflatequinoline,"1c, 6-OTf-Q",1.0,0.0004,"2c, Trifluoroborate",1.0,Pd(OAc)2,0.0625,P(tBu)3,0.125,,2.5,THF,14.0,339246.91,,
3171,6-triflatequinoline,"1c, 6-OTf-Q",1.0,0.0004,"2c, Trifluoroborate",1.0,Pd(OAc)2,0.0625,P(Ph)3 ,0.125,,2.5,THF,47.59,7612245.5,,
3172,6-triflatequinoline,"1c, 6-OTf-Q",1.0,0.0004,"2c, Trifluoroborate",1.0,Pd(OAc)2,0.0625,AmPhos,0.125,,2.5,THF,23.86,3619789.75,,
3173,6-triflatequinoline,"1c, 6-OTf-Q",1.0,0.0004,"2c, Trifluoroborate",1.0,Pd(OAc)2,0.0625,P(Cy)3,0.125,,2.5,THF,60.56,14982233.0,,
3174,6-triflatequinoline,"1c, 6-OTf-Q",1.0,0.0004,"2c, Trifluoroborate",1.0,Pd(OAc)2,0.0625,P(o-Tol)3,0.125,,2.5,THF,20.06,1830291.0,,
3175,6-triflatequinoline,"1c, 6-OTf-Q",1.0,0.0004,"2c, Trifluoroborate",1.0,Pd(OAc)2,0.0625,CataCXium A,0.125,,2.5,THF,21.28,2355309.25,,
3176,6-triflatequinoline,"1c, 6-OTf-Q",1.0,0.0004,"2c, Trifluoroborate",1.0,Pd(OAc)2,0.0625,SPhos,0.125,,2.5,THF,24.09,6999209.5,,
3177,6-triflatequinoline,"1c, 6-OTf-Q",1.0,0.0004,"2c, Trifluoroborate",1.0,Pd(OAc)2,0.0625,dtbpf,0.125,,2.5,THF,35.85,7565810.0,,
3178,6-triflatequinoline,"1c, 6-OTf-Q",1.0,0.0004,"2c, Trifluoroborate",1.0,Pd(OAc)2,0.0625,XPhos,0.125,,2.5,THF,30.5,8150250.0,,
3179,6-triflatequinoline,"1c, 6-OTf-Q",1.0,0.0004,"2c, Trifluoroborate",1.0,Pd(OAc)2,0.0625,dppf,0.125,,2.5,THF,69.78,12133860.0,,
3180,6-triflatequinoline,"1c, 6-OTf-Q",1.0,0.0004,"2c, Trifluoroborate",1.0,Pd(OAc)2,0.0625,Xantphos,0.125,,2.5,THF,16.84,561999.19,,
3181,6-triflatequinoline,"1c, 6-OTf-Q",1.0,0.0004,"2c, Trifluoroborate",1.0,Pd(OAc)2,0.0625,,,NaOH,2.5,THF,19.82,2780086.75,,
3182,6-triflatequinoline,"1c, 6-OTf-Q",1.0,0.0004,"2c, Trifluoroborate",1.0,Pd(OAc)2,0.0625,P(tBu)3,0.125,NaOH,2.5,THF,21.09,820308.75,,
3183,6-triflatequinoline,"1c, 6-OTf-Q",1.0,0.0004,"2c, Trifluoroborate",1.0,Pd(OAc)2,0.0625,P(Ph)3 ,0.125,NaOH,2.5,THF,70.55,16732631.0,,
3184,6-triflatequinoline,"1c, 6-OTf-Q",1.0,0.0004,"2c, Trifluoroborate",1.0,Pd(OAc)2,0.0625,AmPhos,0.125,NaOH,2.5,THF,20.06,2010699.63,,
3185,6-triflatequinoline,"1c, 6-OTf-Q",1.0,0.0004,"2c, Trifluoroborate",1.0,Pd(OAc)2,0.0625,P(Cy)3,0.125,NaOH,2.5,THF,40.01,9731031.0,,
3186,6-triflatequinoline,"1c, 6-OTf-Q",1.0,0.0004,"2c, Trifluoroborate",1.0,Pd(OAc)2,0.0625,P(o-Tol)3,0.125,NaOH,2.5,THF,20.03,1615637.13,,
3187,6-triflatequinoline,"1c, 6-OTf-Q",1.0,0.0004,"2c, Trifluoroborate",1.0,Pd(OAc)2,0.0625,CataCXium A,0.125,NaOH,2.5,THF,23.24,3020051.75,,
3188,6-triflatequinoline,"1c, 6-OTf-Q",1.0,0.0004,"2c, Trifluoroborate",1.0,Pd(OAc)2,0.0625,SPhos,0.125,NaOH,2.5,THF,22.4,2429034.75,,
3189,6-triflatequinoline,"1c, 6-OTf-Q",1.0,0.0004,"2c, Trifluoroborate",1.0,Pd(OAc)2,0.0625,dtbpf,0.125,NaOH,2.5,THF,32.84,7909967.5,,
3190,6-triflatequinoline,"1c, 6-OTf-Q",1.0,0.0004,"2c, Trifluoroborate",1.0,Pd(OAc)2,0.0625,XPhos,0.125,NaOH,2.5,THF,30.09,6818281.5,,
3191,6-triflatequinoline,"1c, 6-OTf-Q",1.0,0.0004,"2c, Trifluoroborate",1.0,Pd(OAc)2,0.0625,dppf,0.125,NaOH,2.5,THF,29.4,1862902.88,,
3192,6-triflatequinoline,"1c, 6-OTf-Q",1.0,0.0004,"2c, Trifluoroborate",1.0,Pd(OAc)2,0.0625,Xantphos,0.125,NaOH,2.5,THF,17.24,393541.72,,
3193,6-triflatequinoline,"1c, 6-OTf-Q",1.0,0.0004,"2c, Trifluoroborate",1.0,Pd(OAc)2,0.0625,,,KOH,2.5,THF,19.59,2104738.0,,
3194,6-triflatequinoline,"1c, 6-OTf-Q",1.0,0.0004,"2c, Trifluoroborate",1.0,Pd(OAc)2,0.0625,P(tBu)3,0.125,KOH,2.5,THF,14.49,397814.16,,
3195,6-triflatequinoline,"1c, 6-OTf-Q",1.0,0.0004,"2c, Trifluoroborate",1.0,Pd(OAc)2,0.0625,P(Ph)3 ,0.125,KOH,2.5,THF,71.09,16260517.0,,
3196,6-triflatequinoline,"1c, 6-OTf-Q",1.0,0.0004,"2c, Trifluoroborate",1.0,Pd(OAc)2,0.0625,AmPhos,0.125,KOH,2.5,THF,12.55,1760781.75,,
3197,6-triflatequinoline,"1c, 6-OTf-Q",1.0,0.0004,"2c, Trifluoroborate",1.0,Pd(OAc)2,0.0625,P(Cy)3,0.125,KOH,2.5,THF,41.57,10784423.0,,
3198,6-triflatequinoline,"1c, 6-OTf-Q",1.0,0.0004,"2c, Trifluoroborate",1.0,Pd(OAc)2,0.0625,P(o-Tol)3,0.125,KOH,2.5,THF,17.54,1044269.25,,
3199,6-triflatequinoline,"1c, 6-OTf-Q",1.0,0.0004,"2c, Trifluoroborate",1.0,Pd(OAc)2,0.0625,CataCXium A,0.125,KOH,2.5,THF,17.46,559863.69,,
3200,6-triflatequinoline,"1c, 6-OTf-Q",1.0,0.0004,"2c, Trifluoroborate",1.0,Pd(OAc)2,0.0625,SPhos,0.125,KOH,2.5,THF,16.6,1516811.25,,
3201,6-triflatequinoline,"1c, 6-OTf-Q",1.0,0.0004,"2c, Trifluoroborate",1.0,Pd(OAc)2,0.0625,dtbpf,0.125,KOH,2.5,THF,26.29,2931026.25,,
3202,6-triflatequinoline,"1c, 6-OTf-Q",1.0,0.0004,"2c, Trifluoroborate",1.0,Pd(OAc)2,0.0625,XPhos,0.125,KOH,2.5,THF,18.41,2690132.25,,
3203,6-triflatequinoline,"1c, 6-OTf-Q",1.0,0.0004,"2c, Trifluoroborate",1.0,Pd(OAc)2,0.0625,dppf,0.125,KOH,2.5,THF,25.92,3075508.5,,
3204,6-triflatequinoline,"1c, 6-OTf-Q",1.0,0.0004,"2c, Trifluoroborate",1.0,Pd(OAc)2,0.0625,Xantphos,0.125,KOH,2.5,THF,12.73,632710.38,,
3205,6-triflatequinoline,"1c, 6-OTf-Q",1.0,0.0004,"2c, Trifluoroborate",1.0,Pd(OAc)2,0.0625,,,LiOtBu,2.5,THF,19.59,2669987.25,,
3206,6-triflatequinoline,"1c, 6-OTf-Q",1.0,0.0004,"2c, Trifluoroborate",1.0,Pd(OAc)2,0.0625,P(tBu)3,0.125,LiOtBu,2.5,THF,13.03,459927.94,,
3207,6-triflatequinoline,"1c, 6-OTf-Q",1.0,0.0004,"2c, Trifluoroborate",1.0,Pd(OAc)2,0.0625,P(Ph)3 ,0.125,LiOtBu,2.5,THF,60.47,11869890.0,,
3208,6-triflatequinoline,"1c, 6-OTf-Q",1.0,0.0004,"2c, Trifluoroborate",1.0,Pd(OAc)2,0.0625,AmPhos,0.125,LiOtBu,2.5,THF,12.2,888735.75,,
3209,6-triflatequinoline,"1c, 6-OTf-Q",1.0,0.0004,"2c, Trifluoroborate",1.0,Pd(OAc)2,0.0625,P(Cy)3,0.125,LiOtBu,2.5,THF,23.17,4225311.0,,
3210,6-triflatequinoline,"1c, 6-OTf-Q",1.0,0.0004,"2c, Trifluoroborate",1.0,Pd(OAc)2,0.0625,P(o-Tol)3,0.125,LiOtBu,2.5,THF,14.55,1401743.63,,
3211,6-triflatequinoline,"1c, 6-OTf-Q",1.0,0.0004,"2c, Trifluoroborate",1.0,Pd(OAc)2,0.0625,CataCXium A,0.125,LiOtBu,2.5,THF,13.75,628508.63,,
3212,6-triflatequinoline,"1c, 6-OTf-Q",1.0,0.0004,"2c, Trifluoroborate",1.0,Pd(OAc)2,0.0625,SPhos,0.125,LiOtBu,2.5,THF,13.96,1722571.13,,
3213,6-triflatequinoline,"1c, 6-OTf-Q",1.0,0.0004,"2c, Trifluoroborate",1.0,Pd(OAc)2,0.0625,dtbpf,0.125,LiOtBu,2.5,THF,24.36,2004612.63,,
3214,6-triflatequinoline,"1c, 6-OTf-Q",1.0,0.0004,"2c, Trifluoroborate",1.0,Pd(OAc)2,0.0625,XPhos,0.125,LiOtBu,2.5,THF,15.29,2486904.0,,
3215,6-triflatequinoline,"1c, 6-OTf-Q",1.0,0.0004,"2c, Trifluoroborate",1.0,Pd(OAc)2,0.0625,dppf,0.125,LiOtBu,2.5,THF,16.45,161815.72,,
3216,6-triflatequinoline,"1c, 6-OTf-Q",1.0,0.0004,"2c, Trifluoroborate",1.0,Pd(OAc)2,0.0625,Xantphos,0.125,LiOtBu,2.5,THF,12.23,725516.88,,
3217,6-triflatequinoline,"1c, 6-OTf-Q",1.0,0.0004,"2c, Trifluoroborate",1.0,Pd(OAc)2,0.0625,,,NaHCO3,2.5,THF,15.29,743205.25,,
3218,6-triflatequinoline,"1c, 6-OTf-Q",1.0,0.0004,"2c, Trifluoroborate",1.0,Pd(OAc)2,0.0625,P(tBu)3,0.125,NaHCO3,2.5,THF,16.45,518359.69,,
3219,6-triflatequinoline,"1c, 6-OTf-Q",1.0,0.0004,"2c, Trifluoroborate",1.0,Pd(OAc)2,0.0625,P(Ph)3 ,0.125,NaHCO3,2.5,THF,53.54,10276525.0,,
3220,6-triflatequinoline,"1c, 6-OTf-Q",1.0,0.0004,"2c, Trifluoroborate",1.0,Pd(OAc)2,0.0625,AmPhos,0.125,NaHCO3,2.5,THF,15.59,1701617.38,,
3221,6-triflatequinoline,"1c, 6-OTf-Q",1.0,0.0004,"2c, Trifluoroborate",1.0,Pd(OAc)2,0.0625,P(Cy)3,0.125,NaHCO3,2.5,THF,44.32,8892188.0,,
3222,6-triflatequinoline,"1c, 6-OTf-Q",1.0,0.0004,"2c, Trifluoroborate",1.0,Pd(OAc)2,0.0625,P(o-Tol)3,0.125,NaHCO3,2.5,THF,15.21,1451540.38,,
3223,6-triflatequinoline,"1c, 6-OTf-Q",1.0,0.0004,"2c, Trifluoroborate",1.0,Pd(OAc)2,0.0625,CataCXium A,0.125,NaHCO3,2.5,THF,24.96,2054202.88,,
3224,6-triflatequinoline,"1c, 6-OTf-Q",1.0,0.0004,"2c, Trifluoroborate",1.0,Pd(OAc)2,0.0625,SPhos,0.125,NaHCO3,2.5,THF,15.41,1552451.38,,
3225,6-triflatequinoline,"1c, 6-OTf-Q",1.0,0.0004,"2c, Trifluoroborate",1.0,Pd(OAc)2,0.0625,dtbpf,0.125,NaHCO3,2.5,THF,26.8,2840793.5,,
3226,6-triflatequinoline,"1c, 6-OTf-Q",1.0,0.0004,"2c, Trifluoroborate",1.0,Pd(OAc)2,0.0625,XPhos,0.125,NaHCO3,2.5,THF,19.47,2801201.5,,
3227,6-triflatequinoline,"1c, 6-OTf-Q",1.0,0.0004,"2c, Trifluoroborate",1.0,Pd(OAc)2,0.0625,dppf,0.125,NaHCO3,2.5,THF,75.7,14548684.0,,
3228,6-triflatequinoline,"1c, 6-OTf-Q",1.0,0.0004,"2c, Trifluoroborate",1.0,Pd(OAc)2,0.0625,Xantphos,0.125,NaHCO3,2.5,THF,13.92,688734.69,,
3229,6-triflatequinoline,"1c, 6-OTf-Q",1.0,0.0004,"2c, Trifluoroborate",1.0,Pd(OAc)2,0.0625,,,Et3N,2.5,THF,17.1,1756646.0,,
3230,6-triflatequinoline,"1c, 6-OTf-Q",1.0,0.0004,"2c, Trifluoroborate",1.0,Pd(OAc)2,0.0625,P(tBu)3,0.125,Et3N,2.5,THF,16.0,534420.81,,
3231,6-triflatequinoline,"1c, 6-OTf-Q",1.0,0.0004,"2c, Trifluoroborate",1.0,Pd(OAc)2,0.0625,P(Ph)3 ,0.125,Et3N,2.5,THF,44.25,10142075.0,,
3232,6-triflatequinoline,"1c, 6-OTf-Q",1.0,0.0004,"2c, Trifluoroborate",1.0,Pd(OAc)2,0.0625,AmPhos,0.125,Et3N,2.5,THF,19.09,3239589.75,,
3233,6-triflatequinoline,"1c, 6-OTf-Q",1.0,0.0004,"2c, Trifluoroborate",1.0,Pd(OAc)2,0.0625,P(Cy)3,0.125,Et3N,2.5,THF,61.14,12674671.0,,
3234,6-triflatequinoline,"1c, 6-OTf-Q",1.0,0.0004,"2c, Trifluoroborate",1.0,Pd(OAc)2,0.0625,P(o-Tol)3,0.125,Et3N,2.5,THF,16.17,1497483.25,,
3235,6-triflatequinoline,"1c, 6-OTf-Q",1.0,0.0004,"2c, Trifluoroborate",1.0,Pd(OAc)2,0.0625,CataCXium A,0.125,Et3N,2.5,THF,23.74,3343517.5,,
3236,6-triflatequinoline,"1c, 6-OTf-Q",1.0,0.0004,"2c, Trifluoroborate",1.0,Pd(OAc)2,0.0625,SPhos,0.125,Et3N,2.5,THF,23.28,5972591.0,,
3237,6-triflatequinoline,"1c, 6-OTf-Q",1.0,0.0004,"2c, Trifluoroborate",1.0,Pd(OAc)2,0.0625,dtbpf,0.125,Et3N,2.5,THF,32.72,5369644.5,,
3238,6-triflatequinoline,"1c, 6-OTf-Q",1.0,0.0004,"2c, Trifluoroborate",1.0,Pd(OAc)2,0.0625,XPhos,0.125,Et3N,2.5,THF,21.02,4146898.5,,
3239,6-triflatequinoline,"1c, 6-OTf-Q",1.0,0.0004,"2c, Trifluoroborate",1.0,Pd(OAc)2,0.0625,dppf,0.125,Et3N,2.5,THF,62.86,11320647.0,,
3240,6-triflatequinoline,"1c, 6-OTf-Q",1.0,0.0004,"2c, Trifluoroborate",1.0,Pd(OAc)2,0.0625,Xantphos,0.125,Et3N,2.5,THF,14.94,763858.69,,
3241,6-triflatequinoline,"1c, 6-OTf-Q",1.0,0.0004,"2c, Trifluoroborate",1.0,Pd(OAc)2,0.0625,,,CsF,2.5,THF,17.23,2898043.5,,
3242,6-triflatequinoline,"1c, 6-OTf-Q",1.0,0.0004,"2c, Trifluoroborate",1.0,Pd(OAc)2,0.0625,P(tBu)3,0.125,CsF,2.5,THF,17.39,502803.94,,
3243,6-triflatequinoline,"1c, 6-OTf-Q",1.0,0.0004,"2c, Trifluoroborate",1.0,Pd(OAc)2,0.0625,P(Ph)3 ,0.125,CsF,2.5,THF,43.13,9490810.0,,
3244,6-triflatequinoline,"1c, 6-OTf-Q",1.0,0.0004,"2c, Trifluoroborate",1.0,Pd(OAc)2,0.0625,AmPhos,0.125,CsF,2.5,THF,19.07,2723365.0,,
3245,6-triflatequinoline,"1c, 6-OTf-Q",1.0,0.0004,"2c, Trifluoroborate",1.0,Pd(OAc)2,0.0625,P(Cy)3,0.125,CsF,2.5,THF,84.64,19188142.0,,
3246,6-triflatequinoline,"1c, 6-OTf-Q",1.0,0.0004,"2c, Trifluoroborate",1.0,Pd(OAc)2,0.0625,P(o-Tol)3,0.125,CsF,2.5,THF,18.36,1711576.88,,
3247,6-triflatequinoline,"1c, 6-OTf-Q",1.0,0.0004,"2c, Trifluoroborate",1.0,Pd(OAc)2,0.0625,CataCXium A,0.125,CsF,2.5,THF,29.12,2671944.75,,
3248,6-triflatequinoline,"1c, 6-OTf-Q",1.0,0.0004,"2c, Trifluoroborate",1.0,Pd(OAc)2,0.0625,SPhos,0.125,CsF,2.5,THF,18.27,3796572.75,,
3249,6-triflatequinoline,"1c, 6-OTf-Q",1.0,0.0004,"2c, Trifluoroborate",1.0,Pd(OAc)2,0.0625,dtbpf,0.125,CsF,2.5,THF,35.74,7984152.0,,
3250,6-triflatequinoline,"1c, 6-OTf-Q",1.0,0.0004,"2c, Trifluoroborate",1.0,Pd(OAc)2,0.0625,XPhos,0.125,CsF,2.5,THF,35.39,8751633.0,,
3251,6-triflatequinoline,"1c, 6-OTf-Q",1.0,0.0004,"2c, Trifluoroborate",1.0,Pd(OAc)2,0.0625,dppf,0.125,CsF,2.5,THF,62.71,9460699.0,,
3252,6-triflatequinoline,"1c, 6-OTf-Q",1.0,0.0004,"2c, Trifluoroborate",1.0,Pd(OAc)2,0.0625,Xantphos,0.125,CsF,2.5,THF,13.45,578897.25,,
3253,6-triflatequinoline,"1c, 6-OTf-Q",1.0,0.0004,"2c, Trifluoroborate",1.0,Pd(OAc)2,0.0625,,,K3PO4,2.5,THF,29.56,4306906.5,,
3254,6-triflatequinoline,"1c, 6-OTf-Q",1.0,0.0004,"2c, Trifluoroborate",1.0,Pd(OAc)2,0.0625,P(tBu)3,0.125,K3PO4,2.5,THF,20.98,668055.19,,
3255,6-triflatequinoline,"1c, 6-OTf-Q",1.0,0.0004,"2c, Trifluoroborate",1.0,Pd(OAc)2,0.0625,P(Ph)3 ,0.125,K3PO4,2.5,THF,42.26,10768531.0,,
3256,6-triflatequinoline,"1c, 6-OTf-Q",1.0,0.0004,"2c, Trifluoroborate",1.0,Pd(OAc)2,0.0625,AmPhos,0.125,K3PO4,2.5,THF,18.06,3574963.0,,
3257,6-triflatequinoline,"1c, 6-OTf-Q",1.0,0.0004,"2c, Trifluoroborate",1.0,Pd(OAc)2,0.0625,P(Cy)3,0.125,K3PO4,2.5,THF,71.96,17371626.0,,
3258,6-triflatequinoline,"1c, 6-OTf-Q",1.0,0.0004,"2c, Trifluoroborate",1.0,Pd(OAc)2,0.0625,P(o-Tol)3,0.125,K3PO4,2.5,THF,16.85,2660460.25,,
3259,6-triflatequinoline,"1c, 6-OTf-Q",1.0,0.0004,"2c, Trifluoroborate",1.0,Pd(OAc)2,0.0625,CataCXium A,0.125,K3PO4,2.5,THF,30.48,5469565.0,,
3260,6-triflatequinoline,"1c, 6-OTf-Q",1.0,0.0004,"2c, Trifluoroborate",1.0,Pd(OAc)2,0.0625,SPhos,0.125,K3PO4,2.5,THF,24.7,4782992.5,,
3261,6-triflatequinoline,"1c, 6-OTf-Q",1.0,0.0004,"2c, Trifluoroborate",1.0,Pd(OAc)2,0.0625,dtbpf,0.125,K3PO4,2.5,THF,32.03,6342952.0,,
3262,6-triflatequinoline,"1c, 6-OTf-Q",1.0,0.0004,"2c, Trifluoroborate",1.0,Pd(OAc)2,0.0625,XPhos,0.125,K3PO4,2.5,THF,32.07,8386388.5,,
3263,6-triflatequinoline,"1c, 6-OTf-Q",1.0,0.0004,"2c, Trifluoroborate",1.0,Pd(OAc)2,0.0625,dppf,0.125,K3PO4,2.5,THF,74.65,14048064.0,,
3264,6-triflatequinoline,"1c, 6-OTf-Q",1.0,0.0004,"2c, Trifluoroborate",1.0,Pd(OAc)2,0.0625,Xantphos,0.125,K3PO4,2.5,THF,13.27,704306.0,,
3265,6-triflatequinoline,"1c, 6-OTf-Q",1.0,0.0004,"2c, Trifluoroborate",1.0,Pd(OAc)2,0.0625,,,,2.5,DMF,16.31,52484.77,,
3266,6-triflatequinoline,"1c, 6-OTf-Q",1.0,0.0004,"2c, Trifluoroborate",1.0,Pd(OAc)2,0.0625,P(tBu)3,0.125,,2.5,DMF,11.29,207518.22,,
3267,6-triflatequinoline,"1c, 6-OTf-Q",1.0,0.0004,"2c, Trifluoroborate",1.0,Pd(OAc)2,0.0625,P(Ph)3 ,0.125,,2.5,DMF,15.14,755833.25,,
3268,6-triflatequinoline,"1c, 6-OTf-Q",1.0,0.0004,"2c, Trifluoroborate",1.0,Pd(OAc)2,0.0625,AmPhos,0.125,,2.5,DMF,10.53,444812.97,,
3269,6-triflatequinoline,"1c, 6-OTf-Q",1.0,0.0004,"2c, Trifluoroborate",1.0,Pd(OAc)2,0.0625,P(Cy)3,0.125,,2.5,DMF,11.98,173021.58,,
3270,6-triflatequinoline,"1c, 6-OTf-Q",1.0,0.0004,"2c, Trifluoroborate",1.0,Pd(OAc)2,0.0625,P(o-Tol)3,0.125,,2.5,DMF,12.1,700686.5,,
3271,6-triflatequinoline,"1c, 6-OTf-Q",1.0,0.0004,"2c, Trifluoroborate",1.0,Pd(OAc)2,0.0625,CataCXium A,0.125,,2.5,DMF,12.05,213165.63,,
3272,6-triflatequinoline,"1c, 6-OTf-Q",1.0,0.0004,"2c, Trifluoroborate",1.0,Pd(OAc)2,0.0625,SPhos,0.125,,2.5,DMF,12.21,259159.48,,
3273,6-triflatequinoline,"1c, 6-OTf-Q",1.0,0.0004,"2c, Trifluoroborate",1.0,Pd(OAc)2,0.0625,dtbpf,0.125,,2.5,DMF,16.18,522593.06,,
3274,6-triflatequinoline,"1c, 6-OTf-Q",1.0,0.0004,"2c, Trifluoroborate",1.0,Pd(OAc)2,0.0625,XPhos,0.125,,2.5,DMF,14.92,78142.2,,
3275,6-triflatequinoline,"1c, 6-OTf-Q",1.0,0.0004,"2c, Trifluoroborate",1.0,Pd(OAc)2,0.0625,dppf,0.125,,2.5,DMF,22.91,133837.34,,
3276,6-triflatequinoline,"1c, 6-OTf-Q",1.0,0.0004,"2c, Trifluoroborate",1.0,Pd(OAc)2,0.0625,Xantphos,0.125,,2.5,DMF,19.15,62210.96,,
3277,6-triflatequinoline,"1c, 6-OTf-Q",1.0,0.0004,"2c, Trifluoroborate",1.0,Pd(OAc)2,0.0625,,,NaOH,2.5,DMF,20.62,66098.46,,
3278,6-triflatequinoline,"1c, 6-OTf-Q",1.0,0.0004,"2c, Trifluoroborate",1.0,Pd(OAc)2,0.0625,P(tBu)3,0.125,NaOH,2.5,DMF,18.78,103705.48,,
3279,6-triflatequinoline,"1c, 6-OTf-Q",1.0,0.0004,"2c, Trifluoroborate",1.0,Pd(OAc)2,0.0625,P(Ph)3 ,0.125,NaOH,2.5,DMF,19.48,260763.91,,
3280,6-triflatequinoline,"1c, 6-OTf-Q",1.0,0.0004,"2c, Trifluoroborate",1.0,Pd(OAc)2,0.0625,AmPhos,0.125,NaOH,2.5,DMF,17.79,145612.25,,
3281,6-triflatequinoline,"1c, 6-OTf-Q",1.0,0.0004,"2c, Trifluoroborate",1.0,Pd(OAc)2,0.0625,P(Cy)3,0.125,NaOH,2.5,DMF,19.5,119955.02,,
3282,6-triflatequinoline,"1c, 6-OTf-Q",1.0,0.0004,"2c, Trifluoroborate",1.0,Pd(OAc)2,0.0625,P(o-Tol)3,0.125,NaOH,2.5,DMF,17.96,105914.03,,
3283,6-triflatequinoline,"1c, 6-OTf-Q",1.0,0.0004,"2c, Trifluoroborate",1.0,Pd(OAc)2,0.0625,CataCXium A,0.125,NaOH,2.5,DMF,18.41,85394.49,,
3284,6-triflatequinoline,"1c, 6-OTf-Q",1.0,0.0004,"2c, Trifluoroborate",1.0,Pd(OAc)2,0.0625,SPhos,0.125,NaOH,2.5,DMF,17.82,70897.91,,
3285,6-triflatequinoline,"1c, 6-OTf-Q",1.0,0.0004,"2c, Trifluoroborate",1.0,Pd(OAc)2,0.0625,dtbpf,0.125,NaOH,2.5,DMF,23.73,121644.82,,
3286,6-triflatequinoline,"1c, 6-OTf-Q",1.0,0.0004,"2c, Trifluoroborate",1.0,Pd(OAc)2,0.0625,XPhos,0.125,NaOH,2.5,DMF,20.84,73193.86,,
3287,6-triflatequinoline,"1c, 6-OTf-Q",1.0,0.0004,"2c, Trifluoroborate",1.0,Pd(OAc)2,0.0625,dppf,0.125,NaOH,2.5,DMF,19.94,34462.49,,
3288,6-triflatequinoline,"1c, 6-OTf-Q",1.0,0.0004,"2c, Trifluoroborate",1.0,Pd(OAc)2,0.0625,Xantphos,0.125,NaOH,2.5,DMF,17.26,63816.98,,
3289,6-triflatequinoline,"1c, 6-OTf-Q",1.0,0.0004,"2c, Trifluoroborate",1.0,Pd(OAc)2,0.0625,,,KOH,2.5,DMF,12.16,55162.0,,
3290,6-triflatequinoline,"1c, 6-OTf-Q",1.0,0.0004,"2c, Trifluoroborate",1.0,Pd(OAc)2,0.0625,P(tBu)3,0.125,KOH,2.5,DMF,18.27,88422.25,,
3291,6-triflatequinoline,"1c, 6-OTf-Q",1.0,0.0004,"2c, Trifluoroborate",1.0,Pd(OAc)2,0.0625,P(Ph)3 ,0.125,KOH,2.5,DMF,11.77,185320.91,,
3292,6-triflatequinoline,"1c, 6-OTf-Q",1.0,0.0004,"2c, Trifluoroborate",1.0,Pd(OAc)2,0.0625,AmPhos,0.125,KOH,2.5,DMF,11.43,163013.44,,
3293,6-triflatequinoline,"1c, 6-OTf-Q",1.0,0.0004,"2c, Trifluoroborate",1.0,Pd(OAc)2,0.0625,P(Cy)3,0.125,KOH,2.5,DMF,14.02,376664.59,,
3294,6-triflatequinoline,"1c, 6-OTf-Q",1.0,0.0004,"2c, Trifluoroborate",1.0,Pd(OAc)2,0.0625,P(o-Tol)3,0.125,KOH,2.5,DMF,11.74,117513.19,,
3295,6-triflatequinoline,"1c, 6-OTf-Q",1.0,0.0004,"2c, Trifluoroborate",1.0,Pd(OAc)2,0.0625,CataCXium A,0.125,KOH,2.5,DMF,12.2,46816.61,,
3296,6-triflatequinoline,"1c, 6-OTf-Q",1.0,0.0004,"2c, Trifluoroborate",1.0,Pd(OAc)2,0.0625,SPhos,0.125,KOH,2.5,DMF,11.94,84855.15,,
3297,6-triflatequinoline,"1c, 6-OTf-Q",1.0,0.0004,"2c, Trifluoroborate",1.0,Pd(OAc)2,0.0625,dtbpf,0.125,KOH,2.5,DMF,13.78,99639.42,,
3298,6-triflatequinoline,"1c, 6-OTf-Q",1.0,0.0004,"2c, Trifluoroborate",1.0,Pd(OAc)2,0.0625,XPhos,0.125,KOH,2.5,DMF,23.37,44439.65,,
3299,6-triflatequinoline,"1c, 6-OTf-Q",1.0,0.0004,"2c, Trifluoroborate",1.0,Pd(OAc)2,0.0625,dppf,0.125,KOH,2.5,DMF,17.0,34314.83,,
3300,6-triflatequinoline,"1c, 6-OTf-Q",1.0,0.0004,"2c, Trifluoroborate",1.0,Pd(OAc)2,0.0625,Xantphos,0.125,KOH,2.5,DMF,12.8,498438.38,,
3301,6-triflatequinoline,"1c, 6-OTf-Q",1.0,0.0004,"2c, Trifluoroborate",1.0,Pd(OAc)2,0.0625,,,LiOtBu,2.5,DMF,14.72,60607.37,,
3302,6-triflatequinoline,"1c, 6-OTf-Q",1.0,0.0004,"2c, Trifluoroborate",1.0,Pd(OAc)2,0.0625,P(tBu)3,0.125,LiOtBu,2.5,DMF,12.38,67333.41,,
3303,6-triflatequinoline,"1c, 6-OTf-Q",1.0,0.0004,"2c, Trifluoroborate",1.0,Pd(OAc)2,0.0625,P(Ph)3 ,0.125,LiOtBu,2.5,DMF,13.1,410423.06,,
3304,6-triflatequinoline,"1c, 6-OTf-Q",1.0,0.0004,"2c, Trifluoroborate",1.0,Pd(OAc)2,0.0625,AmPhos,0.125,LiOtBu,2.5,DMF,10.49,95711.54,,
3305,6-triflatequinoline,"1c, 6-OTf-Q",1.0,0.0004,"2c, Trifluoroborate",1.0,Pd(OAc)2,0.0625,P(Cy)3,0.125,LiOtBu,2.5,DMF,11.45,45296.6,,
3306,6-triflatequinoline,"1c, 6-OTf-Q",1.0,0.0004,"2c, Trifluoroborate",1.0,Pd(OAc)2,0.0625,P(o-Tol)3,0.125,LiOtBu,2.5,DMF,11.47,60785.69,,
3307,6-triflatequinoline,"1c, 6-OTf-Q",1.0,0.0004,"2c, Trifluoroborate",1.0,Pd(OAc)2,0.0625,CataCXium A,0.125,LiOtBu,2.5,DMF,15.88,89927.71,,
3308,6-triflatequinoline,"1c, 6-OTf-Q",1.0,0.0004,"2c, Trifluoroborate",1.0,Pd(OAc)2,0.0625,SPhos,0.125,LiOtBu,2.5,DMF,11.18,60467.23,,
3309,6-triflatequinoline,"1c, 6-OTf-Q",1.0,0.0004,"2c, Trifluoroborate",1.0,Pd(OAc)2,0.0625,dtbpf,0.125,LiOtBu,2.5,DMF,25.71,0.0,,
3310,6-triflatequinoline,"1c, 6-OTf-Q",1.0,0.0004,"2c, Trifluoroborate",1.0,Pd(OAc)2,0.0625,XPhos,0.125,LiOtBu,2.5,DMF,11.72,44385.07,,
3311,6-triflatequinoline,"1c, 6-OTf-Q",1.0,0.0004,"2c, Trifluoroborate",1.0,Pd(OAc)2,0.0625,dppf,0.125,LiOtBu,2.5,DMF,16.75,213241.38,,
3312,6-triflatequinoline,"1c, 6-OTf-Q",1.0,0.0004,"2c, Trifluoroborate",1.0,Pd(OAc)2,0.0625,Xantphos,0.125,LiOtBu,2.5,DMF,12.91,84640.5,,
3313,6-triflatequinoline,"1c, 6-OTf-Q",1.0,0.0004,"2c, Trifluoroborate",1.0,Pd(OAc)2,0.0625,,,NaHCO3,2.5,DMF,23.44,36696.28,,
3314,6-triflatequinoline,"1c, 6-OTf-Q",1.0,0.0004,"2c, Trifluoroborate",1.0,Pd(OAc)2,0.0625,P(tBu)3,0.125,NaHCO3,2.5,DMF,11.78,197567.72,,
3315,6-triflatequinoline,"1c, 6-OTf-Q",1.0,0.0004,"2c, Trifluoroborate",1.0,Pd(OAc)2,0.0625,P(Ph)3 ,0.125,NaHCO3,2.5,DMF,14.49,196816.86,,
3316,6-triflatequinoline,"1c, 6-OTf-Q",1.0,0.0004,"2c, Trifluoroborate",1.0,Pd(OAc)2,0.0625,AmPhos,0.125,NaHCO3,2.5,DMF,11.21,143321.19,,
3317,6-triflatequinoline,"1c, 6-OTf-Q",1.0,0.0004,"2c, Trifluoroborate",1.0,Pd(OAc)2,0.0625,P(Cy)3,0.125,NaHCO3,2.5,DMF,20.77,107962.27,,
3318,6-triflatequinoline,"1c, 6-OTf-Q",1.0,0.0004,"2c, Trifluoroborate",1.0,Pd(OAc)2,0.0625,P(o-Tol)3,0.125,NaHCO3,2.5,DMF,12.2,90793.84,,
3319,6-triflatequinoline,"1c, 6-OTf-Q",1.0,0.0004,"2c, Trifluoroborate",1.0,Pd(OAc)2,0.0625,CataCXium A,0.125,NaHCO3,2.5,DMF,13.04,135485.53,,
3320,6-triflatequinoline,"1c, 6-OTf-Q",1.0,0.0004,"2c, Trifluoroborate",1.0,Pd(OAc)2,0.0625,SPhos,0.125,NaHCO3,2.5,DMF,11.9,88343.05,,
3321,6-triflatequinoline,"1c, 6-OTf-Q",1.0,0.0004,"2c, Trifluoroborate",1.0,Pd(OAc)2,0.0625,dtbpf,0.125,NaHCO3,2.5,DMF,15.23,64063.61,,
3322,6-triflatequinoline,"1c, 6-OTf-Q",1.0,0.0004,"2c, Trifluoroborate",1.0,Pd(OAc)2,0.0625,XPhos,0.125,NaHCO3,2.5,DMF,14.73,120814.13,,
3323,6-triflatequinoline,"1c, 6-OTf-Q",1.0,0.0004,"2c, Trifluoroborate",1.0,Pd(OAc)2,0.0625,dppf,0.125,NaHCO3,2.5,DMF,18.02,95606.0,,
3324,6-triflatequinoline,"1c, 6-OTf-Q",1.0,0.0004,"2c, Trifluoroborate",1.0,Pd(OAc)2,0.0625,Xantphos,0.125,NaHCO3,2.5,DMF,13.23,63220.54,,
3325,6-triflatequinoline,"1c, 6-OTf-Q",1.0,0.0004,"2c, Trifluoroborate",1.0,Pd(OAc)2,0.0625,,,Et3N,2.5,DMF,32.42,33481.48,,
3326,6-triflatequinoline,"1c, 6-OTf-Q",1.0,0.0004,"2c, Trifluoroborate",1.0,Pd(OAc)2,0.0625,P(tBu)3,0.125,Et3N,2.5,DMF,28.73,80334.14,,
3327,6-triflatequinoline,"1c, 6-OTf-Q",1.0,0.0004,"2c, Trifluoroborate",1.0,Pd(OAc)2,0.0625,P(Ph)3 ,0.125,Et3N,2.5,DMF,31.17,152449.97,,
3328,6-triflatequinoline,"1c, 6-OTf-Q",1.0,0.0004,"2c, Trifluoroborate",1.0,Pd(OAc)2,0.0625,AmPhos,0.125,Et3N,2.5,DMF,11.48,273014.56,,
3329,6-triflatequinoline,"1c, 6-OTf-Q",1.0,0.0004,"2c, Trifluoroborate",1.0,Pd(OAc)2,0.0625,P(Cy)3,0.125,Et3N,2.5,DMF,29.54,55034.2,,
3330,6-triflatequinoline,"1c, 6-OTf-Q",1.0,0.0004,"2c, Trifluoroborate",1.0,Pd(OAc)2,0.0625,P(o-Tol)3,0.125,Et3N,2.5,DMF,13.88,335074.69,,
3331,6-triflatequinoline,"1c, 6-OTf-Q",1.0,0.0004,"2c, Trifluoroborate",1.0,Pd(OAc)2,0.0625,CataCXium A,0.125,Et3N,2.5,DMF,30.18,66946.82,,
3332,6-triflatequinoline,"1c, 6-OTf-Q",1.0,0.0004,"2c, Trifluoroborate",1.0,Pd(OAc)2,0.0625,SPhos,0.125,Et3N,2.5,DMF,12.93,97469.54,,
3333,6-triflatequinoline,"1c, 6-OTf-Q",1.0,0.0004,"2c, Trifluoroborate",1.0,Pd(OAc)2,0.0625,dtbpf,0.125,Et3N,2.5,DMF,16.48,100602.95,,
3334,6-triflatequinoline,"1c, 6-OTf-Q",1.0,0.0004,"2c, Trifluoroborate",1.0,Pd(OAc)2,0.0625,XPhos,0.125,Et3N,2.5,DMF,16.19,85252.77,,
3335,6-triflatequinoline,"1c, 6-OTf-Q",1.0,0.0004,"2c, Trifluoroborate",1.0,Pd(OAc)2,0.0625,dppf,0.125,Et3N,2.5,DMF,20.16,170310.7,,
3336,6-triflatequinoline,"1c, 6-OTf-Q",1.0,0.0004,"2c, Trifluoroborate",1.0,Pd(OAc)2,0.0625,Xantphos,0.125,Et3N,2.5,DMF,13.42,66054.65,,
3337,6-triflatequinoline,"1c, 6-OTf-Q",1.0,0.0004,"2c, Trifluoroborate",1.0,Pd(OAc)2,0.0625,,,CsF,2.5,DMF,36.91,94336.32,,
3338,6-triflatequinoline,"1c, 6-OTf-Q",1.0,0.0004,"2c, Trifluoroborate",1.0,Pd(OAc)2,0.0625,P(tBu)3,0.125,CsF,2.5,DMF,11.67,129276.08,,
3339,6-triflatequinoline,"1c, 6-OTf-Q",1.0,0.0004,"2c, Trifluoroborate",1.0,Pd(OAc)2,0.0625,P(Ph)3 ,0.125,CsF,2.5,DMF,32.48,153888.14,,
3340,6-triflatequinoline,"1c, 6-OTf-Q",1.0,0.0004,"2c, Trifluoroborate",1.0,Pd(OAc)2,0.0625,AmPhos,0.125,CsF,2.5,DMF,10.88,262319.72,,
3341,6-triflatequinoline,"1c, 6-OTf-Q",1.0,0.0004,"2c, Trifluoroborate",1.0,Pd(OAc)2,0.0625,P(Cy)3,0.125,CsF,2.5,DMF,13.65,99146.76,,
3342,6-triflatequinoline,"1c, 6-OTf-Q",1.0,0.0004,"2c, Trifluoroborate",1.0,Pd(OAc)2,0.0625,P(o-Tol)3,0.125,CsF,2.5,DMF,12.8,223271.97,,
3343,6-triflatequinoline,"1c, 6-OTf-Q",1.0,0.0004,"2c, Trifluoroborate",1.0,Pd(OAc)2,0.0625,CataCXium A,0.125,CsF,2.5,DMF,14.05,241115.64,,
3344,6-triflatequinoline,"1c, 6-OTf-Q",1.0,0.0004,"2c, Trifluoroborate",1.0,Pd(OAc)2,0.0625,SPhos,0.125,CsF,2.5,DMF,12.53,145464.3,,
3345,6-triflatequinoline,"1c, 6-OTf-Q",1.0,0.0004,"2c, Trifluoroborate",1.0,Pd(OAc)2,0.0625,dtbpf,0.125,CsF,2.5,DMF,34.92,67108.77,,
3346,6-triflatequinoline,"1c, 6-OTf-Q",1.0,0.0004,"2c, Trifluoroborate",1.0,Pd(OAc)2,0.0625,XPhos,0.125,CsF,2.5,DMF,33.09,78088.88,,
3347,6-triflatequinoline,"1c, 6-OTf-Q",1.0,0.0004,"2c, Trifluoroborate",1.0,Pd(OAc)2,0.0625,dppf,0.125,CsF,2.5,DMF,17.28,295616.28,,
3348,6-triflatequinoline,"1c, 6-OTf-Q",1.0,0.0004,"2c, Trifluoroborate",1.0,Pd(OAc)2,0.0625,Xantphos,0.125,CsF,2.5,DMF,12.86,103929.89,,
3349,6-triflatequinoline,"1c, 6-OTf-Q",1.0,0.0004,"2c, Trifluoroborate",1.0,Pd(OAc)2,0.0625,,,K3PO4,2.5,DMF,12.9,119631.16,,
3350,6-triflatequinoline,"1c, 6-OTf-Q",1.0,0.0004,"2c, Trifluoroborate",1.0,Pd(OAc)2,0.0625,P(tBu)3,0.125,K3PO4,2.5,DMF,11.86,139696.25,,
3351,6-triflatequinoline,"1c, 6-OTf-Q",1.0,0.0004,"2c, Trifluoroborate",1.0,Pd(OAc)2,0.0625,P(Ph)3 ,0.125,K3PO4,2.5,DMF,13.7,321964.44,,
3352,6-triflatequinoline,"1c, 6-OTf-Q",1.0,0.0004,"2c, Trifluoroborate",1.0,Pd(OAc)2,0.0625,AmPhos,0.125,K3PO4,2.5,DMF,11.93,334099.16,,
3353,6-triflatequinoline,"1c, 6-OTf-Q",1.0,0.0004,"2c, Trifluoroborate",1.0,Pd(OAc)2,0.0625,P(Cy)3,0.125,K3PO4,2.5,DMF,11.79,87200.37,,
3354,6-triflatequinoline,"1c, 6-OTf-Q",1.0,0.0004,"2c, Trifluoroborate",1.0,Pd(OAc)2,0.0625,P(o-Tol)3,0.125,K3PO4,2.5,DMF,25.41,83982.63,,
3355,6-triflatequinoline,"1c, 6-OTf-Q",1.0,0.0004,"2c, Trifluoroborate",1.0,Pd(OAc)2,0.0625,CataCXium A,0.125,K3PO4,2.5,DMF,33.14,59737.5,,
3356,6-triflatequinoline,"1c, 6-OTf-Q",1.0,0.0004,"2c, Trifluoroborate",1.0,Pd(OAc)2,0.0625,SPhos,0.125,K3PO4,2.5,DMF,12.96,109714.74,,
3357,6-triflatequinoline,"1c, 6-OTf-Q",1.0,0.0004,"2c, Trifluoroborate",1.0,Pd(OAc)2,0.0625,dtbpf,0.125,K3PO4,2.5,DMF,16.49,89183.12,,
3358,6-triflatequinoline,"1c, 6-OTf-Q",1.0,0.0004,"2c, Trifluoroborate",1.0,Pd(OAc)2,0.0625,XPhos,0.125,K3PO4,2.5,DMF,35.78,32389.51,,
3359,6-triflatequinoline,"1c, 6-OTf-Q",1.0,0.0004,"2c, Trifluoroborate",1.0,Pd(OAc)2,0.0625,dppf,0.125,K3PO4,2.5,DMF,43.66,41039.09,,
3360,6-triflatequinoline,"1c, 6-OTf-Q",1.0,0.0004,"2c, Trifluoroborate",1.0,Pd(OAc)2,0.0625,Xantphos,0.125,K3PO4,2.5,DMF,13.52,66872.69,,
3361,6-triflatequinoline,"1c, 6-OTf-Q",1.0,0.0004,"2c, Trifluoroborate",1.0,Pd(OAc)2,0.0625,,,,2.5,MeOH,19.99,0.0,,
3362,6-triflatequinoline,"1c, 6-OTf-Q",1.0,0.0004,"2c, Trifluoroborate",1.0,Pd(OAc)2,0.0625,P(tBu)3,0.125,,2.5,MeOH,24.57,6192443.0,,
3363,6-triflatequinoline,"1c, 6-OTf-Q",1.0,0.0004,"2c, Trifluoroborate",1.0,Pd(OAc)2,0.0625,P(Ph)3 ,0.125,,2.5,MeOH,48.08,11601735.0,,
3364,6-triflatequinoline,"1c, 6-OTf-Q",1.0,0.0004,"2c, Trifluoroborate",1.0,Pd(OAc)2,0.0625,AmPhos,0.125,,2.5,MeOH,54.99,15230014.0,,
3365,6-triflatequinoline,"1c, 6-OTf-Q",1.0,0.0004,"2c, Trifluoroborate",1.0,Pd(OAc)2,0.0625,P(Cy)3,0.125,,2.5,MeOH,26.1,6518785.5,,
3366,6-triflatequinoline,"1c, 6-OTf-Q",1.0,0.0004,"2c, Trifluoroborate",1.0,Pd(OAc)2,0.0625,P(o-Tol)3,0.125,,2.5,MeOH,38.2,9957023.0,,
3367,6-triflatequinoline,"1c, 6-OTf-Q",1.0,0.0004,"2c, Trifluoroborate",1.0,Pd(OAc)2,0.0625,CataCXium A,0.125,,2.5,MeOH,71.95,15638682.0,,
3368,6-triflatequinoline,"1c, 6-OTf-Q",1.0,0.0004,"2c, Trifluoroborate",1.0,Pd(OAc)2,0.0625,SPhos,0.125,,2.5,MeOH,25.89,6703877.5,,
3369,6-triflatequinoline,"1c, 6-OTf-Q",1.0,0.0004,"2c, Trifluoroborate",1.0,Pd(OAc)2,0.0625,dtbpf,0.125,,2.5,MeOH,21.16,3217771.75,,
3370,6-triflatequinoline,"1c, 6-OTf-Q",1.0,0.0004,"2c, Trifluoroborate",1.0,Pd(OAc)2,0.0625,XPhos,0.125,,2.5,MeOH,27.69,5403098.5,,
3371,6-triflatequinoline,"1c, 6-OTf-Q",1.0,0.0004,"2c, Trifluoroborate",1.0,Pd(OAc)2,0.0625,dppf,0.125,,2.5,MeOH,28.32,4801608.0,,
3372,6-triflatequinoline,"1c, 6-OTf-Q",1.0,0.0004,"2c, Trifluoroborate",1.0,Pd(OAc)2,0.0625,Xantphos,0.125,,2.5,MeOH,14.64,929345.56,,
3373,6-triflatequinoline,"1c, 6-OTf-Q",1.0,0.0004,"2c, Trifluoroborate",1.0,Pd(OAc)2,0.0625,,,NaOH,2.5,MeOH,43.69,9391256.0,,
3374,6-triflatequinoline,"1c, 6-OTf-Q",1.0,0.0004,"2c, Trifluoroborate",1.0,Pd(OAc)2,0.0625,P(tBu)3,0.125,NaOH,2.5,MeOH,23.77,5804549.0,,
3375,6-triflatequinoline,"1c, 6-OTf-Q",1.0,0.0004,"2c, Trifluoroborate",1.0,Pd(OAc)2,0.0625,P(Ph)3 ,0.125,NaOH,2.5,MeOH,72.56,16326479.0,,
3376,6-triflatequinoline,"1c, 6-OTf-Q",1.0,0.0004,"2c, Trifluoroborate",1.0,Pd(OAc)2,0.0625,AmPhos,0.125,NaOH,2.5,MeOH,39.11,9902390.0,,
3377,6-triflatequinoline,"1c, 6-OTf-Q",1.0,0.0004,"2c, Trifluoroborate",1.0,Pd(OAc)2,0.0625,P(Cy)3,0.125,NaOH,2.5,MeOH,61.53,14378329.0,,
3378,6-triflatequinoline,"1c, 6-OTf-Q",1.0,0.0004,"2c, Trifluoroborate",1.0,Pd(OAc)2,0.0625,P(o-Tol)3,0.125,NaOH,2.5,MeOH,35.64,8907001.0,,
3379,6-triflatequinoline,"1c, 6-OTf-Q",1.0,0.0004,"2c, Trifluoroborate",1.0,Pd(OAc)2,0.0625,CataCXium A,0.125,NaOH,2.5,MeOH,35.27,6439333.5,,
3380,6-triflatequinoline,"1c, 6-OTf-Q",1.0,0.0004,"2c, Trifluoroborate",1.0,Pd(OAc)2,0.0625,SPhos,0.125,NaOH,2.5,MeOH,47.03,11240668.0,,
3381,6-triflatequinoline,"1c, 6-OTf-Q",1.0,0.0004,"2c, Trifluoroborate",1.0,Pd(OAc)2,0.0625,dtbpf,0.125,NaOH,2.5,MeOH,39.17,6500163.5,,
3382,6-triflatequinoline,"1c, 6-OTf-Q",1.0,0.0004,"2c, Trifluoroborate",1.0,Pd(OAc)2,0.0625,XPhos,0.125,NaOH,2.5,MeOH,51.17,10677923.0,,
3383,6-triflatequinoline,"1c, 6-OTf-Q",1.0,0.0004,"2c, Trifluoroborate",1.0,Pd(OAc)2,0.0625,dppf,0.125,NaOH,2.5,MeOH,60.68,11128142.0,,
3384,6-triflatequinoline,"1c, 6-OTf-Q",1.0,0.0004,"2c, Trifluoroborate",1.0,Pd(OAc)2,0.0625,Xantphos,0.125,NaOH,2.5,MeOH,18.96,3273377.5,,
3385,6-triflatequinoline,"1c, 6-OTf-Q",1.0,0.0004,"2c, Trifluoroborate",1.0,Pd(OAc)2,0.0625,,,KOH,2.5,MeOH,43.88,9263078.0,,
3386,6-triflatequinoline,"1c, 6-OTf-Q",1.0,0.0004,"2c, Trifluoroborate",1.0,Pd(OAc)2,0.0625,P(tBu)3,0.125,KOH,2.5,MeOH,20.76,4572438.5,,
3387,6-triflatequinoline,"1c, 6-OTf-Q",1.0,0.0004,"2c, Trifluoroborate",1.0,Pd(OAc)2,0.0625,P(Ph)3 ,0.125,KOH,2.5,MeOH,73.52,16560959.0,,
3388,6-triflatequinoline,"1c, 6-OTf-Q",1.0,0.0004,"2c, Trifluoroborate",1.0,Pd(OAc)2,0.0625,AmPhos,0.125,KOH,2.5,MeOH,30.22,7497970.0,,
3389,6-triflatequinoline,"1c, 6-OTf-Q",1.0,0.0004,"2c, Trifluoroborate",1.0,Pd(OAc)2,0.0625,P(Cy)3,0.125,KOH,2.5,MeOH,49.15,11134760.0,,
3390,6-triflatequinoline,"1c, 6-OTf-Q",1.0,0.0004,"2c, Trifluoroborate",1.0,Pd(OAc)2,0.0625,P(o-Tol)3,0.125,KOH,2.5,MeOH,37.72,9991068.0,,
3391,6-triflatequinoline,"1c, 6-OTf-Q",1.0,0.0004,"2c, Trifluoroborate",1.0,Pd(OAc)2,0.0625,CataCXium A,0.125,KOH,2.5,MeOH,36.05,6639140.0,,
3392,6-triflatequinoline,"1c, 6-OTf-Q",1.0,0.0004,"2c, Trifluoroborate",1.0,Pd(OAc)2,0.0625,SPhos,0.125,KOH,2.5,MeOH,45.38,11397075.0,,
3393,6-triflatequinoline,"1c, 6-OTf-Q",1.0,0.0004,"2c, Trifluoroborate",1.0,Pd(OAc)2,0.0625,dtbpf,0.125,KOH,2.5,MeOH,34.61,5639326.0,,
3394,6-triflatequinoline,"1c, 6-OTf-Q",1.0,0.0004,"2c, Trifluoroborate",1.0,Pd(OAc)2,0.0625,XPhos,0.125,KOH,2.5,MeOH,47.38,10061720.0,,
3395,6-triflatequinoline,"1c, 6-OTf-Q",1.0,0.0004,"2c, Trifluoroborate",1.0,Pd(OAc)2,0.0625,dppf,0.125,KOH,2.5,MeOH,61.34,11813812.0,,
3396,6-triflatequinoline,"1c, 6-OTf-Q",1.0,0.0004,"2c, Trifluoroborate",1.0,Pd(OAc)2,0.0625,Xantphos,0.125,KOH,2.5,MeOH,20.34,3809752.0,,
3397,6-triflatequinoline,"1c, 6-OTf-Q",1.0,0.0004,"2c, Trifluoroborate",1.0,Pd(OAc)2,0.0625,,,LiOtBu,2.5,MeOH,46.07,10875223.0,,
3398,6-triflatequinoline,"1c, 6-OTf-Q",1.0,0.0004,"2c, Trifluoroborate",1.0,Pd(OAc)2,0.0625,P(tBu)3,0.125,LiOtBu,2.5,MeOH,20.85,3479252.0,,
3399,6-triflatequinoline,"1c, 6-OTf-Q",1.0,0.0004,"2c, Trifluoroborate",1.0,Pd(OAc)2,0.0625,P(Ph)3 ,0.125,LiOtBu,2.5,MeOH,74.41,16201347.0,,
3400,6-triflatequinoline,"1c, 6-OTf-Q",1.0,0.0004,"2c, Trifluoroborate",1.0,Pd(OAc)2,0.0625,AmPhos,0.125,LiOtBu,2.5,MeOH,25.49,6816924.0,,
3401,6-triflatequinoline,"1c, 6-OTf-Q",1.0,0.0004,"2c, Trifluoroborate",1.0,Pd(OAc)2,0.0625,P(Cy)3,0.125,LiOtBu,2.5,MeOH,47.92,11257685.0,,
3402,6-triflatequinoline,"1c, 6-OTf-Q",1.0,0.0004,"2c, Trifluoroborate",1.0,Pd(OAc)2,0.0625,P(o-Tol)3,0.125,LiOtBu,2.5,MeOH,31.78,8324766.5,,
3403,6-triflatequinoline,"1c, 6-OTf-Q",1.0,0.0004,"2c, Trifluoroborate",1.0,Pd(OAc)2,0.0625,CataCXium A,0.125,LiOtBu,2.5,MeOH,29.21,5023217.0,,
3404,6-triflatequinoline,"1c, 6-OTf-Q",1.0,0.0004,"2c, Trifluoroborate",1.0,Pd(OAc)2,0.0625,SPhos,0.125,LiOtBu,2.5,MeOH,50.69,12189831.0,,
3405,6-triflatequinoline,"1c, 6-OTf-Q",1.0,0.0004,"2c, Trifluoroborate",1.0,Pd(OAc)2,0.0625,dtbpf,0.125,LiOtBu,2.5,MeOH,32.73,4867930.5,,
3406,6-triflatequinoline,"1c, 6-OTf-Q",1.0,0.0004,"2c, Trifluoroborate",1.0,Pd(OAc)2,0.0625,XPhos,0.125,LiOtBu,2.5,MeOH,43.22,9587194.0,,
3407,6-triflatequinoline,"1c, 6-OTf-Q",1.0,0.0004,"2c, Trifluoroborate",1.0,Pd(OAc)2,0.0625,dppf,0.125,LiOtBu,2.5,MeOH,59.06,11291736.0,,
3408,6-triflatequinoline,"1c, 6-OTf-Q",1.0,0.0004,"2c, Trifluoroborate",1.0,Pd(OAc)2,0.0625,Xantphos,0.125,LiOtBu,2.5,MeOH,21.75,4776282.5,,
3409,6-triflatequinoline,"1c, 6-OTf-Q",1.0,0.0004,"2c, Trifluoroborate",1.0,Pd(OAc)2,0.0625,,,NaHCO3,2.5,MeOH,40.22,9261571.0,,
3410,6-triflatequinoline,"1c, 6-OTf-Q",1.0,0.0004,"2c, Trifluoroborate",1.0,Pd(OAc)2,0.0625,P(tBu)3,0.125,NaHCO3,2.5,MeOH,21.32,3699805.75,,
3411,6-triflatequinoline,"1c, 6-OTf-Q",1.0,0.0004,"2c, Trifluoroborate",1.0,Pd(OAc)2,0.0625,P(Ph)3 ,0.125,NaHCO3,2.5,MeOH,83.66,19674762.0,,
3412,6-triflatequinoline,"1c, 6-OTf-Q",1.0,0.0004,"2c, Trifluoroborate",1.0,Pd(OAc)2,0.0625,AmPhos,0.125,NaHCO3,2.5,MeOH,36.82,8752160.0,,
3413,6-triflatequinoline,"1c, 6-OTf-Q",1.0,0.0004,"2c, Trifluoroborate",1.0,Pd(OAc)2,0.0625,P(Cy)3,0.125,NaHCO3,2.5,MeOH,63.05,13704613.0,,
3414,6-triflatequinoline,"1c, 6-OTf-Q",1.0,0.0004,"2c, Trifluoroborate",1.0,Pd(OAc)2,0.0625,P(o-Tol)3,0.125,NaHCO3,2.5,MeOH,37.05,8658535.0,,
3415,6-triflatequinoline,"1c, 6-OTf-Q",1.0,0.0004,"2c, Trifluoroborate",1.0,Pd(OAc)2,0.0625,CataCXium A,0.125,NaHCO3,2.5,MeOH,40.78,7677784.0,,
3416,6-triflatequinoline,"1c, 6-OTf-Q",1.0,0.0004,"2c, Trifluoroborate",1.0,Pd(OAc)2,0.0625,SPhos,0.125,NaHCO3,2.5,MeOH,53.28,13327422.0,,
3417,6-triflatequinoline,"1c, 6-OTf-Q",1.0,0.0004,"2c, Trifluoroborate",1.0,Pd(OAc)2,0.0625,dtbpf,0.125,NaHCO3,2.5,MeOH,15.86,4011399.75,,
3418,6-triflatequinoline,"1c, 6-OTf-Q",1.0,0.0004,"2c, Trifluoroborate",1.0,Pd(OAc)2,0.0625,XPhos,0.125,NaHCO3,2.5,MeOH,46.27,8917569.0,,
3419,6-triflatequinoline,"1c, 6-OTf-Q",1.0,0.0004,"2c, Trifluoroborate",1.0,Pd(OAc)2,0.0625,dppf,0.125,NaHCO3,2.5,MeOH,50.42,9905243.0,,
3420,6-triflatequinoline,"1c, 6-OTf-Q",1.0,0.0004,"2c, Trifluoroborate",1.0,Pd(OAc)2,0.0625,Xantphos,0.125,NaHCO3,2.5,MeOH,21.57,4867696.5,,
3421,6-triflatequinoline,"1c, 6-OTf-Q",1.0,0.0004,"2c, Trifluoroborate",1.0,Pd(OAc)2,0.0625,,,Et3N,2.5,MeOH,37.24,8596270.0,,
3422,6-triflatequinoline,"1c, 6-OTf-Q",1.0,0.0004,"2c, Trifluoroborate",1.0,Pd(OAc)2,0.0625,P(tBu)3,0.125,Et3N,2.5,MeOH,18.29,3004143.25,,
3423,6-triflatequinoline,"1c, 6-OTf-Q",1.0,0.0004,"2c, Trifluoroborate",1.0,Pd(OAc)2,0.0625,P(Ph)3 ,0.125,Et3N,2.5,MeOH,71.31,16358892.0,,
3424,6-triflatequinoline,"1c, 6-OTf-Q",1.0,0.0004,"2c, Trifluoroborate",1.0,Pd(OAc)2,0.0625,AmPhos,0.125,Et3N,2.5,MeOH,31.01,8136806.0,,
3425,6-triflatequinoline,"1c, 6-OTf-Q",1.0,0.0004,"2c, Trifluoroborate",1.0,Pd(OAc)2,0.0625,P(Cy)3,0.125,Et3N,2.5,MeOH,69.26,16245016.0,,
3426,6-triflatequinoline,"1c, 6-OTf-Q",1.0,0.0004,"2c, Trifluoroborate",1.0,Pd(OAc)2,0.0625,P(o-Tol)3,0.125,Et3N,2.5,MeOH,37.59,8672865.0,,
3427,6-triflatequinoline,"1c, 6-OTf-Q",1.0,0.0004,"2c, Trifluoroborate",1.0,Pd(OAc)2,0.0625,CataCXium A,0.125,Et3N,2.5,MeOH,37.91,7365617.0,,
3428,6-triflatequinoline,"1c, 6-OTf-Q",1.0,0.0004,"2c, Trifluoroborate",1.0,Pd(OAc)2,0.0625,SPhos,0.125,Et3N,2.5,MeOH,23.2,4513085.5,,
3429,6-triflatequinoline,"1c, 6-OTf-Q",1.0,0.0004,"2c, Trifluoroborate",1.0,Pd(OAc)2,0.0625,dtbpf,0.125,Et3N,2.5,MeOH,16.21,2721323.25,,
3430,6-triflatequinoline,"1c, 6-OTf-Q",1.0,0.0004,"2c, Trifluoroborate",1.0,Pd(OAc)2,0.0625,XPhos,0.125,Et3N,2.5,MeOH,30.62,6337991.0,,
3431,6-triflatequinoline,"1c, 6-OTf-Q",1.0,0.0004,"2c, Trifluoroborate",1.0,Pd(OAc)2,0.0625,dppf,0.125,Et3N,2.5,MeOH,35.99,6625696.5,,
3432,6-triflatequinoline,"1c, 6-OTf-Q",1.0,0.0004,"2c, Trifluoroborate",1.0,Pd(OAc)2,0.0625,Xantphos,0.125,Et3N,2.5,MeOH,13.43,472367.69,,
3433,6-triflatequinoline,"1c, 6-OTf-Q",1.0,0.0004,"2c, Trifluoroborate",1.0,Pd(OAc)2,0.0625,,,CsF,2.5,MeOH,41.07,8952107.0,,
3434,6-triflatequinoline,"1c, 6-OTf-Q",1.0,0.0004,"2c, Trifluoroborate",1.0,Pd(OAc)2,0.0625,P(tBu)3,0.125,CsF,2.5,MeOH,23.65,4747047.0,,
3435,6-triflatequinoline,"1c, 6-OTf-Q",1.0,0.0004,"2c, Trifluoroborate",1.0,Pd(OAc)2,0.0625,P(Ph)3 ,0.125,CsF,2.5,MeOH,62.95,15713410.0,,
3436,6-triflatequinoline,"1c, 6-OTf-Q",1.0,0.0004,"2c, Trifluoroborate",1.0,Pd(OAc)2,0.0625,AmPhos,0.125,CsF,2.5,MeOH,45.32,11069870.0,,
3437,6-triflatequinoline,"1c, 6-OTf-Q",1.0,0.0004,"2c, Trifluoroborate",1.0,Pd(OAc)2,0.0625,P(Cy)3,0.125,CsF,2.5,MeOH,83.06,17609998.0,,
3438,6-triflatequinoline,"1c, 6-OTf-Q",1.0,0.0004,"2c, Trifluoroborate",1.0,Pd(OAc)2,0.0625,P(o-Tol)3,0.125,CsF,2.5,MeOH,38.42,8803736.0,,
3439,6-triflatequinoline,"1c, 6-OTf-Q",1.0,0.0004,"2c, Trifluoroborate",1.0,Pd(OAc)2,0.0625,CataCXium A,0.125,CsF,2.5,MeOH,43.3,7971806.5,,
3440,6-triflatequinoline,"1c, 6-OTf-Q",1.0,0.0004,"2c, Trifluoroborate",1.0,Pd(OAc)2,0.0625,SPhos,0.125,CsF,2.5,MeOH,27.79,6046271.0,,
3441,6-triflatequinoline,"1c, 6-OTf-Q",1.0,0.0004,"2c, Trifluoroborate",1.0,Pd(OAc)2,0.0625,dtbpf,0.125,CsF,2.5,MeOH,18.12,3202552.5,,
3442,6-triflatequinoline,"1c, 6-OTf-Q",1.0,0.0004,"2c, Trifluoroborate",1.0,Pd(OAc)2,0.0625,XPhos,0.125,CsF,2.5,MeOH,48.35,10467649.0,,
3443,6-triflatequinoline,"1c, 6-OTf-Q",1.0,0.0004,"2c, Trifluoroborate",1.0,Pd(OAc)2,0.0625,dppf,0.125,CsF,2.5,MeOH,37.25,7280935.5,,
3444,6-triflatequinoline,"1c, 6-OTf-Q",1.0,0.0004,"2c, Trifluoroborate",1.0,Pd(OAc)2,0.0625,Xantphos,0.125,CsF,2.5,MeOH,15.09,1455880.88,,
3445,6-triflatequinoline,"1c, 6-OTf-Q",1.0,0.0004,"2c, Trifluoroborate",1.0,Pd(OAc)2,0.0625,,,K3PO4,2.5,MeOH,37.73,8087679.0,,
3446,6-triflatequinoline,"1c, 6-OTf-Q",1.0,0.0004,"2c, Trifluoroborate",1.0,Pd(OAc)2,0.0625,P(tBu)3,0.125,K3PO4,2.5,MeOH,20.59,4413683.5,,
3447,6-triflatequinoline,"1c, 6-OTf-Q",1.0,0.0004,"2c, Trifluoroborate",1.0,Pd(OAc)2,0.0625,P(Ph)3 ,0.125,K3PO4,2.5,MeOH,84.54,19810928.0,,
3448,6-triflatequinoline,"1c, 6-OTf-Q",1.0,0.0004,"2c, Trifluoroborate",1.0,Pd(OAc)2,0.0625,AmPhos,0.125,K3PO4,2.5,MeOH,31.28,7259035.0,,
3449,6-triflatequinoline,"1c, 6-OTf-Q",1.0,0.0004,"2c, Trifluoroborate",1.0,Pd(OAc)2,0.0625,P(Cy)3,0.125,K3PO4,2.5,MeOH,64.63,13736359.0,,
3450,6-triflatequinoline,"1c, 6-OTf-Q",1.0,0.0004,"2c, Trifluoroborate",1.0,Pd(OAc)2,0.0625,P(o-Tol)3,0.125,K3PO4,2.5,MeOH,44.63,9976575.0,,
3451,6-triflatequinoline,"1c, 6-OTf-Q",1.0,0.0004,"2c, Trifluoroborate",1.0,Pd(OAc)2,0.0625,CataCXium A,0.125,K3PO4,2.5,MeOH,31.51,5821376.0,,
3452,6-triflatequinoline,"1c, 6-OTf-Q",1.0,0.0004,"2c, Trifluoroborate",1.0,Pd(OAc)2,0.0625,SPhos,0.125,K3PO4,2.5,MeOH,52.78,12684656.0,,
3453,6-triflatequinoline,"1c, 6-OTf-Q",1.0,0.0004,"2c, Trifluoroborate",1.0,Pd(OAc)2,0.0625,dtbpf,0.125,K3PO4,2.5,MeOH,18.75,4583457.5,,
3454,6-triflatequinoline,"1c, 6-OTf-Q",1.0,0.0004,"2c, Trifluoroborate",1.0,Pd(OAc)2,0.0625,XPhos,0.125,K3PO4,2.5,MeOH,42.62,8802528.0,,
3455,6-triflatequinoline,"1c, 6-OTf-Q",1.0,0.0004,"2c, Trifluoroborate",1.0,Pd(OAc)2,0.0625,dppf,0.125,K3PO4,2.5,MeOH,66.55,12897612.0,,
3456,6-triflatequinoline,"1c, 6-OTf-Q",1.0,0.0004,"2c, Trifluoroborate",1.0,Pd(OAc)2,0.0625,Xantphos,0.125,K3PO4,2.5,MeOH,18.22,2676478.0,,
3457,6-Iodoquinoline,"1d, 6-I-Q",1.0,0.0004,"2c, Trifluoroborate",1.0,Pd(OAc)2,0.0625,,,,2.5,MeCN,15.69,1448445.5,,
3458,6-Iodoquinoline,"1d, 6-I-Q",1.0,0.0004,"2c, Trifluoroborate",1.0,Pd(OAc)2,0.0625,P(tBu)3,0.125,,2.5,MeCN,14.78,1632086.75,,
3459,6-Iodoquinoline,"1d, 6-I-Q",1.0,0.0004,"2c, Trifluoroborate",1.0,Pd(OAc)2,0.0625,P(Ph)3 ,0.125,,2.5,MeCN,15.69,1904851.75,,
3460,6-Iodoquinoline,"1d, 6-I-Q",1.0,0.0004,"2c, Trifluoroborate",1.0,Pd(OAc)2,0.0625,AmPhos,0.125,,2.5,MeCN,16.01,3249672.75,,
3461,6-Iodoquinoline,"1d, 6-I-Q",1.0,0.0004,"2c, Trifluoroborate",1.0,Pd(OAc)2,0.0625,P(Cy)3,0.125,,2.5,MeCN,19.35,3265095.25,,
3462,6-Iodoquinoline,"1d, 6-I-Q",1.0,0.0004,"2c, Trifluoroborate",1.0,Pd(OAc)2,0.0625,P(o-Tol)3,0.125,,2.5,MeCN,17.37,2265968.75,,
3463,6-Iodoquinoline,"1d, 6-I-Q",1.0,0.0004,"2c, Trifluoroborate",1.0,Pd(OAc)2,0.0625,CataCXium A,0.125,,2.5,MeCN,15.16,2111061.25,,
3464,6-Iodoquinoline,"1d, 6-I-Q",1.0,0.0004,"2c, Trifluoroborate",1.0,Pd(OAc)2,0.0625,SPhos,0.125,,2.5,MeCN,14.48,2218307.5,,
3465,6-Iodoquinoline,"1d, 6-I-Q",1.0,0.0004,"2c, Trifluoroborate",1.0,Pd(OAc)2,0.0625,dtbpf,0.125,,2.5,MeCN,19.5,3553830.75,,
3466,6-Iodoquinoline,"1d, 6-I-Q",1.0,0.0004,"2c, Trifluoroborate",1.0,Pd(OAc)2,0.0625,XPhos,0.125,,2.5,MeCN,16.12,2305054.5,,
3467,6-Iodoquinoline,"1d, 6-I-Q",1.0,0.0004,"2c, Trifluoroborate",1.0,Pd(OAc)2,0.0625,dppf,0.125,,2.5,MeCN,18.16,2055722.0,,
3468,6-Iodoquinoline,"1d, 6-I-Q",1.0,0.0004,"2c, Trifluoroborate",1.0,Pd(OAc)2,0.0625,Xantphos,0.125,,2.5,MeCN,14.57,1539363.5,,
3469,6-Iodoquinoline,"1d, 6-I-Q",1.0,0.0004,"2c, Trifluoroborate",1.0,Pd(OAc)2,0.0625,,,NaOH,2.5,MeCN,17.93,265052.28,,
3470,6-Iodoquinoline,"1d, 6-I-Q",1.0,0.0004,"2c, Trifluoroborate",1.0,Pd(OAc)2,0.0625,P(tBu)3,0.125,NaOH,2.5,MeCN,17.82,508657.41,,
3471,6-Iodoquinoline,"1d, 6-I-Q",1.0,0.0004,"2c, Trifluoroborate",1.0,Pd(OAc)2,0.0625,P(Ph)3 ,0.125,NaOH,2.5,MeCN,19.46,760428.44,,
3472,6-Iodoquinoline,"1d, 6-I-Q",1.0,0.0004,"2c, Trifluoroborate",1.0,Pd(OAc)2,0.0625,AmPhos,0.125,NaOH,2.5,MeCN,20.67,2248957.5,,
3473,6-Iodoquinoline,"1d, 6-I-Q",1.0,0.0004,"2c, Trifluoroborate",1.0,Pd(OAc)2,0.0625,P(Cy)3,0.125,NaOH,2.5,MeCN,19.64,2341784.5,,
3474,6-Iodoquinoline,"1d, 6-I-Q",1.0,0.0004,"2c, Trifluoroborate",1.0,Pd(OAc)2,0.0625,P(o-Tol)3,0.125,NaOH,2.5,MeCN,29.53,404635.94,,
3475,6-Iodoquinoline,"1d, 6-I-Q",1.0,0.0004,"2c, Trifluoroborate",1.0,Pd(OAc)2,0.0625,CataCXium A,0.125,NaOH,2.5,MeCN,19.42,1286234.88,,
3476,6-Iodoquinoline,"1d, 6-I-Q",1.0,0.0004,"2c, Trifluoroborate",1.0,Pd(OAc)2,0.0625,SPhos,0.125,NaOH,2.5,MeCN,19.15,1185890.63,,
3477,6-Iodoquinoline,"1d, 6-I-Q",1.0,0.0004,"2c, Trifluoroborate",1.0,Pd(OAc)2,0.0625,dtbpf,0.125,NaOH,2.5,MeCN,25.27,1537023.63,,
3478,6-Iodoquinoline,"1d, 6-I-Q",1.0,0.0004,"2c, Trifluoroborate",1.0,Pd(OAc)2,0.0625,XPhos,0.125,NaOH,2.5,MeCN,20.14,966408.81,,
3479,6-Iodoquinoline,"1d, 6-I-Q",1.0,0.0004,"2c, Trifluoroborate",1.0,Pd(OAc)2,0.0625,dppf,0.125,NaOH,2.5,MeCN,20.68,1089938.5,,
3480,6-Iodoquinoline,"1d, 6-I-Q",1.0,0.0004,"2c, Trifluoroborate",1.0,Pd(OAc)2,0.0625,Xantphos,0.125,NaOH,2.5,MeCN,19.96,273445.16,,
3481,6-Iodoquinoline,"1d, 6-I-Q",1.0,0.0004,"2c, Trifluoroborate",1.0,Pd(OAc)2,0.0625,,,KOH,2.5,MeCN,19.7,1839314.75,,
3482,6-Iodoquinoline,"1d, 6-I-Q",1.0,0.0004,"2c, Trifluoroborate",1.0,Pd(OAc)2,0.0625,P(tBu)3,0.125,KOH,2.5,MeCN,18.86,1384211.13,,
3483,6-Iodoquinoline,"1d, 6-I-Q",1.0,0.0004,"2c, Trifluoroborate",1.0,Pd(OAc)2,0.0625,P(Ph)3 ,0.125,KOH,2.5,MeCN,16.12,1719727.5,,
3484,6-Iodoquinoline,"1d, 6-I-Q",1.0,0.0004,"2c, Trifluoroborate",1.0,Pd(OAc)2,0.0625,AmPhos,0.125,KOH,2.5,MeCN,16.64,2459540.25,,
3485,6-Iodoquinoline,"1d, 6-I-Q",1.0,0.0004,"2c, Trifluoroborate",1.0,Pd(OAc)2,0.0625,P(Cy)3,0.125,KOH,2.5,MeCN,16.07,2384924.75,,
3486,6-Iodoquinoline,"1d, 6-I-Q",1.0,0.0004,"2c, Trifluoroborate",1.0,Pd(OAc)2,0.0625,P(o-Tol)3,0.125,KOH,2.5,MeCN,17.97,1771330.0,,
3487,6-Iodoquinoline,"1d, 6-I-Q",1.0,0.0004,"2c, Trifluoroborate",1.0,Pd(OAc)2,0.0625,CataCXium A,0.125,KOH,2.5,MeCN,17.61,2355112.5,,
3488,6-Iodoquinoline,"1d, 6-I-Q",1.0,0.0004,"2c, Trifluoroborate",1.0,Pd(OAc)2,0.0625,SPhos,0.125,KOH,2.5,MeCN,17.31,2647299.5,,
3489,6-Iodoquinoline,"1d, 6-I-Q",1.0,0.0004,"2c, Trifluoroborate",1.0,Pd(OAc)2,0.0625,dtbpf,0.125,KOH,2.5,MeCN,18.42,2234885.0,,
3490,6-Iodoquinoline,"1d, 6-I-Q",1.0,0.0004,"2c, Trifluoroborate",1.0,Pd(OAc)2,0.0625,XPhos,0.125,KOH,2.5,MeCN,16.92,1826626.75,,
3491,6-Iodoquinoline,"1d, 6-I-Q",1.0,0.0004,"2c, Trifluoroborate",1.0,Pd(OAc)2,0.0625,dppf,0.125,KOH,2.5,MeCN,23.26,1944497.13,,
3492,6-Iodoquinoline,"1d, 6-I-Q",1.0,0.0004,"2c, Trifluoroborate",1.0,Pd(OAc)2,0.0625,Xantphos,0.125,KOH,2.5,MeCN,19.22,2516849.25,,
3493,6-Iodoquinoline,"1d, 6-I-Q",1.0,0.0004,"2c, Trifluoroborate",1.0,Pd(OAc)2,0.0625,,,LiOtBu,2.5,MeCN,19.8,397564.72,,
3494,6-Iodoquinoline,"1d, 6-I-Q",1.0,0.0004,"2c, Trifluoroborate",1.0,Pd(OAc)2,0.0625,P(tBu)3,0.125,LiOtBu,2.5,MeCN,16.72,1157810.13,,
3495,6-Iodoquinoline,"1d, 6-I-Q",1.0,0.0004,"2c, Trifluoroborate",1.0,Pd(OAc)2,0.0625,P(Ph)3 ,0.125,LiOtBu,2.5,MeCN,18.91,2663834.0,,
3496,6-Iodoquinoline,"1d, 6-I-Q",1.0,0.0004,"2c, Trifluoroborate",1.0,Pd(OAc)2,0.0625,AmPhos,0.125,LiOtBu,2.5,MeCN,16.35,2470202.5,,
3497,6-Iodoquinoline,"1d, 6-I-Q",1.0,0.0004,"2c, Trifluoroborate",1.0,Pd(OAc)2,0.0625,P(Cy)3,0.125,LiOtBu,2.5,MeCN,15.9,1311104.0,,
3498,6-Iodoquinoline,"1d, 6-I-Q",1.0,0.0004,"2c, Trifluoroborate",1.0,Pd(OAc)2,0.0625,P(o-Tol)3,0.125,LiOtBu,2.5,MeCN,36.68,252488.5,,
3499,6-Iodoquinoline,"1d, 6-I-Q",1.0,0.0004,"2c, Trifluoroborate",1.0,Pd(OAc)2,0.0625,CataCXium A,0.125,LiOtBu,2.5,MeCN,24.07,259.49,,
3500,6-Iodoquinoline,"1d, 6-I-Q",1.0,0.0004,"2c, Trifluoroborate",1.0,Pd(OAc)2,0.0625,SPhos,0.125,LiOtBu,2.5,MeCN,16.43,2163450.0,,
3501,6-Iodoquinoline,"1d, 6-I-Q",1.0,0.0004,"2c, Trifluoroborate",1.0,Pd(OAc)2,0.0625,dtbpf,0.125,LiOtBu,2.5,MeCN,22.38,1691579.0,,
3502,6-Iodoquinoline,"1d, 6-I-Q",1.0,0.0004,"2c, Trifluoroborate",1.0,Pd(OAc)2,0.0625,XPhos,0.125,LiOtBu,2.5,MeCN,4.66,1032615.94,,
3503,6-Iodoquinoline,"1d, 6-I-Q",1.0,0.0004,"2c, Trifluoroborate",1.0,Pd(OAc)2,0.0625,dppf,0.125,LiOtBu,2.5,MeCN,20.82,1198637.75,,
3504,6-Iodoquinoline,"1d, 6-I-Q",1.0,0.0004,"2c, Trifluoroborate",1.0,Pd(OAc)2,0.0625,Xantphos,0.125,LiOtBu,2.5,MeCN,16.06,1979329.5,,
3505,6-Iodoquinoline,"1d, 6-I-Q",1.0,0.0004,"2c, Trifluoroborate",1.0,Pd(OAc)2,0.0625,,,NaHCO3,2.5,MeCN,15.95,2114898.5,,
3506,6-Iodoquinoline,"1d, 6-I-Q",1.0,0.0004,"2c, Trifluoroborate",1.0,Pd(OAc)2,0.0625,P(tBu)3,0.125,NaHCO3,2.5,MeCN,15.83,1594706.63,,
3507,6-Iodoquinoline,"1d, 6-I-Q",1.0,0.0004,"2c, Trifluoroborate",1.0,Pd(OAc)2,0.0625,P(Ph)3 ,0.125,NaHCO3,2.5,MeCN,15.34,1803143.5,,
3508,6-Iodoquinoline,"1d, 6-I-Q",1.0,0.0004,"2c, Trifluoroborate",1.0,Pd(OAc)2,0.0625,AmPhos,0.125,NaHCO3,2.5,MeCN,15.09,2397909.5,,
3509,6-Iodoquinoline,"1d, 6-I-Q",1.0,0.0004,"2c, Trifluoroborate",1.0,Pd(OAc)2,0.0625,P(Cy)3,0.125,NaHCO3,2.5,MeCN,15.73,2430261.0,,
3510,6-Iodoquinoline,"1d, 6-I-Q",1.0,0.0004,"2c, Trifluoroborate",1.0,Pd(OAc)2,0.0625,P(o-Tol)3,0.125,NaHCO3,2.5,MeCN,13.61,2014898.88,,
3511,6-Iodoquinoline,"1d, 6-I-Q",1.0,0.0004,"2c, Trifluoroborate",1.0,Pd(OAc)2,0.0625,CataCXium A,0.125,NaHCO3,2.5,MeCN,15.62,1667402.38,,
3512,6-Iodoquinoline,"1d, 6-I-Q",1.0,0.0004,"2c, Trifluoroborate",1.0,Pd(OAc)2,0.0625,SPhos,0.125,NaHCO3,2.5,MeCN,15.39,3035535.25,,
3513,6-Iodoquinoline,"1d, 6-I-Q",1.0,0.0004,"2c, Trifluoroborate",1.0,Pd(OAc)2,0.0625,dtbpf,0.125,NaHCO3,2.5,MeCN,19.06,3132256.25,,
3514,6-Iodoquinoline,"1d, 6-I-Q",1.0,0.0004,"2c, Trifluoroborate",1.0,Pd(OAc)2,0.0625,XPhos,0.125,NaHCO3,2.5,MeCN,14.07,2046115.63,,
3515,6-Iodoquinoline,"1d, 6-I-Q",1.0,0.0004,"2c, Trifluoroborate",1.0,Pd(OAc)2,0.0625,dppf,0.125,NaHCO3,2.5,MeCN,19.52,1454563.75,,
3516,6-Iodoquinoline,"1d, 6-I-Q",1.0,0.0004,"2c, Trifluoroborate",1.0,Pd(OAc)2,0.0625,Xantphos,0.125,NaHCO3,2.5,MeCN,12.23,1297506.75,,
3517,6-Iodoquinoline,"1d, 6-I-Q",1.0,0.0004,"2c, Trifluoroborate",1.0,Pd(OAc)2,0.0625,,,Et3N,2.5,MeCN,17.06,2066037.25,,
3518,6-Iodoquinoline,"1d, 6-I-Q",1.0,0.0004,"2c, Trifluoroborate",1.0,Pd(OAc)2,0.0625,P(tBu)3,0.125,Et3N,2.5,MeCN,16.0,1977699.5,,
3519,6-Iodoquinoline,"1d, 6-I-Q",1.0,0.0004,"2c, Trifluoroborate",1.0,Pd(OAc)2,0.0625,P(Ph)3 ,0.125,Et3N,2.5,MeCN,16.23,2072137.75,,
3520,6-Iodoquinoline,"1d, 6-I-Q",1.0,0.0004,"2c, Trifluoroborate",1.0,Pd(OAc)2,0.0625,AmPhos,0.125,Et3N,2.5,MeCN,12.4,1587971.13,,
3521,6-Iodoquinoline,"1d, 6-I-Q",1.0,0.0004,"2c, Trifluoroborate",1.0,Pd(OAc)2,0.0625,P(Cy)3,0.125,Et3N,2.5,MeCN,14.32,2175480.25,,
3522,6-Iodoquinoline,"1d, 6-I-Q",1.0,0.0004,"2c, Trifluoroborate",1.0,Pd(OAc)2,0.0625,P(o-Tol)3,0.125,Et3N,2.5,MeCN,15.59,2303564.0,,
3523,6-Iodoquinoline,"1d, 6-I-Q",1.0,0.0004,"2c, Trifluoroborate",1.0,Pd(OAc)2,0.0625,CataCXium A,0.125,Et3N,2.5,MeCN,16.37,1909068.0,,
3524,6-Iodoquinoline,"1d, 6-I-Q",1.0,0.0004,"2c, Trifluoroborate",1.0,Pd(OAc)2,0.0625,SPhos,0.125,Et3N,2.5,MeCN,13.25,1371025.75,,
3525,6-Iodoquinoline,"1d, 6-I-Q",1.0,0.0004,"2c, Trifluoroborate",1.0,Pd(OAc)2,0.0625,dtbpf,0.125,Et3N,2.5,MeCN,16.0,2322200.5,,
3526,6-Iodoquinoline,"1d, 6-I-Q",1.0,0.0004,"2c, Trifluoroborate",1.0,Pd(OAc)2,0.0625,XPhos,0.125,Et3N,2.5,MeCN,15.8,2381814.0,,
3527,6-Iodoquinoline,"1d, 6-I-Q",1.0,0.0004,"2c, Trifluoroborate",1.0,Pd(OAc)2,0.0625,dppf,0.125,Et3N,2.5,MeCN,20.3,1602060.38,,
3528,6-Iodoquinoline,"1d, 6-I-Q",1.0,0.0004,"2c, Trifluoroborate",1.0,Pd(OAc)2,0.0625,Xantphos,0.125,Et3N,2.5,MeCN,12.48,805485.06,,
3529,6-Iodoquinoline,"1d, 6-I-Q",1.0,0.0004,"2c, Trifluoroborate",1.0,Pd(OAc)2,0.0625,,,CsF,2.5,MeCN,14.44,1895974.5,,
3530,6-Iodoquinoline,"1d, 6-I-Q",1.0,0.0004,"2c, Trifluoroborate",1.0,Pd(OAc)2,0.0625,P(tBu)3,0.125,CsF,2.5,MeCN,17.17,2754623.25,,
3531,6-Iodoquinoline,"1d, 6-I-Q",1.0,0.0004,"2c, Trifluoroborate",1.0,Pd(OAc)2,0.0625,P(Ph)3 ,0.125,CsF,2.5,MeCN,19.75,2834883.0,,
3532,6-Iodoquinoline,"1d, 6-I-Q",1.0,0.0004,"2c, Trifluoroborate",1.0,Pd(OAc)2,0.0625,AmPhos,0.125,CsF,2.5,MeCN,12.94,1974942.25,,
3533,6-Iodoquinoline,"1d, 6-I-Q",1.0,0.0004,"2c, Trifluoroborate",1.0,Pd(OAc)2,0.0625,P(Cy)3,0.125,CsF,2.5,MeCN,14.18,877653.75,,
3534,6-Iodoquinoline,"1d, 6-I-Q",1.0,0.0004,"2c, Trifluoroborate",1.0,Pd(OAc)2,0.0625,P(o-Tol)3,0.125,CsF,2.5,MeCN,15.69,2303386.25,,
3535,6-Iodoquinoline,"1d, 6-I-Q",1.0,0.0004,"2c, Trifluoroborate",1.0,Pd(OAc)2,0.0625,CataCXium A,0.125,CsF,2.5,MeCN,22.51,3311933.25,,
3536,6-Iodoquinoline,"1d, 6-I-Q",1.0,0.0004,"2c, Trifluoroborate",1.0,Pd(OAc)2,0.0625,SPhos,0.125,CsF,2.5,MeCN,15.14,2237005.0,,
3537,6-Iodoquinoline,"1d, 6-I-Q",1.0,0.0004,"2c, Trifluoroborate",1.0,Pd(OAc)2,0.0625,dtbpf,0.125,CsF,2.5,MeCN,15.44,1718377.88,,
3538,6-Iodoquinoline,"1d, 6-I-Q",1.0,0.0004,"2c, Trifluoroborate",1.0,Pd(OAc)2,0.0625,XPhos,0.125,CsF,2.5,MeCN,14.17,1785033.88,,
3539,6-Iodoquinoline,"1d, 6-I-Q",1.0,0.0004,"2c, Trifluoroborate",1.0,Pd(OAc)2,0.0625,dppf,0.125,CsF,2.5,MeCN,22.45,2566150.25,,
3540,6-Iodoquinoline,"1d, 6-I-Q",1.0,0.0004,"2c, Trifluoroborate",1.0,Pd(OAc)2,0.0625,Xantphos,0.125,CsF,2.5,MeCN,16.66,2252092.0,,
3541,6-Iodoquinoline,"1d, 6-I-Q",1.0,0.0004,"2c, Trifluoroborate",1.0,Pd(OAc)2,0.0625,,,K3PO4,2.5,MeCN,16.79,1841404.5,,
3542,6-Iodoquinoline,"1d, 6-I-Q",1.0,0.0004,"2c, Trifluoroborate",1.0,Pd(OAc)2,0.0625,P(tBu)3,0.125,K3PO4,2.5,MeCN,14.14,1314382.25,,
3543,6-Iodoquinoline,"1d, 6-I-Q",1.0,0.0004,"2c, Trifluoroborate",1.0,Pd(OAc)2,0.0625,P(Ph)3 ,0.125,K3PO4,2.5,MeCN,15.19,2251264.25,,
3544,6-Iodoquinoline,"1d, 6-I-Q",1.0,0.0004,"2c, Trifluoroborate",1.0,Pd(OAc)2,0.0625,AmPhos,0.125,K3PO4,2.5,MeCN,16.49,3607577.0,,
3545,6-Iodoquinoline,"1d, 6-I-Q",1.0,0.0004,"2c, Trifluoroborate",1.0,Pd(OAc)2,0.0625,P(Cy)3,0.125,K3PO4,2.5,MeCN,16.02,2016151.38,,
3546,6-Iodoquinoline,"1d, 6-I-Q",1.0,0.0004,"2c, Trifluoroborate",1.0,Pd(OAc)2,0.0625,P(o-Tol)3,0.125,K3PO4,2.5,MeCN,15.25,1843640.13,,
3547,6-Iodoquinoline,"1d, 6-I-Q",1.0,0.0004,"2c, Trifluoroborate",1.0,Pd(OAc)2,0.0625,CataCXium A,0.125,K3PO4,2.5,MeCN,13.53,1580387.13,,
3548,6-Iodoquinoline,"1d, 6-I-Q",1.0,0.0004,"2c, Trifluoroborate",1.0,Pd(OAc)2,0.0625,SPhos,0.125,K3PO4,2.5,MeCN,14.34,1897358.38,,
3549,6-Iodoquinoline,"1d, 6-I-Q",1.0,0.0004,"2c, Trifluoroborate",1.0,Pd(OAc)2,0.0625,dtbpf,0.125,K3PO4,2.5,MeCN,16.43,2792634.0,,
3550,6-Iodoquinoline,"1d, 6-I-Q",1.0,0.0004,"2c, Trifluoroborate",1.0,Pd(OAc)2,0.0625,XPhos,0.125,K3PO4,2.5,MeCN,15.27,1890055.75,,
3551,6-Iodoquinoline,"1d, 6-I-Q",1.0,0.0004,"2c, Trifluoroborate",1.0,Pd(OAc)2,0.0625,dppf,0.125,K3PO4,2.5,MeCN,19.2,1512713.13,,
3552,6-Iodoquinoline,"1d, 6-I-Q",1.0,0.0004,"2c, Trifluoroborate",1.0,Pd(OAc)2,0.0625,Xantphos,0.125,K3PO4,2.5,MeCN,15.2,1470173.75,,
3553,6-Iodoquinoline,"1d, 6-I-Q",1.0,0.0004,"2c, Trifluoroborate",1.0,Pd(OAc)2,0.0625,,,,2.5,THF,26.79,2075361.63,,
3554,6-Iodoquinoline,"1d, 6-I-Q",1.0,0.0004,"2c, Trifluoroborate",1.0,Pd(OAc)2,0.0625,P(tBu)3,0.125,,2.5,THF,31.76,1987065.38,,
3555,6-Iodoquinoline,"1d, 6-I-Q",1.0,0.0004,"2c, Trifluoroborate",1.0,Pd(OAc)2,0.0625,P(Ph)3 ,0.125,,2.5,THF,51.68,8727487.0,,
3556,6-Iodoquinoline,"1d, 6-I-Q",1.0,0.0004,"2c, Trifluoroborate",1.0,Pd(OAc)2,0.0625,AmPhos,0.125,,2.5,THF,37.57,7338696.0,,
3557,6-Iodoquinoline,"1d, 6-I-Q",1.0,0.0004,"2c, Trifluoroborate",1.0,Pd(OAc)2,0.0625,P(Cy)3,0.125,,2.5,THF,47.6,7885047.0,,
3558,6-Iodoquinoline,"1d, 6-I-Q",1.0,0.0004,"2c, Trifluoroborate",1.0,Pd(OAc)2,0.0625,P(o-Tol)3,0.125,,2.5,THF,34.75,7988592.5,,
3559,6-Iodoquinoline,"1d, 6-I-Q",1.0,0.0004,"2c, Trifluoroborate",1.0,Pd(OAc)2,0.0625,CataCXium A,0.125,,2.5,THF,55.11,9833628.0,,
3560,6-Iodoquinoline,"1d, 6-I-Q",1.0,0.0004,"2c, Trifluoroborate",1.0,Pd(OAc)2,0.0625,SPhos,0.125,,2.5,THF,31.85,8534241.0,,
3561,6-Iodoquinoline,"1d, 6-I-Q",1.0,0.0004,"2c, Trifluoroborate",1.0,Pd(OAc)2,0.0625,dtbpf,0.125,,2.5,THF,35.62,6015136.0,,
3562,6-Iodoquinoline,"1d, 6-I-Q",1.0,0.0004,"2c, Trifluoroborate",1.0,Pd(OAc)2,0.0625,XPhos,0.125,,2.5,THF,29.92,2436623.25,,
3563,6-Iodoquinoline,"1d, 6-I-Q",1.0,0.0004,"2c, Trifluoroborate",1.0,Pd(OAc)2,0.0625,dppf,0.125,,2.5,THF,38.29,3700598.0,,
3564,6-Iodoquinoline,"1d, 6-I-Q",1.0,0.0004,"2c, Trifluoroborate",1.0,Pd(OAc)2,0.0625,Xantphos,0.125,,2.5,THF,25.51,2951410.25,,
3565,6-Iodoquinoline,"1d, 6-I-Q",1.0,0.0004,"2c, Trifluoroborate",1.0,Pd(OAc)2,0.0625,,,NaOH,2.5,THF,27.4,4774250.0,,
3566,6-Iodoquinoline,"1d, 6-I-Q",1.0,0.0004,"2c, Trifluoroborate",1.0,Pd(OAc)2,0.0625,P(tBu)3,0.125,NaOH,2.5,THF,27.16,5594389.0,,
3567,6-Iodoquinoline,"1d, 6-I-Q",1.0,0.0004,"2c, Trifluoroborate",1.0,Pd(OAc)2,0.0625,P(Ph)3 ,0.125,NaOH,2.5,THF,47.7,8130170.5,,
3568,6-Iodoquinoline,"1d, 6-I-Q",1.0,0.0004,"2c, Trifluoroborate",1.0,Pd(OAc)2,0.0625,AmPhos,0.125,NaOH,2.5,THF,43.3,5642172.0,,
3569,6-Iodoquinoline,"1d, 6-I-Q",1.0,0.0004,"2c, Trifluoroborate",1.0,Pd(OAc)2,0.0625,P(Cy)3,0.125,NaOH,2.5,THF,44.4,7383670.5,,
3570,6-Iodoquinoline,"1d, 6-I-Q",1.0,0.0004,"2c, Trifluoroborate",1.0,Pd(OAc)2,0.0625,P(o-Tol)3,0.125,NaOH,2.5,THF,34.11,7805540.5,,
3571,6-Iodoquinoline,"1d, 6-I-Q",1.0,0.0004,"2c, Trifluoroborate",1.0,Pd(OAc)2,0.0625,CataCXium A,0.125,NaOH,2.5,THF,46.43,10764761.0,,
3572,6-Iodoquinoline,"1d, 6-I-Q",1.0,0.0004,"2c, Trifluoroborate",1.0,Pd(OAc)2,0.0625,SPhos,0.125,NaOH,2.5,THF,27.58,7136851.5,,
3573,6-Iodoquinoline,"1d, 6-I-Q",1.0,0.0004,"2c, Trifluoroborate",1.0,Pd(OAc)2,0.0625,dtbpf,0.125,NaOH,2.5,THF,33.31,7084137.0,,
3574,6-Iodoquinoline,"1d, 6-I-Q",1.0,0.0004,"2c, Trifluoroborate",1.0,Pd(OAc)2,0.0625,XPhos,0.125,NaOH,2.5,THF,23.65,5058252.0,,
3575,6-Iodoquinoline,"1d, 6-I-Q",1.0,0.0004,"2c, Trifluoroborate",1.0,Pd(OAc)2,0.0625,dppf,0.125,NaOH,2.5,THF,30.58,3767784.5,,
3576,6-Iodoquinoline,"1d, 6-I-Q",1.0,0.0004,"2c, Trifluoroborate",1.0,Pd(OAc)2,0.0625,Xantphos,0.125,NaOH,2.5,THF,26.06,3898672.75,,
3577,6-Iodoquinoline,"1d, 6-I-Q",1.0,0.0004,"2c, Trifluoroborate",1.0,Pd(OAc)2,0.0625,,,KOH,2.5,THF,19.68,2045495.5,,
3578,6-Iodoquinoline,"1d, 6-I-Q",1.0,0.0004,"2c, Trifluoroborate",1.0,Pd(OAc)2,0.0625,P(tBu)3,0.125,KOH,2.5,THF,21.26,3811808.0,,
3579,6-Iodoquinoline,"1d, 6-I-Q",1.0,0.0004,"2c, Trifluoroborate",1.0,Pd(OAc)2,0.0625,P(Ph)3 ,0.125,KOH,2.5,THF,42.44,8810573.0,,
3580,6-Iodoquinoline,"1d, 6-I-Q",1.0,0.0004,"2c, Trifluoroborate",1.0,Pd(OAc)2,0.0625,AmPhos,0.125,KOH,2.5,THF,30.95,9270416.0,,
3581,6-Iodoquinoline,"1d, 6-I-Q",1.0,0.0004,"2c, Trifluoroborate",1.0,Pd(OAc)2,0.0625,P(Cy)3,0.125,KOH,2.5,THF,27.31,4714582.0,,
3582,6-Iodoquinoline,"1d, 6-I-Q",1.0,0.0004,"2c, Trifluoroborate",1.0,Pd(OAc)2,0.0625,P(o-Tol)3,0.125,KOH,2.5,THF,34.82,7740095.5,,
3583,6-Iodoquinoline,"1d, 6-I-Q",1.0,0.0004,"2c, Trifluoroborate",1.0,Pd(OAc)2,0.0625,CataCXium A,0.125,KOH,2.5,THF,56.37,11394826.0,,
3584,6-Iodoquinoline,"1d, 6-I-Q",1.0,0.0004,"2c, Trifluoroborate",1.0,Pd(OAc)2,0.0625,SPhos,0.125,KOH,2.5,THF,27.03,4556353.0,,
3585,6-Iodoquinoline,"1d, 6-I-Q",1.0,0.0004,"2c, Trifluoroborate",1.0,Pd(OAc)2,0.0625,dtbpf,0.125,KOH,2.5,THF,31.18,10809280.0,,
3586,6-Iodoquinoline,"1d, 6-I-Q",1.0,0.0004,"2c, Trifluoroborate",1.0,Pd(OAc)2,0.0625,XPhos,0.125,KOH,2.5,THF,23.4,7497163.0,,
3587,6-Iodoquinoline,"1d, 6-I-Q",1.0,0.0004,"2c, Trifluoroborate",1.0,Pd(OAc)2,0.0625,dppf,0.125,KOH,2.5,THF,35.49,5383842.5,,
3588,6-Iodoquinoline,"1d, 6-I-Q",1.0,0.0004,"2c, Trifluoroborate",1.0,Pd(OAc)2,0.0625,Xantphos,0.125,KOH,2.5,THF,17.31,2774563.75,,
3589,6-Iodoquinoline,"1d, 6-I-Q",1.0,0.0004,"2c, Trifluoroborate",1.0,Pd(OAc)2,0.0625,,,LiOtBu,2.5,THF,20.41,2668778.25,,
3590,6-Iodoquinoline,"1d, 6-I-Q",1.0,0.0004,"2c, Trifluoroborate",1.0,Pd(OAc)2,0.0625,P(tBu)3,0.125,LiOtBu,2.5,THF,22.12,4248383.5,,
3591,6-Iodoquinoline,"1d, 6-I-Q",1.0,0.0004,"2c, Trifluoroborate",1.0,Pd(OAc)2,0.0625,P(Ph)3 ,0.125,LiOtBu,2.5,THF,34.49,6653072.0,,
3592,6-Iodoquinoline,"1d, 6-I-Q",1.0,0.0004,"2c, Trifluoroborate",1.0,Pd(OAc)2,0.0625,AmPhos,0.125,LiOtBu,2.5,THF,36.44,11530913.0,,
3593,6-Iodoquinoline,"1d, 6-I-Q",1.0,0.0004,"2c, Trifluoroborate",1.0,Pd(OAc)2,0.0625,P(Cy)3,0.125,LiOtBu,2.5,THF,32.77,7077602.0,,
3594,6-Iodoquinoline,"1d, 6-I-Q",1.0,0.0004,"2c, Trifluoroborate",1.0,Pd(OAc)2,0.0625,P(o-Tol)3,0.125,LiOtBu,2.5,THF,35.01,10786651.0,,
3595,6-Iodoquinoline,"1d, 6-I-Q",1.0,0.0004,"2c, Trifluoroborate",1.0,Pd(OAc)2,0.0625,CataCXium A,0.125,LiOtBu,2.5,THF,41.14,8763898.0,,
3596,6-Iodoquinoline,"1d, 6-I-Q",1.0,0.0004,"2c, Trifluoroborate",1.0,Pd(OAc)2,0.0625,SPhos,0.125,LiOtBu,2.5,THF,23.89,4711467.0,,
3597,6-Iodoquinoline,"1d, 6-I-Q",1.0,0.0004,"2c, Trifluoroborate",1.0,Pd(OAc)2,0.0625,dtbpf,0.125,LiOtBu,2.5,THF,32.22,7267641.0,,
3598,6-Iodoquinoline,"1d, 6-I-Q",1.0,0.0004,"2c, Trifluoroborate",1.0,Pd(OAc)2,0.0625,XPhos,0.125,LiOtBu,2.5,THF,23.11,5085365.0,,
3599,6-Iodoquinoline,"1d, 6-I-Q",1.0,0.0004,"2c, Trifluoroborate",1.0,Pd(OAc)2,0.0625,dppf,0.125,LiOtBu,2.5,THF,25.78,4367495.5,,
3600,6-Iodoquinoline,"1d, 6-I-Q",1.0,0.0004,"2c, Trifluoroborate",1.0,Pd(OAc)2,0.0625,Xantphos,0.125,LiOtBu,2.5,THF,16.57,3378872.75,,
3601,6-Iodoquinoline,"1d, 6-I-Q",1.0,0.0004,"2c, Trifluoroborate",1.0,Pd(OAc)2,0.0625,,,NaHCO3,2.5,THF,24.81,4060316.25,,
3602,6-Iodoquinoline,"1d, 6-I-Q",1.0,0.0004,"2c, Trifluoroborate",1.0,Pd(OAc)2,0.0625,P(tBu)3,0.125,NaHCO3,2.5,THF,26.44,5521980.0,,
3603,6-Iodoquinoline,"1d, 6-I-Q",1.0,0.0004,"2c, Trifluoroborate",1.0,Pd(OAc)2,0.0625,P(Ph)3 ,0.125,NaHCO3,2.5,THF,42.52,8335239.0,,
3604,6-Iodoquinoline,"1d, 6-I-Q",1.0,0.0004,"2c, Trifluoroborate",1.0,Pd(OAc)2,0.0625,AmPhos,0.125,NaHCO3,2.5,THF,27.31,7865563.5,,
3605,6-Iodoquinoline,"1d, 6-I-Q",1.0,0.0004,"2c, Trifluoroborate",1.0,Pd(OAc)2,0.0625,P(Cy)3,0.125,NaHCO3,2.5,THF,23.96,5001107.5,,
3606,6-Iodoquinoline,"1d, 6-I-Q",1.0,0.0004,"2c, Trifluoroborate",1.0,Pd(OAc)2,0.0625,P(o-Tol)3,0.125,NaHCO3,2.5,THF,37.34,10076492.0,,
3607,6-Iodoquinoline,"1d, 6-I-Q",1.0,0.0004,"2c, Trifluoroborate",1.0,Pd(OAc)2,0.0625,CataCXium A,0.125,NaHCO3,2.5,THF,49.39,11871226.0,,
3608,6-Iodoquinoline,"1d, 6-I-Q",1.0,0.0004,"2c, Trifluoroborate",1.0,Pd(OAc)2,0.0625,SPhos,0.125,NaHCO3,2.5,THF,22.85,5046348.0,,
3609,6-Iodoquinoline,"1d, 6-I-Q",1.0,0.0004,"2c, Trifluoroborate",1.0,Pd(OAc)2,0.0625,dtbpf,0.125,NaHCO3,2.5,THF,29.91,6438732.0,,
3610,6-Iodoquinoline,"1d, 6-I-Q",1.0,0.0004,"2c, Trifluoroborate",1.0,Pd(OAc)2,0.0625,XPhos,0.125,NaHCO3,2.5,THF,24.26,5279150.0,,
3611,6-Iodoquinoline,"1d, 6-I-Q",1.0,0.0004,"2c, Trifluoroborate",1.0,Pd(OAc)2,0.0625,dppf,0.125,NaHCO3,2.5,THF,31.15,4817822.5,,
3612,6-Iodoquinoline,"1d, 6-I-Q",1.0,0.0004,"2c, Trifluoroborate",1.0,Pd(OAc)2,0.0625,Xantphos,0.125,NaHCO3,2.5,THF,16.49,2042226.38,,
3613,6-Iodoquinoline,"1d, 6-I-Q",1.0,0.0004,"2c, Trifluoroborate",1.0,Pd(OAc)2,0.0625,,,Et3N,2.5,THF,22.52,4025866.25,,
3614,6-Iodoquinoline,"1d, 6-I-Q",1.0,0.0004,"2c, Trifluoroborate",1.0,Pd(OAc)2,0.0625,P(tBu)3,0.125,Et3N,2.5,THF,26.61,7751650.5,,
3615,6-Iodoquinoline,"1d, 6-I-Q",1.0,0.0004,"2c, Trifluoroborate",1.0,Pd(OAc)2,0.0625,P(Ph)3 ,0.125,Et3N,2.5,THF,47.17,10406137.0,,
3616,6-Iodoquinoline,"1d, 6-I-Q",1.0,0.0004,"2c, Trifluoroborate",1.0,Pd(OAc)2,0.0625,AmPhos,0.125,Et3N,2.5,THF,41.97,12509034.0,,
3617,6-Iodoquinoline,"1d, 6-I-Q",1.0,0.0004,"2c, Trifluoroborate",1.0,Pd(OAc)2,0.0625,P(Cy)3,0.125,Et3N,2.5,THF,30.56,6698847.5,,
3618,6-Iodoquinoline,"1d, 6-I-Q",1.0,0.0004,"2c, Trifluoroborate",1.0,Pd(OAc)2,0.0625,P(o-Tol)3,0.125,Et3N,2.5,THF,37.91,10661069.0,,
3619,6-Iodoquinoline,"1d, 6-I-Q",1.0,0.0004,"2c, Trifluoroborate",1.0,Pd(OAc)2,0.0625,CataCXium A,0.125,Et3N,2.5,THF,60.3,14407022.0,,
3620,6-Iodoquinoline,"1d, 6-I-Q",1.0,0.0004,"2c, Trifluoroborate",1.0,Pd(OAc)2,0.0625,SPhos,0.125,Et3N,2.5,THF,30.31,7602508.0,,
3621,6-Iodoquinoline,"1d, 6-I-Q",1.0,0.0004,"2c, Trifluoroborate",1.0,Pd(OAc)2,0.0625,dtbpf,0.125,Et3N,2.5,THF,35.31,7126157.0,,
3622,6-Iodoquinoline,"1d, 6-I-Q",1.0,0.0004,"2c, Trifluoroborate",1.0,Pd(OAc)2,0.0625,XPhos,0.125,Et3N,2.5,THF,29.03,8080205.0,,
3623,6-Iodoquinoline,"1d, 6-I-Q",1.0,0.0004,"2c, Trifluoroborate",1.0,Pd(OAc)2,0.0625,dppf,0.125,Et3N,2.5,THF,34.84,5820579.0,,
3624,6-Iodoquinoline,"1d, 6-I-Q",1.0,0.0004,"2c, Trifluoroborate",1.0,Pd(OAc)2,0.0625,Xantphos,0.125,Et3N,2.5,THF,20.98,4551021.0,,
3625,6-Iodoquinoline,"1d, 6-I-Q",1.0,0.0004,"2c, Trifluoroborate",1.0,Pd(OAc)2,0.0625,,,CsF,2.5,THF,22.82,3371207.0,,
3626,6-Iodoquinoline,"1d, 6-I-Q",1.0,0.0004,"2c, Trifluoroborate",1.0,Pd(OAc)2,0.0625,P(tBu)3,0.125,CsF,2.5,THF,29.1,6743908.0,,
3627,6-Iodoquinoline,"1d, 6-I-Q",1.0,0.0004,"2c, Trifluoroborate",1.0,Pd(OAc)2,0.0625,P(Ph)3 ,0.125,CsF,2.5,THF,53.77,12344536.0,,
3628,6-Iodoquinoline,"1d, 6-I-Q",1.0,0.0004,"2c, Trifluoroborate",1.0,Pd(OAc)2,0.0625,AmPhos,0.125,CsF,2.5,THF,42.75,11623987.0,,
3629,6-Iodoquinoline,"1d, 6-I-Q",1.0,0.0004,"2c, Trifluoroborate",1.0,Pd(OAc)2,0.0625,P(Cy)3,0.125,CsF,2.5,THF,38.71,7937704.5,,
3630,6-Iodoquinoline,"1d, 6-I-Q",1.0,0.0004,"2c, Trifluoroborate",1.0,Pd(OAc)2,0.0625,P(o-Tol)3,0.125,CsF,2.5,THF,35.42,7279284.5,,
3631,6-Iodoquinoline,"1d, 6-I-Q",1.0,0.0004,"2c, Trifluoroborate",1.0,Pd(OAc)2,0.0625,CataCXium A,0.125,CsF,2.5,THF,60.07,13305686.0,,
3632,6-Iodoquinoline,"1d, 6-I-Q",1.0,0.0004,"2c, Trifluoroborate",1.0,Pd(OAc)2,0.0625,SPhos,0.125,CsF,2.5,THF,32.04,7870897.0,,
3633,6-Iodoquinoline,"1d, 6-I-Q",1.0,0.0004,"2c, Trifluoroborate",1.0,Pd(OAc)2,0.0625,dtbpf,0.125,CsF,2.5,THF,41.06,7818840.5,,
3634,6-Iodoquinoline,"1d, 6-I-Q",1.0,0.0004,"2c, Trifluoroborate",1.0,Pd(OAc)2,0.0625,XPhos,0.125,CsF,2.5,THF,28.83,5476392.5,,
3635,6-Iodoquinoline,"1d, 6-I-Q",1.0,0.0004,"2c, Trifluoroborate",1.0,Pd(OAc)2,0.0625,dppf,0.125,CsF,2.5,THF,39.87,5553420.5,,
3636,6-Iodoquinoline,"1d, 6-I-Q",1.0,0.0004,"2c, Trifluoroborate",1.0,Pd(OAc)2,0.0625,Xantphos,0.125,CsF,2.5,THF,23.33,4963555.5,,
3637,6-Iodoquinoline,"1d, 6-I-Q",1.0,0.0004,"2c, Trifluoroborate",1.0,Pd(OAc)2,0.0625,,,K3PO4,2.5,THF,21.24,2908217.5,,
3638,6-Iodoquinoline,"1d, 6-I-Q",1.0,0.0004,"2c, Trifluoroborate",1.0,Pd(OAc)2,0.0625,P(tBu)3,0.125,K3PO4,2.5,THF,23.75,4472638.0,,
3639,6-Iodoquinoline,"1d, 6-I-Q",1.0,0.0004,"2c, Trifluoroborate",1.0,Pd(OAc)2,0.0625,P(Ph)3 ,0.125,K3PO4,2.5,THF,55.89,11999173.0,,
3640,6-Iodoquinoline,"1d, 6-I-Q",1.0,0.0004,"2c, Trifluoroborate",1.0,Pd(OAc)2,0.0625,AmPhos,0.125,K3PO4,2.5,THF,44.98,10856028.0,,
3641,6-Iodoquinoline,"1d, 6-I-Q",1.0,0.0004,"2c, Trifluoroborate",1.0,Pd(OAc)2,0.0625,P(Cy)3,0.125,K3PO4,2.5,THF,43.32,9498430.0,,
3642,6-Iodoquinoline,"1d, 6-I-Q",1.0,0.0004,"2c, Trifluoroborate",1.0,Pd(OAc)2,0.0625,P(o-Tol)3,0.125,K3PO4,2.5,THF,40.65,9707086.0,,
3643,6-Iodoquinoline,"1d, 6-I-Q",1.0,0.0004,"2c, Trifluoroborate",1.0,Pd(OAc)2,0.0625,CataCXium A,0.125,K3PO4,2.5,THF,58.2,12723862.0,,
3644,6-Iodoquinoline,"1d, 6-I-Q",1.0,0.0004,"2c, Trifluoroborate",1.0,Pd(OAc)2,0.0625,SPhos,0.125,K3PO4,2.5,THF,30.76,6746235.0,,
3645,6-Iodoquinoline,"1d, 6-I-Q",1.0,0.0004,"2c, Trifluoroborate",1.0,Pd(OAc)2,0.0625,dtbpf,0.125,K3PO4,2.5,THF,37.84,8784306.0,,
3646,6-Iodoquinoline,"1d, 6-I-Q",1.0,0.0004,"2c, Trifluoroborate",1.0,Pd(OAc)2,0.0625,XPhos,0.125,K3PO4,2.5,THF,31.51,8215621.0,,
3647,6-Iodoquinoline,"1d, 6-I-Q",1.0,0.0004,"2c, Trifluoroborate",1.0,Pd(OAc)2,0.0625,dppf,0.125,K3PO4,2.5,THF,38.71,5915495.5,,
3648,6-Iodoquinoline,"1d, 6-I-Q",1.0,0.0004,"2c, Trifluoroborate",1.0,Pd(OAc)2,0.0625,Xantphos,0.125,K3PO4,2.5,THF,22.2,3366368.75,,
3649,6-Iodoquinoline,"1d, 6-I-Q",1.0,0.0004,"2c, Trifluoroborate",1.0,Pd(OAc)2,0.0625,,,,2.5,DMF,14.91,51438.78,,
3650,6-Iodoquinoline,"1d, 6-I-Q",1.0,0.0004,"2c, Trifluoroborate",1.0,Pd(OAc)2,0.0625,P(tBu)3,0.125,,2.5,DMF,13.05,258217.5,,
3651,6-Iodoquinoline,"1d, 6-I-Q",1.0,0.0004,"2c, Trifluoroborate",1.0,Pd(OAc)2,0.0625,P(Ph)3 ,0.125,,2.5,DMF,15.86,594582.13,,
3652,6-Iodoquinoline,"1d, 6-I-Q",1.0,0.0004,"2c, Trifluoroborate",1.0,Pd(OAc)2,0.0625,AmPhos,0.125,,2.5,DMF,21.99,584356.13,,
3653,6-Iodoquinoline,"1d, 6-I-Q",1.0,0.0004,"2c, Trifluoroborate",1.0,Pd(OAc)2,0.0625,P(Cy)3,0.125,,2.5,DMF,17.53,1836581.13,,
3654,6-Iodoquinoline,"1d, 6-I-Q",1.0,0.0004,"2c, Trifluoroborate",1.0,Pd(OAc)2,0.0625,P(o-Tol)3,0.125,,2.5,DMF,14.79,442788.0,,
3655,6-Iodoquinoline,"1d, 6-I-Q",1.0,0.0004,"2c, Trifluoroborate",1.0,Pd(OAc)2,0.0625,CataCXium A,0.125,,2.5,DMF,13.97,770837.0,,
3656,6-Iodoquinoline,"1d, 6-I-Q",1.0,0.0004,"2c, Trifluoroborate",1.0,Pd(OAc)2,0.0625,SPhos,0.125,,2.5,DMF,14.89,599895.81,,
3657,6-Iodoquinoline,"1d, 6-I-Q",1.0,0.0004,"2c, Trifluoroborate",1.0,Pd(OAc)2,0.0625,dtbpf,0.125,,2.5,DMF,23.06,351207.0,,
3658,6-Iodoquinoline,"1d, 6-I-Q",1.0,0.0004,"2c, Trifluoroborate",1.0,Pd(OAc)2,0.0625,XPhos,0.125,,2.5,DMF,22.39,304657.91,,
3659,6-Iodoquinoline,"1d, 6-I-Q",1.0,0.0004,"2c, Trifluoroborate",1.0,Pd(OAc)2,0.0625,dppf,0.125,,2.5,DMF,23.38,465341.09,,
3660,6-Iodoquinoline,"1d, 6-I-Q",1.0,0.0004,"2c, Trifluoroborate",1.0,Pd(OAc)2,0.0625,Xantphos,0.125,,2.5,DMF,14.56,201860.94,,
3661,6-Iodoquinoline,"1d, 6-I-Q",1.0,0.0004,"2c, Trifluoroborate",1.0,Pd(OAc)2,0.0625,,,NaOH,2.5,DMF,23.67,75423.16,,
3662,6-Iodoquinoline,"1d, 6-I-Q",1.0,0.0004,"2c, Trifluoroborate",1.0,Pd(OAc)2,0.0625,P(tBu)3,0.125,NaOH,2.5,DMF,16.21,198351.19,,
3663,6-Iodoquinoline,"1d, 6-I-Q",1.0,0.0004,"2c, Trifluoroborate",1.0,Pd(OAc)2,0.0625,P(Ph)3 ,0.125,NaOH,2.5,DMF,20.23,344675.09,,
3664,6-Iodoquinoline,"1d, 6-I-Q",1.0,0.0004,"2c, Trifluoroborate",1.0,Pd(OAc)2,0.0625,AmPhos,0.125,NaOH,2.5,DMF,19.9,159825.02,,
3665,6-Iodoquinoline,"1d, 6-I-Q",1.0,0.0004,"2c, Trifluoroborate",1.0,Pd(OAc)2,0.0625,P(Cy)3,0.125,NaOH,2.5,DMF,16.86,204125.38,,
3666,6-Iodoquinoline,"1d, 6-I-Q",1.0,0.0004,"2c, Trifluoroborate",1.0,Pd(OAc)2,0.0625,P(o-Tol)3,0.125,NaOH,2.5,DMF,19.22,208864.83,,
3667,6-Iodoquinoline,"1d, 6-I-Q",1.0,0.0004,"2c, Trifluoroborate",1.0,Pd(OAc)2,0.0625,CataCXium A,0.125,NaOH,2.5,DMF,18.83,105136.85,,
3668,6-Iodoquinoline,"1d, 6-I-Q",1.0,0.0004,"2c, Trifluoroborate",1.0,Pd(OAc)2,0.0625,SPhos,0.125,NaOH,2.5,DMF,18.66,104979.87,,
3669,6-Iodoquinoline,"1d, 6-I-Q",1.0,0.0004,"2c, Trifluoroborate",1.0,Pd(OAc)2,0.0625,dtbpf,0.125,NaOH,2.5,DMF,27.32,108291.88,,
3670,6-Iodoquinoline,"1d, 6-I-Q",1.0,0.0004,"2c, Trifluoroborate",1.0,Pd(OAc)2,0.0625,XPhos,0.125,NaOH,2.5,DMF,19.78,81515.85,,
3671,6-Iodoquinoline,"1d, 6-I-Q",1.0,0.0004,"2c, Trifluoroborate",1.0,Pd(OAc)2,0.0625,dppf,0.125,NaOH,2.5,DMF,29.42,25437.43,,
3672,6-Iodoquinoline,"1d, 6-I-Q",1.0,0.0004,"2c, Trifluoroborate",1.0,Pd(OAc)2,0.0625,Xantphos,0.125,NaOH,2.5,DMF,17.91,86959.98,,
3673,6-Iodoquinoline,"1d, 6-I-Q",1.0,0.0004,"2c, Trifluoroborate",1.0,Pd(OAc)2,0.0625,,,KOH,2.5,DMF,15.31,121623.88,,
3674,6-Iodoquinoline,"1d, 6-I-Q",1.0,0.0004,"2c, Trifluoroborate",1.0,Pd(OAc)2,0.0625,P(tBu)3,0.125,KOH,2.5,DMF,19.09,391682.75,,
3675,6-Iodoquinoline,"1d, 6-I-Q",1.0,0.0004,"2c, Trifluoroborate",1.0,Pd(OAc)2,0.0625,P(Ph)3 ,0.125,KOH,2.5,DMF,16.59,268027.59,,
3676,6-Iodoquinoline,"1d, 6-I-Q",1.0,0.0004,"2c, Trifluoroborate",1.0,Pd(OAc)2,0.0625,AmPhos,0.125,KOH,2.5,DMF,13.82,360359.97,,
3677,6-Iodoquinoline,"1d, 6-I-Q",1.0,0.0004,"2c, Trifluoroborate",1.0,Pd(OAc)2,0.0625,P(Cy)3,0.125,KOH,2.5,DMF,16.67,167968.34,,
3678,6-Iodoquinoline,"1d, 6-I-Q",1.0,0.0004,"2c, Trifluoroborate",1.0,Pd(OAc)2,0.0625,P(o-Tol)3,0.125,KOH,2.5,DMF,20.61,184199.22,,
3679,6-Iodoquinoline,"1d, 6-I-Q",1.0,0.0004,"2c, Trifluoroborate",1.0,Pd(OAc)2,0.0625,CataCXium A,0.125,KOH,2.5,DMF,15.85,167654.92,,
3680,6-Iodoquinoline,"1d, 6-I-Q",1.0,0.0004,"2c, Trifluoroborate",1.0,Pd(OAc)2,0.0625,SPhos,0.125,KOH,2.5,DMF,14.7,167597.94,,
3681,6-Iodoquinoline,"1d, 6-I-Q",1.0,0.0004,"2c, Trifluoroborate",1.0,Pd(OAc)2,0.0625,dtbpf,0.125,KOH,2.5,DMF,22.4,230705.77,,
3682,6-Iodoquinoline,"1d, 6-I-Q",1.0,0.0004,"2c, Trifluoroborate",1.0,Pd(OAc)2,0.0625,XPhos,0.125,KOH,2.5,DMF,16.51,142272.19,,
3683,6-Iodoquinoline,"1d, 6-I-Q",1.0,0.0004,"2c, Trifluoroborate",1.0,Pd(OAc)2,0.0625,dppf,0.125,KOH,2.5,DMF,19.72,116347.63,,
3684,6-Iodoquinoline,"1d, 6-I-Q",1.0,0.0004,"2c, Trifluoroborate",1.0,Pd(OAc)2,0.0625,Xantphos,0.125,KOH,2.5,DMF,17.54,120605.3,,
3685,6-Iodoquinoline,"1d, 6-I-Q",1.0,0.0004,"2c, Trifluoroborate",1.0,Pd(OAc)2,0.0625,,,LiOtBu,2.5,DMF,14.57,74386.8,,
3686,6-Iodoquinoline,"1d, 6-I-Q",1.0,0.0004,"2c, Trifluoroborate",1.0,Pd(OAc)2,0.0625,P(tBu)3,0.125,LiOtBu,2.5,DMF,18.87,254899.23,,
3687,6-Iodoquinoline,"1d, 6-I-Q",1.0,0.0004,"2c, Trifluoroborate",1.0,Pd(OAc)2,0.0625,P(Ph)3 ,0.125,LiOtBu,2.5,DMF,15.17,531872.81,,
3688,6-Iodoquinoline,"1d, 6-I-Q",1.0,0.0004,"2c, Trifluoroborate",1.0,Pd(OAc)2,0.0625,AmPhos,0.125,LiOtBu,2.5,DMF,12.52,299360.41,,
3689,6-Iodoquinoline,"1d, 6-I-Q",1.0,0.0004,"2c, Trifluoroborate",1.0,Pd(OAc)2,0.0625,P(Cy)3,0.125,LiOtBu,2.5,DMF,14.04,126682.11,,
3690,6-Iodoquinoline,"1d, 6-I-Q",1.0,0.0004,"2c, Trifluoroborate",1.0,Pd(OAc)2,0.0625,P(o-Tol)3,0.125,LiOtBu,2.5,DMF,14.41,127101.73,,
3691,6-Iodoquinoline,"1d, 6-I-Q",1.0,0.0004,"2c, Trifluoroborate",1.0,Pd(OAc)2,0.0625,CataCXium A,0.125,LiOtBu,2.5,DMF,14.16,98605.16,,
3692,6-Iodoquinoline,"1d, 6-I-Q",1.0,0.0004,"2c, Trifluoroborate",1.0,Pd(OAc)2,0.0625,SPhos,0.125,LiOtBu,2.5,DMF,8.89,102935.97,,
3693,6-Iodoquinoline,"1d, 6-I-Q",1.0,0.0004,"2c, Trifluoroborate",1.0,Pd(OAc)2,0.0625,dtbpf,0.125,LiOtBu,2.5,DMF,15.64,226164.44,,
3694,6-Iodoquinoline,"1d, 6-I-Q",1.0,0.0004,"2c, Trifluoroborate",1.0,Pd(OAc)2,0.0625,XPhos,0.125,LiOtBu,2.5,DMF,5.87,146683.75,,
3695,6-Iodoquinoline,"1d, 6-I-Q",1.0,0.0004,"2c, Trifluoroborate",1.0,Pd(OAc)2,0.0625,dppf,0.125,LiOtBu,2.5,DMF,18.03,80562.91,,
3696,6-Iodoquinoline,"1d, 6-I-Q",1.0,0.0004,"2c, Trifluoroborate",1.0,Pd(OAc)2,0.0625,Xantphos,0.125,LiOtBu,2.5,DMF,11.82,181884.94,,
3697,6-Iodoquinoline,"1d, 6-I-Q",1.0,0.0004,"2c, Trifluoroborate",1.0,Pd(OAc)2,0.0625,,,NaHCO3,2.5,DMF,15.25,108132.45,,
3698,6-Iodoquinoline,"1d, 6-I-Q",1.0,0.0004,"2c, Trifluoroborate",1.0,Pd(OAc)2,0.0625,P(tBu)3,0.125,NaHCO3,2.5,DMF,14.85,540026.44,,
3699,6-Iodoquinoline,"1d, 6-I-Q",1.0,0.0004,"2c, Trifluoroborate",1.0,Pd(OAc)2,0.0625,P(Ph)3 ,0.125,NaHCO3,2.5,DMF,15.24,367268.25,,
3700,6-Iodoquinoline,"1d, 6-I-Q",1.0,0.0004,"2c, Trifluoroborate",1.0,Pd(OAc)2,0.0625,AmPhos,0.125,NaHCO3,2.5,DMF,13.75,454168.25,,
3701,6-Iodoquinoline,"1d, 6-I-Q",1.0,0.0004,"2c, Trifluoroborate",1.0,Pd(OAc)2,0.0625,P(Cy)3,0.125,NaHCO3,2.5,DMF,13.5,142603.63,,
3702,6-Iodoquinoline,"1d, 6-I-Q",1.0,0.0004,"2c, Trifluoroborate",1.0,Pd(OAc)2,0.0625,P(o-Tol)3,0.125,NaHCO3,2.5,DMF,15.93,180487.36,,
3703,6-Iodoquinoline,"1d, 6-I-Q",1.0,0.0004,"2c, Trifluoroborate",1.0,Pd(OAc)2,0.0625,CataCXium A,0.125,NaHCO3,2.5,DMF,14.94,273953.84,,
3704,6-Iodoquinoline,"1d, 6-I-Q",1.0,0.0004,"2c, Trifluoroborate",1.0,Pd(OAc)2,0.0625,SPhos,0.125,NaHCO3,2.5,DMF,13.89,121068.77,,
3705,6-Iodoquinoline,"1d, 6-I-Q",1.0,0.0004,"2c, Trifluoroborate",1.0,Pd(OAc)2,0.0625,dtbpf,0.125,NaHCO3,2.5,DMF,15.49,250104.59,,
3706,6-Iodoquinoline,"1d, 6-I-Q",1.0,0.0004,"2c, Trifluoroborate",1.0,Pd(OAc)2,0.0625,XPhos,0.125,NaHCO3,2.5,DMF,15.15,81979.36,,
3707,6-Iodoquinoline,"1d, 6-I-Q",1.0,0.0004,"2c, Trifluoroborate",1.0,Pd(OAc)2,0.0625,dppf,0.125,NaHCO3,2.5,DMF,19.36,151136.56,,
3708,6-Iodoquinoline,"1d, 6-I-Q",1.0,0.0004,"2c, Trifluoroborate",1.0,Pd(OAc)2,0.0625,Xantphos,0.125,NaHCO3,2.5,DMF,14.81,76505.49,,
3709,6-Iodoquinoline,"1d, 6-I-Q",1.0,0.0004,"2c, Trifluoroborate",1.0,Pd(OAc)2,0.0625,,,Et3N,2.5,DMF,17.83,79696.59,,
3710,6-Iodoquinoline,"1d, 6-I-Q",1.0,0.0004,"2c, Trifluoroborate",1.0,Pd(OAc)2,0.0625,P(tBu)3,0.125,Et3N,2.5,DMF,15.33,499953.22,,
3711,6-Iodoquinoline,"1d, 6-I-Q",1.0,0.0004,"2c, Trifluoroborate",1.0,Pd(OAc)2,0.0625,P(Ph)3 ,0.125,Et3N,2.5,DMF,15.57,302088.47,,
3712,6-Iodoquinoline,"1d, 6-I-Q",1.0,0.0004,"2c, Trifluoroborate",1.0,Pd(OAc)2,0.0625,AmPhos,0.125,Et3N,2.5,DMF,14.34,479191.91,,
3713,6-Iodoquinoline,"1d, 6-I-Q",1.0,0.0004,"2c, Trifluoroborate",1.0,Pd(OAc)2,0.0625,P(Cy)3,0.125,Et3N,2.5,DMF,16.56,292920.47,,
3714,6-Iodoquinoline,"1d, 6-I-Q",1.0,0.0004,"2c, Trifluoroborate",1.0,Pd(OAc)2,0.0625,P(o-Tol)3,0.125,Et3N,2.5,DMF,14.67,207953.67,,
3715,6-Iodoquinoline,"1d, 6-I-Q",1.0,0.0004,"2c, Trifluoroborate",1.0,Pd(OAc)2,0.0625,CataCXium A,0.125,Et3N,2.5,DMF,13.1,161962.47,,
3716,6-Iodoquinoline,"1d, 6-I-Q",1.0,0.0004,"2c, Trifluoroborate",1.0,Pd(OAc)2,0.0625,SPhos,0.125,Et3N,2.5,DMF,14.39,78731.08,,
3717,6-Iodoquinoline,"1d, 6-I-Q",1.0,0.0004,"2c, Trifluoroborate",1.0,Pd(OAc)2,0.0625,dtbpf,0.125,Et3N,2.5,DMF,16.3,152142.22,,
3718,6-Iodoquinoline,"1d, 6-I-Q",1.0,0.0004,"2c, Trifluoroborate",1.0,Pd(OAc)2,0.0625,XPhos,0.125,Et3N,2.5,DMF,15.63,110808.21,,
3719,6-Iodoquinoline,"1d, 6-I-Q",1.0,0.0004,"2c, Trifluoroborate",1.0,Pd(OAc)2,0.0625,dppf,0.125,Et3N,2.5,DMF,17.46,248073.16,,
3720,6-Iodoquinoline,"1d, 6-I-Q",1.0,0.0004,"2c, Trifluoroborate",1.0,Pd(OAc)2,0.0625,Xantphos,0.125,Et3N,2.5,DMF,15.43,62566.59,,
3721,6-Iodoquinoline,"1d, 6-I-Q",1.0,0.0004,"2c, Trifluoroborate",1.0,Pd(OAc)2,0.0625,,,CsF,2.5,DMF,14.36,123303.77,,
3722,6-Iodoquinoline,"1d, 6-I-Q",1.0,0.0004,"2c, Trifluoroborate",1.0,Pd(OAc)2,0.0625,P(tBu)3,0.125,CsF,2.5,DMF,13.46,603218.56,,
3723,6-Iodoquinoline,"1d, 6-I-Q",1.0,0.0004,"2c, Trifluoroborate",1.0,Pd(OAc)2,0.0625,P(Ph)3 ,0.125,CsF,2.5,DMF,15.1,423161.47,,
3724,6-Iodoquinoline,"1d, 6-I-Q",1.0,0.0004,"2c, Trifluoroborate",1.0,Pd(OAc)2,0.0625,AmPhos,0.125,CsF,2.5,DMF,13.14,538652.63,,
3725,6-Iodoquinoline,"1d, 6-I-Q",1.0,0.0004,"2c, Trifluoroborate",1.0,Pd(OAc)2,0.0625,P(Cy)3,0.125,CsF,2.5,DMF,14.73,185670.63,,
3726,6-Iodoquinoline,"1d, 6-I-Q",1.0,0.0004,"2c, Trifluoroborate",1.0,Pd(OAc)2,0.0625,P(o-Tol)3,0.125,CsF,2.5,DMF,14.45,279122.16,,
3727,6-Iodoquinoline,"1d, 6-I-Q",1.0,0.0004,"2c, Trifluoroborate",1.0,Pd(OAc)2,0.0625,CataCXium A,0.125,CsF,2.5,DMF,19.58,353796.06,,
3728,6-Iodoquinoline,"1d, 6-I-Q",1.0,0.0004,"2c, Trifluoroborate",1.0,Pd(OAc)2,0.0625,SPhos,0.125,CsF,2.5,DMF,13.61,175421.05,,
3729,6-Iodoquinoline,"1d, 6-I-Q",1.0,0.0004,"2c, Trifluoroborate",1.0,Pd(OAc)2,0.0625,dtbpf,0.125,CsF,2.5,DMF,27.95,206308.2,,
3730,6-Iodoquinoline,"1d, 6-I-Q",1.0,0.0004,"2c, Trifluoroborate",1.0,Pd(OAc)2,0.0625,XPhos,0.125,CsF,2.5,DMF,15.96,111170.2,,
3731,6-Iodoquinoline,"1d, 6-I-Q",1.0,0.0004,"2c, Trifluoroborate",1.0,Pd(OAc)2,0.0625,dppf,0.125,CsF,2.5,DMF,19.51,229772.31,,
3732,6-Iodoquinoline,"1d, 6-I-Q",1.0,0.0004,"2c, Trifluoroborate",1.0,Pd(OAc)2,0.0625,Xantphos,0.125,CsF,2.5,DMF,16.33,113072.36,,
3733,6-Iodoquinoline,"1d, 6-I-Q",1.0,0.0004,"2c, Trifluoroborate",1.0,Pd(OAc)2,0.0625,,,K3PO4,2.5,DMF,14.1,82555.3,,
3734,6-Iodoquinoline,"1d, 6-I-Q",1.0,0.0004,"2c, Trifluoroborate",1.0,Pd(OAc)2,0.0625,P(tBu)3,0.125,K3PO4,2.5,DMF,31.57,149405.91,,
3735,6-Iodoquinoline,"1d, 6-I-Q",1.0,0.0004,"2c, Trifluoroborate",1.0,Pd(OAc)2,0.0625,P(Ph)3 ,0.125,K3PO4,2.5,DMF,19.08,376467.44,,
3736,6-Iodoquinoline,"1d, 6-I-Q",1.0,0.0004,"2c, Trifluoroborate",1.0,Pd(OAc)2,0.0625,AmPhos,0.125,K3PO4,2.5,DMF,26.77,186553.33,,
3737,6-Iodoquinoline,"1d, 6-I-Q",1.0,0.0004,"2c, Trifluoroborate",1.0,Pd(OAc)2,0.0625,P(Cy)3,0.125,K3PO4,2.5,DMF,13.69,175746.77,,
3738,6-Iodoquinoline,"1d, 6-I-Q",1.0,0.0004,"2c, Trifluoroborate",1.0,Pd(OAc)2,0.0625,P(o-Tol)3,0.125,K3PO4,2.5,DMF,14.13,198280.7,,
3739,6-Iodoquinoline,"1d, 6-I-Q",1.0,0.0004,"2c, Trifluoroborate",1.0,Pd(OAc)2,0.0625,CataCXium A,0.125,K3PO4,2.5,DMF,14.55,339077.09,,
3740,6-Iodoquinoline,"1d, 6-I-Q",1.0,0.0004,"2c, Trifluoroborate",1.0,Pd(OAc)2,0.0625,SPhos,0.125,K3PO4,2.5,DMF,31.35,71297.9,,
3741,6-Iodoquinoline,"1d, 6-I-Q",1.0,0.0004,"2c, Trifluoroborate",1.0,Pd(OAc)2,0.0625,dtbpf,0.125,K3PO4,2.5,DMF,34.37,81873.73,,
3742,6-Iodoquinoline,"1d, 6-I-Q",1.0,0.0004,"2c, Trifluoroborate",1.0,Pd(OAc)2,0.0625,XPhos,0.125,K3PO4,2.5,DMF,15.82,81810.03,,
3743,6-Iodoquinoline,"1d, 6-I-Q",1.0,0.0004,"2c, Trifluoroborate",1.0,Pd(OAc)2,0.0625,dppf,0.125,K3PO4,2.5,DMF,39.42,74434.66,,
3744,6-Iodoquinoline,"1d, 6-I-Q",1.0,0.0004,"2c, Trifluoroborate",1.0,Pd(OAc)2,0.0625,Xantphos,0.125,K3PO4,2.5,DMF,14.27,54772.71,,
3745,6-Iodoquinoline,"1d, 6-I-Q",1.0,0.0004,"2c, Trifluoroborate",1.0,Pd(OAc)2,0.0625,,,,2.5,MeOH,28.5,1438479.88,,
3746,6-Iodoquinoline,"1d, 6-I-Q",1.0,0.0004,"2c, Trifluoroborate",1.0,Pd(OAc)2,0.0625,P(tBu)3,0.125,,2.5,MeOH,16.44,3831866.5,,
3747,6-Iodoquinoline,"1d, 6-I-Q",1.0,0.0004,"2c, Trifluoroborate",1.0,Pd(OAc)2,0.0625,P(Ph)3 ,0.125,,2.5,MeOH,56.56,11223322.0,,
3748,6-Iodoquinoline,"1d, 6-I-Q",1.0,0.0004,"2c, Trifluoroborate",1.0,Pd(OAc)2,0.0625,AmPhos,0.125,,2.5,MeOH,45.17,10503649.0,,
3749,6-Iodoquinoline,"1d, 6-I-Q",1.0,0.0004,"2c, Trifluoroborate",1.0,Pd(OAc)2,0.0625,P(Cy)3,0.125,,2.5,MeOH,21.88,3671688.5,,
3750,6-Iodoquinoline,"1d, 6-I-Q",1.0,0.0004,"2c, Trifluoroborate",1.0,Pd(OAc)2,0.0625,P(o-Tol)3,0.125,,2.5,MeOH,56.29,12515489.0,,
3751,6-Iodoquinoline,"1d, 6-I-Q",1.0,0.0004,"2c, Trifluoroborate",1.0,Pd(OAc)2,0.0625,CataCXium A,0.125,,2.5,MeOH,43.94,7851029.0,,
3752,6-Iodoquinoline,"1d, 6-I-Q",1.0,0.0004,"2c, Trifluoroborate",1.0,Pd(OAc)2,0.0625,SPhos,0.125,,2.5,MeOH,29.67,4594633.0,,
3753,6-Iodoquinoline,"1d, 6-I-Q",1.0,0.0004,"2c, Trifluoroborate",1.0,Pd(OAc)2,0.0625,dtbpf,0.125,,2.5,MeOH,27.26,4046197.75,,
3754,6-Iodoquinoline,"1d, 6-I-Q",1.0,0.0004,"2c, Trifluoroborate",1.0,Pd(OAc)2,0.0625,XPhos,0.125,,2.5,MeOH,30.14,5453445.5,,
3755,6-Iodoquinoline,"1d, 6-I-Q",1.0,0.0004,"2c, Trifluoroborate",1.0,Pd(OAc)2,0.0625,dppf,0.125,,2.5,MeOH,37.18,5295618.0,,
3756,6-Iodoquinoline,"1d, 6-I-Q",1.0,0.0004,"2c, Trifluoroborate",1.0,Pd(OAc)2,0.0625,Xantphos,0.125,,2.5,MeOH,19.56,3500275.5,,
3757,6-Iodoquinoline,"1d, 6-I-Q",1.0,0.0004,"2c, Trifluoroborate",1.0,Pd(OAc)2,0.0625,,,NaOH,2.5,MeOH,54.68,10148716.0,,
3758,6-Iodoquinoline,"1d, 6-I-Q",1.0,0.0004,"2c, Trifluoroborate",1.0,Pd(OAc)2,0.0625,P(tBu)3,0.125,NaOH,2.5,MeOH,48.3,9470409.0,,
3759,6-Iodoquinoline,"1d, 6-I-Q",1.0,0.0004,"2c, Trifluoroborate",1.0,Pd(OAc)2,0.0625,P(Ph)3 ,0.125,NaOH,2.5,MeOH,75.18,16551565.0,,
3760,6-Iodoquinoline,"1d, 6-I-Q",1.0,0.0004,"2c, Trifluoroborate",1.0,Pd(OAc)2,0.0625,AmPhos,0.125,NaOH,2.5,MeOH,63.04,15500930.0,,
3761,6-Iodoquinoline,"1d, 6-I-Q",1.0,0.0004,"2c, Trifluoroborate",1.0,Pd(OAc)2,0.0625,P(Cy)3,0.125,NaOH,2.5,MeOH,75.06,15412327.0,,
3762,6-Iodoquinoline,"1d, 6-I-Q",1.0,0.0004,"2c, Trifluoroborate",1.0,Pd(OAc)2,0.0625,P(o-Tol)3,0.125,NaOH,2.5,MeOH,72.15,16136537.0,,
3763,6-Iodoquinoline,"1d, 6-I-Q",1.0,0.0004,"2c, Trifluoroborate",1.0,Pd(OAc)2,0.0625,CataCXium A,0.125,NaOH,2.5,MeOH,70.31,11576454.0,,
3764,6-Iodoquinoline,"1d, 6-I-Q",1.0,0.0004,"2c, Trifluoroborate",1.0,Pd(OAc)2,0.0625,SPhos,0.125,NaOH,2.5,MeOH,62.57,12404996.0,,
3765,6-Iodoquinoline,"1d, 6-I-Q",1.0,0.0004,"2c, Trifluoroborate",1.0,Pd(OAc)2,0.0625,dtbpf,0.125,NaOH,2.5,MeOH,53.28,7753565.0,,
3766,6-Iodoquinoline,"1d, 6-I-Q",1.0,0.0004,"2c, Trifluoroborate",1.0,Pd(OAc)2,0.0625,XPhos,0.125,NaOH,2.5,MeOH,61.95,13464117.0,,
3767,6-Iodoquinoline,"1d, 6-I-Q",1.0,0.0004,"2c, Trifluoroborate",1.0,Pd(OAc)2,0.0625,dppf,0.125,NaOH,2.5,MeOH,70.0,14520059.0,,
3768,6-Iodoquinoline,"1d, 6-I-Q",1.0,0.0004,"2c, Trifluoroborate",1.0,Pd(OAc)2,0.0625,Xantphos,0.125,NaOH,2.5,MeOH,48.05,8859799.0,,
3769,6-Iodoquinoline,"1d, 6-I-Q",1.0,0.0004,"2c, Trifluoroborate",1.0,Pd(OAc)2,0.0625,,,KOH,2.5,MeOH,55.55,9642739.0,,
3770,6-Iodoquinoline,"1d, 6-I-Q",1.0,0.0004,"2c, Trifluoroborate",1.0,Pd(OAc)2,0.0625,P(tBu)3,0.125,KOH,2.5,MeOH,42.64,8270949.0,,
3771,6-Iodoquinoline,"1d, 6-I-Q",1.0,0.0004,"2c, Trifluoroborate",1.0,Pd(OAc)2,0.0625,P(Ph)3 ,0.125,KOH,2.5,MeOH,69.39,13143290.0,,
3772,6-Iodoquinoline,"1d, 6-I-Q",1.0,0.0004,"2c, Trifluoroborate",1.0,Pd(OAc)2,0.0625,AmPhos,0.125,KOH,2.5,MeOH,60.07,14524262.0,,
3773,6-Iodoquinoline,"1d, 6-I-Q",1.0,0.0004,"2c, Trifluoroborate",1.0,Pd(OAc)2,0.0625,P(Cy)3,0.125,KOH,2.5,MeOH,68.64,13009231.0,,
3774,6-Iodoquinoline,"1d, 6-I-Q",1.0,0.0004,"2c, Trifluoroborate",1.0,Pd(OAc)2,0.0625,P(o-Tol)3,0.125,KOH,2.5,MeOH,69.92,16129223.0,,
3775,6-Iodoquinoline,"1d, 6-I-Q",1.0,0.0004,"2c, Trifluoroborate",1.0,Pd(OAc)2,0.0625,CataCXium A,0.125,KOH,2.5,MeOH,64.04,12899195.0,,
3776,6-Iodoquinoline,"1d, 6-I-Q",1.0,0.0004,"2c, Trifluoroborate",1.0,Pd(OAc)2,0.0625,SPhos,0.125,KOH,2.5,MeOH,51.08,11695147.0,,
3777,6-Iodoquinoline,"1d, 6-I-Q",1.0,0.0004,"2c, Trifluoroborate",1.0,Pd(OAc)2,0.0625,dtbpf,0.125,KOH,2.5,MeOH,57.35,9509777.0,,
3778,6-Iodoquinoline,"1d, 6-I-Q",1.0,0.0004,"2c, Trifluoroborate",1.0,Pd(OAc)2,0.0625,XPhos,0.125,KOH,2.5,MeOH,57.92,12069759.0,,
3779,6-Iodoquinoline,"1d, 6-I-Q",1.0,0.0004,"2c, Trifluoroborate",1.0,Pd(OAc)2,0.0625,dppf,0.125,KOH,2.5,MeOH,63.88,12915471.0,,
3780,6-Iodoquinoline,"1d, 6-I-Q",1.0,0.0004,"2c, Trifluoroborate",1.0,Pd(OAc)2,0.0625,Xantphos,0.125,KOH,2.5,MeOH,49.94,13302029.0,,
3781,6-Iodoquinoline,"1d, 6-I-Q",1.0,0.0004,"2c, Trifluoroborate",1.0,Pd(OAc)2,0.0625,,,LiOtBu,2.5,MeOH,62.33,11843771.0,,
3782,6-Iodoquinoline,"1d, 6-I-Q",1.0,0.0004,"2c, Trifluoroborate",1.0,Pd(OAc)2,0.0625,P(tBu)3,0.125,LiOtBu,2.5,MeOH,44.23,8103611.5,,
3783,6-Iodoquinoline,"1d, 6-I-Q",1.0,0.0004,"2c, Trifluoroborate",1.0,Pd(OAc)2,0.0625,P(Ph)3 ,0.125,LiOtBu,2.5,MeOH,78.31,13557474.0,,
3784,6-Iodoquinoline,"1d, 6-I-Q",1.0,0.0004,"2c, Trifluoroborate",1.0,Pd(OAc)2,0.0625,AmPhos,0.125,LiOtBu,2.5,MeOH,61.48,13582781.0,,
3785,6-Iodoquinoline,"1d, 6-I-Q",1.0,0.0004,"2c, Trifluoroborate",1.0,Pd(OAc)2,0.0625,P(Cy)3,0.125,LiOtBu,2.5,MeOH,73.72,14049498.0,,
3786,6-Iodoquinoline,"1d, 6-I-Q",1.0,0.0004,"2c, Trifluoroborate",1.0,Pd(OAc)2,0.0625,P(o-Tol)3,0.125,LiOtBu,2.5,MeOH,73.24,15575049.0,,
3787,6-Iodoquinoline,"1d, 6-I-Q",1.0,0.0004,"2c, Trifluoroborate",1.0,Pd(OAc)2,0.0625,CataCXium A,0.125,LiOtBu,2.5,MeOH,63.42,11609199.0,,
3788,6-Iodoquinoline,"1d, 6-I-Q",1.0,0.0004,"2c, Trifluoroborate",1.0,Pd(OAc)2,0.0625,SPhos,0.125,LiOtBu,2.5,MeOH,69.82,15155154.0,,
3789,6-Iodoquinoline,"1d, 6-I-Q",1.0,0.0004,"2c, Trifluoroborate",1.0,Pd(OAc)2,0.0625,dtbpf,0.125,LiOtBu,2.5,MeOH,54.22,9133354.0,,
3790,6-Iodoquinoline,"1d, 6-I-Q",1.0,0.0004,"2c, Trifluoroborate",1.0,Pd(OAc)2,0.0625,XPhos,0.125,LiOtBu,2.5,MeOH,64.55,12693674.0,,
3791,6-Iodoquinoline,"1d, 6-I-Q",1.0,0.0004,"2c, Trifluoroborate",1.0,Pd(OAc)2,0.0625,dppf,0.125,LiOtBu,2.5,MeOH,76.73,15325619.0,,
3792,6-Iodoquinoline,"1d, 6-I-Q",1.0,0.0004,"2c, Trifluoroborate",1.0,Pd(OAc)2,0.0625,Xantphos,0.125,LiOtBu,2.5,MeOH,62.38,16215766.0,,
3793,6-Iodoquinoline,"1d, 6-I-Q",1.0,0.0004,"2c, Trifluoroborate",1.0,Pd(OAc)2,0.0625,,,NaHCO3,2.5,MeOH,65.84,11453578.0,,
3794,6-Iodoquinoline,"1d, 6-I-Q",1.0,0.0004,"2c, Trifluoroborate",1.0,Pd(OAc)2,0.0625,P(tBu)3,0.125,NaHCO3,2.5,MeOH,53.09,11127161.0,,
3795,6-Iodoquinoline,"1d, 6-I-Q",1.0,0.0004,"2c, Trifluoroborate",1.0,Pd(OAc)2,0.0625,P(Ph)3 ,0.125,NaHCO3,2.5,MeOH,81.48,14988125.0,,
3796,6-Iodoquinoline,"1d, 6-I-Q",1.0,0.0004,"2c, Trifluoroborate",1.0,Pd(OAc)2,0.0625,AmPhos,0.125,NaHCO3,2.5,MeOH,70.14,14036047.0,,
3797,6-Iodoquinoline,"1d, 6-I-Q",1.0,0.0004,"2c, Trifluoroborate",1.0,Pd(OAc)2,0.0625,P(Cy)3,0.125,NaHCO3,2.5,MeOH,69.95,13832141.0,,
3798,6-Iodoquinoline,"1d, 6-I-Q",1.0,0.0004,"2c, Trifluoroborate",1.0,Pd(OAc)2,0.0625,P(o-Tol)3,0.125,NaHCO3,2.5,MeOH,80.65,16466405.0,,
3799,6-Iodoquinoline,"1d, 6-I-Q",1.0,0.0004,"2c, Trifluoroborate",1.0,Pd(OAc)2,0.0625,CataCXium A,0.125,NaHCO3,2.5,MeOH,82.23,14675250.0,,
3800,6-Iodoquinoline,"1d, 6-I-Q",1.0,0.0004,"2c, Trifluoroborate",1.0,Pd(OAc)2,0.0625,SPhos,0.125,NaHCO3,2.5,MeOH,66.4,12130635.0,,
3801,6-Iodoquinoline,"1d, 6-I-Q",1.0,0.0004,"2c, Trifluoroborate",1.0,Pd(OAc)2,0.0625,dtbpf,0.125,NaHCO3,2.5,MeOH,57.51,8727041.0,,
3802,6-Iodoquinoline,"1d, 6-I-Q",1.0,0.0004,"2c, Trifluoroborate",1.0,Pd(OAc)2,0.0625,XPhos,0.125,NaHCO3,2.5,MeOH,61.03,10309707.0,,
3803,6-Iodoquinoline,"1d, 6-I-Q",1.0,0.0004,"2c, Trifluoroborate",1.0,Pd(OAc)2,0.0625,dppf,0.125,NaHCO3,2.5,MeOH,76.0,14064337.0,,
3804,6-Iodoquinoline,"1d, 6-I-Q",1.0,0.0004,"2c, Trifluoroborate",1.0,Pd(OAc)2,0.0625,Xantphos,0.125,NaHCO3,2.5,MeOH,51.91,13589722.0,,
3805,6-Iodoquinoline,"1d, 6-I-Q",1.0,0.0004,"2c, Trifluoroborate",1.0,Pd(OAc)2,0.0625,,,Et3N,2.5,MeOH,55.52,9576449.0,,
3806,6-Iodoquinoline,"1d, 6-I-Q",1.0,0.0004,"2c, Trifluoroborate",1.0,Pd(OAc)2,0.0625,P(tBu)3,0.125,Et3N,2.5,MeOH,46.61,8914206.0,,
3807,6-Iodoquinoline,"1d, 6-I-Q",1.0,0.0004,"2c, Trifluoroborate",1.0,Pd(OAc)2,0.0625,P(Ph)3 ,0.125,Et3N,2.5,MeOH,80.09,15589188.0,,
3808,6-Iodoquinoline,"1d, 6-I-Q",1.0,0.0004,"2c, Trifluoroborate",1.0,Pd(OAc)2,0.0625,AmPhos,0.125,Et3N,2.5,MeOH,74.74,15958672.0,,
3809,6-Iodoquinoline,"1d, 6-I-Q",1.0,0.0004,"2c, Trifluoroborate",1.0,Pd(OAc)2,0.0625,P(Cy)3,0.125,Et3N,2.5,MeOH,73.91,14387410.0,,
3810,6-Iodoquinoline,"1d, 6-I-Q",1.0,0.0004,"2c, Trifluoroborate",1.0,Pd(OAc)2,0.0625,P(o-Tol)3,0.125,Et3N,2.5,MeOH,79.4,12240199.0,,
3811,6-Iodoquinoline,"1d, 6-I-Q",1.0,0.0004,"2c, Trifluoroborate",1.0,Pd(OAc)2,0.0625,CataCXium A,0.125,Et3N,2.5,MeOH,81.25,17193692.0,,
3812,6-Iodoquinoline,"1d, 6-I-Q",1.0,0.0004,"2c, Trifluoroborate",1.0,Pd(OAc)2,0.0625,SPhos,0.125,Et3N,2.5,MeOH,58.75,11594187.0,,
3813,6-Iodoquinoline,"1d, 6-I-Q",1.0,0.0004,"2c, Trifluoroborate",1.0,Pd(OAc)2,0.0625,dtbpf,0.125,Et3N,2.5,MeOH,50.93,7566782.5,,
3814,6-Iodoquinoline,"1d, 6-I-Q",1.0,0.0004,"2c, Trifluoroborate",1.0,Pd(OAc)2,0.0625,XPhos,0.125,Et3N,2.5,MeOH,44.35,9332267.0,,
3815,6-Iodoquinoline,"1d, 6-I-Q",1.0,0.0004,"2c, Trifluoroborate",1.0,Pd(OAc)2,0.0625,dppf,0.125,Et3N,2.5,MeOH,68.05,13159969.0,,
3816,6-Iodoquinoline,"1d, 6-I-Q",1.0,0.0004,"2c, Trifluoroborate",1.0,Pd(OAc)2,0.0625,Xantphos,0.125,Et3N,2.5,MeOH,34.85,9251919.0,,
3817,6-Iodoquinoline,"1d, 6-I-Q",1.0,0.0004,"2c, Trifluoroborate",1.0,Pd(OAc)2,0.0625,,,CsF,2.5,MeOH,62.05,9611659.0,,
3818,6-Iodoquinoline,"1d, 6-I-Q",1.0,0.0004,"2c, Trifluoroborate",1.0,Pd(OAc)2,0.0625,P(tBu)3,0.125,CsF,2.5,MeOH,53.82,9677072.0,,
3819,6-Iodoquinoline,"1d, 6-I-Q",1.0,0.0004,"2c, Trifluoroborate",1.0,Pd(OAc)2,0.0625,P(Ph)3 ,0.125,CsF,2.5,MeOH,82.9,16091335.0,,
3820,6-Iodoquinoline,"1d, 6-I-Q",1.0,0.0004,"2c, Trifluoroborate",1.0,Pd(OAc)2,0.0625,AmPhos,0.125,CsF,2.5,MeOH,78.92,15163378.0,,
3821,6-Iodoquinoline,"1d, 6-I-Q",1.0,0.0004,"2c, Trifluoroborate",1.0,Pd(OAc)2,0.0625,P(Cy)3,0.125,CsF,2.5,MeOH,66.13,12752109.0,,
3822,6-Iodoquinoline,"1d, 6-I-Q",1.0,0.0004,"2c, Trifluoroborate",1.0,Pd(OAc)2,0.0625,P(o-Tol)3,0.125,CsF,2.5,MeOH,84.77,13534491.0,,
3823,6-Iodoquinoline,"1d, 6-I-Q",1.0,0.0004,"2c, Trifluoroborate",1.0,Pd(OAc)2,0.0625,CataCXium A,0.125,CsF,2.5,MeOH,74.96,14358462.0,,
3824,6-Iodoquinoline,"1d, 6-I-Q",1.0,0.0004,"2c, Trifluoroborate",1.0,Pd(OAc)2,0.0625,SPhos,0.125,CsF,2.5,MeOH,59.47,12251716.0,,
3825,6-Iodoquinoline,"1d, 6-I-Q",1.0,0.0004,"2c, Trifluoroborate",1.0,Pd(OAc)2,0.0625,dtbpf,0.125,CsF,2.5,MeOH,60.65,8759354.0,,
3826,6-Iodoquinoline,"1d, 6-I-Q",1.0,0.0004,"2c, Trifluoroborate",1.0,Pd(OAc)2,0.0625,XPhos,0.125,CsF,2.5,MeOH,50.87,10235277.0,,
3827,6-Iodoquinoline,"1d, 6-I-Q",1.0,0.0004,"2c, Trifluoroborate",1.0,Pd(OAc)2,0.0625,dppf,0.125,CsF,2.5,MeOH,68.62,13491020.0,,
3828,6-Iodoquinoline,"1d, 6-I-Q",1.0,0.0004,"2c, Trifluoroborate",1.0,Pd(OAc)2,0.0625,Xantphos,0.125,CsF,2.5,MeOH,39.22,9861634.0,,
3829,6-Iodoquinoline,"1d, 6-I-Q",1.0,0.0004,"2c, Trifluoroborate",1.0,Pd(OAc)2,0.0625,,,K3PO4,2.5,MeOH,59.04,10198912.0,,
3830,6-Iodoquinoline,"1d, 6-I-Q",1.0,0.0004,"2c, Trifluoroborate",1.0,Pd(OAc)2,0.0625,P(tBu)3,0.125,K3PO4,2.5,MeOH,49.74,7456220.5,,
3831,6-Iodoquinoline,"1d, 6-I-Q",1.0,0.0004,"2c, Trifluoroborate",1.0,Pd(OAc)2,0.0625,P(Ph)3 ,0.125,K3PO4,2.5,MeOH,78.9,14291072.0,,
3832,6-Iodoquinoline,"1d, 6-I-Q",1.0,0.0004,"2c, Trifluoroborate",1.0,Pd(OAc)2,0.0625,AmPhos,0.125,K3PO4,2.5,MeOH,70.77,13434487.0,,
3833,6-Iodoquinoline,"1d, 6-I-Q",1.0,0.0004,"2c, Trifluoroborate",1.0,Pd(OAc)2,0.0625,P(Cy)3,0.125,K3PO4,2.5,MeOH,78.59,16198052.0,,
3834,6-Iodoquinoline,"1d, 6-I-Q",1.0,0.0004,"2c, Trifluoroborate",1.0,Pd(OAc)2,0.0625,P(o-Tol)3,0.125,K3PO4,2.5,MeOH,71.82,12471583.0,,
3835,6-Iodoquinoline,"1d, 6-I-Q",1.0,0.0004,"2c, Trifluoroborate",1.0,Pd(OAc)2,0.0625,CataCXium A,0.125,K3PO4,2.5,MeOH,76.98,11271109.0,,
3836,6-Iodoquinoline,"1d, 6-I-Q",1.0,0.0004,"2c, Trifluoroborate",1.0,Pd(OAc)2,0.0625,SPhos,0.125,K3PO4,2.5,MeOH,68.51,11137969.0,,
3837,6-Iodoquinoline,"1d, 6-I-Q",1.0,0.0004,"2c, Trifluoroborate",1.0,Pd(OAc)2,0.0625,dtbpf,0.125,K3PO4,2.5,MeOH,66.43,10319284.0,,
3838,6-Iodoquinoline,"1d, 6-I-Q",1.0,0.0004,"2c, Trifluoroborate",1.0,Pd(OAc)2,0.0625,XPhos,0.125,K3PO4,2.5,MeOH,67.02,12046575.0,,
3839,6-Iodoquinoline,"1d, 6-I-Q",1.0,0.0004,"2c, Trifluoroborate",1.0,Pd(OAc)2,0.0625,dppf,0.125,K3PO4,2.5,MeOH,71.12,13807982.0,,
3840,6-Iodoquinoline,"1d, 6-I-Q",1.0,0.0004,"2c, Trifluoroborate",1.0,Pd(OAc)2,0.0625,Xantphos,0.125,K3PO4,2.5,MeOH,40.88,6918384.0,,
3841,6-Bromoquinoline,"1b, 6-Br-Q",1.0,0.0004,"2c, Trifluoroborate",1.0,Pd(OAc)2,0.0625,,,,2.5,MeCN,16.53,385743.53,,
3842,6-Bromoquinoline,"1b, 6-Br-Q",1.0,0.0004,"2c, Trifluoroborate",1.0,Pd(OAc)2,0.0625,P(tBu)3,0.125,,2.5,MeCN,12.41,281313.38,,
3843,6-Bromoquinoline,"1b, 6-Br-Q",1.0,0.0004,"2c, Trifluoroborate",1.0,Pd(OAc)2,0.0625,P(Ph)3 ,0.125,,2.5,MeCN,23.02,1244121.25,,
3844,6-Bromoquinoline,"1b, 6-Br-Q",1.0,0.0004,"2c, Trifluoroborate",1.0,Pd(OAc)2,0.0625,AmPhos,0.125,,2.5,MeCN,20.7,3142848.5,,
3845,6-Bromoquinoline,"1b, 6-Br-Q",1.0,0.0004,"2c, Trifluoroborate",1.0,Pd(OAc)2,0.0625,P(Cy)3,0.125,,2.5,MeCN,12.94,164524.48,,
3846,6-Bromoquinoline,"1b, 6-Br-Q",1.0,0.0004,"2c, Trifluoroborate",1.0,Pd(OAc)2,0.0625,P(o-Tol)3,0.125,,2.5,MeCN,15.23,235542.38,,
3847,6-Bromoquinoline,"1b, 6-Br-Q",1.0,0.0004,"2c, Trifluoroborate",1.0,Pd(OAc)2,0.0625,CataCXium A,0.125,,2.5,MeCN,14.79,511234.91,,
3848,6-Bromoquinoline,"1b, 6-Br-Q",1.0,0.0004,"2c, Trifluoroborate",1.0,Pd(OAc)2,0.0625,SPhos,0.125,,2.5,MeCN,13.01,398345.13,,
3849,6-Bromoquinoline,"1b, 6-Br-Q",1.0,0.0004,"2c, Trifluoroborate",1.0,Pd(OAc)2,0.0625,dtbpf,0.125,,2.5,MeCN,22.27,1538208.38,,
3850,6-Bromoquinoline,"1b, 6-Br-Q",1.0,0.0004,"2c, Trifluoroborate",1.0,Pd(OAc)2,0.0625,XPhos,0.125,,2.5,MeCN,13.88,111208.53,,
3851,6-Bromoquinoline,"1b, 6-Br-Q",1.0,0.0004,"2c, Trifluoroborate",1.0,Pd(OAc)2,0.0625,dppf,0.125,,2.5,MeCN,17.33,279258.22,,
3852,6-Bromoquinoline,"1b, 6-Br-Q",1.0,0.0004,"2c, Trifluoroborate",1.0,Pd(OAc)2,0.0625,Xantphos,0.125,,2.5,MeCN,13.32,74518.56,,
3853,6-Bromoquinoline,"1b, 6-Br-Q",1.0,0.0004,"2c, Trifluoroborate",1.0,Pd(OAc)2,0.0625,,,NaOH,2.5,MeCN,18.7,100618.88,,
3854,6-Bromoquinoline,"1b, 6-Br-Q",1.0,0.0004,"2c, Trifluoroborate",1.0,Pd(OAc)2,0.0625,P(tBu)3,0.125,NaOH,2.5,MeCN,15.81,138628.89,,
3855,6-Bromoquinoline,"1b, 6-Br-Q",1.0,0.0004,"2c, Trifluoroborate",1.0,Pd(OAc)2,0.0625,P(Ph)3 ,0.125,NaOH,2.5,MeCN,18.18,546013.81,,
3856,6-Bromoquinoline,"1b, 6-Br-Q",1.0,0.0004,"2c, Trifluoroborate",1.0,Pd(OAc)2,0.0625,AmPhos,0.125,NaOH,2.5,MeCN,17.45,553232.06,,
3857,6-Bromoquinoline,"1b, 6-Br-Q",1.0,0.0004,"2c, Trifluoroborate",1.0,Pd(OAc)2,0.0625,P(Cy)3,0.125,NaOH,2.5,MeCN,17.86,81833.28,,
3858,6-Bromoquinoline,"1b, 6-Br-Q",1.0,0.0004,"2c, Trifluoroborate",1.0,Pd(OAc)2,0.0625,P(o-Tol)3,0.125,NaOH,2.5,MeCN,17.29,77801.91,,
3859,6-Bromoquinoline,"1b, 6-Br-Q",1.0,0.0004,"2c, Trifluoroborate",1.0,Pd(OAc)2,0.0625,CataCXium A,0.125,NaOH,2.5,MeCN,18.96,29603.69,,
3860,6-Bromoquinoline,"1b, 6-Br-Q",1.0,0.0004,"2c, Trifluoroborate",1.0,Pd(OAc)2,0.0625,SPhos,0.125,NaOH,2.5,MeCN,17.79,63551.04,,
3861,6-Bromoquinoline,"1b, 6-Br-Q",1.0,0.0004,"2c, Trifluoroborate",1.0,Pd(OAc)2,0.0625,dtbpf,0.125,NaOH,2.5,MeCN,17.81,107603.02,,
3862,6-Bromoquinoline,"1b, 6-Br-Q",1.0,0.0004,"2c, Trifluoroborate",1.0,Pd(OAc)2,0.0625,XPhos,0.125,NaOH,2.5,MeCN,21.26,67931.95,,
3863,6-Bromoquinoline,"1b, 6-Br-Q",1.0,0.0004,"2c, Trifluoroborate",1.0,Pd(OAc)2,0.0625,dppf,0.125,NaOH,2.5,MeCN,21.0,34581.63,,
3864,6-Bromoquinoline,"1b, 6-Br-Q",1.0,0.0004,"2c, Trifluoroborate",1.0,Pd(OAc)2,0.0625,Xantphos,0.125,NaOH,2.5,MeCN,19.12,56019.37,,
3865,6-Bromoquinoline,"1b, 6-Br-Q",1.0,0.0004,"2c, Trifluoroborate",1.0,Pd(OAc)2,0.0625,,,KOH,2.5,MeCN,12.93,71623.32,,
3866,6-Bromoquinoline,"1b, 6-Br-Q",1.0,0.0004,"2c, Trifluoroborate",1.0,Pd(OAc)2,0.0625,P(tBu)3,0.125,KOH,2.5,MeCN,12.17,319515.41,,
3867,6-Bromoquinoline,"1b, 6-Br-Q",1.0,0.0004,"2c, Trifluoroborate",1.0,Pd(OAc)2,0.0625,P(Ph)3 ,0.125,KOH,2.5,MeCN,17.75,1636061.88,,
3868,6-Bromoquinoline,"1b, 6-Br-Q",1.0,0.0004,"2c, Trifluoroborate",1.0,Pd(OAc)2,0.0625,AmPhos,0.125,KOH,2.5,MeCN,13.16,928105.5,,
3869,6-Bromoquinoline,"1b, 6-Br-Q",1.0,0.0004,"2c, Trifluoroborate",1.0,Pd(OAc)2,0.0625,P(Cy)3,0.125,KOH,2.5,MeCN,10.99,98276.4,,
3870,6-Bromoquinoline,"1b, 6-Br-Q",1.0,0.0004,"2c, Trifluoroborate",1.0,Pd(OAc)2,0.0625,P(o-Tol)3,0.125,KOH,2.5,MeCN,12.41,140135.92,,
3871,6-Bromoquinoline,"1b, 6-Br-Q",1.0,0.0004,"2c, Trifluoroborate",1.0,Pd(OAc)2,0.0625,CataCXium A,0.125,KOH,2.5,MeCN,14.15,466019.72,,
3872,6-Bromoquinoline,"1b, 6-Br-Q",1.0,0.0004,"2c, Trifluoroborate",1.0,Pd(OAc)2,0.0625,SPhos,0.125,KOH,2.5,MeCN,12.9,564181.31,,
3873,6-Bromoquinoline,"1b, 6-Br-Q",1.0,0.0004,"2c, Trifluoroborate",1.0,Pd(OAc)2,0.0625,dtbpf,0.125,KOH,2.5,MeCN,19.91,450377.06,,
3874,6-Bromoquinoline,"1b, 6-Br-Q",1.0,0.0004,"2c, Trifluoroborate",1.0,Pd(OAc)2,0.0625,XPhos,0.125,KOH,2.5,MeCN,12.01,139421.75,,
3875,6-Bromoquinoline,"1b, 6-Br-Q",1.0,0.0004,"2c, Trifluoroborate",1.0,Pd(OAc)2,0.0625,dppf,0.125,KOH,2.5,MeCN,20.9,42888.13,,
3876,6-Bromoquinoline,"1b, 6-Br-Q",1.0,0.0004,"2c, Trifluoroborate",1.0,Pd(OAc)2,0.0625,Xantphos,0.125,KOH,2.5,MeCN,12.35,88113.85,,
3877,6-Bromoquinoline,"1b, 6-Br-Q",1.0,0.0004,"2c, Trifluoroborate",1.0,Pd(OAc)2,0.0625,,,LiOtBu,2.5,MeCN,13.07,109592.11,,
3878,6-Bromoquinoline,"1b, 6-Br-Q",1.0,0.0004,"2c, Trifluoroborate",1.0,Pd(OAc)2,0.0625,P(tBu)3,0.125,LiOtBu,2.5,MeCN,14.14,92457.41,,
3879,6-Bromoquinoline,"1b, 6-Br-Q",1.0,0.0004,"2c, Trifluoroborate",1.0,Pd(OAc)2,0.0625,P(Ph)3 ,0.125,LiOtBu,2.5,MeCN,22.09,334137.16,,
3880,6-Bromoquinoline,"1b, 6-Br-Q",1.0,0.0004,"2c, Trifluoroborate",1.0,Pd(OAc)2,0.0625,AmPhos,0.125,LiOtBu,2.5,MeCN,11.54,392430.56,,
3881,6-Bromoquinoline,"1b, 6-Br-Q",1.0,0.0004,"2c, Trifluoroborate",1.0,Pd(OAc)2,0.0625,P(Cy)3,0.125,LiOtBu,2.5,MeCN,10.1,425103.56,,
3882,6-Bromoquinoline,"1b, 6-Br-Q",1.0,0.0004,"2c, Trifluoroborate",1.0,Pd(OAc)2,0.0625,P(o-Tol)3,0.125,LiOtBu,2.5,MeCN,10.87,288888.25,,
3883,6-Bromoquinoline,"1b, 6-Br-Q",1.0,0.0004,"2c, Trifluoroborate",1.0,Pd(OAc)2,0.0625,CataCXium A,0.125,LiOtBu,2.5,MeCN,11.88,177735.83,,
3884,6-Bromoquinoline,"1b, 6-Br-Q",1.0,0.0004,"2c, Trifluoroborate",1.0,Pd(OAc)2,0.0625,SPhos,0.125,LiOtBu,2.5,MeCN,13.93,81934.65,,
3885,6-Bromoquinoline,"1b, 6-Br-Q",1.0,0.0004,"2c, Trifluoroborate",1.0,Pd(OAc)2,0.0625,dtbpf,0.125,LiOtBu,2.5,MeCN,16.78,320292.13,,
3886,6-Bromoquinoline,"1b, 6-Br-Q",1.0,0.0004,"2c, Trifluoroborate",1.0,Pd(OAc)2,0.0625,XPhos,0.125,LiOtBu,2.5,MeCN,12.89,211140.0,,
3887,6-Bromoquinoline,"1b, 6-Br-Q",1.0,0.0004,"2c, Trifluoroborate",1.0,Pd(OAc)2,0.0625,dppf,0.125,LiOtBu,2.5,MeCN,22.71,25389.21,,
3888,6-Bromoquinoline,"1b, 6-Br-Q",1.0,0.0004,"2c, Trifluoroborate",1.0,Pd(OAc)2,0.0625,Xantphos,0.125,LiOtBu,2.5,MeCN,12.97,37881.82,,
3889,6-Bromoquinoline,"1b, 6-Br-Q",1.0,0.0004,"2c, Trifluoroborate",1.0,Pd(OAc)2,0.0625,,,NaHCO3,2.5,MeCN,12.41,60351.52,,
3890,6-Bromoquinoline,"1b, 6-Br-Q",1.0,0.0004,"2c, Trifluoroborate",1.0,Pd(OAc)2,0.0625,P(tBu)3,0.125,NaHCO3,2.5,MeCN,10.18,185739.89,,
3891,6-Bromoquinoline,"1b, 6-Br-Q",1.0,0.0004,"2c, Trifluoroborate",1.0,Pd(OAc)2,0.0625,P(Ph)3 ,0.125,NaHCO3,2.5,MeCN,14.48,934240.69,,
3892,6-Bromoquinoline,"1b, 6-Br-Q",1.0,0.0004,"2c, Trifluoroborate",1.0,Pd(OAc)2,0.0625,AmPhos,0.125,NaHCO3,2.5,MeCN,23.12,7478654.5,,
3893,6-Bromoquinoline,"1b, 6-Br-Q",1.0,0.0004,"2c, Trifluoroborate",1.0,Pd(OAc)2,0.0625,P(Cy)3,0.125,NaHCO3,2.5,MeCN,30.88,9526352.0,,
3894,6-Bromoquinoline,"1b, 6-Br-Q",1.0,0.0004,"2c, Trifluoroborate",1.0,Pd(OAc)2,0.0625,P(o-Tol)3,0.125,NaHCO3,2.5,MeCN,15.05,2688102.25,,
3895,6-Bromoquinoline,"1b, 6-Br-Q",1.0,0.0004,"2c, Trifluoroborate",1.0,Pd(OAc)2,0.0625,CataCXium A,0.125,NaHCO3,2.5,MeCN,15.78,2273011.25,,
3896,6-Bromoquinoline,"1b, 6-Br-Q",1.0,0.0004,"2c, Trifluoroborate",1.0,Pd(OAc)2,0.0625,SPhos,0.125,NaHCO3,2.5,MeCN,13.79,912249.81,,
3897,6-Bromoquinoline,"1b, 6-Br-Q",1.0,0.0004,"2c, Trifluoroborate",1.0,Pd(OAc)2,0.0625,dtbpf,0.125,NaHCO3,2.5,MeCN,13.46,382938.03,,
3898,6-Bromoquinoline,"1b, 6-Br-Q",1.0,0.0004,"2c, Trifluoroborate",1.0,Pd(OAc)2,0.0625,XPhos,0.125,NaHCO3,2.5,MeCN,12.72,131234.08,,
3899,6-Bromoquinoline,"1b, 6-Br-Q",1.0,0.0004,"2c, Trifluoroborate",1.0,Pd(OAc)2,0.0625,dppf,0.125,NaHCO3,2.5,MeCN,20.73,595078.0,,
3900,6-Bromoquinoline,"1b, 6-Br-Q",1.0,0.0004,"2c, Trifluoroborate",1.0,Pd(OAc)2,0.0625,Xantphos,0.125,NaHCO3,2.5,MeCN,12.51,151274.28,,
3901,6-Bromoquinoline,"1b, 6-Br-Q",1.0,0.0004,"2c, Trifluoroborate",1.0,Pd(OAc)2,0.0625,,,Et3N,2.5,MeCN,13.0,80609.55,,
3902,6-Bromoquinoline,"1b, 6-Br-Q",1.0,0.0004,"2c, Trifluoroborate",1.0,Pd(OAc)2,0.0625,P(tBu)3,0.125,Et3N,2.5,MeCN,11.97,300031.09,,
3903,6-Bromoquinoline,"1b, 6-Br-Q",1.0,0.0004,"2c, Trifluoroborate",1.0,Pd(OAc)2,0.0625,P(Ph)3 ,0.125,Et3N,2.5,MeCN,15.43,787347.5,,
3904,6-Bromoquinoline,"1b, 6-Br-Q",1.0,0.0004,"2c, Trifluoroborate",1.0,Pd(OAc)2,0.0625,AmPhos,0.125,Et3N,2.5,MeCN,14.47,1205961.75,,
3905,6-Bromoquinoline,"1b, 6-Br-Q",1.0,0.0004,"2c, Trifluoroborate",1.0,Pd(OAc)2,0.0625,P(Cy)3,0.125,Et3N,2.5,MeCN,13.34,336535.16,,
3906,6-Bromoquinoline,"1b, 6-Br-Q",1.0,0.0004,"2c, Trifluoroborate",1.0,Pd(OAc)2,0.0625,P(o-Tol)3,0.125,Et3N,2.5,MeCN,13.04,376240.16,,
3907,6-Bromoquinoline,"1b, 6-Br-Q",1.0,0.0004,"2c, Trifluoroborate",1.0,Pd(OAc)2,0.0625,CataCXium A,0.125,Et3N,2.5,MeCN,14.29,316587.47,,
3908,6-Bromoquinoline,"1b, 6-Br-Q",1.0,0.0004,"2c, Trifluoroborate",1.0,Pd(OAc)2,0.0625,SPhos,0.125,Et3N,2.5,MeCN,12.48,289912.19,,
3909,6-Bromoquinoline,"1b, 6-Br-Q",1.0,0.0004,"2c, Trifluoroborate",1.0,Pd(OAc)2,0.0625,dtbpf,0.125,Et3N,2.5,MeCN,16.04,573352.75,,
3910,6-Bromoquinoline,"1b, 6-Br-Q",1.0,0.0004,"2c, Trifluoroborate",1.0,Pd(OAc)2,0.0625,XPhos,0.125,Et3N,2.5,MeCN,12.47,182805.14,,
3911,6-Bromoquinoline,"1b, 6-Br-Q",1.0,0.0004,"2c, Trifluoroborate",1.0,Pd(OAc)2,0.0625,dppf,0.125,Et3N,2.5,MeCN,21.04,174675.86,,
3912,6-Bromoquinoline,"1b, 6-Br-Q",1.0,0.0004,"2c, Trifluoroborate",1.0,Pd(OAc)2,0.0625,Xantphos,0.125,Et3N,2.5,MeCN,12.71,45734.78,,
3913,6-Bromoquinoline,"1b, 6-Br-Q",1.0,0.0004,"2c, Trifluoroborate",1.0,Pd(OAc)2,0.0625,,,CsF,2.5,MeCN,13.96,110304.48,,
3914,6-Bromoquinoline,"1b, 6-Br-Q",1.0,0.0004,"2c, Trifluoroborate",1.0,Pd(OAc)2,0.0625,P(tBu)3,0.125,CsF,2.5,MeCN,15.09,666825.63,,
3915,6-Bromoquinoline,"1b, 6-Br-Q",1.0,0.0004,"2c, Trifluoroborate",1.0,Pd(OAc)2,0.0625,P(Ph)3 ,0.125,CsF,2.5,MeCN,16.43,1523362.63,,
3916,6-Bromoquinoline,"1b, 6-Br-Q",1.0,0.0004,"2c, Trifluoroborate",1.0,Pd(OAc)2,0.0625,AmPhos,0.125,CsF,2.5,MeCN,12.89,890810.19,,
3917,6-Bromoquinoline,"1b, 6-Br-Q",1.0,0.0004,"2c, Trifluoroborate",1.0,Pd(OAc)2,0.0625,P(Cy)3,0.125,CsF,2.5,MeCN,11.29,278095.88,,
3918,6-Bromoquinoline,"1b, 6-Br-Q",1.0,0.0004,"2c, Trifluoroborate",1.0,Pd(OAc)2,0.0625,P(o-Tol)3,0.125,CsF,2.5,MeCN,13.82,735146.56,,
3919,6-Bromoquinoline,"1b, 6-Br-Q",1.0,0.0004,"2c, Trifluoroborate",1.0,Pd(OAc)2,0.0625,CataCXium A,0.125,CsF,2.5,MeCN,14.88,1042475.0,,
3920,6-Bromoquinoline,"1b, 6-Br-Q",1.0,0.0004,"2c, Trifluoroborate",1.0,Pd(OAc)2,0.0625,SPhos,0.125,CsF,2.5,MeCN,12.2,394200.78,,
3921,6-Bromoquinoline,"1b, 6-Br-Q",1.0,0.0004,"2c, Trifluoroborate",1.0,Pd(OAc)2,0.0625,dtbpf,0.125,CsF,2.5,MeCN,14.09,376247.47,,
3922,6-Bromoquinoline,"1b, 6-Br-Q",1.0,0.0004,"2c, Trifluoroborate",1.0,Pd(OAc)2,0.0625,XPhos,0.125,CsF,2.5,MeCN,13.04,149193.55,,
3923,6-Bromoquinoline,"1b, 6-Br-Q",1.0,0.0004,"2c, Trifluoroborate",1.0,Pd(OAc)2,0.0625,dppf,0.125,CsF,2.5,MeCN,21.27,727635.81,,
3924,6-Bromoquinoline,"1b, 6-Br-Q",1.0,0.0004,"2c, Trifluoroborate",1.0,Pd(OAc)2,0.0625,Xantphos,0.125,CsF,2.5,MeCN,12.83,114577.24,,
3925,6-Bromoquinoline,"1b, 6-Br-Q",1.0,0.0004,"2c, Trifluoroborate",1.0,Pd(OAc)2,0.0625,,,K3PO4,2.5,MeCN,16.92,78506.9,,
3926,6-Bromoquinoline,"1b, 6-Br-Q",1.0,0.0004,"2c, Trifluoroborate",1.0,Pd(OAc)2,0.0625,P(tBu)3,0.125,K3PO4,2.5,MeCN,12.86,320163.16,,
3927,6-Bromoquinoline,"1b, 6-Br-Q",1.0,0.0004,"2c, Trifluoroborate",1.0,Pd(OAc)2,0.0625,P(Ph)3 ,0.125,K3PO4,2.5,MeCN,17.77,1359402.38,,
3928,6-Bromoquinoline,"1b, 6-Br-Q",1.0,0.0004,"2c, Trifluoroborate",1.0,Pd(OAc)2,0.0625,AmPhos,0.125,K3PO4,2.5,MeCN,17.88,524017.03,,
3929,6-Bromoquinoline,"1b, 6-Br-Q",1.0,0.0004,"2c, Trifluoroborate",1.0,Pd(OAc)2,0.0625,P(Cy)3,0.125,K3PO4,2.5,MeCN,12.99,284296.09,,
3930,6-Bromoquinoline,"1b, 6-Br-Q",1.0,0.0004,"2c, Trifluoroborate",1.0,Pd(OAc)2,0.0625,P(o-Tol)3,0.125,K3PO4,2.5,MeCN,13.53,239794.86,,
3931,6-Bromoquinoline,"1b, 6-Br-Q",1.0,0.0004,"2c, Trifluoroborate",1.0,Pd(OAc)2,0.0625,CataCXium A,0.125,K3PO4,2.5,MeCN,13.83,370766.25,,
3932,6-Bromoquinoline,"1b, 6-Br-Q",1.0,0.0004,"2c, Trifluoroborate",1.0,Pd(OAc)2,0.0625,SPhos,0.125,K3PO4,2.5,MeCN,12.68,408655.13,,
3933,6-Bromoquinoline,"1b, 6-Br-Q",1.0,0.0004,"2c, Trifluoroborate",1.0,Pd(OAc)2,0.0625,dtbpf,0.125,K3PO4,2.5,MeCN,15.9,813832.69,,
3934,6-Bromoquinoline,"1b, 6-Br-Q",1.0,0.0004,"2c, Trifluoroborate",1.0,Pd(OAc)2,0.0625,XPhos,0.125,K3PO4,2.5,MeCN,12.83,130479.77,,
3935,6-Bromoquinoline,"1b, 6-Br-Q",1.0,0.0004,"2c, Trifluoroborate",1.0,Pd(OAc)2,0.0625,dppf,0.125,K3PO4,2.5,MeCN,21.45,193105.94,,
3936,6-Bromoquinoline,"1b, 6-Br-Q",1.0,0.0004,"2c, Trifluoroborate",1.0,Pd(OAc)2,0.0625,Xantphos,0.125,K3PO4,2.5,MeCN,12.55,43274.44,,
3937,6-Bromoquinoline,"1b, 6-Br-Q",1.0,0.0004,"2c, Trifluoroborate",1.0,Pd(OAc)2,0.0625,,,,2.5,THF,15.77,95564.66,,
3938,6-Bromoquinoline,"1b, 6-Br-Q",1.0,0.0004,"2c, Trifluoroborate",1.0,Pd(OAc)2,0.0625,P(tBu)3,0.125,,2.5,THF,20.69,7329785.5,,
3939,6-Bromoquinoline,"1b, 6-Br-Q",1.0,0.0004,"2c, Trifluoroborate",1.0,Pd(OAc)2,0.0625,P(Ph)3 ,0.125,,2.5,THF,53.11,14293969.0,,
3940,6-Bromoquinoline,"1b, 6-Br-Q",1.0,0.0004,"2c, Trifluoroborate",1.0,Pd(OAc)2,0.0625,AmPhos,0.125,,2.5,THF,46.46,17613236.0,,
3941,6-Bromoquinoline,"1b, 6-Br-Q",1.0,0.0004,"2c, Trifluoroborate",1.0,Pd(OAc)2,0.0625,P(Cy)3,0.125,,2.5,THF,18.38,2830406.0,,
3942,6-Bromoquinoline,"1b, 6-Br-Q",1.0,0.0004,"2c, Trifluoroborate",1.0,Pd(OAc)2,0.0625,P(o-Tol)3,0.125,,2.5,THF,20.14,5006972.5,,
3943,6-Bromoquinoline,"1b, 6-Br-Q",1.0,0.0004,"2c, Trifluoroborate",1.0,Pd(OAc)2,0.0625,CataCXium A,0.125,,2.5,THF,58.69,13806898.0,,
3944,6-Bromoquinoline,"1b, 6-Br-Q",1.0,0.0004,"2c, Trifluoroborate",1.0,Pd(OAc)2,0.0625,SPhos,0.125,,2.5,THF,14.0,799711.5,,
3945,6-Bromoquinoline,"1b, 6-Br-Q",1.0,0.0004,"2c, Trifluoroborate",1.0,Pd(OAc)2,0.0625,dtbpf,0.125,,2.5,THF,30.89,7447370.5,,
3946,6-Bromoquinoline,"1b, 6-Br-Q",1.0,0.0004,"2c, Trifluoroborate",1.0,Pd(OAc)2,0.0625,XPhos,0.125,,2.5,THF,16.74,1488218.13,,
3947,6-Bromoquinoline,"1b, 6-Br-Q",1.0,0.0004,"2c, Trifluoroborate",1.0,Pd(OAc)2,0.0625,dppf,0.125,,2.5,THF,24.63,1561312.38,,
3948,6-Bromoquinoline,"1b, 6-Br-Q",1.0,0.0004,"2c, Trifluoroborate",1.0,Pd(OAc)2,0.0625,Xantphos,0.125,,2.5,THF,15.64,303128.81,,
3949,6-Bromoquinoline,"1b, 6-Br-Q",1.0,0.0004,"2c, Trifluoroborate",1.0,Pd(OAc)2,0.0625,,,NaOH,2.5,THF,23.52,98841.7,,
3950,6-Bromoquinoline,"1b, 6-Br-Q",1.0,0.0004,"2c, Trifluoroborate",1.0,Pd(OAc)2,0.0625,P(tBu)3,0.125,NaOH,2.5,THF,17.7,378726.97,,
3951,6-Bromoquinoline,"1b, 6-Br-Q",1.0,0.0004,"2c, Trifluoroborate",1.0,Pd(OAc)2,0.0625,P(Ph)3 ,0.125,NaOH,2.5,THF,32.1,4715046.0,,
3952,6-Bromoquinoline,"1b, 6-Br-Q",1.0,0.0004,"2c, Trifluoroborate",1.0,Pd(OAc)2,0.0625,AmPhos,0.125,NaOH,2.5,THF,17.87,972348.63,,
3953,6-Bromoquinoline,"1b, 6-Br-Q",1.0,0.0004,"2c, Trifluoroborate",1.0,Pd(OAc)2,0.0625,P(Cy)3,0.125,NaOH,2.5,THF,18.72,109134.87,,
3954,6-Bromoquinoline,"1b, 6-Br-Q",1.0,0.0004,"2c, Trifluoroborate",1.0,Pd(OAc)2,0.0625,P(o-Tol)3,0.125,NaOH,2.5,THF,16.32,261897.95,,
3955,6-Bromoquinoline,"1b, 6-Br-Q",1.0,0.0004,"2c, Trifluoroborate",1.0,Pd(OAc)2,0.0625,CataCXium A,0.125,NaOH,2.5,THF,17.77,242234.16,,
3956,6-Bromoquinoline,"1b, 6-Br-Q",1.0,0.0004,"2c, Trifluoroborate",1.0,Pd(OAc)2,0.0625,SPhos,0.125,NaOH,2.5,THF,16.49,95188.88,,
3957,6-Bromoquinoline,"1b, 6-Br-Q",1.0,0.0004,"2c, Trifluoroborate",1.0,Pd(OAc)2,0.0625,dtbpf,0.125,NaOH,2.5,THF,23.34,1154091.13,,
3958,6-Bromoquinoline,"1b, 6-Br-Q",1.0,0.0004,"2c, Trifluoroborate",1.0,Pd(OAc)2,0.0625,XPhos,0.125,NaOH,2.5,THF,16.07,175990.23,,
3959,6-Bromoquinoline,"1b, 6-Br-Q",1.0,0.0004,"2c, Trifluoroborate",1.0,Pd(OAc)2,0.0625,dppf,0.125,NaOH,2.5,THF,20.49,36882.96,,
3960,6-Bromoquinoline,"1b, 6-Br-Q",1.0,0.0004,"2c, Trifluoroborate",1.0,Pd(OAc)2,0.0625,Xantphos,0.125,NaOH,2.5,THF,17.98,67173.2,,
3961,6-Bromoquinoline,"1b, 6-Br-Q",1.0,0.0004,"2c, Trifluoroborate",1.0,Pd(OAc)2,0.0625,,,KOH,2.5,THF,14.82,300682.34,,
3962,6-Bromoquinoline,"1b, 6-Br-Q",1.0,0.0004,"2c, Trifluoroborate",1.0,Pd(OAc)2,0.0625,P(tBu)3,0.125,KOH,2.5,THF,28.53,10038274.0,,
3963,6-Bromoquinoline,"1b, 6-Br-Q",1.0,0.0004,"2c, Trifluoroborate",1.0,Pd(OAc)2,0.0625,P(Ph)3 ,0.125,KOH,2.5,THF,37.86,8335925.5,,
3964,6-Bromoquinoline,"1b, 6-Br-Q",1.0,0.0004,"2c, Trifluoroborate",1.0,Pd(OAc)2,0.0625,AmPhos,0.125,KOH,2.5,THF,24.69,6887315.5,,
3965,6-Bromoquinoline,"1b, 6-Br-Q",1.0,0.0004,"2c, Trifluoroborate",1.0,Pd(OAc)2,0.0625,P(Cy)3,0.125,KOH,2.5,THF,16.02,1221021.0,,
3966,6-Bromoquinoline,"1b, 6-Br-Q",1.0,0.0004,"2c, Trifluoroborate",1.0,Pd(OAc)2,0.0625,P(o-Tol)3,0.125,KOH,2.5,THF,17.53,1317851.38,,
3967,6-Bromoquinoline,"1b, 6-Br-Q",1.0,0.0004,"2c, Trifluoroborate",1.0,Pd(OAc)2,0.0625,CataCXium A,0.125,KOH,2.5,THF,19.02,1518402.13,,
3968,6-Bromoquinoline,"1b, 6-Br-Q",1.0,0.0004,"2c, Trifluoroborate",1.0,Pd(OAc)2,0.0625,SPhos,0.125,KOH,2.5,THF,15.36,348000.59,,
3969,6-Bromoquinoline,"1b, 6-Br-Q",1.0,0.0004,"2c, Trifluoroborate",1.0,Pd(OAc)2,0.0625,dtbpf,0.125,KOH,2.5,THF,25.46,2752717.25,,
3970,6-Bromoquinoline,"1b, 6-Br-Q",1.0,0.0004,"2c, Trifluoroborate",1.0,Pd(OAc)2,0.0625,XPhos,0.125,KOH,2.5,THF,16.52,654264.69,,
3971,6-Bromoquinoline,"1b, 6-Br-Q",1.0,0.0004,"2c, Trifluoroborate",1.0,Pd(OAc)2,0.0625,dppf,0.125,KOH,2.5,THF,21.25,67877.17,,
3972,6-Bromoquinoline,"1b, 6-Br-Q",1.0,0.0004,"2c, Trifluoroborate",1.0,Pd(OAc)2,0.0625,Xantphos,0.125,KOH,2.5,THF,15.76,97925.09,,
3973,6-Bromoquinoline,"1b, 6-Br-Q",1.0,0.0004,"2c, Trifluoroborate",1.0,Pd(OAc)2,0.0625,,,LiOtBu,2.5,THF,17.24,79568.05,,
3974,6-Bromoquinoline,"1b, 6-Br-Q",1.0,0.0004,"2c, Trifluoroborate",1.0,Pd(OAc)2,0.0625,P(tBu)3,0.125,LiOtBu,2.5,THF,18.4,959240.56,,
3975,6-Bromoquinoline,"1b, 6-Br-Q",1.0,0.0004,"2c, Trifluoroborate",1.0,Pd(OAc)2,0.0625,P(Ph)3 ,0.125,LiOtBu,2.5,THF,32.6,6885095.5,,
3976,6-Bromoquinoline,"1b, 6-Br-Q",1.0,0.0004,"2c, Trifluoroborate",1.0,Pd(OAc)2,0.0625,AmPhos,0.125,LiOtBu,2.5,THF,21.01,3835087.75,,
3977,6-Bromoquinoline,"1b, 6-Br-Q",1.0,0.0004,"2c, Trifluoroborate",1.0,Pd(OAc)2,0.0625,P(Cy)3,0.125,LiOtBu,2.5,THF,14.75,398135.28,,
3978,6-Bromoquinoline,"1b, 6-Br-Q",1.0,0.0004,"2c, Trifluoroborate",1.0,Pd(OAc)2,0.0625,P(o-Tol)3,0.125,LiOtBu,2.5,THF,22.25,4084530.25,,
3979,6-Bromoquinoline,"1b, 6-Br-Q",1.0,0.0004,"2c, Trifluoroborate",1.0,Pd(OAc)2,0.0625,CataCXium A,0.125,LiOtBu,2.5,THF,21.39,1254722.38,,
3980,6-Bromoquinoline,"1b, 6-Br-Q",1.0,0.0004,"2c, Trifluoroborate",1.0,Pd(OAc)2,0.0625,SPhos,0.125,LiOtBu,2.5,THF,15.41,233073.53,,
3981,6-Bromoquinoline,"1b, 6-Br-Q",1.0,0.0004,"2c, Trifluoroborate",1.0,Pd(OAc)2,0.0625,dtbpf,0.125,LiOtBu,2.5,THF,25.86,2490756.25,,
3982,6-Bromoquinoline,"1b, 6-Br-Q",1.0,0.0004,"2c, Trifluoroborate",1.0,Pd(OAc)2,0.0625,XPhos,0.125,LiOtBu,2.5,THF,20.14,996551.63,,
3983,6-Bromoquinoline,"1b, 6-Br-Q",1.0,0.0004,"2c, Trifluoroborate",1.0,Pd(OAc)2,0.0625,dppf,0.125,LiOtBu,2.5,THF,27.72,29656.88,,
3984,6-Bromoquinoline,"1b, 6-Br-Q",1.0,0.0004,"2c, Trifluoroborate",1.0,Pd(OAc)2,0.0625,Xantphos,0.125,LiOtBu,2.5,THF,17.6,131784.3,,
3985,6-Bromoquinoline,"1b, 6-Br-Q",1.0,0.0004,"2c, Trifluoroborate",1.0,Pd(OAc)2,0.0625,,,NaHCO3,2.5,THF,20.25,132817.05,,
3986,6-Bromoquinoline,"1b, 6-Br-Q",1.0,0.0004,"2c, Trifluoroborate",1.0,Pd(OAc)2,0.0625,P(tBu)3,0.125,NaHCO3,2.5,THF,19.64,641257.94,,
3987,6-Bromoquinoline,"1b, 6-Br-Q",1.0,0.0004,"2c, Trifluoroborate",1.0,Pd(OAc)2,0.0625,P(Ph)3 ,0.125,NaHCO3,2.5,THF,37.23,8094370.0,,
3988,6-Bromoquinoline,"1b, 6-Br-Q",1.0,0.0004,"2c, Trifluoroborate",1.0,Pd(OAc)2,0.0625,AmPhos,0.125,NaHCO3,2.5,THF,20.82,2606477.25,,
3989,6-Bromoquinoline,"1b, 6-Br-Q",1.0,0.0004,"2c, Trifluoroborate",1.0,Pd(OAc)2,0.0625,P(Cy)3,0.125,NaHCO3,2.5,THF,18.83,694054.19,,
3990,6-Bromoquinoline,"1b, 6-Br-Q",1.0,0.0004,"2c, Trifluoroborate",1.0,Pd(OAc)2,0.0625,P(o-Tol)3,0.125,NaHCO3,2.5,THF,18.35,366975.66,,
3991,6-Bromoquinoline,"1b, 6-Br-Q",1.0,0.0004,"2c, Trifluoroborate",1.0,Pd(OAc)2,0.0625,CataCXium A,0.125,NaHCO3,2.5,THF,33.48,5507728.5,,
3992,6-Bromoquinoline,"1b, 6-Br-Q",1.0,0.0004,"2c, Trifluoroborate",1.0,Pd(OAc)2,0.0625,SPhos,0.125,NaHCO3,2.5,THF,16.16,139026.89,,
3993,6-Bromoquinoline,"1b, 6-Br-Q",1.0,0.0004,"2c, Trifluoroborate",1.0,Pd(OAc)2,0.0625,dtbpf,0.125,NaHCO3,2.5,THF,27.89,2928840.25,,
3994,6-Bromoquinoline,"1b, 6-Br-Q",1.0,0.0004,"2c, Trifluoroborate",1.0,Pd(OAc)2,0.0625,XPhos,0.125,NaHCO3,2.5,THF,17.41,226251.02,,
3995,6-Bromoquinoline,"1b, 6-Br-Q",1.0,0.0004,"2c, Trifluoroborate",1.0,Pd(OAc)2,0.0625,dppf,0.125,NaHCO3,2.5,THF,24.17,160038.86,,
3996,6-Bromoquinoline,"1b, 6-Br-Q",1.0,0.0004,"2c, Trifluoroborate",1.0,Pd(OAc)2,0.0625,Xantphos,0.125,NaHCO3,2.5,THF,20.09,65100.68,,
3997,6-Bromoquinoline,"1b, 6-Br-Q",1.0,0.0004,"2c, Trifluoroborate",1.0,Pd(OAc)2,0.0625,,,Et3N,2.5,THF,19.08,87970.63,,
3998,6-Bromoquinoline,"1b, 6-Br-Q",1.0,0.0004,"2c, Trifluoroborate",1.0,Pd(OAc)2,0.0625,P(tBu)3,0.125,Et3N,2.5,THF,22.93,4010838.0,,
3999,6-Bromoquinoline,"1b, 6-Br-Q",1.0,0.0004,"2c, Trifluoroborate",1.0,Pd(OAc)2,0.0625,P(Ph)3 ,0.125,Et3N,2.5,THF,57.68,13403425.0,,
4000,6-Bromoquinoline,"1b, 6-Br-Q",1.0,0.0004,"2c, Trifluoroborate",1.0,Pd(OAc)2,0.0625,AmPhos,0.125,Et3N,2.5,THF,40.65,10874544.0,,
4001,6-Bromoquinoline,"1b, 6-Br-Q",1.0,0.0004,"2c, Trifluoroborate",1.0,Pd(OAc)2,0.0625,P(Cy)3,0.125,Et3N,2.5,THF,20.38,1008489.88,,
4002,6-Bromoquinoline,"1b, 6-Br-Q",1.0,0.0004,"2c, Trifluoroborate",1.0,Pd(OAc)2,0.0625,P(o-Tol)3,0.125,Et3N,2.5,THF,17.77,702450.13,,
4003,6-Bromoquinoline,"1b, 6-Br-Q",1.0,0.0004,"2c, Trifluoroborate",1.0,Pd(OAc)2,0.0625,CataCXium A,0.125,Et3N,2.5,THF,57.89,10945610.0,,
4004,6-Bromoquinoline,"1b, 6-Br-Q",1.0,0.0004,"2c, Trifluoroborate",1.0,Pd(OAc)2,0.0625,SPhos,0.125,Et3N,2.5,THF,17.04,721623.25,,
4005,6-Bromoquinoline,"1b, 6-Br-Q",1.0,0.0004,"2c, Trifluoroborate",1.0,Pd(OAc)2,0.0625,dtbpf,0.125,Et3N,2.5,THF,33.74,4987063.0,,
4006,6-Bromoquinoline,"1b, 6-Br-Q",1.0,0.0004,"2c, Trifluoroborate",1.0,Pd(OAc)2,0.0625,XPhos,0.125,Et3N,2.5,THF,16.0,243310.83,,
4007,6-Bromoquinoline,"1b, 6-Br-Q",1.0,0.0004,"2c, Trifluoroborate",1.0,Pd(OAc)2,0.0625,dppf,0.125,Et3N,2.5,THF,28.41,349782.69,,
4008,6-Bromoquinoline,"1b, 6-Br-Q",1.0,0.0004,"2c, Trifluoroborate",1.0,Pd(OAc)2,0.0625,Xantphos,0.125,Et3N,2.5,THF,18.36,261135.09,,
4009,6-Bromoquinoline,"1b, 6-Br-Q",1.0,0.0004,"2c, Trifluoroborate",1.0,Pd(OAc)2,0.0625,,,CsF,2.5,THF,21.73,164890.83,,
4010,6-Bromoquinoline,"1b, 6-Br-Q",1.0,0.0004,"2c, Trifluoroborate",1.0,Pd(OAc)2,0.0625,P(tBu)3,0.125,CsF,2.5,THF,25.2,3774887.75,,
4011,6-Bromoquinoline,"1b, 6-Br-Q",1.0,0.0004,"2c, Trifluoroborate",1.0,Pd(OAc)2,0.0625,P(Ph)3 ,0.125,CsF,2.5,THF,47.55,11787529.0,,
4012,6-Bromoquinoline,"1b, 6-Br-Q",1.0,0.0004,"2c, Trifluoroborate",1.0,Pd(OAc)2,0.0625,AmPhos,0.125,CsF,2.5,THF,52.13,15379341.0,,
4013,6-Bromoquinoline,"1b, 6-Br-Q",1.0,0.0004,"2c, Trifluoroborate",1.0,Pd(OAc)2,0.0625,P(Cy)3,0.125,CsF,2.5,THF,24.81,3450362.75,,
4014,6-Bromoquinoline,"1b, 6-Br-Q",1.0,0.0004,"2c, Trifluoroborate",1.0,Pd(OAc)2,0.0625,P(o-Tol)3,0.125,CsF,2.5,THF,20.9,1650691.63,,
4015,6-Bromoquinoline,"1b, 6-Br-Q",1.0,0.0004,"2c, Trifluoroborate",1.0,Pd(OAc)2,0.0625,CataCXium A,0.125,CsF,2.5,THF,57.21,10697209.0,,
4016,6-Bromoquinoline,"1b, 6-Br-Q",1.0,0.0004,"2c, Trifluoroborate",1.0,Pd(OAc)2,0.0625,SPhos,0.125,CsF,2.5,THF,17.2,403127.06,,
4017,6-Bromoquinoline,"1b, 6-Br-Q",1.0,0.0004,"2c, Trifluoroborate",1.0,Pd(OAc)2,0.0625,dtbpf,0.125,CsF,2.5,THF,39.72,8316937.5,,
4018,6-Bromoquinoline,"1b, 6-Br-Q",1.0,0.0004,"2c, Trifluoroborate",1.0,Pd(OAc)2,0.0625,XPhos,0.125,CsF,2.5,THF,18.91,625345.31,,
4019,6-Bromoquinoline,"1b, 6-Br-Q",1.0,0.0004,"2c, Trifluoroborate",1.0,Pd(OAc)2,0.0625,dppf,0.125,CsF,2.5,THF,26.67,183944.59,,
4020,6-Bromoquinoline,"1b, 6-Br-Q",1.0,0.0004,"2c, Trifluoroborate",1.0,Pd(OAc)2,0.0625,Xantphos,0.125,CsF,2.5,THF,18.81,149494.8,,
4021,6-Bromoquinoline,"1b, 6-Br-Q",1.0,0.0004,"2c, Trifluoroborate",1.0,Pd(OAc)2,0.0625,,,K3PO4,2.5,THF,20.73,92082.68,,
4022,6-Bromoquinoline,"1b, 6-Br-Q",1.0,0.0004,"2c, Trifluoroborate",1.0,Pd(OAc)2,0.0625,P(tBu)3,0.125,K3PO4,2.5,THF,28.07,6349146.5,,
4023,6-Bromoquinoline,"1b, 6-Br-Q",1.0,0.0004,"2c, Trifluoroborate",1.0,Pd(OAc)2,0.0625,P(Ph)3 ,0.125,K3PO4,2.5,THF,67.49,15402182.0,,
4024,6-Bromoquinoline,"1b, 6-Br-Q",1.0,0.0004,"2c, Trifluoroborate",1.0,Pd(OAc)2,0.0625,AmPhos,0.125,K3PO4,2.5,THF,50.05,14548921.0,,
4025,6-Bromoquinoline,"1b, 6-Br-Q",1.0,0.0004,"2c, Trifluoroborate",1.0,Pd(OAc)2,0.0625,P(Cy)3,0.125,K3PO4,2.5,THF,20.77,2170303.5,,
4026,6-Bromoquinoline,"1b, 6-Br-Q",1.0,0.0004,"2c, Trifluoroborate",1.0,Pd(OAc)2,0.0625,P(o-Tol)3,0.125,K3PO4,2.5,THF,20.88,1270752.0,,
4027,6-Bromoquinoline,"1b, 6-Br-Q",1.0,0.0004,"2c, Trifluoroborate",1.0,Pd(OAc)2,0.0625,CataCXium A,0.125,K3PO4,2.5,THF,67.61,13258607.0,,
4028,6-Bromoquinoline,"1b, 6-Br-Q",1.0,0.0004,"2c, Trifluoroborate",1.0,Pd(OAc)2,0.0625,SPhos,0.125,K3PO4,2.5,THF,17.3,708321.06,,
4029,6-Bromoquinoline,"1b, 6-Br-Q",1.0,0.0004,"2c, Trifluoroborate",1.0,Pd(OAc)2,0.0625,dtbpf,0.125,K3PO4,2.5,THF,37.78,6507310.5,,
4030,6-Bromoquinoline,"1b, 6-Br-Q",1.0,0.0004,"2c, Trifluoroborate",1.0,Pd(OAc)2,0.0625,XPhos,0.125,K3PO4,2.5,THF,16.23,192123.8,,
4031,6-Bromoquinoline,"1b, 6-Br-Q",1.0,0.0004,"2c, Trifluoroborate",1.0,Pd(OAc)2,0.0625,dppf,0.125,K3PO4,2.5,THF,23.67,163359.69,,
4032,6-Bromoquinoline,"1b, 6-Br-Q",1.0,0.0004,"2c, Trifluoroborate",1.0,Pd(OAc)2,0.0625,Xantphos,0.125,K3PO4,2.5,THF,17.32,217616.72,,
4033,6-Bromoquinoline,"1b, 6-Br-Q",1.0,0.0004,"2c, Trifluoroborate",1.0,Pd(OAc)2,0.0625,,,,2.5,DMF,13.78,89773.65,,
4034,6-Bromoquinoline,"1b, 6-Br-Q",1.0,0.0004,"2c, Trifluoroborate",1.0,Pd(OAc)2,0.0625,P(tBu)3,0.125,,2.5,DMF,12.02,243184.45,,
4035,6-Bromoquinoline,"1b, 6-Br-Q",1.0,0.0004,"2c, Trifluoroborate",1.0,Pd(OAc)2,0.0625,P(Ph)3 ,0.125,,2.5,DMF,13.72,550846.13,,
4036,6-Bromoquinoline,"1b, 6-Br-Q",1.0,0.0004,"2c, Trifluoroborate",1.0,Pd(OAc)2,0.0625,AmPhos,0.125,,2.5,DMF,12.47,418077.72,,
4037,6-Bromoquinoline,"1b, 6-Br-Q",1.0,0.0004,"2c, Trifluoroborate",1.0,Pd(OAc)2,0.0625,P(Cy)3,0.125,,2.5,DMF,11.65,123311.47,,
4038,6-Bromoquinoline,"1b, 6-Br-Q",1.0,0.0004,"2c, Trifluoroborate",1.0,Pd(OAc)2,0.0625,P(o-Tol)3,0.125,,2.5,DMF,13.9,135919.55,,
4039,6-Bromoquinoline,"1b, 6-Br-Q",1.0,0.0004,"2c, Trifluoroborate",1.0,Pd(OAc)2,0.0625,CataCXium A,0.125,,2.5,DMF,13.56,178569.95,,
4040,6-Bromoquinoline,"1b, 6-Br-Q",1.0,0.0004,"2c, Trifluoroborate",1.0,Pd(OAc)2,0.0625,SPhos,0.125,,2.5,DMF,13.75,128817.42,,
4041,6-Bromoquinoline,"1b, 6-Br-Q",1.0,0.0004,"2c, Trifluoroborate",1.0,Pd(OAc)2,0.0625,dtbpf,0.125,,2.5,DMF,15.36,234450.61,,
4042,6-Bromoquinoline,"1b, 6-Br-Q",1.0,0.0004,"2c, Trifluoroborate",1.0,Pd(OAc)2,0.0625,XPhos,0.125,,2.5,DMF,14.3,104030.65,,
4043,6-Bromoquinoline,"1b, 6-Br-Q",1.0,0.0004,"2c, Trifluoroborate",1.0,Pd(OAc)2,0.0625,dppf,0.125,,2.5,DMF,22.14,160616.22,,
4044,6-Bromoquinoline,"1b, 6-Br-Q",1.0,0.0004,"2c, Trifluoroborate",1.0,Pd(OAc)2,0.0625,Xantphos,0.125,,2.5,DMF,13.16,94614.75,,
4045,6-Bromoquinoline,"1b, 6-Br-Q",1.0,0.0004,"2c, Trifluoroborate",1.0,Pd(OAc)2,0.0625,,,NaOH,2.5,DMF,18.79,39421.96,,
4046,6-Bromoquinoline,"1b, 6-Br-Q",1.0,0.0004,"2c, Trifluoroborate",1.0,Pd(OAc)2,0.0625,P(tBu)3,0.125,NaOH,2.5,DMF,16.9,63005.35,,
4047,6-Bromoquinoline,"1b, 6-Br-Q",1.0,0.0004,"2c, Trifluoroborate",1.0,Pd(OAc)2,0.0625,P(Ph)3 ,0.125,NaOH,2.5,DMF,18.3,69702.8,,
4048,6-Bromoquinoline,"1b, 6-Br-Q",1.0,0.0004,"2c, Trifluoroborate",1.0,Pd(OAc)2,0.0625,AmPhos,0.125,NaOH,2.5,DMF,17.09,62132.56,,
4049,6-Bromoquinoline,"1b, 6-Br-Q",1.0,0.0004,"2c, Trifluoroborate",1.0,Pd(OAc)2,0.0625,P(Cy)3,0.125,NaOH,2.5,DMF,18.64,62454.47,,
4050,6-Bromoquinoline,"1b, 6-Br-Q",1.0,0.0004,"2c, Trifluoroborate",1.0,Pd(OAc)2,0.0625,P(o-Tol)3,0.125,NaOH,2.5,DMF,20.27,40638.41,,
4051,6-Bromoquinoline,"1b, 6-Br-Q",1.0,0.0004,"2c, Trifluoroborate",1.0,Pd(OAc)2,0.0625,CataCXium A,0.125,NaOH,2.5,DMF,22.53,16081.9,,
4052,6-Bromoquinoline,"1b, 6-Br-Q",1.0,0.0004,"2c, Trifluoroborate",1.0,Pd(OAc)2,0.0625,SPhos,0.125,NaOH,2.5,DMF,17.32,41914.48,,
4053,6-Bromoquinoline,"1b, 6-Br-Q",1.0,0.0004,"2c, Trifluoroborate",1.0,Pd(OAc)2,0.0625,dtbpf,0.125,NaOH,2.5,DMF,21.28,45637.7,,
4054,6-Bromoquinoline,"1b, 6-Br-Q",1.0,0.0004,"2c, Trifluoroborate",1.0,Pd(OAc)2,0.0625,XPhos,0.125,NaOH,2.5,DMF,17.09,42141.75,,
4055,6-Bromoquinoline,"1b, 6-Br-Q",1.0,0.0004,"2c, Trifluoroborate",1.0,Pd(OAc)2,0.0625,dppf,0.125,NaOH,2.5,DMF,23.59,20748.89,,
4056,6-Bromoquinoline,"1b, 6-Br-Q",1.0,0.0004,"2c, Trifluoroborate",1.0,Pd(OAc)2,0.0625,Xantphos,0.125,NaOH,2.5,DMF,19.35,46456.28,,
4057,6-Bromoquinoline,"1b, 6-Br-Q",1.0,0.0004,"2c, Trifluoroborate",1.0,Pd(OAc)2,0.0625,,,KOH,2.5,DMF,14.48,93249.28,,
4058,6-Bromoquinoline,"1b, 6-Br-Q",1.0,0.0004,"2c, Trifluoroborate",1.0,Pd(OAc)2,0.0625,P(tBu)3,0.125,KOH,2.5,DMF,13.04,166074.88,,
4059,6-Bromoquinoline,"1b, 6-Br-Q",1.0,0.0004,"2c, Trifluoroborate",1.0,Pd(OAc)2,0.0625,P(Ph)3 ,0.125,KOH,2.5,DMF,13.51,207955.11,,
4060,6-Bromoquinoline,"1b, 6-Br-Q",1.0,0.0004,"2c, Trifluoroborate",1.0,Pd(OAc)2,0.0625,AmPhos,0.125,KOH,2.5,DMF,12.36,122119.08,,
4061,6-Bromoquinoline,"1b, 6-Br-Q",1.0,0.0004,"2c, Trifluoroborate",1.0,Pd(OAc)2,0.0625,P(Cy)3,0.125,KOH,2.5,DMF,14.06,174191.83,,
4062,6-Bromoquinoline,"1b, 6-Br-Q",1.0,0.0004,"2c, Trifluoroborate",1.0,Pd(OAc)2,0.0625,P(o-Tol)3,0.125,KOH,2.5,DMF,14.22,121069.82,,
4063,6-Bromoquinoline,"1b, 6-Br-Q",1.0,0.0004,"2c, Trifluoroborate",1.0,Pd(OAc)2,0.0625,CataCXium A,0.125,KOH,2.5,DMF,13.74,86460.34,,
4064,6-Bromoquinoline,"1b, 6-Br-Q",1.0,0.0004,"2c, Trifluoroborate",1.0,Pd(OAc)2,0.0625,SPhos,0.125,KOH,2.5,DMF,14.1,139772.41,,
4065,6-Bromoquinoline,"1b, 6-Br-Q",1.0,0.0004,"2c, Trifluoroborate",1.0,Pd(OAc)2,0.0625,dtbpf,0.125,KOH,2.5,DMF,15.53,158205.42,,
4066,6-Bromoquinoline,"1b, 6-Br-Q",1.0,0.0004,"2c, Trifluoroborate",1.0,Pd(OAc)2,0.0625,XPhos,0.125,KOH,2.5,DMF,14.1,147094.92,,
4067,6-Bromoquinoline,"1b, 6-Br-Q",1.0,0.0004,"2c, Trifluoroborate",1.0,Pd(OAc)2,0.0625,dppf,0.125,KOH,2.5,DMF,20.88,41180.14,,
4068,6-Bromoquinoline,"1b, 6-Br-Q",1.0,0.0004,"2c, Trifluoroborate",1.0,Pd(OAc)2,0.0625,Xantphos,0.125,KOH,2.5,DMF,15.33,315389.53,,
4069,6-Bromoquinoline,"1b, 6-Br-Q",1.0,0.0004,"2c, Trifluoroborate",1.0,Pd(OAc)2,0.0625,,,LiOtBu,2.5,DMF,13.76,59761.14,,
4070,6-Bromoquinoline,"1b, 6-Br-Q",1.0,0.0004,"2c, Trifluoroborate",1.0,Pd(OAc)2,0.0625,P(tBu)3,0.125,LiOtBu,2.5,DMF,14.48,74318.16,,
4071,6-Bromoquinoline,"1b, 6-Br-Q",1.0,0.0004,"2c, Trifluoroborate",1.0,Pd(OAc)2,0.0625,P(Ph)3 ,0.125,LiOtBu,2.5,DMF,17.99,99502.16,,
4072,6-Bromoquinoline,"1b, 6-Br-Q",1.0,0.0004,"2c, Trifluoroborate",1.0,Pd(OAc)2,0.0625,AmPhos,0.125,LiOtBu,2.5,DMF,11.6,125238.38,,
4073,6-Bromoquinoline,"1b, 6-Br-Q",1.0,0.0004,"2c, Trifluoroborate",1.0,Pd(OAc)2,0.0625,P(Cy)3,0.125,LiOtBu,2.5,DMF,12.44,91886.91,,
4074,6-Bromoquinoline,"1b, 6-Br-Q",1.0,0.0004,"2c, Trifluoroborate",1.0,Pd(OAc)2,0.0625,P(o-Tol)3,0.125,LiOtBu,2.5,DMF,16.27,95838.22,,
4075,6-Bromoquinoline,"1b, 6-Br-Q",1.0,0.0004,"2c, Trifluoroborate",1.0,Pd(OAc)2,0.0625,CataCXium A,0.125,LiOtBu,2.5,DMF,12.36,54977.01,,
4076,6-Bromoquinoline,"1b, 6-Br-Q",1.0,0.0004,"2c, Trifluoroborate",1.0,Pd(OAc)2,0.0625,SPhos,0.125,LiOtBu,2.5,DMF,13.53,93249.61,,
4077,6-Bromoquinoline,"1b, 6-Br-Q",1.0,0.0004,"2c, Trifluoroborate",1.0,Pd(OAc)2,0.0625,dtbpf,0.125,LiOtBu,2.5,DMF,16.57,113846.98,,
4078,6-Bromoquinoline,"1b, 6-Br-Q",1.0,0.0004,"2c, Trifluoroborate",1.0,Pd(OAc)2,0.0625,XPhos,0.125,LiOtBu,2.5,DMF,13.5,91806.01,,
4079,6-Bromoquinoline,"1b, 6-Br-Q",1.0,0.0004,"2c, Trifluoroborate",1.0,Pd(OAc)2,0.0625,dppf,0.125,LiOtBu,2.5,DMF,19.04,48020.94,,
4080,6-Bromoquinoline,"1b, 6-Br-Q",1.0,0.0004,"2c, Trifluoroborate",1.0,Pd(OAc)2,0.0625,Xantphos,0.125,LiOtBu,2.5,DMF,12.84,103457.59,,
4081,6-Bromoquinoline,"1b, 6-Br-Q",1.0,0.0004,"2c, Trifluoroborate",1.0,Pd(OAc)2,0.0625,,,NaHCO3,2.5,DMF,13.85,111642.27,,
4082,6-Bromoquinoline,"1b, 6-Br-Q",1.0,0.0004,"2c, Trifluoroborate",1.0,Pd(OAc)2,0.0625,P(tBu)3,0.125,NaHCO3,2.5,DMF,13.12,105013.8,,
4083,6-Bromoquinoline,"1b, 6-Br-Q",1.0,0.0004,"2c, Trifluoroborate",1.0,Pd(OAc)2,0.0625,P(Ph)3 ,0.125,NaHCO3,2.5,DMF,15.23,177623.33,,
4084,6-Bromoquinoline,"1b, 6-Br-Q",1.0,0.0004,"2c, Trifluoroborate",1.0,Pd(OAc)2,0.0625,AmPhos,0.125,NaHCO3,2.5,DMF,11.83,176595.77,,
4085,6-Bromoquinoline,"1b, 6-Br-Q",1.0,0.0004,"2c, Trifluoroborate",1.0,Pd(OAc)2,0.0625,P(Cy)3,0.125,NaHCO3,2.5,DMF,13.09,110119.12,,
4086,6-Bromoquinoline,"1b, 6-Br-Q",1.0,0.0004,"2c, Trifluoroborate",1.0,Pd(OAc)2,0.0625,P(o-Tol)3,0.125,NaHCO3,2.5,DMF,13.77,93290.25,,
4087,6-Bromoquinoline,"1b, 6-Br-Q",1.0,0.0004,"2c, Trifluoroborate",1.0,Pd(OAc)2,0.0625,CataCXium A,0.125,NaHCO3,2.5,DMF,12.14,63104.02,,
4088,6-Bromoquinoline,"1b, 6-Br-Q",1.0,0.0004,"2c, Trifluoroborate",1.0,Pd(OAc)2,0.0625,SPhos,0.125,NaHCO3,2.5,DMF,12.62,73248.05,,
4089,6-Bromoquinoline,"1b, 6-Br-Q",1.0,0.0004,"2c, Trifluoroborate",1.0,Pd(OAc)2,0.0625,dtbpf,0.125,NaHCO3,2.5,DMF,13.68,137660.81,,
4090,6-Bromoquinoline,"1b, 6-Br-Q",1.0,0.0004,"2c, Trifluoroborate",1.0,Pd(OAc)2,0.0625,XPhos,0.125,NaHCO3,2.5,DMF,14.08,93053.4,,
4091,6-Bromoquinoline,"1b, 6-Br-Q",1.0,0.0004,"2c, Trifluoroborate",1.0,Pd(OAc)2,0.0625,dppf,0.125,NaHCO3,2.5,DMF,19.8,94775.16,,
4092,6-Bromoquinoline,"1b, 6-Br-Q",1.0,0.0004,"2c, Trifluoroborate",1.0,Pd(OAc)2,0.0625,Xantphos,0.125,NaHCO3,2.5,DMF,13.93,107649.95,,
4093,6-Bromoquinoline,"1b, 6-Br-Q",1.0,0.0004,"2c, Trifluoroborate",1.0,Pd(OAc)2,0.0625,,,Et3N,2.5,DMF,17.56,78601.03,,
4094,6-Bromoquinoline,"1b, 6-Br-Q",1.0,0.0004,"2c, Trifluoroborate",1.0,Pd(OAc)2,0.0625,P(tBu)3,0.125,Et3N,2.5,DMF,13.21,218890.17,,
4095,6-Bromoquinoline,"1b, 6-Br-Q",1.0,0.0004,"2c, Trifluoroborate",1.0,Pd(OAc)2,0.0625,P(Ph)3 ,0.125,Et3N,2.5,DMF,15.71,262685.91,,
4096,6-Bromoquinoline,"1b, 6-Br-Q",1.0,0.0004,"2c, Trifluoroborate",1.0,Pd(OAc)2,0.0625,AmPhos,0.125,Et3N,2.5,DMF,12.61,192323.3,,
4097,6-Bromoquinoline,"1b, 6-Br-Q",1.0,0.0004,"2c, Trifluoroborate",1.0,Pd(OAc)2,0.0625,P(Cy)3,0.125,Et3N,2.5,DMF,12.78,118057.88,,
4098,6-Bromoquinoline,"1b, 6-Br-Q",1.0,0.0004,"2c, Trifluoroborate",1.0,Pd(OAc)2,0.0625,P(o-Tol)3,0.125,Et3N,2.5,DMF,14.74,89875.15,,
4099,6-Bromoquinoline,"1b, 6-Br-Q",1.0,0.0004,"2c, Trifluoroborate",1.0,Pd(OAc)2,0.0625,CataCXium A,0.125,Et3N,2.5,DMF,13.87,114172.47,,
4100,6-Bromoquinoline,"1b, 6-Br-Q",1.0,0.0004,"2c, Trifluoroborate",1.0,Pd(OAc)2,0.0625,SPhos,0.125,Et3N,2.5,DMF,13.37,112706.77,,
4101,6-Bromoquinoline,"1b, 6-Br-Q",1.0,0.0004,"2c, Trifluoroborate",1.0,Pd(OAc)2,0.0625,dtbpf,0.125,Et3N,2.5,DMF,15.73,142549.81,,
4102,6-Bromoquinoline,"1b, 6-Br-Q",1.0,0.0004,"2c, Trifluoroborate",1.0,Pd(OAc)2,0.0625,XPhos,0.125,Et3N,2.5,DMF,14.58,75082.27,,
4103,6-Bromoquinoline,"1b, 6-Br-Q",1.0,0.0004,"2c, Trifluoroborate",1.0,Pd(OAc)2,0.0625,dppf,0.125,Et3N,2.5,DMF,23.86,74304.05,,
4104,6-Bromoquinoline,"1b, 6-Br-Q",1.0,0.0004,"2c, Trifluoroborate",1.0,Pd(OAc)2,0.0625,Xantphos,0.125,Et3N,2.5,DMF,14.07,112512.02,,
4105,6-Bromoquinoline,"1b, 6-Br-Q",1.0,0.0004,"2c, Trifluoroborate",1.0,Pd(OAc)2,0.0625,,,CsF,2.5,DMF,14.41,86032.67,,
4106,6-Bromoquinoline,"1b, 6-Br-Q",1.0,0.0004,"2c, Trifluoroborate",1.0,Pd(OAc)2,0.0625,P(tBu)3,0.125,CsF,2.5,DMF,12.49,193048.72,,
4107,6-Bromoquinoline,"1b, 6-Br-Q",1.0,0.0004,"2c, Trifluoroborate",1.0,Pd(OAc)2,0.0625,P(Ph)3 ,0.125,CsF,2.5,DMF,20.36,394848.53,,
4108,6-Bromoquinoline,"1b, 6-Br-Q",1.0,0.0004,"2c, Trifluoroborate",1.0,Pd(OAc)2,0.0625,AmPhos,0.125,CsF,2.5,DMF,13.01,238811.33,,
4109,6-Bromoquinoline,"1b, 6-Br-Q",1.0,0.0004,"2c, Trifluoroborate",1.0,Pd(OAc)2,0.0625,P(Cy)3,0.125,CsF,2.5,DMF,13.94,98472.55,,
4110,6-Bromoquinoline,"1b, 6-Br-Q",1.0,0.0004,"2c, Trifluoroborate",1.0,Pd(OAc)2,0.0625,P(o-Tol)3,0.125,CsF,2.5,DMF,14.48,100555.88,,
4111,6-Bromoquinoline,"1b, 6-Br-Q",1.0,0.0004,"2c, Trifluoroborate",1.0,Pd(OAc)2,0.0625,CataCXium A,0.125,CsF,2.5,DMF,14.14,107708.38,,
4112,6-Bromoquinoline,"1b, 6-Br-Q",1.0,0.0004,"2c, Trifluoroborate",1.0,Pd(OAc)2,0.0625,SPhos,0.125,CsF,2.5,DMF,13.14,113054.51,,
4113,6-Bromoquinoline,"1b, 6-Br-Q",1.0,0.0004,"2c, Trifluoroborate",1.0,Pd(OAc)2,0.0625,dtbpf,0.125,CsF,2.5,DMF,15.53,208732.19,,
4114,6-Bromoquinoline,"1b, 6-Br-Q",1.0,0.0004,"2c, Trifluoroborate",1.0,Pd(OAc)2,0.0625,XPhos,0.125,CsF,2.5,DMF,13.69,144270.92,,
4115,6-Bromoquinoline,"1b, 6-Br-Q",1.0,0.0004,"2c, Trifluoroborate",1.0,Pd(OAc)2,0.0625,dppf,0.125,CsF,2.5,DMF,21.55,127586.98,,
4116,6-Bromoquinoline,"1b, 6-Br-Q",1.0,0.0004,"2c, Trifluoroborate",1.0,Pd(OAc)2,0.0625,Xantphos,0.125,CsF,2.5,DMF,14.7,134714.13,,
4117,6-Bromoquinoline,"1b, 6-Br-Q",1.0,0.0004,"2c, Trifluoroborate",1.0,Pd(OAc)2,0.0625,,,K3PO4,2.5,DMF,13.84,85789.16,,
4118,6-Bromoquinoline,"1b, 6-Br-Q",1.0,0.0004,"2c, Trifluoroborate",1.0,Pd(OAc)2,0.0625,P(tBu)3,0.125,K3PO4,2.5,DMF,13.15,262030.3,,
4119,6-Bromoquinoline,"1b, 6-Br-Q",1.0,0.0004,"2c, Trifluoroborate",1.0,Pd(OAc)2,0.0625,P(Ph)3 ,0.125,K3PO4,2.5,DMF,16.14,316815.38,,
4120,6-Bromoquinoline,"1b, 6-Br-Q",1.0,0.0004,"2c, Trifluoroborate",1.0,Pd(OAc)2,0.0625,AmPhos,0.125,K3PO4,2.5,DMF,12.26,199806.44,,
4121,6-Bromoquinoline,"1b, 6-Br-Q",1.0,0.0004,"2c, Trifluoroborate",1.0,Pd(OAc)2,0.0625,P(Cy)3,0.125,K3PO4,2.5,DMF,14.6,88281.62,,
4122,6-Bromoquinoline,"1b, 6-Br-Q",1.0,0.0004,"2c, Trifluoroborate",1.0,Pd(OAc)2,0.0625,P(o-Tol)3,0.125,K3PO4,2.5,DMF,14.35,86131.75,,
4123,6-Bromoquinoline,"1b, 6-Br-Q",1.0,0.0004,"2c, Trifluoroborate",1.0,Pd(OAc)2,0.0625,CataCXium A,0.125,K3PO4,2.5,DMF,15.34,178008.72,,
4124,6-Bromoquinoline,"1b, 6-Br-Q",1.0,0.0004,"2c, Trifluoroborate",1.0,Pd(OAc)2,0.0625,SPhos,0.125,K3PO4,2.5,DMF,13.64,67139.61,,
4125,6-Bromoquinoline,"1b, 6-Br-Q",1.0,0.0004,"2c, Trifluoroborate",1.0,Pd(OAc)2,0.0625,dtbpf,0.125,K3PO4,2.5,DMF,14.75,154863.36,,
4126,6-Bromoquinoline,"1b, 6-Br-Q",1.0,0.0004,"2c, Trifluoroborate",1.0,Pd(OAc)2,0.0625,XPhos,0.125,K3PO4,2.5,DMF,14.78,73373.4,,
4127,6-Bromoquinoline,"1b, 6-Br-Q",1.0,0.0004,"2c, Trifluoroborate",1.0,Pd(OAc)2,0.0625,dppf,0.125,K3PO4,2.5,DMF,21.72,84253.55,,
4128,6-Bromoquinoline,"1b, 6-Br-Q",1.0,0.0004,"2c, Trifluoroborate",1.0,Pd(OAc)2,0.0625,Xantphos,0.125,K3PO4,2.5,DMF,15.09,53079.22,,
4129,6-Bromoquinoline,"1b, 6-Br-Q",1.0,0.0004,"2c, Trifluoroborate",1.0,Pd(OAc)2,0.0625,,,,2.5,MeOH,30.87,4745296.5,,
4130,6-Bromoquinoline,"1b, 6-Br-Q",1.0,0.0004,"2c, Trifluoroborate",1.0,Pd(OAc)2,0.0625,P(tBu)3,0.125,,2.5,MeOH,56.15,8653907.0,,
4131,6-Bromoquinoline,"1b, 6-Br-Q",1.0,0.0004,"2c, Trifluoroborate",1.0,Pd(OAc)2,0.0625,P(Ph)3 ,0.125,,2.5,MeOH,48.5,7965071.0,,
4132,6-Bromoquinoline,"1b, 6-Br-Q",1.0,0.0004,"2c, Trifluoroborate",1.0,Pd(OAc)2,0.0625,AmPhos,0.125,,2.5,MeOH,62.12,12153421.0,,
4133,6-Bromoquinoline,"1b, 6-Br-Q",1.0,0.0004,"2c, Trifluoroborate",1.0,Pd(OAc)2,0.0625,P(Cy)3,0.125,,2.5,MeOH,20.21,2532508.25,,
4134,6-Bromoquinoline,"1b, 6-Br-Q",1.0,0.0004,"2c, Trifluoroborate",1.0,Pd(OAc)2,0.0625,P(o-Tol)3,0.125,,2.5,MeOH,74.71,9788414.0,,
4135,6-Bromoquinoline,"1b, 6-Br-Q",1.0,0.0004,"2c, Trifluoroborate",1.0,Pd(OAc)2,0.0625,CataCXium A,0.125,,2.5,MeOH,60.48,9426646.0,,
4136,6-Bromoquinoline,"1b, 6-Br-Q",1.0,0.0004,"2c, Trifluoroborate",1.0,Pd(OAc)2,0.0625,SPhos,0.125,,2.5,MeOH,18.91,2550925.0,,
4137,6-Bromoquinoline,"1b, 6-Br-Q",1.0,0.0004,"2c, Trifluoroborate",1.0,Pd(OAc)2,0.0625,dtbpf,0.125,,2.5,MeOH,25.61,3671377.0,,
4138,6-Bromoquinoline,"1b, 6-Br-Q",1.0,0.0004,"2c, Trifluoroborate",1.0,Pd(OAc)2,0.0625,XPhos,0.125,,2.5,MeOH,29.22,3906620.25,,
4139,6-Bromoquinoline,"1b, 6-Br-Q",1.0,0.0004,"2c, Trifluoroborate",1.0,Pd(OAc)2,0.0625,dppf,0.125,,2.5,MeOH,23.63,2058715.25,,
4140,6-Bromoquinoline,"1b, 6-Br-Q",1.0,0.0004,"2c, Trifluoroborate",1.0,Pd(OAc)2,0.0625,Xantphos,0.125,,2.5,MeOH,13.99,241780.97,,
4141,6-Bromoquinoline,"1b, 6-Br-Q",1.0,0.0004,"2c, Trifluoroborate",1.0,Pd(OAc)2,0.0625,,,NaOH,2.5,MeOH,28.89,7076604.5,,
4142,6-Bromoquinoline,"1b, 6-Br-Q",1.0,0.0004,"2c, Trifluoroborate",1.0,Pd(OAc)2,0.0625,P(tBu)3,0.125,NaOH,2.5,MeOH,38.52,8718480.0,,
4143,6-Bromoquinoline,"1b, 6-Br-Q",1.0,0.0004,"2c, Trifluoroborate",1.0,Pd(OAc)2,0.0625,P(Ph)3 ,0.125,NaOH,2.5,MeOH,58.94,13661719.0,,
4144,6-Bromoquinoline,"1b, 6-Br-Q",1.0,0.0004,"2c, Trifluoroborate",1.0,Pd(OAc)2,0.0625,AmPhos,0.125,NaOH,2.5,MeOH,46.32,12975328.0,,
4145,6-Bromoquinoline,"1b, 6-Br-Q",1.0,0.0004,"2c, Trifluoroborate",1.0,Pd(OAc)2,0.0625,P(Cy)3,0.125,NaOH,2.5,MeOH,27.29,8778390.0,,
4146,6-Bromoquinoline,"1b, 6-Br-Q",1.0,0.0004,"2c, Trifluoroborate",1.0,Pd(OAc)2,0.0625,P(o-Tol)3,0.125,NaOH,2.5,MeOH,51.26,12986467.0,,
4147,6-Bromoquinoline,"1b, 6-Br-Q",1.0,0.0004,"2c, Trifluoroborate",1.0,Pd(OAc)2,0.0625,CataCXium A,0.125,NaOH,2.5,MeOH,44.78,8583373.0,,
4148,6-Bromoquinoline,"1b, 6-Br-Q",1.0,0.0004,"2c, Trifluoroborate",1.0,Pd(OAc)2,0.0625,SPhos,0.125,NaOH,2.5,MeOH,47.02,9946841.0,,
4149,6-Bromoquinoline,"1b, 6-Br-Q",1.0,0.0004,"2c, Trifluoroborate",1.0,Pd(OAc)2,0.0625,dtbpf,0.125,NaOH,2.5,MeOH,24.72,1871721.88,,
4150,6-Bromoquinoline,"1b, 6-Br-Q",1.0,0.0004,"2c, Trifluoroborate",1.0,Pd(OAc)2,0.0625,XPhos,0.125,NaOH,2.5,MeOH,41.29,9050476.0,,
4151,6-Bromoquinoline,"1b, 6-Br-Q",1.0,0.0004,"2c, Trifluoroborate",1.0,Pd(OAc)2,0.0625,dppf,0.125,NaOH,2.5,MeOH,12.89,5196314.0,,
4152,6-Bromoquinoline,"1b, 6-Br-Q",1.0,0.0004,"2c, Trifluoroborate",1.0,Pd(OAc)2,0.0625,Xantphos,0.125,NaOH,2.5,MeOH,23.84,1000981.0,,
4153,6-Bromoquinoline,"1b, 6-Br-Q",1.0,0.0004,"2c, Trifluoroborate",1.0,Pd(OAc)2,0.0625,,,KOH,2.5,MeOH,40.66,6583847.0,,
4154,6-Bromoquinoline,"1b, 6-Br-Q",1.0,0.0004,"2c, Trifluoroborate",1.0,Pd(OAc)2,0.0625,P(tBu)3,0.125,KOH,2.5,MeOH,46.83,5789499.0,,
4155,6-Bromoquinoline,"1b, 6-Br-Q",1.0,0.0004,"2c, Trifluoroborate",1.0,Pd(OAc)2,0.0625,P(Ph)3 ,0.125,KOH,2.5,MeOH,68.15,9569506.0,,
4156,6-Bromoquinoline,"1b, 6-Br-Q",1.0,0.0004,"2c, Trifluoroborate",1.0,Pd(OAc)2,0.0625,AmPhos,0.125,KOH,2.5,MeOH,57.98,8207548.0,,
4157,6-Bromoquinoline,"1b, 6-Br-Q",1.0,0.0004,"2c, Trifluoroborate",1.0,Pd(OAc)2,0.0625,P(Cy)3,0.125,KOH,2.5,MeOH,31.08,5173348.0,,
4158,6-Bromoquinoline,"1b, 6-Br-Q",1.0,0.0004,"2c, Trifluoroborate",1.0,Pd(OAc)2,0.0625,P(o-Tol)3,0.125,KOH,2.5,MeOH,74.84,11936353.0,,
4159,6-Bromoquinoline,"1b, 6-Br-Q",1.0,0.0004,"2c, Trifluoroborate",1.0,Pd(OAc)2,0.0625,CataCXium A,0.125,KOH,2.5,MeOH,66.67,9423051.0,,
4160,6-Bromoquinoline,"1b, 6-Br-Q",1.0,0.0004,"2c, Trifluoroborate",1.0,Pd(OAc)2,0.0625,SPhos,0.125,KOH,2.5,MeOH,51.04,5659652.0,,
4161,6-Bromoquinoline,"1b, 6-Br-Q",1.0,0.0004,"2c, Trifluoroborate",1.0,Pd(OAc)2,0.0625,dtbpf,0.125,KOH,2.5,MeOH,44.08,4083034.75,,
4162,6-Bromoquinoline,"1b, 6-Br-Q",1.0,0.0004,"2c, Trifluoroborate",1.0,Pd(OAc)2,0.0625,XPhos,0.125,KOH,2.5,MeOH,49.83,8091158.0,,
4163,6-Bromoquinoline,"1b, 6-Br-Q",1.0,0.0004,"2c, Trifluoroborate",1.0,Pd(OAc)2,0.0625,dppf,0.125,KOH,2.5,MeOH,35.63,4927862.0,,
4164,6-Bromoquinoline,"1b, 6-Br-Q",1.0,0.0004,"2c, Trifluoroborate",1.0,Pd(OAc)2,0.0625,Xantphos,0.125,KOH,2.5,MeOH,13.96,731262.06,,
4165,6-Bromoquinoline,"1b, 6-Br-Q",1.0,0.0004,"2c, Trifluoroborate",1.0,Pd(OAc)2,0.0625,,,LiOtBu,2.5,MeOH,41.01,6886338.0,,
4166,6-Bromoquinoline,"1b, 6-Br-Q",1.0,0.0004,"2c, Trifluoroborate",1.0,Pd(OAc)2,0.0625,P(tBu)3,0.125,LiOtBu,2.5,MeOH,39.95,5376867.5,,
4167,6-Bromoquinoline,"1b, 6-Br-Q",1.0,0.0004,"2c, Trifluoroborate",1.0,Pd(OAc)2,0.0625,P(Ph)3 ,0.125,LiOtBu,2.5,MeOH,73.12,11210241.0,,
4168,6-Bromoquinoline,"1b, 6-Br-Q",1.0,0.0004,"2c, Trifluoroborate",1.0,Pd(OAc)2,0.0625,AmPhos,0.125,LiOtBu,2.5,MeOH,6.65,689289.06,,
4169,6-Bromoquinoline,"1b, 6-Br-Q",1.0,0.0004,"2c, Trifluoroborate",1.0,Pd(OAc)2,0.0625,P(Cy)3,0.125,LiOtBu,2.5,MeOH,0.0,324093.19,,
4170,6-Bromoquinoline,"1b, 6-Br-Q",1.0,0.0004,"2c, Trifluoroborate",1.0,Pd(OAc)2,0.0625,P(o-Tol)3,0.125,LiOtBu,2.5,MeOH,63.01,6737798.0,,
4171,6-Bromoquinoline,"1b, 6-Br-Q",1.0,0.0004,"2c, Trifluoroborate",1.0,Pd(OAc)2,0.0625,CataCXium A,0.125,LiOtBu,2.5,MeOH,61.84,8033571.5,,
4172,6-Bromoquinoline,"1b, 6-Br-Q",1.0,0.0004,"2c, Trifluoroborate",1.0,Pd(OAc)2,0.0625,SPhos,0.125,LiOtBu,2.5,MeOH,59.43,6439720.5,,
4173,6-Bromoquinoline,"1b, 6-Br-Q",1.0,0.0004,"2c, Trifluoroborate",1.0,Pd(OAc)2,0.0625,dtbpf,0.125,LiOtBu,2.5,MeOH,58.57,15630784.0,,
4174,6-Bromoquinoline,"1b, 6-Br-Q",1.0,0.0004,"2c, Trifluoroborate",1.0,Pd(OAc)2,0.0625,XPhos,0.125,LiOtBu,2.5,MeOH,58.39,15653435.0,,
4175,6-Bromoquinoline,"1b, 6-Br-Q",1.0,0.0004,"2c, Trifluoroborate",1.0,Pd(OAc)2,0.0625,dppf,0.125,LiOtBu,2.5,MeOH,58.49,15930810.0,,
4176,6-Bromoquinoline,"1b, 6-Br-Q",1.0,0.0004,"2c, Trifluoroborate",1.0,Pd(OAc)2,0.0625,Xantphos,0.125,LiOtBu,2.5,MeOH,59.75,15636612.0,,
4177,6-Bromoquinoline,"1b, 6-Br-Q",1.0,0.0004,"2c, Trifluoroborate",1.0,Pd(OAc)2,0.0625,,,NaHCO3,2.5,MeOH,59.24,15456814.0,,
4178,6-Bromoquinoline,"1b, 6-Br-Q",1.0,0.0004,"2c, Trifluoroborate",1.0,Pd(OAc)2,0.0625,P(tBu)3,0.125,NaHCO3,2.5,MeOH,57.66,15947077.0,,
4179,6-Bromoquinoline,"1b, 6-Br-Q",1.0,0.0004,"2c, Trifluoroborate",1.0,Pd(OAc)2,0.0625,P(Ph)3 ,0.125,NaHCO3,2.5,MeOH,40.92,971877.5,,
4180,6-Bromoquinoline,"1b, 6-Br-Q",1.0,0.0004,"2c, Trifluoroborate",1.0,Pd(OAc)2,0.0625,AmPhos,0.125,NaHCO3,2.5,MeOH,52.74,11219549.0,,
4181,6-Bromoquinoline,"1b, 6-Br-Q",1.0,0.0004,"2c, Trifluoroborate",1.0,Pd(OAc)2,0.0625,P(Cy)3,0.125,NaHCO3,2.5,MeOH,35.41,6771703.0,,
4182,6-Bromoquinoline,"1b, 6-Br-Q",1.0,0.0004,"2c, Trifluoroborate",1.0,Pd(OAc)2,0.0625,P(o-Tol)3,0.125,NaHCO3,2.5,MeOH,74.05,11077595.0,,
4183,6-Bromoquinoline,"1b, 6-Br-Q",1.0,0.0004,"2c, Trifluoroborate",1.0,Pd(OAc)2,0.0625,CataCXium A,0.125,NaHCO3,2.5,MeOH,57.44,9796516.0,,
4184,6-Bromoquinoline,"1b, 6-Br-Q",1.0,0.0004,"2c, Trifluoroborate",1.0,Pd(OAc)2,0.0625,SPhos,0.125,NaHCO3,2.5,MeOH,39.32,8170156.0,,
4185,6-Bromoquinoline,"1b, 6-Br-Q",1.0,0.0004,"2c, Trifluoroborate",1.0,Pd(OAc)2,0.0625,dtbpf,0.125,NaHCO3,2.5,MeOH,26.96,1880584.0,,
4186,6-Bromoquinoline,"1b, 6-Br-Q",1.0,0.0004,"2c, Trifluoroborate",1.0,Pd(OAc)2,0.0625,XPhos,0.125,NaHCO3,2.5,MeOH,46.03,9942213.0,,
4187,6-Bromoquinoline,"1b, 6-Br-Q",1.0,0.0004,"2c, Trifluoroborate",1.0,Pd(OAc)2,0.0625,dppf,0.125,NaHCO3,2.5,MeOH,26.72,2703559.5,,
4188,6-Bromoquinoline,"1b, 6-Br-Q",1.0,0.0004,"2c, Trifluoroborate",1.0,Pd(OAc)2,0.0625,Xantphos,0.125,NaHCO3,2.5,MeOH,14.24,300685.47,,
4189,6-Bromoquinoline,"1b, 6-Br-Q",1.0,0.0004,"2c, Trifluoroborate",1.0,Pd(OAc)2,0.0625,,,Et3N,2.5,MeOH,20.1,2324174.0,,
4190,6-Bromoquinoline,"1b, 6-Br-Q",1.0,0.0004,"2c, Trifluoroborate",1.0,Pd(OAc)2,0.0625,P(tBu)3,0.125,Et3N,2.5,MeOH,40.8,7123798.0,,
4191,6-Bromoquinoline,"1b, 6-Br-Q",1.0,0.0004,"2c, Trifluoroborate",1.0,Pd(OAc)2,0.0625,P(Ph)3 ,0.125,Et3N,2.5,MeOH,64.11,12778442.0,,
4192,6-Bromoquinoline,"1b, 6-Br-Q",1.0,0.0004,"2c, Trifluoroborate",1.0,Pd(OAc)2,0.0625,AmPhos,0.125,Et3N,2.5,MeOH,57.24,10307340.0,,
4193,6-Bromoquinoline,"1b, 6-Br-Q",1.0,0.0004,"2c, Trifluoroborate",1.0,Pd(OAc)2,0.0625,P(Cy)3,0.125,Et3N,2.5,MeOH,17.87,2445063.25,,
4194,6-Bromoquinoline,"1b, 6-Br-Q",1.0,0.0004,"2c, Trifluoroborate",1.0,Pd(OAc)2,0.0625,P(o-Tol)3,0.125,Et3N,2.5,MeOH,71.99,13316863.0,,
4195,6-Bromoquinoline,"1b, 6-Br-Q",1.0,0.0004,"2c, Trifluoroborate",1.0,Pd(OAc)2,0.0625,CataCXium A,0.125,Et3N,2.5,MeOH,65.69,11355962.0,,
4196,6-Bromoquinoline,"1b, 6-Br-Q",1.0,0.0004,"2c, Trifluoroborate",1.0,Pd(OAc)2,0.0625,SPhos,0.125,Et3N,2.5,MeOH,21.1,2860131.25,,
4197,6-Bromoquinoline,"1b, 6-Br-Q",1.0,0.0004,"2c, Trifluoroborate",1.0,Pd(OAc)2,0.0625,dtbpf,0.125,Et3N,2.5,MeOH,21.13,2352970.25,,
4198,6-Bromoquinoline,"1b, 6-Br-Q",1.0,0.0004,"2c, Trifluoroborate",1.0,Pd(OAc)2,0.0625,XPhos,0.125,Et3N,2.5,MeOH,24.86,4058934.0,,
4199,6-Bromoquinoline,"1b, 6-Br-Q",1.0,0.0004,"2c, Trifluoroborate",1.0,Pd(OAc)2,0.0625,dppf,0.125,Et3N,2.5,MeOH,25.49,3406356.25,,
4200,6-Bromoquinoline,"1b, 6-Br-Q",1.0,0.0004,"2c, Trifluoroborate",1.0,Pd(OAc)2,0.0625,Xantphos,0.125,Et3N,2.5,MeOH,13.95,223026.72,,
4201,6-Bromoquinoline,"1b, 6-Br-Q",1.0,0.0004,"2c, Trifluoroborate",1.0,Pd(OAc)2,0.0625,,,CsF,2.5,MeOH,34.11,4762515.0,,
4202,6-Bromoquinoline,"1b, 6-Br-Q",1.0,0.0004,"2c, Trifluoroborate",1.0,Pd(OAc)2,0.0625,P(tBu)3,0.125,CsF,2.5,MeOH,57.08,9486396.0,,
4203,6-Bromoquinoline,"1b, 6-Br-Q",1.0,0.0004,"2c, Trifluoroborate",1.0,Pd(OAc)2,0.0625,P(Ph)3 ,0.125,CsF,2.5,MeOH,64.73,11956671.0,,
4204,6-Bromoquinoline,"1b, 6-Br-Q",1.0,0.0004,"2c, Trifluoroborate",1.0,Pd(OAc)2,0.0625,AmPhos,0.125,CsF,2.5,MeOH,71.17,13028932.0,,
4205,6-Bromoquinoline,"1b, 6-Br-Q",1.0,0.0004,"2c, Trifluoroborate",1.0,Pd(OAc)2,0.0625,P(Cy)3,0.125,CsF,2.5,MeOH,28.01,4795414.5,,
4206,6-Bromoquinoline,"1b, 6-Br-Q",1.0,0.0004,"2c, Trifluoroborate",1.0,Pd(OAc)2,0.0625,P(o-Tol)3,0.125,CsF,2.5,MeOH,74.34,11170983.0,,
4207,6-Bromoquinoline,"1b, 6-Br-Q",1.0,0.0004,"2c, Trifluoroborate",1.0,Pd(OAc)2,0.0625,CataCXium A,0.125,CsF,2.5,MeOH,56.68,9337499.0,,
4208,6-Bromoquinoline,"1b, 6-Br-Q",1.0,0.0004,"2c, Trifluoroborate",1.0,Pd(OAc)2,0.0625,SPhos,0.125,CsF,2.5,MeOH,32.23,4987467.5,,
4209,6-Bromoquinoline,"1b, 6-Br-Q",1.0,0.0004,"2c, Trifluoroborate",1.0,Pd(OAc)2,0.0625,dtbpf,0.125,CsF,2.5,MeOH,39.5,4701651.0,,
4210,6-Bromoquinoline,"1b, 6-Br-Q",1.0,0.0004,"2c, Trifluoroborate",1.0,Pd(OAc)2,0.0625,XPhos,0.125,CsF,2.5,MeOH,33.45,4608537.0,,
4211,6-Bromoquinoline,"1b, 6-Br-Q",1.0,0.0004,"2c, Trifluoroborate",1.0,Pd(OAc)2,0.0625,dppf,0.125,CsF,2.5,MeOH,23.83,2147918.75,,
4212,6-Bromoquinoline,"1b, 6-Br-Q",1.0,0.0004,"2c, Trifluoroborate",1.0,Pd(OAc)2,0.0625,Xantphos,0.125,CsF,2.5,MeOH,13.61,239003.94,,
4213,6-Bromoquinoline,"1b, 6-Br-Q",1.0,0.0004,"2c, Trifluoroborate",1.0,Pd(OAc)2,0.0625,,,K3PO4,2.5,MeOH,38.08,5619292.5,,
4214,6-Bromoquinoline,"1b, 6-Br-Q",1.0,0.0004,"2c, Trifluoroborate",1.0,Pd(OAc)2,0.0625,P(tBu)3,0.125,K3PO4,2.5,MeOH,45.81,6287330.5,,
4215,6-Bromoquinoline,"1b, 6-Br-Q",1.0,0.0004,"2c, Trifluoroborate",1.0,Pd(OAc)2,0.0625,P(Ph)3 ,0.125,K3PO4,2.5,MeOH,72.19,12335767.0,,
4216,6-Bromoquinoline,"1b, 6-Br-Q",1.0,0.0004,"2c, Trifluoroborate",1.0,Pd(OAc)2,0.0625,AmPhos,0.125,K3PO4,2.5,MeOH,52.92,7905616.0,,
4217,6-Bromoquinoline,"1b, 6-Br-Q",1.0,0.0004,"2c, Trifluoroborate",1.0,Pd(OAc)2,0.0625,P(Cy)3,0.125,K3PO4,2.5,MeOH,28.32,4820746.0,,
4218,6-Bromoquinoline,"1b, 6-Br-Q",1.0,0.0004,"2c, Trifluoroborate",1.0,Pd(OAc)2,0.0625,P(o-Tol)3,0.125,K3PO4,2.5,MeOH,68.86,11264277.0,,
4219,6-Bromoquinoline,"1b, 6-Br-Q",1.0,0.0004,"2c, Trifluoroborate",1.0,Pd(OAc)2,0.0625,CataCXium A,0.125,K3PO4,2.5,MeOH,59.44,9404695.0,,
4220,6-Bromoquinoline,"1b, 6-Br-Q",1.0,0.0004,"2c, Trifluoroborate",1.0,Pd(OAc)2,0.0625,SPhos,0.125,K3PO4,2.5,MeOH,54.8,8038531.5,,
4221,6-Bromoquinoline,"1b, 6-Br-Q",1.0,0.0004,"2c, Trifluoroborate",1.0,Pd(OAc)2,0.0625,dtbpf,0.125,K3PO4,2.5,MeOH,33.6,2285310.75,,
4222,6-Bromoquinoline,"1b, 6-Br-Q",1.0,0.0004,"2c, Trifluoroborate",1.0,Pd(OAc)2,0.0625,XPhos,0.125,K3PO4,2.5,MeOH,42.55,7542726.5,,
4223,6-Bromoquinoline,"1b, 6-Br-Q",1.0,0.0004,"2c, Trifluoroborate",1.0,Pd(OAc)2,0.0625,dppf,0.125,K3PO4,2.5,MeOH,41.31,6101234.0,,
4224,6-Bromoquinoline,"1b, 6-Br-Q",1.0,0.0004,"2c, Trifluoroborate",1.0,Pd(OAc)2,0.0625,Xantphos,0.125,K3PO4,2.5,MeOH,13.97,288040.47,,
4225,6-chloroquinoline,"1a, 6-Cl-Q",1.0,0.0004,"2c, Trifluoroborate",1.0,Pd(OAc)2,0.0625,,,,2.5,MeCN,24.2,16796.77,,
4226,6-chloroquinoline,"1a, 6-Cl-Q",1.0,0.0004,"2c, Trifluoroborate",1.0,Pd(OAc)2,0.0625,P(tBu)3,0.125,,2.5,MeCN,16.56,27169.36,,
4227,6-chloroquinoline,"1a, 6-Cl-Q",1.0,0.0004,"2c, Trifluoroborate",1.0,Pd(OAc)2,0.0625,P(Ph)3 ,0.125,,2.5,MeCN,19.58,102998.09,,
4228,6-chloroquinoline,"1a, 6-Cl-Q",1.0,0.0004,"2c, Trifluoroborate",1.0,Pd(OAc)2,0.0625,AmPhos,0.125,,2.5,MeCN,17.09,394789.84,,
4229,6-chloroquinoline,"1a, 6-Cl-Q",1.0,0.0004,"2c, Trifluoroborate",1.0,Pd(OAc)2,0.0625,P(Cy)3,0.125,,2.5,MeCN,17.27,139749.83,,
4230,6-chloroquinoline,"1a, 6-Cl-Q",1.0,0.0004,"2c, Trifluoroborate",1.0,Pd(OAc)2,0.0625,P(o-Tol)3,0.125,,2.5,MeCN,18.46,119187.34,,
4231,6-chloroquinoline,"1a, 6-Cl-Q",1.0,0.0004,"2c, Trifluoroborate",1.0,Pd(OAc)2,0.0625,CataCXium A,0.125,,2.5,MeCN,21.89,72082.11,,
4232,6-chloroquinoline,"1a, 6-Cl-Q",1.0,0.0004,"2c, Trifluoroborate",1.0,Pd(OAc)2,0.0625,SPhos,0.125,,2.5,MeCN,16.09,186202.48,,
4233,6-chloroquinoline,"1a, 6-Cl-Q",1.0,0.0004,"2c, Trifluoroborate",1.0,Pd(OAc)2,0.0625,dtbpf,0.125,,2.5,MeCN,20.66,67735.36,,
4234,6-chloroquinoline,"1a, 6-Cl-Q",1.0,0.0004,"2c, Trifluoroborate",1.0,Pd(OAc)2,0.0625,XPhos,0.125,,2.5,MeCN,17.25,54925.26,,
4235,6-chloroquinoline,"1a, 6-Cl-Q",1.0,0.0004,"2c, Trifluoroborate",1.0,Pd(OAc)2,0.0625,dppf,0.125,,2.5,MeCN,31.05,45616.69,,
4236,6-chloroquinoline,"1a, 6-Cl-Q",1.0,0.0004,"2c, Trifluoroborate",1.0,Pd(OAc)2,0.0625,Xantphos,0.125,,2.5,MeCN,19.52,106016.06,,
4237,6-chloroquinoline,"1a, 6-Cl-Q",1.0,0.0004,"2c, Trifluoroborate",1.0,Pd(OAc)2,0.0625,,,NaOH,2.5,MeCN,18.79,41549.61,,
4238,6-chloroquinoline,"1a, 6-Cl-Q",1.0,0.0004,"2c, Trifluoroborate",1.0,Pd(OAc)2,0.0625,P(tBu)3,0.125,NaOH,2.5,MeCN,16.17,49465.65,,
4239,6-chloroquinoline,"1a, 6-Cl-Q",1.0,0.0004,"2c, Trifluoroborate",1.0,Pd(OAc)2,0.0625,P(Ph)3 ,0.125,NaOH,2.5,MeCN,18.37,74434.24,,
4240,6-chloroquinoline,"1a, 6-Cl-Q",1.0,0.0004,"2c, Trifluoroborate",1.0,Pd(OAc)2,0.0625,AmPhos,0.125,NaOH,2.5,MeCN,15.92,61681.57,,
4241,6-chloroquinoline,"1a, 6-Cl-Q",1.0,0.0004,"2c, Trifluoroborate",1.0,Pd(OAc)2,0.0625,P(Cy)3,0.125,NaOH,2.5,MeCN,20.33,48089.61,,
4242,6-chloroquinoline,"1a, 6-Cl-Q",1.0,0.0004,"2c, Trifluoroborate",1.0,Pd(OAc)2,0.0625,P(o-Tol)3,0.125,NaOH,2.5,MeCN,15.52,57926.79,,
4243,6-chloroquinoline,"1a, 6-Cl-Q",1.0,0.0004,"2c, Trifluoroborate",1.0,Pd(OAc)2,0.0625,CataCXium A,0.125,NaOH,2.5,MeCN,16.65,23596.29,,
4244,6-chloroquinoline,"1a, 6-Cl-Q",1.0,0.0004,"2c, Trifluoroborate",1.0,Pd(OAc)2,0.0625,SPhos,0.125,NaOH,2.5,MeCN,17.6,28485.69,,
4245,6-chloroquinoline,"1a, 6-Cl-Q",1.0,0.0004,"2c, Trifluoroborate",1.0,Pd(OAc)2,0.0625,dtbpf,0.125,NaOH,2.5,MeCN,17.06,68163.36,,
4246,6-chloroquinoline,"1a, 6-Cl-Q",1.0,0.0004,"2c, Trifluoroborate",1.0,Pd(OAc)2,0.0625,XPhos,0.125,NaOH,2.5,MeCN,16.82,36718.16,,
4247,6-chloroquinoline,"1a, 6-Cl-Q",1.0,0.0004,"2c, Trifluoroborate",1.0,Pd(OAc)2,0.0625,dppf,0.125,NaOH,2.5,MeCN,24.79,21848.04,,
4248,6-chloroquinoline,"1a, 6-Cl-Q",1.0,0.0004,"2c, Trifluoroborate",1.0,Pd(OAc)2,0.0625,Xantphos,0.125,NaOH,2.5,MeCN,16.87,34014.92,,
4249,6-chloroquinoline,"1a, 6-Cl-Q",1.0,0.0004,"2c, Trifluoroborate",1.0,Pd(OAc)2,0.0625,,,KOH,2.5,MeCN,15.58,20596.41,,
4250,6-chloroquinoline,"1a, 6-Cl-Q",1.0,0.0004,"2c, Trifluoroborate",1.0,Pd(OAc)2,0.0625,P(tBu)3,0.125,KOH,2.5,MeCN,19.02,58326.55,,
4251,6-chloroquinoline,"1a, 6-Cl-Q",1.0,0.0004,"2c, Trifluoroborate",1.0,Pd(OAc)2,0.0625,P(Ph)3 ,0.125,KOH,2.5,MeCN,17.07,70495.97,,
4252,6-chloroquinoline,"1a, 6-Cl-Q",1.0,0.0004,"2c, Trifluoroborate",1.0,Pd(OAc)2,0.0625,AmPhos,0.125,KOH,2.5,MeCN,19.41,29505.27,,
4253,6-chloroquinoline,"1a, 6-Cl-Q",1.0,0.0004,"2c, Trifluoroborate",1.0,Pd(OAc)2,0.0625,P(Cy)3,0.125,KOH,2.5,MeCN,19.05,28081.43,,
4254,6-chloroquinoline,"1a, 6-Cl-Q",1.0,0.0004,"2c, Trifluoroborate",1.0,Pd(OAc)2,0.0625,P(o-Tol)3,0.125,KOH,2.5,MeCN,18.46,34560.31,,
4255,6-chloroquinoline,"1a, 6-Cl-Q",1.0,0.0004,"2c, Trifluoroborate",1.0,Pd(OAc)2,0.0625,CataCXium A,0.125,KOH,2.5,MeCN,16.05,41574.62,,
4256,6-chloroquinoline,"1a, 6-Cl-Q",1.0,0.0004,"2c, Trifluoroborate",1.0,Pd(OAc)2,0.0625,SPhos,0.125,KOH,2.5,MeCN,17.84,49717.48,,
4257,6-chloroquinoline,"1a, 6-Cl-Q",1.0,0.0004,"2c, Trifluoroborate",1.0,Pd(OAc)2,0.0625,dtbpf,0.125,KOH,2.5,MeCN,21.01,81082.55,,
4258,6-chloroquinoline,"1a, 6-Cl-Q",1.0,0.0004,"2c, Trifluoroborate",1.0,Pd(OAc)2,0.0625,XPhos,0.125,KOH,2.5,MeCN,16.16,84591.13,,
4259,6-chloroquinoline,"1a, 6-Cl-Q",1.0,0.0004,"2c, Trifluoroborate",1.0,Pd(OAc)2,0.0625,dppf,0.125,KOH,2.5,MeCN,23.85,20155.22,,
4260,6-chloroquinoline,"1a, 6-Cl-Q",1.0,0.0004,"2c, Trifluoroborate",1.0,Pd(OAc)2,0.0625,Xantphos,0.125,KOH,2.5,MeCN,18.98,43424.57,,
4261,6-chloroquinoline,"1a, 6-Cl-Q",1.0,0.0004,"2c, Trifluoroborate",1.0,Pd(OAc)2,0.0625,,,LiOtBu,2.5,MeCN,14.75,33150.77,,
4262,6-chloroquinoline,"1a, 6-Cl-Q",1.0,0.0004,"2c, Trifluoroborate",1.0,Pd(OAc)2,0.0625,P(tBu)3,0.125,LiOtBu,2.5,MeCN,15.77,40117.8,,
4263,6-chloroquinoline,"1a, 6-Cl-Q",1.0,0.0004,"2c, Trifluoroborate",1.0,Pd(OAc)2,0.0625,P(Ph)3 ,0.125,LiOtBu,2.5,MeCN,15.01,116442.95,,
4264,6-chloroquinoline,"1a, 6-Cl-Q",1.0,0.0004,"2c, Trifluoroborate",1.0,Pd(OAc)2,0.0625,AmPhos,0.125,LiOtBu,2.5,MeCN,12.55,72368.23,,
4265,6-chloroquinoline,"1a, 6-Cl-Q",1.0,0.0004,"2c, Trifluoroborate",1.0,Pd(OAc)2,0.0625,P(Cy)3,0.125,LiOtBu,2.5,MeCN,14.57,35072.14,,
4266,6-chloroquinoline,"1a, 6-Cl-Q",1.0,0.0004,"2c, Trifluoroborate",1.0,Pd(OAc)2,0.0625,P(o-Tol)3,0.125,LiOtBu,2.5,MeCN,15.0,65284.34,,
4267,6-chloroquinoline,"1a, 6-Cl-Q",1.0,0.0004,"2c, Trifluoroborate",1.0,Pd(OAc)2,0.0625,CataCXium A,0.125,LiOtBu,2.5,MeCN,13.51,43865.58,,
4268,6-chloroquinoline,"1a, 6-Cl-Q",1.0,0.0004,"2c, Trifluoroborate",1.0,Pd(OAc)2,0.0625,SPhos,0.125,LiOtBu,2.5,MeCN,15.85,364081.88,,
4269,6-chloroquinoline,"1a, 6-Cl-Q",1.0,0.0004,"2c, Trifluoroborate",1.0,Pd(OAc)2,0.0625,dtbpf,0.125,LiOtBu,2.5,MeCN,19.19,80623.8,,
4270,6-chloroquinoline,"1a, 6-Cl-Q",1.0,0.0004,"2c, Trifluoroborate",1.0,Pd(OAc)2,0.0625,XPhos,0.125,LiOtBu,2.5,MeCN,14.19,121224.79,,
4271,6-chloroquinoline,"1a, 6-Cl-Q",1.0,0.0004,"2c, Trifluoroborate",1.0,Pd(OAc)2,0.0625,dppf,0.125,LiOtBu,2.5,MeCN,22.2,272683.84,,
4272,6-chloroquinoline,"1a, 6-Cl-Q",1.0,0.0004,"2c, Trifluoroborate",1.0,Pd(OAc)2,0.0625,Xantphos,0.125,LiOtBu,2.5,MeCN,18.66,91548.24,,
4273,6-chloroquinoline,"1a, 6-Cl-Q",1.0,0.0004,"2c, Trifluoroborate",1.0,Pd(OAc)2,0.0625,,,NaHCO3,2.5,MeCN,17.53,137456.61,,
4274,6-chloroquinoline,"1a, 6-Cl-Q",1.0,0.0004,"2c, Trifluoroborate",1.0,Pd(OAc)2,0.0625,P(tBu)3,0.125,NaHCO3,2.5,MeCN,13.07,537363.5,,
4275,6-chloroquinoline,"1a, 6-Cl-Q",1.0,0.0004,"2c, Trifluoroborate",1.0,Pd(OAc)2,0.0625,P(Ph)3 ,0.125,NaHCO3,2.5,MeCN,18.44,109648.33,,
4276,6-chloroquinoline,"1a, 6-Cl-Q",1.0,0.0004,"2c, Trifluoroborate",1.0,Pd(OAc)2,0.0625,AmPhos,0.125,NaHCO3,2.5,MeCN,15.32,200057.45,,
4277,6-chloroquinoline,"1a, 6-Cl-Q",1.0,0.0004,"2c, Trifluoroborate",1.0,Pd(OAc)2,0.0625,P(Cy)3,0.125,NaHCO3,2.5,MeCN,16.18,115569.75,,
4278,6-chloroquinoline,"1a, 6-Cl-Q",1.0,0.0004,"2c, Trifluoroborate",1.0,Pd(OAc)2,0.0625,P(o-Tol)3,0.125,NaHCO3,2.5,MeCN,16.91,65620.51,,
4279,6-chloroquinoline,"1a, 6-Cl-Q",1.0,0.0004,"2c, Trifluoroborate",1.0,Pd(OAc)2,0.0625,CataCXium A,0.125,NaHCO3,2.5,MeCN,16.03,30758.02,,
4280,6-chloroquinoline,"1a, 6-Cl-Q",1.0,0.0004,"2c, Trifluoroborate",1.0,Pd(OAc)2,0.0625,SPhos,0.125,NaHCO3,2.5,MeCN,16.08,262998.13,,
4281,6-chloroquinoline,"1a, 6-Cl-Q",1.0,0.0004,"2c, Trifluoroborate",1.0,Pd(OAc)2,0.0625,dtbpf,0.125,NaHCO3,2.5,MeCN,20.21,65735.27,,
4282,6-chloroquinoline,"1a, 6-Cl-Q",1.0,0.0004,"2c, Trifluoroborate",1.0,Pd(OAc)2,0.0625,XPhos,0.125,NaHCO3,2.5,MeCN,17.59,203181.13,,
4283,6-chloroquinoline,"1a, 6-Cl-Q",1.0,0.0004,"2c, Trifluoroborate",1.0,Pd(OAc)2,0.0625,dppf,0.125,NaHCO3,2.5,MeCN,26.16,48687.93,,
4284,6-chloroquinoline,"1a, 6-Cl-Q",1.0,0.0004,"2c, Trifluoroborate",1.0,Pd(OAc)2,0.0625,Xantphos,0.125,NaHCO3,2.5,MeCN,19.8,44345.38,,
4285,6-chloroquinoline,"1a, 6-Cl-Q",1.0,0.0004,"2c, Trifluoroborate",1.0,Pd(OAc)2,0.0625,,,Et3N,2.5,MeCN,19.29,85197.56,,
4286,6-chloroquinoline,"1a, 6-Cl-Q",1.0,0.0004,"2c, Trifluoroborate",1.0,Pd(OAc)2,0.0625,P(tBu)3,0.125,Et3N,2.5,MeCN,12.92,72716.66,,
4287,6-chloroquinoline,"1a, 6-Cl-Q",1.0,0.0004,"2c, Trifluoroborate",1.0,Pd(OAc)2,0.0625,P(Ph)3 ,0.125,Et3N,2.5,MeCN,14.61,48303.71,,
4288,6-chloroquinoline,"1a, 6-Cl-Q",1.0,0.0004,"2c, Trifluoroborate",1.0,Pd(OAc)2,0.0625,AmPhos,0.125,Et3N,2.5,MeCN,13.97,296622.91,,
4289,6-chloroquinoline,"1a, 6-Cl-Q",1.0,0.0004,"2c, Trifluoroborate",1.0,Pd(OAc)2,0.0625,P(Cy)3,0.125,Et3N,2.5,MeCN,12.83,238470.33,,
4290,6-chloroquinoline,"1a, 6-Cl-Q",1.0,0.0004,"2c, Trifluoroborate",1.0,Pd(OAc)2,0.0625,P(o-Tol)3,0.125,Et3N,2.5,MeCN,13.53,186942.73,,
4291,6-chloroquinoline,"1a, 6-Cl-Q",1.0,0.0004,"2c, Trifluoroborate",1.0,Pd(OAc)2,0.0625,CataCXium A,0.125,Et3N,2.5,MeCN,14.39,267533.41,,
4292,6-chloroquinoline,"1a, 6-Cl-Q",1.0,0.0004,"2c, Trifluoroborate",1.0,Pd(OAc)2,0.0625,SPhos,0.125,Et3N,2.5,MeCN,12.68,207963.17,,
4293,6-chloroquinoline,"1a, 6-Cl-Q",1.0,0.0004,"2c, Trifluoroborate",1.0,Pd(OAc)2,0.0625,dtbpf,0.125,Et3N,2.5,MeCN,17.22,551272.81,,
4294,6-chloroquinoline,"1a, 6-Cl-Q",1.0,0.0004,"2c, Trifluoroborate",1.0,Pd(OAc)2,0.0625,XPhos,0.125,Et3N,2.5,MeCN,14.31,342734.34,,
4295,6-chloroquinoline,"1a, 6-Cl-Q",1.0,0.0004,"2c, Trifluoroborate",1.0,Pd(OAc)2,0.0625,dppf,0.125,Et3N,2.5,MeCN,23.57,193682.33,,
4296,6-chloroquinoline,"1a, 6-Cl-Q",1.0,0.0004,"2c, Trifluoroborate",1.0,Pd(OAc)2,0.0625,Xantphos,0.125,Et3N,2.5,MeCN,17.77,116082.6,,
4297,6-chloroquinoline,"1a, 6-Cl-Q",1.0,0.0004,"2c, Trifluoroborate",1.0,Pd(OAc)2,0.0625,,,CsF,2.5,MeCN,16.81,273199.53,,
4298,6-chloroquinoline,"1a, 6-Cl-Q",1.0,0.0004,"2c, Trifluoroborate",1.0,Pd(OAc)2,0.0625,P(tBu)3,0.125,CsF,2.5,MeCN,14.68,193058.2,,
4299,6-chloroquinoline,"1a, 6-Cl-Q",1.0,0.0004,"2c, Trifluoroborate",1.0,Pd(OAc)2,0.0625,P(Ph)3 ,0.125,CsF,2.5,MeCN,16.79,1091077.63,,
4300,6-chloroquinoline,"1a, 6-Cl-Q",1.0,0.0004,"2c, Trifluoroborate",1.0,Pd(OAc)2,0.0625,AmPhos,0.125,CsF,2.5,MeCN,15.83,680103.06,,
4301,6-chloroquinoline,"1a, 6-Cl-Q",1.0,0.0004,"2c, Trifluoroborate",1.0,Pd(OAc)2,0.0625,P(Cy)3,0.125,CsF,2.5,MeCN,16.64,495211.44,,
4302,6-chloroquinoline,"1a, 6-Cl-Q",1.0,0.0004,"2c, Trifluoroborate",1.0,Pd(OAc)2,0.0625,P(o-Tol)3,0.125,CsF,2.5,MeCN,14.66,497296.66,,
4303,6-chloroquinoline,"1a, 6-Cl-Q",1.0,0.0004,"2c, Trifluoroborate",1.0,Pd(OAc)2,0.0625,CataCXium A,0.125,CsF,2.5,MeCN,13.85,393136.63,,
4304,6-chloroquinoline,"1a, 6-Cl-Q",1.0,0.0004,"2c, Trifluoroborate",1.0,Pd(OAc)2,0.0625,SPhos,0.125,CsF,2.5,MeCN,14.78,546747.56,,
4305,6-chloroquinoline,"1a, 6-Cl-Q",1.0,0.0004,"2c, Trifluoroborate",1.0,Pd(OAc)2,0.0625,dtbpf,0.125,CsF,2.5,MeCN,16.17,445381.66,,
4306,6-chloroquinoline,"1a, 6-Cl-Q",1.0,0.0004,"2c, Trifluoroborate",1.0,Pd(OAc)2,0.0625,XPhos,0.125,CsF,2.5,MeCN,15.62,656198.81,,
4307,6-chloroquinoline,"1a, 6-Cl-Q",1.0,0.0004,"2c, Trifluoroborate",1.0,Pd(OAc)2,0.0625,dppf,0.125,CsF,2.5,MeCN,26.97,282643.22,,
4308,6-chloroquinoline,"1a, 6-Cl-Q",1.0,0.0004,"2c, Trifluoroborate",1.0,Pd(OAc)2,0.0625,Xantphos,0.125,CsF,2.5,MeCN,15.89,245397.33,,
4309,6-chloroquinoline,"1a, 6-Cl-Q",1.0,0.0004,"2c, Trifluoroborate",1.0,Pd(OAc)2,0.0625,,,K3PO4,2.5,MeCN,14.57,319427.78,,
4310,6-chloroquinoline,"1a, 6-Cl-Q",1.0,0.0004,"2c, Trifluoroborate",1.0,Pd(OAc)2,0.0625,P(tBu)3,0.125,K3PO4,2.5,MeCN,13.75,215284.36,,
4311,6-chloroquinoline,"1a, 6-Cl-Q",1.0,0.0004,"2c, Trifluoroborate",1.0,Pd(OAc)2,0.0625,P(Ph)3 ,0.125,K3PO4,2.5,MeCN,16.47,236520.63,,
4312,6-chloroquinoline,"1a, 6-Cl-Q",1.0,0.0004,"2c, Trifluoroborate",1.0,Pd(OAc)2,0.0625,AmPhos,0.125,K3PO4,2.5,MeCN,14.35,294022.81,,
4313,6-chloroquinoline,"1a, 6-Cl-Q",1.0,0.0004,"2c, Trifluoroborate",1.0,Pd(OAc)2,0.0625,P(Cy)3,0.125,K3PO4,2.5,MeCN,19.04,247932.89,,
4314,6-chloroquinoline,"1a, 6-Cl-Q",1.0,0.0004,"2c, Trifluoroborate",1.0,Pd(OAc)2,0.0625,P(o-Tol)3,0.125,K3PO4,2.5,MeCN,14.5,303467.13,,
4315,6-chloroquinoline,"1a, 6-Cl-Q",1.0,0.0004,"2c, Trifluoroborate",1.0,Pd(OAc)2,0.0625,CataCXium A,0.125,K3PO4,2.5,MeCN,14.5,196317.48,,
4316,6-chloroquinoline,"1a, 6-Cl-Q",1.0,0.0004,"2c, Trifluoroborate",1.0,Pd(OAc)2,0.0625,SPhos,0.125,K3PO4,2.5,MeCN,15.64,206009.48,,
4317,6-chloroquinoline,"1a, 6-Cl-Q",1.0,0.0004,"2c, Trifluoroborate",1.0,Pd(OAc)2,0.0625,dtbpf,0.125,K3PO4,2.5,MeCN,18.5,150357.75,,
4318,6-chloroquinoline,"1a, 6-Cl-Q",1.0,0.0004,"2c, Trifluoroborate",1.0,Pd(OAc)2,0.0625,XPhos,0.125,K3PO4,2.5,MeCN,16.17,64245.13,,
4319,6-chloroquinoline,"1a, 6-Cl-Q",1.0,0.0004,"2c, Trifluoroborate",1.0,Pd(OAc)2,0.0625,dppf,0.125,K3PO4,2.5,MeCN,24.58,111057.48,,
4320,6-chloroquinoline,"1a, 6-Cl-Q",1.0,0.0004,"2c, Trifluoroborate",1.0,Pd(OAc)2,0.0625,Xantphos,0.125,K3PO4,2.5,MeCN,17.72,79889.52,,
4321,6-chloroquinoline,"1a, 6-Cl-Q",1.0,0.0004,"2c, Trifluoroborate",1.0,Pd(OAc)2,0.0625,,,,2.5,THF,21.9,86139.28,,
4322,6-chloroquinoline,"1a, 6-Cl-Q",1.0,0.0004,"2c, Trifluoroborate",1.0,Pd(OAc)2,0.0625,P(tBu)3,0.125,,2.5,THF,15.0,571062.5,,
4323,6-chloroquinoline,"1a, 6-Cl-Q",1.0,0.0004,"2c, Trifluoroborate",1.0,Pd(OAc)2,0.0625,P(Ph)3 ,0.125,,2.5,THF,23.92,699510.38,,
4324,6-chloroquinoline,"1a, 6-Cl-Q",1.0,0.0004,"2c, Trifluoroborate",1.0,Pd(OAc)2,0.0625,AmPhos,0.125,,2.5,THF,16.41,1664421.88,,
4325,6-chloroquinoline,"1a, 6-Cl-Q",1.0,0.0004,"2c, Trifluoroborate",1.0,Pd(OAc)2,0.0625,P(Cy)3,0.125,,2.5,THF,18.72,903044.69,,
4326,6-chloroquinoline,"1a, 6-Cl-Q",1.0,0.0004,"2c, Trifluoroborate",1.0,Pd(OAc)2,0.0625,P(o-Tol)3,0.125,,2.5,THF,17.59,158515.16,,
4327,6-chloroquinoline,"1a, 6-Cl-Q",1.0,0.0004,"2c, Trifluoroborate",1.0,Pd(OAc)2,0.0625,CataCXium A,0.125,,2.5,THF,30.05,1386882.5,,
4328,6-chloroquinoline,"1a, 6-Cl-Q",1.0,0.0004,"2c, Trifluoroborate",1.0,Pd(OAc)2,0.0625,SPhos,0.125,,2.5,THF,17.76,1738071.63,,
4329,6-chloroquinoline,"1a, 6-Cl-Q",1.0,0.0004,"2c, Trifluoroborate",1.0,Pd(OAc)2,0.0625,dtbpf,0.125,,2.5,THF,22.33,1285236.13,,
4330,6-chloroquinoline,"1a, 6-Cl-Q",1.0,0.0004,"2c, Trifluoroborate",1.0,Pd(OAc)2,0.0625,XPhos,0.125,,2.5,THF,20.28,1992843.13,,
4331,6-chloroquinoline,"1a, 6-Cl-Q",1.0,0.0004,"2c, Trifluoroborate",1.0,Pd(OAc)2,0.0625,dppf,0.125,,2.5,THF,33.4,89357.83,,
4332,6-chloroquinoline,"1a, 6-Cl-Q",1.0,0.0004,"2c, Trifluoroborate",1.0,Pd(OAc)2,0.0625,Xantphos,0.125,,2.5,THF,18.69,58603.81,,
4333,6-chloroquinoline,"1a, 6-Cl-Q",1.0,0.0004,"2c, Trifluoroborate",1.0,Pd(OAc)2,0.0625,,,NaOH,2.5,THF,21.15,106786.3,,
4334,6-chloroquinoline,"1a, 6-Cl-Q",1.0,0.0004,"2c, Trifluoroborate",1.0,Pd(OAc)2,0.0625,P(tBu)3,0.125,NaOH,2.5,THF,13.24,334475.56,,
4335,6-chloroquinoline,"1a, 6-Cl-Q",1.0,0.0004,"2c, Trifluoroborate",1.0,Pd(OAc)2,0.0625,P(Ph)3 ,0.125,NaOH,2.5,THF,24.25,459788.0,,
4336,6-chloroquinoline,"1a, 6-Cl-Q",1.0,0.0004,"2c, Trifluoroborate",1.0,Pd(OAc)2,0.0625,AmPhos,0.125,NaOH,2.5,THF,18.07,663574.13,,
4337,6-chloroquinoline,"1a, 6-Cl-Q",1.0,0.0004,"2c, Trifluoroborate",1.0,Pd(OAc)2,0.0625,P(Cy)3,0.125,NaOH,2.5,THF,23.95,178303.23,,
4338,6-chloroquinoline,"1a, 6-Cl-Q",1.0,0.0004,"2c, Trifluoroborate",1.0,Pd(OAc)2,0.0625,P(o-Tol)3,0.125,NaOH,2.5,THF,17.46,74431.8,,
4339,6-chloroquinoline,"1a, 6-Cl-Q",1.0,0.0004,"2c, Trifluoroborate",1.0,Pd(OAc)2,0.0625,CataCXium A,0.125,NaOH,2.5,THF,20.28,637982.0,,
4340,6-chloroquinoline,"1a, 6-Cl-Q",1.0,0.0004,"2c, Trifluoroborate",1.0,Pd(OAc)2,0.0625,SPhos,0.125,NaOH,2.5,THF,17.39,1151524.88,,
4341,6-chloroquinoline,"1a, 6-Cl-Q",1.0,0.0004,"2c, Trifluoroborate",1.0,Pd(OAc)2,0.0625,dtbpf,0.125,NaOH,2.5,THF,22.2,482840.38,,
4342,6-chloroquinoline,"1a, 6-Cl-Q",1.0,0.0004,"2c, Trifluoroborate",1.0,Pd(OAc)2,0.0625,XPhos,0.125,NaOH,2.5,THF,15.9,785153.38,,
4343,6-chloroquinoline,"1a, 6-Cl-Q",1.0,0.0004,"2c, Trifluoroborate",1.0,Pd(OAc)2,0.0625,dppf,0.125,NaOH,2.5,THF,21.61,36295.88,,
4344,6-chloroquinoline,"1a, 6-Cl-Q",1.0,0.0004,"2c, Trifluoroborate",1.0,Pd(OAc)2,0.0625,Xantphos,0.125,NaOH,2.5,THF,20.79,79209.93,,
4345,6-chloroquinoline,"1a, 6-Cl-Q",1.0,0.0004,"2c, Trifluoroborate",1.0,Pd(OAc)2,0.0625,,,KOH,2.5,THF,18.31,251369.88,,
4346,6-chloroquinoline,"1a, 6-Cl-Q",1.0,0.0004,"2c, Trifluoroborate",1.0,Pd(OAc)2,0.0625,P(tBu)3,0.125,KOH,2.5,THF,15.37,362576.44,,
4347,6-chloroquinoline,"1a, 6-Cl-Q",1.0,0.0004,"2c, Trifluoroborate",1.0,Pd(OAc)2,0.0625,P(Ph)3 ,0.125,KOH,2.5,THF,20.73,369944.22,,
4348,6-chloroquinoline,"1a, 6-Cl-Q",1.0,0.0004,"2c, Trifluoroborate",1.0,Pd(OAc)2,0.0625,AmPhos,0.125,KOH,2.5,THF,16.14,310527.09,,
4349,6-chloroquinoline,"1a, 6-Cl-Q",1.0,0.0004,"2c, Trifluoroborate",1.0,Pd(OAc)2,0.0625,P(Cy)3,0.125,KOH,2.5,THF,21.08,311244.97,,
4350,6-chloroquinoline,"1a, 6-Cl-Q",1.0,0.0004,"2c, Trifluoroborate",1.0,Pd(OAc)2,0.0625,P(o-Tol)3,0.125,KOH,2.5,THF,16.32,141769.33,,
4351,6-chloroquinoline,"1a, 6-Cl-Q",1.0,0.0004,"2c, Trifluoroborate",1.0,Pd(OAc)2,0.0625,CataCXium A,0.125,KOH,2.5,THF,21.37,200083.28,,
4352,6-chloroquinoline,"1a, 6-Cl-Q",1.0,0.0004,"2c, Trifluoroborate",1.0,Pd(OAc)2,0.0625,SPhos,0.125,KOH,2.5,THF,15.13,246013.14,,
4353,6-chloroquinoline,"1a, 6-Cl-Q",1.0,0.0004,"2c, Trifluoroborate",1.0,Pd(OAc)2,0.0625,dtbpf,0.125,KOH,2.5,THF,21.6,331597.84,,
4354,6-chloroquinoline,"1a, 6-Cl-Q",1.0,0.0004,"2c, Trifluoroborate",1.0,Pd(OAc)2,0.0625,XPhos,0.125,KOH,2.5,THF,17.4,1143376.38,,
4355,6-chloroquinoline,"1a, 6-Cl-Q",1.0,0.0004,"2c, Trifluoroborate",1.0,Pd(OAc)2,0.0625,dppf,0.125,KOH,2.5,THF,24.5,41144.88,,
4356,6-chloroquinoline,"1a, 6-Cl-Q",1.0,0.0004,"2c, Trifluoroborate",1.0,Pd(OAc)2,0.0625,Xantphos,0.125,KOH,2.5,THF,18.83,72042.41,,
4357,6-chloroquinoline,"1a, 6-Cl-Q",1.0,0.0004,"2c, Trifluoroborate",1.0,Pd(OAc)2,0.0625,,,LiOtBu,2.5,THF,17.21,170450.19,,
4358,6-chloroquinoline,"1a, 6-Cl-Q",1.0,0.0004,"2c, Trifluoroborate",1.0,Pd(OAc)2,0.0625,P(tBu)3,0.125,LiOtBu,2.5,THF,14.73,500489.34,,
4359,6-chloroquinoline,"1a, 6-Cl-Q",1.0,0.0004,"2c, Trifluoroborate",1.0,Pd(OAc)2,0.0625,P(Ph)3 ,0.125,LiOtBu,2.5,THF,17.57,373345.75,,
4360,6-chloroquinoline,"1a, 6-Cl-Q",1.0,0.0004,"2c, Trifluoroborate",1.0,Pd(OAc)2,0.0625,AmPhos,0.125,LiOtBu,2.5,THF,15.24,350336.59,,
4361,6-chloroquinoline,"1a, 6-Cl-Q",1.0,0.0004,"2c, Trifluoroborate",1.0,Pd(OAc)2,0.0625,P(Cy)3,0.125,LiOtBu,2.5,THF,18.65,100658.02,,
4362,6-chloroquinoline,"1a, 6-Cl-Q",1.0,0.0004,"2c, Trifluoroborate",1.0,Pd(OAc)2,0.0625,P(o-Tol)3,0.125,LiOtBu,2.5,THF,18.25,85292.28,,
4363,6-chloroquinoline,"1a, 6-Cl-Q",1.0,0.0004,"2c, Trifluoroborate",1.0,Pd(OAc)2,0.0625,CataCXium A,0.125,LiOtBu,2.5,THF,17.99,373651.22,,
4364,6-chloroquinoline,"1a, 6-Cl-Q",1.0,0.0004,"2c, Trifluoroborate",1.0,Pd(OAc)2,0.0625,SPhos,0.125,LiOtBu,2.5,THF,15.93,600974.38,,
4365,6-chloroquinoline,"1a, 6-Cl-Q",1.0,0.0004,"2c, Trifluoroborate",1.0,Pd(OAc)2,0.0625,dtbpf,0.125,LiOtBu,2.5,THF,19.71,209018.86,,
4366,6-chloroquinoline,"1a, 6-Cl-Q",1.0,0.0004,"2c, Trifluoroborate",1.0,Pd(OAc)2,0.0625,XPhos,0.125,LiOtBu,2.5,THF,15.94,310490.72,,
4367,6-chloroquinoline,"1a, 6-Cl-Q",1.0,0.0004,"2c, Trifluoroborate",1.0,Pd(OAc)2,0.0625,dppf,0.125,LiOtBu,2.5,THF,19.79,40515.82,,
4368,6-chloroquinoline,"1a, 6-Cl-Q",1.0,0.0004,"2c, Trifluoroborate",1.0,Pd(OAc)2,0.0625,Xantphos,0.125,LiOtBu,2.5,THF,15.57,96260.24,,
4369,6-chloroquinoline,"1a, 6-Cl-Q",1.0,0.0004,"2c, Trifluoroborate",1.0,Pd(OAc)2,0.0625,,,NaHCO3,2.5,THF,18.77,163824.73,,
4370,6-chloroquinoline,"1a, 6-Cl-Q",1.0,0.0004,"2c, Trifluoroborate",1.0,Pd(OAc)2,0.0625,P(tBu)3,0.125,NaHCO3,2.5,THF,15.38,558230.94,,
4371,6-chloroquinoline,"1a, 6-Cl-Q",1.0,0.0004,"2c, Trifluoroborate",1.0,Pd(OAc)2,0.0625,P(Ph)3 ,0.125,NaHCO3,2.5,THF,21.31,587598.94,,
4372,6-chloroquinoline,"1a, 6-Cl-Q",1.0,0.0004,"2c, Trifluoroborate",1.0,Pd(OAc)2,0.0625,AmPhos,0.125,NaHCO3,2.5,THF,14.96,1082373.63,,
4373,6-chloroquinoline,"1a, 6-Cl-Q",1.0,0.0004,"2c, Trifluoroborate",1.0,Pd(OAc)2,0.0625,P(Cy)3,0.125,NaHCO3,2.5,THF,20.82,584345.38,,
4374,6-chloroquinoline,"1a, 6-Cl-Q",1.0,0.0004,"2c, Trifluoroborate",1.0,Pd(OAc)2,0.0625,P(o-Tol)3,0.125,NaHCO3,2.5,THF,17.07,127446.13,,
4375,6-chloroquinoline,"1a, 6-Cl-Q",1.0,0.0004,"2c, Trifluoroborate",1.0,Pd(OAc)2,0.0625,CataCXium A,0.125,NaHCO3,2.5,THF,18.0,546403.5,,
4376,6-chloroquinoline,"1a, 6-Cl-Q",1.0,0.0004,"2c, Trifluoroborate",1.0,Pd(OAc)2,0.0625,SPhos,0.125,NaHCO3,2.5,THF,15.82,935605.94,,
4377,6-chloroquinoline,"1a, 6-Cl-Q",1.0,0.0004,"2c, Trifluoroborate",1.0,Pd(OAc)2,0.0625,dtbpf,0.125,NaHCO3,2.5,THF,23.61,1427644.13,,
4378,6-chloroquinoline,"1a, 6-Cl-Q",1.0,0.0004,"2c, Trifluoroborate",1.0,Pd(OAc)2,0.0625,XPhos,0.125,NaHCO3,2.5,THF,17.56,1121140.38,,
4379,6-chloroquinoline,"1a, 6-Cl-Q",1.0,0.0004,"2c, Trifluoroborate",1.0,Pd(OAc)2,0.0625,dppf,0.125,NaHCO3,2.5,THF,23.14,45115.26,,
4380,6-chloroquinoline,"1a, 6-Cl-Q",1.0,0.0004,"2c, Trifluoroborate",1.0,Pd(OAc)2,0.0625,Xantphos,0.125,NaHCO3,2.5,THF,15.79,61778.24,,
4381,6-chloroquinoline,"1a, 6-Cl-Q",1.0,0.0004,"2c, Trifluoroborate",1.0,Pd(OAc)2,0.0625,,,Et3N,2.5,THF,14.92,213694.5,,
4382,6-chloroquinoline,"1a, 6-Cl-Q",1.0,0.0004,"2c, Trifluoroborate",1.0,Pd(OAc)2,0.0625,P(tBu)3,0.125,Et3N,2.5,THF,13.11,861841.75,,
4383,6-chloroquinoline,"1a, 6-Cl-Q",1.0,0.0004,"2c, Trifluoroborate",1.0,Pd(OAc)2,0.0625,P(Ph)3 ,0.125,Et3N,2.5,THF,17.1,536472.44,,
4384,6-chloroquinoline,"1a, 6-Cl-Q",1.0,0.0004,"2c, Trifluoroborate",1.0,Pd(OAc)2,0.0625,AmPhos,0.125,Et3N,2.5,THF,15.47,830543.25,,
4385,6-chloroquinoline,"1a, 6-Cl-Q",1.0,0.0004,"2c, Trifluoroborate",1.0,Pd(OAc)2,0.0625,P(Cy)3,0.125,Et3N,2.5,THF,16.8,721028.0,,
4386,6-chloroquinoline,"1a, 6-Cl-Q",1.0,0.0004,"2c, Trifluoroborate",1.0,Pd(OAc)2,0.0625,P(o-Tol)3,0.125,Et3N,2.5,THF,15.12,289610.97,,
4387,6-chloroquinoline,"1a, 6-Cl-Q",1.0,0.0004,"2c, Trifluoroborate",1.0,Pd(OAc)2,0.0625,CataCXium A,0.125,Et3N,2.5,THF,23.62,748055.38,,
4388,6-chloroquinoline,"1a, 6-Cl-Q",1.0,0.0004,"2c, Trifluoroborate",1.0,Pd(OAc)2,0.0625,SPhos,0.125,Et3N,2.5,THF,15.91,425060.66,,
4389,6-chloroquinoline,"1a, 6-Cl-Q",1.0,0.0004,"2c, Trifluoroborate",1.0,Pd(OAc)2,0.0625,dtbpf,0.125,Et3N,2.5,THF,22.13,1105985.0,,
4390,6-chloroquinoline,"1a, 6-Cl-Q",1.0,0.0004,"2c, Trifluoroborate",1.0,Pd(OAc)2,0.0625,XPhos,0.125,Et3N,2.5,THF,18.72,2216904.75,,
4391,6-chloroquinoline,"1a, 6-Cl-Q",1.0,0.0004,"2c, Trifluoroborate",1.0,Pd(OAc)2,0.0625,dppf,0.125,Et3N,2.5,THF,26.72,71485.86,,
4392,6-chloroquinoline,"1a, 6-Cl-Q",1.0,0.0004,"2c, Trifluoroborate",1.0,Pd(OAc)2,0.0625,Xantphos,0.125,Et3N,2.5,THF,16.82,56720.29,,
4393,6-chloroquinoline,"1a, 6-Cl-Q",1.0,0.0004,"2c, Trifluoroborate",1.0,Pd(OAc)2,0.0625,,,CsF,2.5,THF,22.33,122442.06,,
4394,6-chloroquinoline,"1a, 6-Cl-Q",1.0,0.0004,"2c, Trifluoroborate",1.0,Pd(OAc)2,0.0625,P(tBu)3,0.125,CsF,2.5,THF,17.88,722290.81,,
4395,6-chloroquinoline,"1a, 6-Cl-Q",1.0,0.0004,"2c, Trifluoroborate",1.0,Pd(OAc)2,0.0625,P(Ph)3 ,0.125,CsF,2.5,THF,24.55,688243.0,,
4396,6-chloroquinoline,"1a, 6-Cl-Q",1.0,0.0004,"2c, Trifluoroborate",1.0,Pd(OAc)2,0.0625,AmPhos,0.125,CsF,2.5,THF,17.41,1211179.38,,
4397,6-chloroquinoline,"1a, 6-Cl-Q",1.0,0.0004,"2c, Trifluoroborate",1.0,Pd(OAc)2,0.0625,P(Cy)3,0.125,CsF,2.5,THF,22.84,856765.0,,
4398,6-chloroquinoline,"1a, 6-Cl-Q",1.0,0.0004,"2c, Trifluoroborate",1.0,Pd(OAc)2,0.0625,P(o-Tol)3,0.125,CsF,2.5,THF,16.99,288528.25,,
4399,6-chloroquinoline,"1a, 6-Cl-Q",1.0,0.0004,"2c, Trifluoroborate",1.0,Pd(OAc)2,0.0625,CataCXium A,0.125,CsF,2.5,THF,27.27,1666146.5,,
4400,6-chloroquinoline,"1a, 6-Cl-Q",1.0,0.0004,"2c, Trifluoroborate",1.0,Pd(OAc)2,0.0625,SPhos,0.125,CsF,2.5,THF,19.81,1450637.5,,
4401,6-chloroquinoline,"1a, 6-Cl-Q",1.0,0.0004,"2c, Trifluoroborate",1.0,Pd(OAc)2,0.0625,dtbpf,0.125,CsF,2.5,THF,25.37,1322782.75,,
4402,6-chloroquinoline,"1a, 6-Cl-Q",1.0,0.0004,"2c, Trifluoroborate",1.0,Pd(OAc)2,0.0625,XPhos,0.125,CsF,2.5,THF,23.55,3361272.5,,
4403,6-chloroquinoline,"1a, 6-Cl-Q",1.0,0.0004,"2c, Trifluoroborate",1.0,Pd(OAc)2,0.0625,dppf,0.125,CsF,2.5,THF,29.94,70774.22,,
4404,6-chloroquinoline,"1a, 6-Cl-Q",1.0,0.0004,"2c, Trifluoroborate",1.0,Pd(OAc)2,0.0625,Xantphos,0.125,CsF,2.5,THF,19.63,97150.94,,
4405,6-chloroquinoline,"1a, 6-Cl-Q",1.0,0.0004,"2c, Trifluoroborate",1.0,Pd(OAc)2,0.0625,,,K3PO4,2.5,THF,22.64,329397.19,,
4406,6-chloroquinoline,"1a, 6-Cl-Q",1.0,0.0004,"2c, Trifluoroborate",1.0,Pd(OAc)2,0.0625,P(tBu)3,0.125,K3PO4,2.5,THF,18.18,607067.13,,
4407,6-chloroquinoline,"1a, 6-Cl-Q",1.0,0.0004,"2c, Trifluoroborate",1.0,Pd(OAc)2,0.0625,P(Ph)3 ,0.125,K3PO4,2.5,THF,25.49,622740.63,,
4408,6-chloroquinoline,"1a, 6-Cl-Q",1.0,0.0004,"2c, Trifluoroborate",1.0,Pd(OAc)2,0.0625,AmPhos,0.125,K3PO4,2.5,THF,20.49,2587377.5,,
4409,6-chloroquinoline,"1a, 6-Cl-Q",1.0,0.0004,"2c, Trifluoroborate",1.0,Pd(OAc)2,0.0625,P(Cy)3,0.125,K3PO4,2.5,THF,25.25,1882431.63,,
4410,6-chloroquinoline,"1a, 6-Cl-Q",1.0,0.0004,"2c, Trifluoroborate",1.0,Pd(OAc)2,0.0625,P(o-Tol)3,0.125,K3PO4,2.5,THF,20.02,260517.81,,
4411,6-chloroquinoline,"1a, 6-Cl-Q",1.0,0.0004,"2c, Trifluoroborate",1.0,Pd(OAc)2,0.0625,CataCXium A,0.125,K3PO4,2.5,THF,27.52,1939374.75,,
4412,6-chloroquinoline,"1a, 6-Cl-Q",1.0,0.0004,"2c, Trifluoroborate",1.0,Pd(OAc)2,0.0625,SPhos,0.125,K3PO4,2.5,THF,23.94,3841474.75,,
4413,6-chloroquinoline,"1a, 6-Cl-Q",1.0,0.0004,"2c, Trifluoroborate",1.0,Pd(OAc)2,0.0625,dtbpf,0.125,K3PO4,2.5,THF,27.57,1858098.13,,
4414,6-chloroquinoline,"1a, 6-Cl-Q",1.0,0.0004,"2c, Trifluoroborate",1.0,Pd(OAc)2,0.0625,XPhos,0.125,K3PO4,2.5,THF,23.22,3447276.5,,
4415,6-chloroquinoline,"1a, 6-Cl-Q",1.0,0.0004,"2c, Trifluoroborate",1.0,Pd(OAc)2,0.0625,dppf,0.125,K3PO4,2.5,THF,31.01,91501.15,,
4416,6-chloroquinoline,"1a, 6-Cl-Q",1.0,0.0004,"2c, Trifluoroborate",1.0,Pd(OAc)2,0.0625,Xantphos,0.125,K3PO4,2.5,THF,20.07,97590.99,,
4417,6-chloroquinoline,"1a, 6-Cl-Q",1.0,0.0004,"2c, Trifluoroborate",1.0,Pd(OAc)2,0.0625,,,,2.5,DMF,18.48,66253.83,,
4418,6-chloroquinoline,"1a, 6-Cl-Q",1.0,0.0004,"2c, Trifluoroborate",1.0,Pd(OAc)2,0.0625,P(tBu)3,0.125,,2.5,DMF,16.07,72744.14,,
4419,6-chloroquinoline,"1a, 6-Cl-Q",1.0,0.0004,"2c, Trifluoroborate",1.0,Pd(OAc)2,0.0625,P(Ph)3 ,0.125,,2.5,DMF,18.38,112769.56,,
4420,6-chloroquinoline,"1a, 6-Cl-Q",1.0,0.0004,"2c, Trifluoroborate",1.0,Pd(OAc)2,0.0625,AmPhos,0.125,,2.5,DMF,15.57,107764.91,,
4421,6-chloroquinoline,"1a, 6-Cl-Q",1.0,0.0004,"2c, Trifluoroborate",1.0,Pd(OAc)2,0.0625,P(Cy)3,0.125,,2.5,DMF,18.48,97304.07,,
4422,6-chloroquinoline,"1a, 6-Cl-Q",1.0,0.0004,"2c, Trifluoroborate",1.0,Pd(OAc)2,0.0625,P(o-Tol)3,0.125,,2.5,DMF,14.48,60366.49,,
4423,6-chloroquinoline,"1a, 6-Cl-Q",1.0,0.0004,"2c, Trifluoroborate",1.0,Pd(OAc)2,0.0625,CataCXium A,0.125,,2.5,DMF,18.58,101034.86,,
4424,6-chloroquinoline,"1a, 6-Cl-Q",1.0,0.0004,"2c, Trifluoroborate",1.0,Pd(OAc)2,0.0625,SPhos,0.125,,2.5,DMF,15.35,95033.35,,
4425,6-chloroquinoline,"1a, 6-Cl-Q",1.0,0.0004,"2c, Trifluoroborate",1.0,Pd(OAc)2,0.0625,dtbpf,0.125,,2.5,DMF,21.3,87477.43,,
4426,6-chloroquinoline,"1a, 6-Cl-Q",1.0,0.0004,"2c, Trifluoroborate",1.0,Pd(OAc)2,0.0625,XPhos,0.125,,2.5,DMF,19.2,92572.96,,
4427,6-chloroquinoline,"1a, 6-Cl-Q",1.0,0.0004,"2c, Trifluoroborate",1.0,Pd(OAc)2,0.0625,dppf,0.125,,2.5,DMF,22.6,39145.66,,
4428,6-chloroquinoline,"1a, 6-Cl-Q",1.0,0.0004,"2c, Trifluoroborate",1.0,Pd(OAc)2,0.0625,Xantphos,0.125,,2.5,DMF,16.91,41872.51,,
4429,6-chloroquinoline,"1a, 6-Cl-Q",1.0,0.0004,"2c, Trifluoroborate",1.0,Pd(OAc)2,0.0625,,,NaOH,2.5,DMF,17.56,46038.78,,
4430,6-chloroquinoline,"1a, 6-Cl-Q",1.0,0.0004,"2c, Trifluoroborate",1.0,Pd(OAc)2,0.0625,P(tBu)3,0.125,NaOH,2.5,DMF,15.72,47356.79,,
4431,6-chloroquinoline,"1a, 6-Cl-Q",1.0,0.0004,"2c, Trifluoroborate",1.0,Pd(OAc)2,0.0625,P(Ph)3 ,0.125,NaOH,2.5,DMF,22.66,92449.07,,
4432,6-chloroquinoline,"1a, 6-Cl-Q",1.0,0.0004,"2c, Trifluoroborate",1.0,Pd(OAc)2,0.0625,AmPhos,0.125,NaOH,2.5,DMF,15.3,57246.95,,
4433,6-chloroquinoline,"1a, 6-Cl-Q",1.0,0.0004,"2c, Trifluoroborate",1.0,Pd(OAc)2,0.0625,P(Cy)3,0.125,NaOH,2.5,DMF,18.47,74148.96,,
4434,6-chloroquinoline,"1a, 6-Cl-Q",1.0,0.0004,"2c, Trifluoroborate",1.0,Pd(OAc)2,0.0625,P(o-Tol)3,0.125,NaOH,2.5,DMF,15.05,52512.11,,
4435,6-chloroquinoline,"1a, 6-Cl-Q",1.0,0.0004,"2c, Trifluoroborate",1.0,Pd(OAc)2,0.0625,CataCXium A,0.125,NaOH,2.5,DMF,17.23,33324.14,,
4436,6-chloroquinoline,"1a, 6-Cl-Q",1.0,0.0004,"2c, Trifluoroborate",1.0,Pd(OAc)2,0.0625,SPhos,0.125,NaOH,2.5,DMF,17.26,90718.75,,
4437,6-chloroquinoline,"1a, 6-Cl-Q",1.0,0.0004,"2c, Trifluoroborate",1.0,Pd(OAc)2,0.0625,dtbpf,0.125,NaOH,2.5,DMF,22.5,50429.84,,
4438,6-chloroquinoline,"1a, 6-Cl-Q",1.0,0.0004,"2c, Trifluoroborate",1.0,Pd(OAc)2,0.0625,XPhos,0.125,NaOH,2.5,DMF,16.94,104071.12,,
4439,6-chloroquinoline,"1a, 6-Cl-Q",1.0,0.0004,"2c, Trifluoroborate",1.0,Pd(OAc)2,0.0625,dppf,0.125,NaOH,2.5,DMF,20.34,33026.91,,
4440,6-chloroquinoline,"1a, 6-Cl-Q",1.0,0.0004,"2c, Trifluoroborate",1.0,Pd(OAc)2,0.0625,Xantphos,0.125,NaOH,2.5,DMF,18.05,52095.55,,
4441,6-chloroquinoline,"1a, 6-Cl-Q",1.0,0.0004,"2c, Trifluoroborate",1.0,Pd(OAc)2,0.0625,,,KOH,2.5,DMF,18.64,52435.88,,
4442,6-chloroquinoline,"1a, 6-Cl-Q",1.0,0.0004,"2c, Trifluoroborate",1.0,Pd(OAc)2,0.0625,P(tBu)3,0.125,KOH,2.5,DMF,15.78,50717.84,,
4443,6-chloroquinoline,"1a, 6-Cl-Q",1.0,0.0004,"2c, Trifluoroborate",1.0,Pd(OAc)2,0.0625,P(Ph)3 ,0.125,KOH,2.5,DMF,18.87,68842.45,,
4444,6-chloroquinoline,"1a, 6-Cl-Q",1.0,0.0004,"2c, Trifluoroborate",1.0,Pd(OAc)2,0.0625,AmPhos,0.125,KOH,2.5,DMF,16.46,60291.03,,
4445,6-chloroquinoline,"1a, 6-Cl-Q",1.0,0.0004,"2c, Trifluoroborate",1.0,Pd(OAc)2,0.0625,P(Cy)3,0.125,KOH,2.5,DMF,18.4,80769.66,,
4446,6-chloroquinoline,"1a, 6-Cl-Q",1.0,0.0004,"2c, Trifluoroborate",1.0,Pd(OAc)2,0.0625,P(o-Tol)3,0.125,KOH,2.5,DMF,14.87,65722.16,,
4447,6-chloroquinoline,"1a, 6-Cl-Q",1.0,0.0004,"2c, Trifluoroborate",1.0,Pd(OAc)2,0.0625,CataCXium A,0.125,KOH,2.5,DMF,21.69,41548.73,,
4448,6-chloroquinoline,"1a, 6-Cl-Q",1.0,0.0004,"2c, Trifluoroborate",1.0,Pd(OAc)2,0.0625,SPhos,0.125,KOH,2.5,DMF,15.27,71087.04,,
4449,6-chloroquinoline,"1a, 6-Cl-Q",1.0,0.0004,"2c, Trifluoroborate",1.0,Pd(OAc)2,0.0625,dtbpf,0.125,KOH,2.5,DMF,21.87,58534.47,,
4450,6-chloroquinoline,"1a, 6-Cl-Q",1.0,0.0004,"2c, Trifluoroborate",1.0,Pd(OAc)2,0.0625,XPhos,0.125,KOH,2.5,DMF,17.07,90766.75,,
4451,6-chloroquinoline,"1a, 6-Cl-Q",1.0,0.0004,"2c, Trifluoroborate",1.0,Pd(OAc)2,0.0625,dppf,0.125,KOH,2.5,DMF,21.19,23852.8,,
4452,6-chloroquinoline,"1a, 6-Cl-Q",1.0,0.0004,"2c, Trifluoroborate",1.0,Pd(OAc)2,0.0625,Xantphos,0.125,KOH,2.5,DMF,18.26,41008.6,,
4453,6-chloroquinoline,"1a, 6-Cl-Q",1.0,0.0004,"2c, Trifluoroborate",1.0,Pd(OAc)2,0.0625,,,LiOtBu,2.5,DMF,50.93,16135.75,,
4454,6-chloroquinoline,"1a, 6-Cl-Q",1.0,0.0004,"2c, Trifluoroborate",1.0,Pd(OAc)2,0.0625,P(tBu)3,0.125,LiOtBu,2.5,DMF,16.44,43825.61,,
4455,6-chloroquinoline,"1a, 6-Cl-Q",1.0,0.0004,"2c, Trifluoroborate",1.0,Pd(OAc)2,0.0625,P(Ph)3 ,0.125,LiOtBu,2.5,DMF,18.56,70960.73,,
4456,6-chloroquinoline,"1a, 6-Cl-Q",1.0,0.0004,"2c, Trifluoroborate",1.0,Pd(OAc)2,0.0625,AmPhos,0.125,LiOtBu,2.5,DMF,14.0,55489.38,,
4457,6-chloroquinoline,"1a, 6-Cl-Q",1.0,0.0004,"2c, Trifluoroborate",1.0,Pd(OAc)2,0.0625,P(Cy)3,0.125,LiOtBu,2.5,DMF,20.05,49582.31,,
4458,6-chloroquinoline,"1a, 6-Cl-Q",1.0,0.0004,"2c, Trifluoroborate",1.0,Pd(OAc)2,0.0625,P(o-Tol)3,0.125,LiOtBu,2.5,DMF,16.21,54052.01,,
4459,6-chloroquinoline,"1a, 6-Cl-Q",1.0,0.0004,"2c, Trifluoroborate",1.0,Pd(OAc)2,0.0625,CataCXium A,0.125,LiOtBu,2.5,DMF,16.67,32181.37,,
4460,6-chloroquinoline,"1a, 6-Cl-Q",1.0,0.0004,"2c, Trifluoroborate",1.0,Pd(OAc)2,0.0625,SPhos,0.125,LiOtBu,2.5,DMF,16.39,54132.35,,
4461,6-chloroquinoline,"1a, 6-Cl-Q",1.0,0.0004,"2c, Trifluoroborate",1.0,Pd(OAc)2,0.0625,dtbpf,0.125,LiOtBu,2.5,DMF,21.37,39563.35,,
4462,6-chloroquinoline,"1a, 6-Cl-Q",1.0,0.0004,"2c, Trifluoroborate",1.0,Pd(OAc)2,0.0625,XPhos,0.125,LiOtBu,2.5,DMF,16.01,50887.39,,
4463,6-chloroquinoline,"1a, 6-Cl-Q",1.0,0.0004,"2c, Trifluoroborate",1.0,Pd(OAc)2,0.0625,dppf,0.125,LiOtBu,2.5,DMF,20.52,35124.42,,
4464,6-chloroquinoline,"1a, 6-Cl-Q",1.0,0.0004,"2c, Trifluoroborate",1.0,Pd(OAc)2,0.0625,Xantphos,0.125,LiOtBu,2.5,DMF,17.96,43949.88,,
4465,6-chloroquinoline,"1a, 6-Cl-Q",1.0,0.0004,"2c, Trifluoroborate",1.0,Pd(OAc)2,0.0625,,,NaHCO3,2.5,DMF,19.59,41539.31,,
4466,6-chloroquinoline,"1a, 6-Cl-Q",1.0,0.0004,"2c, Trifluoroborate",1.0,Pd(OAc)2,0.0625,P(tBu)3,0.125,NaHCO3,2.5,DMF,16.18,42344.21,,
4467,6-chloroquinoline,"1a, 6-Cl-Q",1.0,0.0004,"2c, Trifluoroborate",1.0,Pd(OAc)2,0.0625,P(Ph)3 ,0.125,NaHCO3,2.5,DMF,20.35,76023.29,,
4468,6-chloroquinoline,"1a, 6-Cl-Q",1.0,0.0004,"2c, Trifluoroborate",1.0,Pd(OAc)2,0.0625,AmPhos,0.125,NaHCO3,2.5,DMF,14.9,54232.2,,
4469,6-chloroquinoline,"1a, 6-Cl-Q",1.0,0.0004,"2c, Trifluoroborate",1.0,Pd(OAc)2,0.0625,P(Cy)3,0.125,NaHCO3,2.5,DMF,16.96,58839.12,,
4470,6-chloroquinoline,"1a, 6-Cl-Q",1.0,0.0004,"2c, Trifluoroborate",1.0,Pd(OAc)2,0.0625,P(o-Tol)3,0.125,NaHCO3,2.5,DMF,15.58,36717.78,,
4471,6-chloroquinoline,"1a, 6-Cl-Q",1.0,0.0004,"2c, Trifluoroborate",1.0,Pd(OAc)2,0.0625,CataCXium A,0.125,NaHCO3,2.5,DMF,18.97,23022.73,,
4472,6-chloroquinoline,"1a, 6-Cl-Q",1.0,0.0004,"2c, Trifluoroborate",1.0,Pd(OAc)2,0.0625,SPhos,0.125,NaHCO3,2.5,DMF,17.13,36286.51,,
4473,6-chloroquinoline,"1a, 6-Cl-Q",1.0,0.0004,"2c, Trifluoroborate",1.0,Pd(OAc)2,0.0625,dtbpf,0.125,NaHCO3,2.5,DMF,21.13,38588.78,,
4474,6-chloroquinoline,"1a, 6-Cl-Q",1.0,0.0004,"2c, Trifluoroborate",1.0,Pd(OAc)2,0.0625,XPhos,0.125,NaHCO3,2.5,DMF,17.21,29431.56,,
4475,6-chloroquinoline,"1a, 6-Cl-Q",1.0,0.0004,"2c, Trifluoroborate",1.0,Pd(OAc)2,0.0625,dppf,0.125,NaHCO3,2.5,DMF,24.63,19189.11,,
4476,6-chloroquinoline,"1a, 6-Cl-Q",1.0,0.0004,"2c, Trifluoroborate",1.0,Pd(OAc)2,0.0625,Xantphos,0.125,NaHCO3,2.5,DMF,21.13,32225.28,,
4477,6-chloroquinoline,"1a, 6-Cl-Q",1.0,0.0004,"2c, Trifluoroborate",1.0,Pd(OAc)2,0.0625,,,Et3N,2.5,DMF,17.77,39916.93,,
4478,6-chloroquinoline,"1a, 6-Cl-Q",1.0,0.0004,"2c, Trifluoroborate",1.0,Pd(OAc)2,0.0625,P(tBu)3,0.125,Et3N,2.5,DMF,17.97,30713.39,,
4479,6-chloroquinoline,"1a, 6-Cl-Q",1.0,0.0004,"2c, Trifluoroborate",1.0,Pd(OAc)2,0.0625,P(Ph)3 ,0.125,Et3N,2.5,DMF,18.63,48872.2,,
4480,6-chloroquinoline,"1a, 6-Cl-Q",1.0,0.0004,"2c, Trifluoroborate",1.0,Pd(OAc)2,0.0625,AmPhos,0.125,Et3N,2.5,DMF,17.25,38429.13,,
4481,6-chloroquinoline,"1a, 6-Cl-Q",1.0,0.0004,"2c, Trifluoroborate",1.0,Pd(OAc)2,0.0625,P(Cy)3,0.125,Et3N,2.5,DMF,15.67,45017.63,,
4482,6-chloroquinoline,"1a, 6-Cl-Q",1.0,0.0004,"2c, Trifluoroborate",1.0,Pd(OAc)2,0.0625,P(o-Tol)3,0.125,Et3N,2.5,DMF,20.33,29673.75,,
4483,6-chloroquinoline,"1a, 6-Cl-Q",1.0,0.0004,"2c, Trifluoroborate",1.0,Pd(OAc)2,0.0625,CataCXium A,0.125,Et3N,2.5,DMF,23.83,21226.67,,
4484,6-chloroquinoline,"1a, 6-Cl-Q",1.0,0.0004,"2c, Trifluoroborate",1.0,Pd(OAc)2,0.0625,SPhos,0.125,Et3N,2.5,DMF,20.55,41683.5,,
4485,6-chloroquinoline,"1a, 6-Cl-Q",1.0,0.0004,"2c, Trifluoroborate",1.0,Pd(OAc)2,0.0625,dtbpf,0.125,Et3N,2.5,DMF,23.52,27212.44,,
4486,6-chloroquinoline,"1a, 6-Cl-Q",1.0,0.0004,"2c, Trifluoroborate",1.0,Pd(OAc)2,0.0625,XPhos,0.125,Et3N,2.5,DMF,21.74,33034.63,,
4487,6-chloroquinoline,"1a, 6-Cl-Q",1.0,0.0004,"2c, Trifluoroborate",1.0,Pd(OAc)2,0.0625,dppf,0.125,Et3N,2.5,DMF,34.01,13166.21,,
4488,6-chloroquinoline,"1a, 6-Cl-Q",1.0,0.0004,"2c, Trifluoroborate",1.0,Pd(OAc)2,0.0625,Xantphos,0.125,Et3N,2.5,DMF,18.23,40204.34,,
4489,6-chloroquinoline,"1a, 6-Cl-Q",1.0,0.0004,"2c, Trifluoroborate",1.0,Pd(OAc)2,0.0625,,,CsF,2.5,DMF,25.83,25236.14,,
4490,6-chloroquinoline,"1a, 6-Cl-Q",1.0,0.0004,"2c, Trifluoroborate",1.0,Pd(OAc)2,0.0625,P(tBu)3,0.125,CsF,2.5,DMF,16.38,38644.39,,
4491,6-chloroquinoline,"1a, 6-Cl-Q",1.0,0.0004,"2c, Trifluoroborate",1.0,Pd(OAc)2,0.0625,P(Ph)3 ,0.125,CsF,2.5,DMF,24.48,50219.96,,
4492,6-chloroquinoline,"1a, 6-Cl-Q",1.0,0.0004,"2c, Trifluoroborate",1.0,Pd(OAc)2,0.0625,AmPhos,0.125,CsF,2.5,DMF,15.65,51605.95,,
4493,6-chloroquinoline,"1a, 6-Cl-Q",1.0,0.0004,"2c, Trifluoroborate",1.0,Pd(OAc)2,0.0625,P(Cy)3,0.125,CsF,2.5,DMF,15.08,69157.13,,
4494,6-chloroquinoline,"1a, 6-Cl-Q",1.0,0.0004,"2c, Trifluoroborate",1.0,Pd(OAc)2,0.0625,P(o-Tol)3,0.125,CsF,2.5,DMF,17.56,34129.83,,
4495,6-chloroquinoline,"1a, 6-Cl-Q",1.0,0.0004,"2c, Trifluoroborate",1.0,Pd(OAc)2,0.0625,CataCXium A,0.125,CsF,2.5,DMF,17.63,38376.89,,
4496,6-chloroquinoline,"1a, 6-Cl-Q",1.0,0.0004,"2c, Trifluoroborate",1.0,Pd(OAc)2,0.0625,SPhos,0.125,CsF,2.5,DMF,20.91,44375.43,,
4497,6-chloroquinoline,"1a, 6-Cl-Q",1.0,0.0004,"2c, Trifluoroborate",1.0,Pd(OAc)2,0.0625,dtbpf,0.125,CsF,2.5,DMF,29.84,44568.68,,
4498,6-chloroquinoline,"1a, 6-Cl-Q",1.0,0.0004,"2c, Trifluoroborate",1.0,Pd(OAc)2,0.0625,XPhos,0.125,CsF,2.5,DMF,20.83,40743.39,,
4499,6-chloroquinoline,"1a, 6-Cl-Q",1.0,0.0004,"2c, Trifluoroborate",1.0,Pd(OAc)2,0.0625,dppf,0.125,CsF,2.5,DMF,35.23,15386.56,,
4500,6-chloroquinoline,"1a, 6-Cl-Q",1.0,0.0004,"2c, Trifluoroborate",1.0,Pd(OAc)2,0.0625,Xantphos,0.125,CsF,2.5,DMF,18.09,40089.87,,
4501,6-chloroquinoline,"1a, 6-Cl-Q",1.0,0.0004,"2c, Trifluoroborate",1.0,Pd(OAc)2,0.0625,,,K3PO4,2.5,DMF,24.53,21924.48,,
4502,6-chloroquinoline,"1a, 6-Cl-Q",1.0,0.0004,"2c, Trifluoroborate",1.0,Pd(OAc)2,0.0625,P(tBu)3,0.125,K3PO4,2.5,DMF,16.59,26770.12,,
4503,6-chloroquinoline,"1a, 6-Cl-Q",1.0,0.0004,"2c, Trifluoroborate",1.0,Pd(OAc)2,0.0625,P(Ph)3 ,0.125,K3PO4,2.5,DMF,18.58,287718.09,,
4504,6-chloroquinoline,"1a, 6-Cl-Q",1.0,0.0004,"2c, Trifluoroborate",1.0,Pd(OAc)2,0.0625,AmPhos,0.125,K3PO4,2.5,DMF,18.45,45320.45,,
4505,6-chloroquinoline,"1a, 6-Cl-Q",1.0,0.0004,"2c, Trifluoroborate",1.0,Pd(OAc)2,0.0625,P(Cy)3,0.125,K3PO4,2.5,DMF,19.87,37741.12,,
4506,6-chloroquinoline,"1a, 6-Cl-Q",1.0,0.0004,"2c, Trifluoroborate",1.0,Pd(OAc)2,0.0625,P(o-Tol)3,0.125,K3PO4,2.5,DMF,24.19,37322.07,,
4507,6-chloroquinoline,"1a, 6-Cl-Q",1.0,0.0004,"2c, Trifluoroborate",1.0,Pd(OAc)2,0.0625,CataCXium A,0.125,K3PO4,2.5,DMF,20.3,35162.5,,
4508,6-chloroquinoline,"1a, 6-Cl-Q",1.0,0.0004,"2c, Trifluoroborate",1.0,Pd(OAc)2,0.0625,SPhos,0.125,K3PO4,2.5,DMF,19.59,36348.52,,
4509,6-chloroquinoline,"1a, 6-Cl-Q",1.0,0.0004,"2c, Trifluoroborate",1.0,Pd(OAc)2,0.0625,dtbpf,0.125,K3PO4,2.5,DMF,21.94,51424.83,,
4510,6-chloroquinoline,"1a, 6-Cl-Q",1.0,0.0004,"2c, Trifluoroborate",1.0,Pd(OAc)2,0.0625,XPhos,0.125,K3PO4,2.5,DMF,17.96,54153.81,,
4511,6-chloroquinoline,"1a, 6-Cl-Q",1.0,0.0004,"2c, Trifluoroborate",1.0,Pd(OAc)2,0.0625,dppf,0.125,K3PO4,2.5,DMF,24.2,24906.3,,
4512,6-chloroquinoline,"1a, 6-Cl-Q",1.0,0.0004,"2c, Trifluoroborate",1.0,Pd(OAc)2,0.0625,Xantphos,0.125,K3PO4,2.5,DMF,16.5,38928.65,,
4513,6-chloroquinoline,"1a, 6-Cl-Q",1.0,0.0004,"2c, Trifluoroborate",1.0,Pd(OAc)2,0.0625,,,,2.5,MeOH,17.9,354819.59,,
4514,6-chloroquinoline,"1a, 6-Cl-Q",1.0,0.0004,"2c, Trifluoroborate",1.0,Pd(OAc)2,0.0625,P(tBu)3,0.125,,2.5,MeOH,20.81,2696987.75,,
4515,6-chloroquinoline,"1a, 6-Cl-Q",1.0,0.0004,"2c, Trifluoroborate",1.0,Pd(OAc)2,0.0625,P(Ph)3 ,0.125,,2.5,MeOH,19.75,1227550.0,,
4516,6-chloroquinoline,"1a, 6-Cl-Q",1.0,0.0004,"2c, Trifluoroborate",1.0,Pd(OAc)2,0.0625,AmPhos,0.125,,2.5,MeOH,18.21,3115598.25,,
4517,6-chloroquinoline,"1a, 6-Cl-Q",1.0,0.0004,"2c, Trifluoroborate",1.0,Pd(OAc)2,0.0625,P(Cy)3,0.125,,2.5,MeOH,15.9,342854.88,,
4518,6-chloroquinoline,"1a, 6-Cl-Q",1.0,0.0004,"2c, Trifluoroborate",1.0,Pd(OAc)2,0.0625,P(o-Tol)3,0.125,,2.5,MeOH,16.42,388037.09,,
4519,6-chloroquinoline,"1a, 6-Cl-Q",1.0,0.0004,"2c, Trifluoroborate",1.0,Pd(OAc)2,0.0625,CataCXium A,0.125,,2.5,MeOH,24.69,2831166.75,,
4520,6-chloroquinoline,"1a, 6-Cl-Q",1.0,0.0004,"2c, Trifluoroborate",1.0,Pd(OAc)2,0.0625,SPhos,0.125,,2.5,MeOH,20.73,2361652.5,,
4521,6-chloroquinoline,"1a, 6-Cl-Q",1.0,0.0004,"2c, Trifluoroborate",1.0,Pd(OAc)2,0.0625,dtbpf,0.125,,2.5,MeOH,19.32,800265.75,,
4522,6-chloroquinoline,"1a, 6-Cl-Q",1.0,0.0004,"2c, Trifluoroborate",1.0,Pd(OAc)2,0.0625,XPhos,0.125,,2.5,MeOH,22.67,2487587.5,,
4523,6-chloroquinoline,"1a, 6-Cl-Q",1.0,0.0004,"2c, Trifluoroborate",1.0,Pd(OAc)2,0.0625,dppf,0.125,,2.5,MeOH,20.28,84646.79,,
4524,6-chloroquinoline,"1a, 6-Cl-Q",1.0,0.0004,"2c, Trifluoroborate",1.0,Pd(OAc)2,0.0625,Xantphos,0.125,,2.5,MeOH,19.99,205031.09,,
4525,6-chloroquinoline,"1a, 6-Cl-Q",1.0,0.0004,"2c, Trifluoroborate",1.0,Pd(OAc)2,0.0625,,,NaOH,2.5,MeOH,23.14,3436438.75,,
4526,6-chloroquinoline,"1a, 6-Cl-Q",1.0,0.0004,"2c, Trifluoroborate",1.0,Pd(OAc)2,0.0625,P(tBu)3,0.125,NaOH,2.5,MeOH,24.93,3880036.0,,
4527,6-chloroquinoline,"1a, 6-Cl-Q",1.0,0.0004,"2c, Trifluoroborate",1.0,Pd(OAc)2,0.0625,P(Ph)3 ,0.125,NaOH,2.5,MeOH,18.72,628711.13,,
4528,6-chloroquinoline,"1a, 6-Cl-Q",1.0,0.0004,"2c, Trifluoroborate",1.0,Pd(OAc)2,0.0625,AmPhos,0.125,NaOH,2.5,MeOH,18.15,1603359.25,,
4529,6-chloroquinoline,"1a, 6-Cl-Q",1.0,0.0004,"2c, Trifluoroborate",1.0,Pd(OAc)2,0.0625,P(Cy)3,0.125,NaOH,2.5,MeOH,19.91,1132006.25,,
4530,6-chloroquinoline,"1a, 6-Cl-Q",1.0,0.0004,"2c, Trifluoroborate",1.0,Pd(OAc)2,0.0625,P(o-Tol)3,0.125,NaOH,2.5,MeOH,18.3,1594838.88,,
4531,6-chloroquinoline,"1a, 6-Cl-Q",1.0,0.0004,"2c, Trifluoroborate",1.0,Pd(OAc)2,0.0625,CataCXium A,0.125,NaOH,2.5,MeOH,21.39,1300399.88,,
4532,6-chloroquinoline,"1a, 6-Cl-Q",1.0,0.0004,"2c, Trifluoroborate",1.0,Pd(OAc)2,0.0625,SPhos,0.125,NaOH,2.5,MeOH,49.99,13591104.0,,
4533,6-chloroquinoline,"1a, 6-Cl-Q",1.0,0.0004,"2c, Trifluoroborate",1.0,Pd(OAc)2,0.0625,dtbpf,0.125,NaOH,2.5,MeOH,28.07,1305852.25,,
4534,6-chloroquinoline,"1a, 6-Cl-Q",1.0,0.0004,"2c, Trifluoroborate",1.0,Pd(OAc)2,0.0625,XPhos,0.125,NaOH,2.5,MeOH,48.27,11003161.0,,
4535,6-chloroquinoline,"1a, 6-Cl-Q",1.0,0.0004,"2c, Trifluoroborate",1.0,Pd(OAc)2,0.0625,dppf,0.125,NaOH,2.5,MeOH,24.68,1158349.25,,
4536,6-chloroquinoline,"1a, 6-Cl-Q",1.0,0.0004,"2c, Trifluoroborate",1.0,Pd(OAc)2,0.0625,Xantphos,0.125,NaOH,2.5,MeOH,21.68,1253251.63,,
4537,6-chloroquinoline,"1a, 6-Cl-Q",1.0,0.0004,"2c, Trifluoroborate",1.0,Pd(OAc)2,0.0625,,,KOH,2.5,MeOH,23.56,1596091.88,,
4538,6-chloroquinoline,"1a, 6-Cl-Q",1.0,0.0004,"2c, Trifluoroborate",1.0,Pd(OAc)2,0.0625,P(tBu)3,0.125,KOH,2.5,MeOH,22.1,3280373.25,,
4539,6-chloroquinoline,"1a, 6-Cl-Q",1.0,0.0004,"2c, Trifluoroborate",1.0,Pd(OAc)2,0.0625,P(Ph)3 ,0.125,KOH,2.5,MeOH,21.95,462939.19,,
4540,6-chloroquinoline,"1a, 6-Cl-Q",1.0,0.0004,"2c, Trifluoroborate",1.0,Pd(OAc)2,0.0625,AmPhos,0.125,KOH,2.5,MeOH,18.31,1532835.88,,
4541,6-chloroquinoline,"1a, 6-Cl-Q",1.0,0.0004,"2c, Trifluoroborate",1.0,Pd(OAc)2,0.0625,P(Cy)3,0.125,KOH,2.5,MeOH,18.12,1086785.88,,
4542,6-chloroquinoline,"1a, 6-Cl-Q",1.0,0.0004,"2c, Trifluoroborate",1.0,Pd(OAc)2,0.0625,P(o-Tol)3,0.125,KOH,2.5,MeOH,17.6,785652.31,,
4543,6-chloroquinoline,"1a, 6-Cl-Q",1.0,0.0004,"2c, Trifluoroborate",1.0,Pd(OAc)2,0.0625,CataCXium A,0.125,KOH,2.5,MeOH,22.0,779657.13,,
4544,6-chloroquinoline,"1a, 6-Cl-Q",1.0,0.0004,"2c, Trifluoroborate",1.0,Pd(OAc)2,0.0625,SPhos,0.125,KOH,2.5,MeOH,41.19,10488600.0,,
4545,6-chloroquinoline,"1a, 6-Cl-Q",1.0,0.0004,"2c, Trifluoroborate",1.0,Pd(OAc)2,0.0625,dtbpf,0.125,KOH,2.5,MeOH,22.48,956103.38,,
4546,6-chloroquinoline,"1a, 6-Cl-Q",1.0,0.0004,"2c, Trifluoroborate",1.0,Pd(OAc)2,0.0625,XPhos,0.125,KOH,2.5,MeOH,47.01,9406506.0,,
4547,6-chloroquinoline,"1a, 6-Cl-Q",1.0,0.0004,"2c, Trifluoroborate",1.0,Pd(OAc)2,0.0625,dppf,0.125,KOH,2.5,MeOH,24.71,716403.38,,
4548,6-chloroquinoline,"1a, 6-Cl-Q",1.0,0.0004,"2c, Trifluoroborate",1.0,Pd(OAc)2,0.0625,Xantphos,0.125,KOH,2.5,MeOH,18.76,512896.31,,
4549,6-chloroquinoline,"1a, 6-Cl-Q",1.0,0.0004,"2c, Trifluoroborate",1.0,Pd(OAc)2,0.0625,,,LiOtBu,2.5,MeOH,22.31,1108328.13,,
4550,6-chloroquinoline,"1a, 6-Cl-Q",1.0,0.0004,"2c, Trifluoroborate",1.0,Pd(OAc)2,0.0625,P(tBu)3,0.125,LiOtBu,2.5,MeOH,21.35,1728465.0,,
4551,6-chloroquinoline,"1a, 6-Cl-Q",1.0,0.0004,"2c, Trifluoroborate",1.0,Pd(OAc)2,0.0625,P(Ph)3 ,0.125,LiOtBu,2.5,MeOH,17.63,406682.22,,
4552,6-chloroquinoline,"1a, 6-Cl-Q",1.0,0.0004,"2c, Trifluoroborate",1.0,Pd(OAc)2,0.0625,AmPhos,0.125,LiOtBu,2.5,MeOH,15.26,595986.63,,
4553,6-chloroquinoline,"1a, 6-Cl-Q",1.0,0.0004,"2c, Trifluoroborate",1.0,Pd(OAc)2,0.0625,P(Cy)3,0.125,LiOtBu,2.5,MeOH,16.98,534325.56,,
4554,6-chloroquinoline,"1a, 6-Cl-Q",1.0,0.0004,"2c, Trifluoroborate",1.0,Pd(OAc)2,0.0625,P(o-Tol)3,0.125,LiOtBu,2.5,MeOH,15.16,445733.03,,
4555,6-chloroquinoline,"1a, 6-Cl-Q",1.0,0.0004,"2c, Trifluoroborate",1.0,Pd(OAc)2,0.0625,CataCXium A,0.125,LiOtBu,2.5,MeOH,26.24,4027121.5,,
4556,6-chloroquinoline,"1a, 6-Cl-Q",1.0,0.0004,"2c, Trifluoroborate",1.0,Pd(OAc)2,0.0625,SPhos,0.125,LiOtBu,2.5,MeOH,41.97,8282828.0,,
4557,6-chloroquinoline,"1a, 6-Cl-Q",1.0,0.0004,"2c, Trifluoroborate",1.0,Pd(OAc)2,0.0625,dtbpf,0.125,LiOtBu,2.5,MeOH,25.0,456850.0,,
4558,6-chloroquinoline,"1a, 6-Cl-Q",1.0,0.0004,"2c, Trifluoroborate",1.0,Pd(OAc)2,0.0625,XPhos,0.125,LiOtBu,2.5,MeOH,59.08,9574565.0,,
4559,6-chloroquinoline,"1a, 6-Cl-Q",1.0,0.0004,"2c, Trifluoroborate",1.0,Pd(OAc)2,0.0625,dppf,0.125,LiOtBu,2.5,MeOH,39.34,1117773.13,,
4560,6-chloroquinoline,"1a, 6-Cl-Q",1.0,0.0004,"2c, Trifluoroborate",1.0,Pd(OAc)2,0.0625,Xantphos,0.125,LiOtBu,2.5,MeOH,17.43,140722.03,,
4561,6-chloroquinoline,"1a, 6-Cl-Q",1.0,0.0004,"2c, Trifluoroborate",1.0,Pd(OAc)2,0.0625,,,NaHCO3,2.5,MeOH,21.06,804339.31,,
4562,6-chloroquinoline,"1a, 6-Cl-Q",1.0,0.0004,"2c, Trifluoroborate",1.0,Pd(OAc)2,0.0625,P(tBu)3,0.125,NaHCO3,2.5,MeOH,23.23,2937322.75,,
4563,6-chloroquinoline,"1a, 6-Cl-Q",1.0,0.0004,"2c, Trifluoroborate",1.0,Pd(OAc)2,0.0625,P(Ph)3 ,0.125,NaHCO3,2.5,MeOH,21.3,609916.44,,
4564,6-chloroquinoline,"1a, 6-Cl-Q",1.0,0.0004,"2c, Trifluoroborate",1.0,Pd(OAc)2,0.0625,AmPhos,0.125,NaHCO3,2.5,MeOH,14.78,1213551.13,,
4565,6-chloroquinoline,"1a, 6-Cl-Q",1.0,0.0004,"2c, Trifluoroborate",1.0,Pd(OAc)2,0.0625,P(Cy)3,0.125,NaHCO3,2.5,MeOH,19.1,770796.81,,
4566,6-chloroquinoline,"1a, 6-Cl-Q",1.0,0.0004,"2c, Trifluoroborate",1.0,Pd(OAc)2,0.0625,P(o-Tol)3,0.125,NaHCO3,2.5,MeOH,14.98,908891.56,,
4567,6-chloroquinoline,"1a, 6-Cl-Q",1.0,0.0004,"2c, Trifluoroborate",1.0,Pd(OAc)2,0.0625,CataCXium A,0.125,NaHCO3,2.5,MeOH,7.73,2601463.5,,
4568,6-chloroquinoline,"1a, 6-Cl-Q",1.0,0.0004,"2c, Trifluoroborate",1.0,Pd(OAc)2,0.0625,SPhos,0.125,NaHCO3,2.5,MeOH,34.85,7292181.0,,
4569,6-chloroquinoline,"1a, 6-Cl-Q",1.0,0.0004,"2c, Trifluoroborate",1.0,Pd(OAc)2,0.0625,dtbpf,0.125,NaHCO3,2.5,MeOH,22.88,790228.81,,
4570,6-chloroquinoline,"1a, 6-Cl-Q",1.0,0.0004,"2c, Trifluoroborate",1.0,Pd(OAc)2,0.0625,XPhos,0.125,NaHCO3,2.5,MeOH,38.14,7660793.5,,
4571,6-chloroquinoline,"1a, 6-Cl-Q",1.0,0.0004,"2c, Trifluoroborate",1.0,Pd(OAc)2,0.0625,dppf,0.125,NaHCO3,2.5,MeOH,22.55,519106.81,,
4572,6-chloroquinoline,"1a, 6-Cl-Q",1.0,0.0004,"2c, Trifluoroborate",1.0,Pd(OAc)2,0.0625,Xantphos,0.125,NaHCO3,2.5,MeOH,19.04,339846.88,,
4573,6-chloroquinoline,"1a, 6-Cl-Q",1.0,0.0004,"2c, Trifluoroborate",1.0,Pd(OAc)2,0.0625,,,Et3N,2.5,MeOH,22.89,240893.89,,
4574,6-chloroquinoline,"1a, 6-Cl-Q",1.0,0.0004,"2c, Trifluoroborate",1.0,Pd(OAc)2,0.0625,P(tBu)3,0.125,Et3N,2.5,MeOH,18.97,1448194.0,,
4575,6-chloroquinoline,"1a, 6-Cl-Q",1.0,0.0004,"2c, Trifluoroborate",1.0,Pd(OAc)2,0.0625,P(Ph)3 ,0.125,Et3N,2.5,MeOH,38.79,369452.84,,
4576,6-chloroquinoline,"1a, 6-Cl-Q",1.0,0.0004,"2c, Trifluoroborate",1.0,Pd(OAc)2,0.0625,AmPhos,0.125,Et3N,2.5,MeOH,16.74,716429.5,,
4577,6-chloroquinoline,"1a, 6-Cl-Q",1.0,0.0004,"2c, Trifluoroborate",1.0,Pd(OAc)2,0.0625,P(Cy)3,0.125,Et3N,2.5,MeOH,17.02,188892.94,,
4578,6-chloroquinoline,"1a, 6-Cl-Q",1.0,0.0004,"2c, Trifluoroborate",1.0,Pd(OAc)2,0.0625,P(o-Tol)3,0.125,Et3N,2.5,MeOH,18.27,423297.94,,
4579,6-chloroquinoline,"1a, 6-Cl-Q",1.0,0.0004,"2c, Trifluoroborate",1.0,Pd(OAc)2,0.0625,CataCXium A,0.125,Et3N,2.5,MeOH,20.16,692939.31,,
4580,6-chloroquinoline,"1a, 6-Cl-Q",1.0,0.0004,"2c, Trifluoroborate",1.0,Pd(OAc)2,0.0625,SPhos,0.125,Et3N,2.5,MeOH,21.06,2032832.88,,
4581,6-chloroquinoline,"1a, 6-Cl-Q",1.0,0.0004,"2c, Trifluoroborate",1.0,Pd(OAc)2,0.0625,dtbpf,0.125,Et3N,2.5,MeOH,22.21,276625.5,,
4582,6-chloroquinoline,"1a, 6-Cl-Q",1.0,0.0004,"2c, Trifluoroborate",1.0,Pd(OAc)2,0.0625,XPhos,0.125,Et3N,2.5,MeOH,23.15,1727417.88,,
4583,6-chloroquinoline,"1a, 6-Cl-Q",1.0,0.0004,"2c, Trifluoroborate",1.0,Pd(OAc)2,0.0625,dppf,0.125,Et3N,2.5,MeOH,22.27,62868.2,,
4584,6-chloroquinoline,"1a, 6-Cl-Q",1.0,0.0004,"2c, Trifluoroborate",1.0,Pd(OAc)2,0.0625,Xantphos,0.125,Et3N,2.5,MeOH,17.12,60467.56,,
4585,6-chloroquinoline,"1a, 6-Cl-Q",1.0,0.0004,"2c, Trifluoroborate",1.0,Pd(OAc)2,0.0625,,,CsF,2.5,MeOH,22.3,431344.47,,
4586,6-chloroquinoline,"1a, 6-Cl-Q",1.0,0.0004,"2c, Trifluoroborate",1.0,Pd(OAc)2,0.0625,P(tBu)3,0.125,CsF,2.5,MeOH,21.12,1991551.0,,
4587,6-chloroquinoline,"1a, 6-Cl-Q",1.0,0.0004,"2c, Trifluoroborate",1.0,Pd(OAc)2,0.0625,P(Ph)3 ,0.125,CsF,2.5,MeOH,22.31,326330.78,,
4588,6-chloroquinoline,"1a, 6-Cl-Q",1.0,0.0004,"2c, Trifluoroborate",1.0,Pd(OAc)2,0.0625,AmPhos,0.125,CsF,2.5,MeOH,16.35,1672394.5,,
4589,6-chloroquinoline,"1a, 6-Cl-Q",1.0,0.0004,"2c, Trifluoroborate",1.0,Pd(OAc)2,0.0625,P(Cy)3,0.125,CsF,2.5,MeOH,19.72,376554.5,,
4590,6-chloroquinoline,"1a, 6-Cl-Q",1.0,0.0004,"2c, Trifluoroborate",1.0,Pd(OAc)2,0.0625,P(o-Tol)3,0.125,CsF,2.5,MeOH,17.77,544973.81,,
4591,6-chloroquinoline,"1a, 6-Cl-Q",1.0,0.0004,"2c, Trifluoroborate",1.0,Pd(OAc)2,0.0625,CataCXium A,0.125,CsF,2.5,MeOH,26.28,2361994.0,,
4592,6-chloroquinoline,"1a, 6-Cl-Q",1.0,0.0004,"2c, Trifluoroborate",1.0,Pd(OAc)2,0.0625,SPhos,0.125,CsF,2.5,MeOH,19.93,1858016.75,,
4593,6-chloroquinoline,"1a, 6-Cl-Q",1.0,0.0004,"2c, Trifluoroborate",1.0,Pd(OAc)2,0.0625,dtbpf,0.125,CsF,2.5,MeOH,20.95,643770.44,,
4594,6-chloroquinoline,"1a, 6-Cl-Q",1.0,0.0004,"2c, Trifluoroborate",1.0,Pd(OAc)2,0.0625,XPhos,0.125,CsF,2.5,MeOH,29.03,4915296.5,,
4595,6-chloroquinoline,"1a, 6-Cl-Q",1.0,0.0004,"2c, Trifluoroborate",1.0,Pd(OAc)2,0.0625,dppf,0.125,CsF,2.5,MeOH,26.5,90026.86,,
4596,6-chloroquinoline,"1a, 6-Cl-Q",1.0,0.0004,"2c, Trifluoroborate",1.0,Pd(OAc)2,0.0625,Xantphos,0.125,CsF,2.5,MeOH,19.44,101969.39,,
4597,6-chloroquinoline,"1a, 6-Cl-Q",1.0,0.0004,"2c, Trifluoroborate",1.0,Pd(OAc)2,0.0625,,,K3PO4,2.5,MeOH,22.01,1014576.25,,
4598,6-chloroquinoline,"1a, 6-Cl-Q",1.0,0.0004,"2c, Trifluoroborate",1.0,Pd(OAc)2,0.0625,P(tBu)3,0.125,K3PO4,2.5,MeOH,19.82,2012957.0,,
4599,6-chloroquinoline,"1a, 6-Cl-Q",1.0,0.0004,"2c, Trifluoroborate",1.0,Pd(OAc)2,0.0625,P(Ph)3 ,0.125,K3PO4,2.5,MeOH,19.28,544318.94,,
4600,6-chloroquinoline,"1a, 6-Cl-Q",1.0,0.0004,"2c, Trifluoroborate",1.0,Pd(OAc)2,0.0625,AmPhos,0.125,K3PO4,2.5,MeOH,18.14,664528.88,,
4601,6-chloroquinoline,"1a, 6-Cl-Q",1.0,0.0004,"2c, Trifluoroborate",1.0,Pd(OAc)2,0.0625,P(Cy)3,0.125,K3PO4,2.5,MeOH,21.39,609707.63,,
4602,6-chloroquinoline,"1a, 6-Cl-Q",1.0,0.0004,"2c, Trifluoroborate",1.0,Pd(OAc)2,0.0625,P(o-Tol)3,0.125,K3PO4,2.5,MeOH,17.83,597172.06,,
4603,6-chloroquinoline,"1a, 6-Cl-Q",1.0,0.0004,"2c, Trifluoroborate",1.0,Pd(OAc)2,0.0625,CataCXium A,0.125,K3PO4,2.5,MeOH,20.89,1036370.63,,
4604,6-chloroquinoline,"1a, 6-Cl-Q",1.0,0.0004,"2c, Trifluoroborate",1.0,Pd(OAc)2,0.0625,SPhos,0.125,K3PO4,2.5,MeOH,48.66,9491255.0,,
4605,6-chloroquinoline,"1a, 6-Cl-Q",1.0,0.0004,"2c, Trifluoroborate",1.0,Pd(OAc)2,0.0625,dtbpf,0.125,K3PO4,2.5,MeOH,21.38,636268.5,,
4606,6-chloroquinoline,"1a, 6-Cl-Q",1.0,0.0004,"2c, Trifluoroborate",1.0,Pd(OAc)2,0.0625,XPhos,0.125,K3PO4,2.5,MeOH,43.45,9246316.0,,
4607,6-chloroquinoline,"1a, 6-Cl-Q",1.0,0.0004,"2c, Trifluoroborate",1.0,Pd(OAc)2,0.0625,dppf,0.125,K3PO4,2.5,MeOH,24.64,851817.5,,
4608,6-chloroquinoline,"1a, 6-Cl-Q",1.0,0.0004,"2c, Trifluoroborate",1.0,Pd(OAc)2,0.0625,Xantphos,0.125,K3PO4,2.5,MeOH,18.51,376199.72,,
4609,6-quinoline-boronic acid hydrochloride,"1e, 6-BOH2-Q",1.0,0.0004,"2d, Bromide",1.0,Pd(OAc)2,0.0625,P(tBu)3,0.125,,2.5,MeOH/H2O_V2 9:1,40.54,7175407.0,,
4610,6-quinoline-boronic acid hydrochloride,"1e, 6-BOH2-Q",1.0,0.0004,"2d, Bromide",1.0,Pd(OAc)2,0.0625,P(Ph)3 ,0.125,,2.5,MeOH/H2O_V2 9:1,54.63,11546850.0,,
4611,6-quinoline-boronic acid hydrochloride,"1e, 6-BOH2-Q",1.0,0.0004,"2d, Bromide",1.0,Pd(OAc)2,0.0625,AmPhos,0.125,,2.5,MeOH/H2O_V2 9:1,46.2,11398206.0,,
4612,6-quinoline-boronic acid hydrochloride,"1e, 6-BOH2-Q",1.0,0.0004,"2d, Bromide",1.0,Pd(OAc)2,0.0625,P(Cy)3,0.125,,2.5,MeOH/H2O_V2 9:1,48.27,9396995.0,,
4613,6-quinoline-boronic acid hydrochloride,"1e, 6-BOH2-Q",1.0,0.0004,"2d, Bromide",1.0,Pd(OAc)2,0.0625,P(o-Tol)3,0.125,,2.5,MeOH/H2O_V2 9:1,71.23,15189527.0,,
4614,6-quinoline-boronic acid hydrochloride,"1e, 6-BOH2-Q",1.0,0.0004,"2d, Bromide",1.0,Pd(OAc)2,0.0625,CataCXium A,0.125,,2.5,MeOH/H2O_V2 9:1,68.09,12883853.0,,
4615,6-quinoline-boronic acid hydrochloride,"1e, 6-BOH2-Q",1.0,0.0004,"2d, Bromide",1.0,Pd(OAc)2,0.0625,SPhos,0.125,,2.5,MeOH/H2O_V2 9:1,49.8,12470617.0,,
4616,6-quinoline-boronic acid hydrochloride,"1e, 6-BOH2-Q",1.0,0.0004,"2d, Bromide",1.0,Pd(OAc)2,0.0625,dtbpf,0.125,,2.5,MeOH/H2O_V2 9:1,45.95,8664474.0,,
4617,6-quinoline-boronic acid hydrochloride,"1e, 6-BOH2-Q",1.0,0.0004,"2d, Bromide",1.0,Pd(OAc)2,0.0625,XPhos,0.125,,2.5,MeOH/H2O_V2 9:1,66.52,17127834.0,,
4618,6-quinoline-boronic acid hydrochloride,"1e, 6-BOH2-Q",1.0,0.0004,"2d, Bromide",1.0,Pd(OAc)2,0.0625,dppf,0.125,,2.5,MeOH/H2O_V2 9:1,44.06,8000856.5,,
4619,6-quinoline-boronic acid hydrochloride,"1e, 6-BOH2-Q",1.0,0.0004,"2d, Bromide",1.0,Pd(OAc)2,0.0625,Xantphos,0.125,,2.5,MeOH/H2O_V2 9:1,29.84,5423777.0,,
4620,6-quinoline-boronic acid hydrochloride,"1e, 6-BOH2-Q",1.0,0.0004,"2d, Bromide",1.0,Pd(OAc)2,0.0625,,,,2.5,MeOH/H2O_V2 9:1,54.29,15453940.0,,
4621,6-quinoline-boronic acid hydrochloride,"1e, 6-BOH2-Q",1.0,0.0004,"2d, Bromide",1.0,Pd(OAc)2,0.0625,P(tBu)3,0.125,NaOH,2.5,MeOH/H2O_V2 9:1,54.51,11397217.0,,
4622,6-quinoline-boronic acid hydrochloride,"1e, 6-BOH2-Q",1.0,0.0004,"2d, Bromide",1.0,Pd(OAc)2,0.0625,P(Ph)3 ,0.125,NaOH,2.5,MeOH/H2O_V2 9:1,63.7,12529527.0,,
4623,6-quinoline-boronic acid hydrochloride,"1e, 6-BOH2-Q",1.0,0.0004,"2d, Bromide",1.0,Pd(OAc)2,0.0625,AmPhos,0.125,NaOH,2.5,MeOH/H2O_V2 9:1,47.31,10735478.0,,
4624,6-quinoline-boronic acid hydrochloride,"1e, 6-BOH2-Q",1.0,0.0004,"2d, Bromide",1.0,Pd(OAc)2,0.0625,P(Cy)3,0.125,NaOH,2.5,MeOH/H2O_V2 9:1,50.68,9901592.0,,
4625,6-quinoline-boronic acid hydrochloride,"1e, 6-BOH2-Q",1.0,0.0004,"2d, Bromide",1.0,Pd(OAc)2,0.0625,P(o-Tol)3,0.125,NaOH,2.5,MeOH/H2O_V2 9:1,66.87,16327858.0,,
4626,6-quinoline-boronic acid hydrochloride,"1e, 6-BOH2-Q",1.0,0.0004,"2d, Bromide",1.0,Pd(OAc)2,0.0625,CataCXium A,0.125,NaOH,2.5,MeOH/H2O_V2 9:1,71.17,14781294.0,,
4627,6-quinoline-boronic acid hydrochloride,"1e, 6-BOH2-Q",1.0,0.0004,"2d, Bromide",1.0,Pd(OAc)2,0.0625,SPhos,0.125,NaOH,2.5,MeOH/H2O_V2 9:1,48.25,11970503.0,,
4628,6-quinoline-boronic acid hydrochloride,"1e, 6-BOH2-Q",1.0,0.0004,"2d, Bromide",1.0,Pd(OAc)2,0.0625,dtbpf,0.125,NaOH,2.5,MeOH/H2O_V2 9:1,47.4,8533032.0,,
4629,6-quinoline-boronic acid hydrochloride,"1e, 6-BOH2-Q",1.0,0.0004,"2d, Bromide",1.0,Pd(OAc)2,0.0625,XPhos,0.125,NaOH,2.5,MeOH/H2O_V2 9:1,54.86,13256965.0,,
4630,6-quinoline-boronic acid hydrochloride,"1e, 6-BOH2-Q",1.0,0.0004,"2d, Bromide",1.0,Pd(OAc)2,0.0625,dppf,0.125,NaOH,2.5,MeOH/H2O_V2 9:1,48.88,10939137.0,,
4631,6-quinoline-boronic acid hydrochloride,"1e, 6-BOH2-Q",1.0,0.0004,"2d, Bromide",1.0,Pd(OAc)2,0.0625,Xantphos,0.125,NaOH,2.5,MeOH/H2O_V2 9:1,27.14,4737031.0,,
4632,6-quinoline-boronic acid hydrochloride,"1e, 6-BOH2-Q",1.0,0.0004,"2d, Bromide",1.0,Pd(OAc)2,0.0625,,,NaOH,2.5,MeOH/H2O_V2 9:1,51.24,15769757.0,,
4633,6-quinoline-boronic acid hydrochloride,"1e, 6-BOH2-Q",1.0,0.0004,"2d, Bromide",1.0,Pd(OAc)2,0.0625,P(tBu)3,0.125,KOH,2.5,MeOH/H2O_V2 9:1,45.35,9240132.0,,
4634,6-quinoline-boronic acid hydrochloride,"1e, 6-BOH2-Q",1.0,0.0004,"2d, Bromide",1.0,Pd(OAc)2,0.0625,P(Ph)3 ,0.125,KOH,2.5,MeOH/H2O_V2 9:1,71.25,12727535.0,,
4635,6-quinoline-boronic acid hydrochloride,"1e, 6-BOH2-Q",1.0,0.0004,"2d, Bromide",1.0,Pd(OAc)2,0.0625,AmPhos,0.125,KOH,2.5,MeOH/H2O_V2 9:1,42.29,9038418.0,,
4636,6-quinoline-boronic acid hydrochloride,"1e, 6-BOH2-Q",1.0,0.0004,"2d, Bromide",1.0,Pd(OAc)2,0.0625,P(Cy)3,0.125,KOH,2.5,MeOH/H2O_V2 9:1,49.58,5648693.0,,
4637,6-quinoline-boronic acid hydrochloride,"1e, 6-BOH2-Q",1.0,0.0004,"2d, Bromide",1.0,Pd(OAc)2,0.0625,P(o-Tol)3,0.125,KOH,2.5,MeOH/H2O_V2 9:1,80.86,15007399.0,,
4638,6-quinoline-boronic acid hydrochloride,"1e, 6-BOH2-Q",1.0,0.0004,"2d, Bromide",1.0,Pd(OAc)2,0.0625,CataCXium A,0.125,KOH,2.5,MeOH/H2O_V2 9:1,79.71,13758404.0,,
4639,6-quinoline-boronic acid hydrochloride,"1e, 6-BOH2-Q",1.0,0.0004,"2d, Bromide",1.0,Pd(OAc)2,0.0625,SPhos,0.125,KOH,2.5,MeOH/H2O_V2 9:1,65.44,14197429.0,,
4640,6-quinoline-boronic acid hydrochloride,"1e, 6-BOH2-Q",1.0,0.0004,"2d, Bromide",1.0,Pd(OAc)2,0.0625,dtbpf,0.125,KOH,2.5,MeOH/H2O_V2 9:1,29.72,3952419.75,,
4641,6-quinoline-boronic acid hydrochloride,"1e, 6-BOH2-Q",1.0,0.0004,"2d, Bromide",1.0,Pd(OAc)2,0.0625,XPhos,0.125,KOH,2.5,MeOH/H2O_V2 9:1,78.04,14766654.0,,
4642,6-quinoline-boronic acid hydrochloride,"1e, 6-BOH2-Q",1.0,0.0004,"2d, Bromide",1.0,Pd(OAc)2,0.0625,dppf,0.125,KOH,2.5,MeOH/H2O_V2 9:1,35.52,4991033.5,,
4643,6-quinoline-boronic acid hydrochloride,"1e, 6-BOH2-Q",1.0,0.0004,"2d, Bromide",1.0,Pd(OAc)2,0.0625,Xantphos,0.125,KOH,2.5,MeOH/H2O_V2 9:1,0.0,1091629.88,,
4644,6-quinoline-boronic acid hydrochloride,"1e, 6-BOH2-Q",1.0,0.0004,"2d, Bromide",1.0,Pd(OAc)2,0.0625,,,KOH,2.5,MeOH/H2O_V2 9:1,65.36,15725442.0,,
4645,6-quinoline-boronic acid hydrochloride,"1e, 6-BOH2-Q",1.0,0.0004,"2d, Bromide",1.0,Pd(OAc)2,0.0625,P(tBu)3,0.125,LiOtBu,2.5,MeOH/H2O_V2 9:1,33.79,3029731.75,,
4646,6-quinoline-boronic acid hydrochloride,"1e, 6-BOH2-Q",1.0,0.0004,"2d, Bromide",1.0,Pd(OAc)2,0.0625,P(Ph)3 ,0.125,LiOtBu,2.5,MeOH/H2O_V2 9:1,0.0,330720.53,,
4647,6-quinoline-boronic acid hydrochloride,"1e, 6-BOH2-Q",1.0,0.0004,"2d, Bromide",1.0,Pd(OAc)2,0.0625,AmPhos,0.125,LiOtBu,2.5,MeOH/H2O_V2 9:1,0.0,2783907.5,,
4648,6-quinoline-boronic acid hydrochloride,"1e, 6-BOH2-Q",1.0,0.0004,"2d, Bromide",1.0,Pd(OAc)2,0.0625,P(Cy)3,0.125,LiOtBu,2.5,MeOH/H2O_V2 9:1,19.51,3517605.5,,
4649,6-quinoline-boronic acid hydrochloride,"1e, 6-BOH2-Q",1.0,0.0004,"2d, Bromide",1.0,Pd(OAc)2,0.0625,P(o-Tol)3,0.125,LiOtBu,2.5,MeOH/H2O_V2 9:1,69.06,15241399.0,,
4650,6-quinoline-boronic acid hydrochloride,"1e, 6-BOH2-Q",1.0,0.0004,"2d, Bromide",1.0,Pd(OAc)2,0.0625,CataCXium A,0.125,LiOtBu,2.5,MeOH/H2O_V2 9:1,83.36,13484706.0,,
4651,6-quinoline-boronic acid hydrochloride,"1e, 6-BOH2-Q",1.0,0.0004,"2d, Bromide",1.0,Pd(OAc)2,0.0625,SPhos,0.125,LiOtBu,2.5,MeOH/H2O_V2 9:1,0.0,2757163.5,,
4652,6-quinoline-boronic acid hydrochloride,"1e, 6-BOH2-Q",1.0,0.0004,"2d, Bromide",1.0,Pd(OAc)2,0.0625,dtbpf,0.125,LiOtBu,2.5,MeOH/H2O_V2 9:1,0.0,1233889.75,,
4653,6-quinoline-boronic acid hydrochloride,"1e, 6-BOH2-Q",1.0,0.0004,"2d, Bromide",1.0,Pd(OAc)2,0.0625,XPhos,0.125,LiOtBu,2.5,MeOH/H2O_V2 9:1,92.19,10894679.0,,
4654,6-quinoline-boronic acid hydrochloride,"1e, 6-BOH2-Q",1.0,0.0004,"2d, Bromide",1.0,Pd(OAc)2,0.0625,dppf,0.125,LiOtBu,2.5,MeOH/H2O_V2 9:1,0.0,578292.13,,
4655,6-quinoline-boronic acid hydrochloride,"1e, 6-BOH2-Q",1.0,0.0004,"2d, Bromide",1.0,Pd(OAc)2,0.0625,Xantphos,0.125,LiOtBu,2.5,MeOH/H2O_V2 9:1,0.0,1134365.5,,
4656,6-quinoline-boronic acid hydrochloride,"1e, 6-BOH2-Q",1.0,0.0004,"2d, Bromide",1.0,Pd(OAc)2,0.0625,,,LiOtBu,2.5,MeOH/H2O_V2 9:1,58.21,3051757.25,,
4657,6-quinoline-boronic acid hydrochloride,"1e, 6-BOH2-Q",1.0,0.0004,"2d, Bromide",1.0,Pd(OAc)2,0.0625,P(tBu)3,0.125,NaHCO3,2.5,MeOH/H2O_V2 9:1,56.2,12309718.0,,
4658,6-quinoline-boronic acid hydrochloride,"1e, 6-BOH2-Q",1.0,0.0004,"2d, Bromide",1.0,Pd(OAc)2,0.0625,P(Ph)3 ,0.125,NaHCO3,2.5,MeOH/H2O_V2 9:1,50.56,9034659.0,,
4659,6-quinoline-boronic acid hydrochloride,"1e, 6-BOH2-Q",1.0,0.0004,"2d, Bromide",1.0,Pd(OAc)2,0.0625,AmPhos,0.125,NaHCO3,2.5,MeOH/H2O_V2 9:1,40.6,9159064.0,,
4660,6-quinoline-boronic acid hydrochloride,"1e, 6-BOH2-Q",1.0,0.0004,"2d, Bromide",1.0,Pd(OAc)2,0.0625,P(Cy)3,0.125,NaHCO3,2.5,MeOH/H2O_V2 9:1,41.56,8257490.0,,
4661,6-quinoline-boronic acid hydrochloride,"1e, 6-BOH2-Q",1.0,0.0004,"2d, Bromide",1.0,Pd(OAc)2,0.0625,P(o-Tol)3,0.125,NaHCO3,2.5,MeOH/H2O_V2 9:1,66.92,14476746.0,,
4662,6-quinoline-boronic acid hydrochloride,"1e, 6-BOH2-Q",1.0,0.0004,"2d, Bromide",1.0,Pd(OAc)2,0.0625,CataCXium A,0.125,NaHCO3,2.5,MeOH/H2O_V2 9:1,66.51,12509083.0,,
4663,6-quinoline-boronic acid hydrochloride,"1e, 6-BOH2-Q",1.0,0.0004,"2d, Bromide",1.0,Pd(OAc)2,0.0625,SPhos,0.125,NaHCO3,2.5,MeOH/H2O_V2 9:1,23.01,3631242.75,,
4664,6-quinoline-boronic acid hydrochloride,"1e, 6-BOH2-Q",1.0,0.0004,"2d, Bromide",1.0,Pd(OAc)2,0.0625,dtbpf,0.125,NaHCO3,2.5,MeOH/H2O_V2 9:1,31.37,5628792.5,,
4665,6-quinoline-boronic acid hydrochloride,"1e, 6-BOH2-Q",1.0,0.0004,"2d, Bromide",1.0,Pd(OAc)2,0.0625,XPhos,0.125,NaHCO3,2.5,MeOH/H2O_V2 9:1,36.28,8272050.0,,
4666,6-quinoline-boronic acid hydrochloride,"1e, 6-BOH2-Q",1.0,0.0004,"2d, Bromide",1.0,Pd(OAc)2,0.0625,dppf,0.125,NaHCO3,2.5,MeOH/H2O_V2 9:1,0.0,1311977.13,,
4667,6-quinoline-boronic acid hydrochloride,"1e, 6-BOH2-Q",1.0,0.0004,"2d, Bromide",1.0,Pd(OAc)2,0.0625,Xantphos,0.125,NaHCO3,2.5,MeOH/H2O_V2 9:1,0.0,648509.75,,
4668,6-quinoline-boronic acid hydrochloride,"1e, 6-BOH2-Q",1.0,0.0004,"2d, Bromide",1.0,Pd(OAc)2,0.0625,,,NaHCO3,2.5,MeOH/H2O_V2 9:1,31.49,8473372.0,,
4669,6-quinoline-boronic acid hydrochloride,"1e, 6-BOH2-Q",1.0,0.0004,"2d, Bromide",1.0,Pd(OAc)2,0.0625,P(tBu)3,0.125,Et3N,2.5,MeOH/H2O_V2 9:1,0.0,0.0,,
4670,6-quinoline-boronic acid hydrochloride,"1e, 6-BOH2-Q",1.0,0.0004,"2d, Bromide",1.0,Pd(OAc)2,0.0625,P(Ph)3 ,0.125,Et3N,2.5,MeOH/H2O_V2 9:1,39.72,7112112.0,,
4671,6-quinoline-boronic acid hydrochloride,"1e, 6-BOH2-Q",1.0,0.0004,"2d, Bromide",1.0,Pd(OAc)2,0.0625,AmPhos,0.125,Et3N,2.5,MeOH/H2O_V2 9:1,42.23,9849672.0,,
4672,6-quinoline-boronic acid hydrochloride,"1e, 6-BOH2-Q",1.0,0.0004,"2d, Bromide",1.0,Pd(OAc)2,0.0625,P(Cy)3,0.125,Et3N,2.5,MeOH/H2O_V2 9:1,37.26,6414405.0,,
4673,6-quinoline-boronic acid hydrochloride,"1e, 6-BOH2-Q",1.0,0.0004,"2d, Bromide",1.0,Pd(OAc)2,0.0625,P(o-Tol)3,0.125,Et3N,2.5,MeOH/H2O_V2 9:1,58.84,13461301.0,,
4674,6-quinoline-boronic acid hydrochloride,"1e, 6-BOH2-Q",1.0,0.0004,"2d, Bromide",1.0,Pd(OAc)2,0.0625,CataCXium A,0.125,Et3N,2.5,MeOH/H2O_V2 9:1,56.74,12149080.0,,
4675,6-quinoline-boronic acid hydrochloride,"1e, 6-BOH2-Q",1.0,0.0004,"2d, Bromide",1.0,Pd(OAc)2,0.0625,SPhos,0.125,Et3N,2.5,MeOH/H2O_V2 9:1,21.71,3190456.25,,
4676,6-quinoline-boronic acid hydrochloride,"1e, 6-BOH2-Q",1.0,0.0004,"2d, Bromide",1.0,Pd(OAc)2,0.0625,dtbpf,0.125,Et3N,2.5,MeOH/H2O_V2 9:1,35.03,7280822.5,,
4677,6-quinoline-boronic acid hydrochloride,"1e, 6-BOH2-Q",1.0,0.0004,"2d, Bromide",1.0,Pd(OAc)2,0.0625,XPhos,0.125,Et3N,2.5,MeOH/H2O_V2 9:1,26.87,4936779.5,,
4678,6-quinoline-boronic acid hydrochloride,"1e, 6-BOH2-Q",1.0,0.0004,"2d, Bromide",1.0,Pd(OAc)2,0.0625,dppf,0.125,Et3N,2.5,MeOH/H2O_V2 9:1,0.0,434106.75,,
4679,6-quinoline-boronic acid hydrochloride,"1e, 6-BOH2-Q",1.0,0.0004,"2d, Bromide",1.0,Pd(OAc)2,0.0625,Xantphos,0.125,Et3N,2.5,MeOH/H2O_V2 9:1,0.0,913989.94,,
4680,6-quinoline-boronic acid hydrochloride,"1e, 6-BOH2-Q",1.0,0.0004,"2d, Bromide",1.0,Pd(OAc)2,0.0625,,,Et3N,2.5,MeOH/H2O_V2 9:1,27.04,6035948.5,,
4681,6-quinoline-boronic acid hydrochloride,"1e, 6-BOH2-Q",1.0,0.0004,"2d, Bromide",1.0,Pd(OAc)2,0.0625,P(tBu)3,0.125,CsF,2.5,MeOH/H2O_V2 9:1,54.02,10888348.0,,
4682,6-quinoline-boronic acid hydrochloride,"1e, 6-BOH2-Q",1.0,0.0004,"2d, Bromide",1.0,Pd(OAc)2,0.0625,P(Ph)3 ,0.125,CsF,2.5,MeOH/H2O_V2 9:1,65.54,13819203.0,,
4683,6-quinoline-boronic acid hydrochloride,"1e, 6-BOH2-Q",1.0,0.0004,"2d, Bromide",1.0,Pd(OAc)2,0.0625,AmPhos,0.125,CsF,2.5,MeOH/H2O_V2 9:1,54.54,12920938.0,,
4684,6-quinoline-boronic acid hydrochloride,"1e, 6-BOH2-Q",1.0,0.0004,"2d, Bromide",1.0,Pd(OAc)2,0.0625,P(Cy)3,0.125,CsF,2.5,MeOH/H2O_V2 9:1,59.37,10632500.0,,
4685,6-quinoline-boronic acid hydrochloride,"1e, 6-BOH2-Q",1.0,0.0004,"2d, Bromide",1.0,Pd(OAc)2,0.0625,P(o-Tol)3,0.125,CsF,2.5,MeOH/H2O_V2 9:1,68.57,15396931.0,,
4686,6-quinoline-boronic acid hydrochloride,"1e, 6-BOH2-Q",1.0,0.0004,"2d, Bromide",1.0,Pd(OAc)2,0.0625,CataCXium A,0.125,CsF,2.5,MeOH/H2O_V2 9:1,69.72,14555870.0,,
4687,6-quinoline-boronic acid hydrochloride,"1e, 6-BOH2-Q",1.0,0.0004,"2d, Bromide",1.0,Pd(OAc)2,0.0625,SPhos,0.125,CsF,2.5,MeOH/H2O_V2 9:1,57.99,13853244.0,,
4688,6-quinoline-boronic acid hydrochloride,"1e, 6-BOH2-Q",1.0,0.0004,"2d, Bromide",1.0,Pd(OAc)2,0.0625,dtbpf,0.125,CsF,2.5,MeOH/H2O_V2 9:1,59.66,12063643.0,,
4689,6-quinoline-boronic acid hydrochloride,"1e, 6-BOH2-Q",1.0,0.0004,"2d, Bromide",1.0,Pd(OAc)2,0.0625,XPhos,0.125,CsF,2.5,MeOH/H2O_V2 9:1,72.36,17627480.0,,
4690,6-quinoline-boronic acid hydrochloride,"1e, 6-BOH2-Q",1.0,0.0004,"2d, Bromide",1.0,Pd(OAc)2,0.0625,dppf,0.125,CsF,2.5,MeOH/H2O_V2 9:1,43.64,8019224.0,,
4691,6-quinoline-boronic acid hydrochloride,"1e, 6-BOH2-Q",1.0,0.0004,"2d, Bromide",1.0,Pd(OAc)2,0.0625,Xantphos,0.125,CsF,2.5,MeOH/H2O_V2 9:1,28.26,4995704.0,,
4692,6-quinoline-boronic acid hydrochloride,"1e, 6-BOH2-Q",1.0,0.0004,"2d, Bromide",1.0,Pd(OAc)2,0.0625,,,CsF,2.5,MeOH/H2O_V2 9:1,49.82,14017753.0,,
4693,6-quinoline-boronic acid hydrochloride,"1e, 6-BOH2-Q",1.0,0.0004,"2d, Bromide",1.0,Pd(OAc)2,0.0625,P(tBu)3,0.125,K3PO4,2.5,MeOH/H2O_V2 9:1,40.99,9880837.0,,
4694,6-quinoline-boronic acid hydrochloride,"1e, 6-BOH2-Q",1.0,0.0004,"2d, Bromide",1.0,Pd(OAc)2,0.0625,P(Ph)3 ,0.125,K3PO4,2.5,MeOH/H2O_V2 9:1,48.95,9708399.0,,
4695,6-quinoline-boronic acid hydrochloride,"1e, 6-BOH2-Q",1.0,0.0004,"2d, Bromide",1.0,Pd(OAc)2,0.0625,AmPhos,0.125,K3PO4,2.5,MeOH/H2O_V2 9:1,34.64,7025238.0,,
4696,6-quinoline-boronic acid hydrochloride,"1e, 6-BOH2-Q",1.0,0.0004,"2d, Bromide",1.0,Pd(OAc)2,0.0625,P(Cy)3,0.125,K3PO4,2.5,MeOH/H2O_V2 9:1,27.94,4016904.0,,
4697,6-quinoline-boronic acid hydrochloride,"1e, 6-BOH2-Q",1.0,0.0004,"2d, Bromide",1.0,Pd(OAc)2,0.0625,P(o-Tol)3,0.125,K3PO4,2.5,MeOH/H2O_V2 9:1,51.99,11513816.0,,
4698,6-quinoline-boronic acid hydrochloride,"1e, 6-BOH2-Q",1.0,0.0004,"2d, Bromide",1.0,Pd(OAc)2,0.0625,CataCXium A,0.125,K3PO4,2.5,MeOH/H2O_V2 9:1,52.56,11916554.0,,
4699,6-quinoline-boronic acid hydrochloride,"1e, 6-BOH2-Q",1.0,0.0004,"2d, Bromide",1.0,Pd(OAc)2,0.0625,SPhos,0.125,K3PO4,2.5,MeOH/H2O_V2 9:1,0.0,1867470.88,,
4700,6-quinoline-boronic acid hydrochloride,"1e, 6-BOH2-Q",1.0,0.0004,"2d, Bromide",1.0,Pd(OAc)2,0.0625,dtbpf,0.125,K3PO4,2.5,MeOH/H2O_V2 9:1,21.33,2496457.75,,
4701,6-quinoline-boronic acid hydrochloride,"1e, 6-BOH2-Q",1.0,0.0004,"2d, Bromide",1.0,Pd(OAc)2,0.0625,XPhos,0.125,K3PO4,2.5,MeOH/H2O_V2 9:1,21.78,2501026.0,,
4702,6-quinoline-boronic acid hydrochloride,"1e, 6-BOH2-Q",1.0,0.0004,"2d, Bromide",1.0,Pd(OAc)2,0.0625,dppf,0.125,K3PO4,2.5,MeOH/H2O_V2 9:1,0.0,738269.94,,
4703,6-quinoline-boronic acid hydrochloride,"1e, 6-BOH2-Q",1.0,0.0004,"2d, Bromide",1.0,Pd(OAc)2,0.0625,Xantphos,0.125,K3PO4,2.5,MeOH/H2O_V2 9:1,0.0,462674.88,,
4704,6-quinoline-boronic acid hydrochloride,"1e, 6-BOH2-Q",1.0,0.0004,"2d, Bromide",1.0,Pd(OAc)2,0.0625,,,K3PO4,2.5,MeOH/H2O_V2 9:1,22.54,3765478.25,,
4705,6-quinoline-boronic acid hydrochloride,"1e, 6-BOH2-Q",1.0,0.0004,"2d, Bromide",1.0,Pd(OAc)2,0.0625,P(tBu)3,0.125,,2.5,MeCN,0.0,24451.5,,
4706,6-quinoline-boronic acid hydrochloride,"1e, 6-BOH2-Q",1.0,0.0004,"2d, Bromide",1.0,Pd(OAc)2,0.0625,P(Ph)3 ,0.125,,2.5,MeCN,0.0,28367.95,,
4707,6-quinoline-boronic acid hydrochloride,"1e, 6-BOH2-Q",1.0,0.0004,"2d, Bromide",1.0,Pd(OAc)2,0.0625,AmPhos,0.125,,2.5,MeCN,0.0,74272.47,,
4708,6-quinoline-boronic acid hydrochloride,"1e, 6-BOH2-Q",1.0,0.0004,"2d, Bromide",1.0,Pd(OAc)2,0.0625,P(Cy)3,0.125,,2.5,MeCN,0.0,46665.31,,
4709,6-quinoline-boronic acid hydrochloride,"1e, 6-BOH2-Q",1.0,0.0004,"2d, Bromide",1.0,Pd(OAc)2,0.0625,P(o-Tol)3,0.125,,2.5,MeCN,0.0,28084.69,,
4710,6-quinoline-boronic acid hydrochloride,"1e, 6-BOH2-Q",1.0,0.0004,"2d, Bromide",1.0,Pd(OAc)2,0.0625,CataCXium A,0.125,,2.5,MeCN,0.0,30715.83,,
4711,6-quinoline-boronic acid hydrochloride,"1e, 6-BOH2-Q",1.0,0.0004,"2d, Bromide",1.0,Pd(OAc)2,0.0625,SPhos,0.125,,2.5,MeCN,0.0,11425.62,,
4712,6-quinoline-boronic acid hydrochloride,"1e, 6-BOH2-Q",1.0,0.0004,"2d, Bromide",1.0,Pd(OAc)2,0.0625,dtbpf,0.125,,2.5,MeCN,0.0,15696.21,,
4713,6-quinoline-boronic acid hydrochloride,"1e, 6-BOH2-Q",1.0,0.0004,"2d, Bromide",1.0,Pd(OAc)2,0.0625,XPhos,0.125,,2.5,MeCN,0.0,153460.61,,
4714,6-quinoline-boronic acid hydrochloride,"1e, 6-BOH2-Q",1.0,0.0004,"2d, Bromide",1.0,Pd(OAc)2,0.0625,dppf,0.125,,2.5,MeCN,0.0,28330.3,,
4715,6-quinoline-boronic acid hydrochloride,"1e, 6-BOH2-Q",1.0,0.0004,"2d, Bromide",1.0,Pd(OAc)2,0.0625,Xantphos,0.125,,2.5,MeCN,0.0,26436.42,,
4716,6-quinoline-boronic acid hydrochloride,"1e, 6-BOH2-Q",1.0,0.0004,"2d, Bromide",1.0,Pd(OAc)2,0.0625,,,,2.5,MeCN,0.0,74276.95,,
4717,6-quinoline-boronic acid hydrochloride,"1e, 6-BOH2-Q",1.0,0.0004,"2d, Bromide",1.0,Pd(OAc)2,0.0625,P(tBu)3,0.125,NaOH,2.5,MeCN,0.0,121865.16,,
4718,6-quinoline-boronic acid hydrochloride,"1e, 6-BOH2-Q",1.0,0.0004,"2d, Bromide",1.0,Pd(OAc)2,0.0625,P(Ph)3 ,0.125,NaOH,2.5,MeCN,0.0,1201616.88,,
4719,6-quinoline-boronic acid hydrochloride,"1e, 6-BOH2-Q",1.0,0.0004,"2d, Bromide",1.0,Pd(OAc)2,0.0625,AmPhos,0.125,NaOH,2.5,MeCN,21.1,4356094.0,,
4720,6-quinoline-boronic acid hydrochloride,"1e, 6-BOH2-Q",1.0,0.0004,"2d, Bromide",1.0,Pd(OAc)2,0.0625,P(Cy)3,0.125,NaOH,2.5,MeCN,0.0,967823.19,,
4721,6-quinoline-boronic acid hydrochloride,"1e, 6-BOH2-Q",1.0,0.0004,"2d, Bromide",1.0,Pd(OAc)2,0.0625,P(o-Tol)3,0.125,NaOH,2.5,MeCN,18.81,3510796.25,,
4722,6-quinoline-boronic acid hydrochloride,"1e, 6-BOH2-Q",1.0,0.0004,"2d, Bromide",1.0,Pd(OAc)2,0.0625,CataCXium A,0.125,NaOH,2.5,MeCN,35.8,9906325.0,,
4723,6-quinoline-boronic acid hydrochloride,"1e, 6-BOH2-Q",1.0,0.0004,"2d, Bromide",1.0,Pd(OAc)2,0.0625,SPhos,0.125,NaOH,2.5,MeCN,19.54,4187510.25,,
4724,6-quinoline-boronic acid hydrochloride,"1e, 6-BOH2-Q",1.0,0.0004,"2d, Bromide",1.0,Pd(OAc)2,0.0625,dtbpf,0.125,NaOH,2.5,MeCN,35.05,10366301.0,,
4725,6-quinoline-boronic acid hydrochloride,"1e, 6-BOH2-Q",1.0,0.0004,"2d, Bromide",1.0,Pd(OAc)2,0.0625,XPhos,0.125,NaOH,2.5,MeCN,16.35,2466198.25,,
4726,6-quinoline-boronic acid hydrochloride,"1e, 6-BOH2-Q",1.0,0.0004,"2d, Bromide",1.0,Pd(OAc)2,0.0625,dppf,0.125,NaOH,2.5,MeCN,19.96,2700577.5,,
4727,6-quinoline-boronic acid hydrochloride,"1e, 6-BOH2-Q",1.0,0.0004,"2d, Bromide",1.0,Pd(OAc)2,0.0625,Xantphos,0.125,NaOH,2.5,MeCN,0.0,237736.47,,
4728,6-quinoline-boronic acid hydrochloride,"1e, 6-BOH2-Q",1.0,0.0004,"2d, Bromide",1.0,Pd(OAc)2,0.0625,,,NaOH,2.5,MeCN,19.7,5544951.5,,
4729,6-quinoline-boronic acid hydrochloride,"1e, 6-BOH2-Q",1.0,0.0004,"2d, Bromide",1.0,Pd(OAc)2,0.0625,P(tBu)3,0.125,KOH,2.5,MeCN,40.24,9282334.0,,
4730,6-quinoline-boronic acid hydrochloride,"1e, 6-BOH2-Q",1.0,0.0004,"2d, Bromide",1.0,Pd(OAc)2,0.0625,P(Ph)3 ,0.125,KOH,2.5,MeCN,45.86,11084464.0,,
4731,6-quinoline-boronic acid hydrochloride,"1e, 6-BOH2-Q",1.0,0.0004,"2d, Bromide",1.0,Pd(OAc)2,0.0625,AmPhos,0.125,KOH,2.5,MeCN,52.7,13303179.0,,
4732,6-quinoline-boronic acid hydrochloride,"1e, 6-BOH2-Q",1.0,0.0004,"2d, Bromide",1.0,Pd(OAc)2,0.0625,P(Cy)3,0.125,KOH,2.5,MeCN,30.5,7274316.0,,
4733,6-quinoline-boronic acid hydrochloride,"1e, 6-BOH2-Q",1.0,0.0004,"2d, Bromide",1.0,Pd(OAc)2,0.0625,P(o-Tol)3,0.125,KOH,2.5,MeCN,27.56,7416200.5,,
4734,6-quinoline-boronic acid hydrochloride,"1e, 6-BOH2-Q",1.0,0.0004,"2d, Bromide",1.0,Pd(OAc)2,0.0625,CataCXium A,0.125,KOH,2.5,MeCN,48.69,9651306.0,,
4735,6-quinoline-boronic acid hydrochloride,"1e, 6-BOH2-Q",1.0,0.0004,"2d, Bromide",1.0,Pd(OAc)2,0.0625,SPhos,0.125,KOH,2.5,MeCN,29.34,8694314.0,,
4736,6-quinoline-boronic acid hydrochloride,"1e, 6-BOH2-Q",1.0,0.0004,"2d, Bromide",1.0,Pd(OAc)2,0.0625,dtbpf,0.125,KOH,2.5,MeCN,33.23,8856548.0,,
4737,6-quinoline-boronic acid hydrochloride,"1e, 6-BOH2-Q",1.0,0.0004,"2d, Bromide",1.0,Pd(OAc)2,0.0625,XPhos,0.125,KOH,2.5,MeCN,26.63,6639091.0,,
4738,6-quinoline-boronic acid hydrochloride,"1e, 6-BOH2-Q",1.0,0.0004,"2d, Bromide",1.0,Pd(OAc)2,0.0625,dppf,0.125,KOH,2.5,MeCN,28.08,5064672.0,,
4739,6-quinoline-boronic acid hydrochloride,"1e, 6-BOH2-Q",1.0,0.0004,"2d, Bromide",1.0,Pd(OAc)2,0.0625,Xantphos,0.125,KOH,2.5,MeCN,0.0,865190.94,,
4740,6-quinoline-boronic acid hydrochloride,"1e, 6-BOH2-Q",1.0,0.0004,"2d, Bromide",1.0,Pd(OAc)2,0.0625,,,KOH,2.5,MeCN,26.67,9141087.0,,
4741,6-quinoline-boronic acid hydrochloride,"1e, 6-BOH2-Q",1.0,0.0004,"2d, Bromide",1.0,Pd(OAc)2,0.0625,P(tBu)3,0.125,LiOtBu,2.5,MeCN,54.08,12527919.0,,
4742,6-quinoline-boronic acid hydrochloride,"1e, 6-BOH2-Q",1.0,0.0004,"2d, Bromide",1.0,Pd(OAc)2,0.0625,P(Ph)3 ,0.125,LiOtBu,2.5,MeCN,46.75,10159746.0,,
4743,6-quinoline-boronic acid hydrochloride,"1e, 6-BOH2-Q",1.0,0.0004,"2d, Bromide",1.0,Pd(OAc)2,0.0625,AmPhos,0.125,LiOtBu,2.5,MeCN,46.65,10277746.0,,
4744,6-quinoline-boronic acid hydrochloride,"1e, 6-BOH2-Q",1.0,0.0004,"2d, Bromide",1.0,Pd(OAc)2,0.0625,P(Cy)3,0.125,LiOtBu,2.5,MeCN,30.64,7233262.5,,
4745,6-quinoline-boronic acid hydrochloride,"1e, 6-BOH2-Q",1.0,0.0004,"2d, Bromide",1.0,Pd(OAc)2,0.0625,P(o-Tol)3,0.125,LiOtBu,2.5,MeCN,15.11,5008413.5,,
4746,6-quinoline-boronic acid hydrochloride,"1e, 6-BOH2-Q",1.0,0.0004,"2d, Bromide",1.0,Pd(OAc)2,0.0625,CataCXium A,0.125,LiOtBu,2.5,MeCN,42.99,8029850.0,,
4747,6-quinoline-boronic acid hydrochloride,"1e, 6-BOH2-Q",1.0,0.0004,"2d, Bromide",1.0,Pd(OAc)2,0.0625,SPhos,0.125,LiOtBu,2.5,MeCN,24.27,6765023.5,,
4748,6-quinoline-boronic acid hydrochloride,"1e, 6-BOH2-Q",1.0,0.0004,"2d, Bromide",1.0,Pd(OAc)2,0.0625,dtbpf,0.125,LiOtBu,2.5,MeCN,25.71,5254409.0,,
4749,6-quinoline-boronic acid hydrochloride,"1e, 6-BOH2-Q",1.0,0.0004,"2d, Bromide",1.0,Pd(OAc)2,0.0625,XPhos,0.125,LiOtBu,2.5,MeCN,21.36,5679668.0,,
4750,6-quinoline-boronic acid hydrochloride,"1e, 6-BOH2-Q",1.0,0.0004,"2d, Bromide",1.0,Pd(OAc)2,0.0625,dppf,0.125,LiOtBu,2.5,MeCN,19.47,2203281.5,,
4751,6-quinoline-boronic acid hydrochloride,"1e, 6-BOH2-Q",1.0,0.0004,"2d, Bromide",1.0,Pd(OAc)2,0.0625,Xantphos,0.125,LiOtBu,2.5,MeCN,0.0,902674.13,,
4752,6-quinoline-boronic acid hydrochloride,"1e, 6-BOH2-Q",1.0,0.0004,"2d, Bromide",1.0,Pd(OAc)2,0.0625,,,LiOtBu,2.5,MeCN,15.58,2549020.5,,
4753,6-quinoline-boronic acid hydrochloride,"1e, 6-BOH2-Q",1.0,0.0004,"2d, Bromide",1.0,Pd(OAc)2,0.0625,P(tBu)3,0.125,NaHCO3,2.5,MeCN,49.01,12114056.0,,
4754,6-quinoline-boronic acid hydrochloride,"1e, 6-BOH2-Q",1.0,0.0004,"2d, Bromide",1.0,Pd(OAc)2,0.0625,P(Ph)3 ,0.125,NaHCO3,2.5,MeCN,38.17,11262212.0,,
4755,6-quinoline-boronic acid hydrochloride,"1e, 6-BOH2-Q",1.0,0.0004,"2d, Bromide",1.0,Pd(OAc)2,0.0625,AmPhos,0.125,NaHCO3,2.5,MeCN,43.48,11664856.0,,
4756,6-quinoline-boronic acid hydrochloride,"1e, 6-BOH2-Q",1.0,0.0004,"2d, Bromide",1.0,Pd(OAc)2,0.0625,P(Cy)3,0.125,NaHCO3,2.5,MeCN,15.9,7502302.0,,
4757,6-quinoline-boronic acid hydrochloride,"1e, 6-BOH2-Q",1.0,0.0004,"2d, Bromide",1.0,Pd(OAc)2,0.0625,P(o-Tol)3,0.125,NaHCO3,2.5,MeCN,29.59,6786574.5,,
4758,6-quinoline-boronic acid hydrochloride,"1e, 6-BOH2-Q",1.0,0.0004,"2d, Bromide",1.0,Pd(OAc)2,0.0625,CataCXium A,0.125,NaHCO3,2.5,MeCN,57.1,13243107.0,,
4759,6-quinoline-boronic acid hydrochloride,"1e, 6-BOH2-Q",1.0,0.0004,"2d, Bromide",1.0,Pd(OAc)2,0.0625,SPhos,0.125,NaHCO3,2.5,MeCN,16.87,5295206.5,,
4760,6-quinoline-boronic acid hydrochloride,"1e, 6-BOH2-Q",1.0,0.0004,"2d, Bromide",1.0,Pd(OAc)2,0.0625,dtbpf,0.125,NaHCO3,2.5,MeCN,19.72,2933248.25,,
4761,6-quinoline-boronic acid hydrochloride,"1e, 6-BOH2-Q",1.0,0.0004,"2d, Bromide",1.0,Pd(OAc)2,0.0625,XPhos,0.125,NaHCO3,2.5,MeCN,17.47,3443643.25,,
4762,6-quinoline-boronic acid hydrochloride,"1e, 6-BOH2-Q",1.0,0.0004,"2d, Bromide",1.0,Pd(OAc)2,0.0625,dppf,0.125,NaHCO3,2.5,MeCN,38.47,7128854.0,,
4763,6-quinoline-boronic acid hydrochloride,"1e, 6-BOH2-Q",1.0,0.0004,"2d, Bromide",1.0,Pd(OAc)2,0.0625,Xantphos,0.125,NaHCO3,2.5,MeCN,0.0,976126.69,,
4764,6-quinoline-boronic acid hydrochloride,"1e, 6-BOH2-Q",1.0,0.0004,"2d, Bromide",1.0,Pd(OAc)2,0.0625,,,NaHCO3,2.5,MeCN,15.13,2642137.0,,
4765,6-quinoline-boronic acid hydrochloride,"1e, 6-BOH2-Q",1.0,0.0004,"2d, Bromide",1.0,Pd(OAc)2,0.0625,P(tBu)3,0.125,Et3N,2.5,MeCN,25.64,5422480.5,,
4766,6-quinoline-boronic acid hydrochloride,"1e, 6-BOH2-Q",1.0,0.0004,"2d, Bromide",1.0,Pd(OAc)2,0.0625,P(Ph)3 ,0.125,Et3N,2.5,MeCN,27.67,6040157.0,,
4767,6-quinoline-boronic acid hydrochloride,"1e, 6-BOH2-Q",1.0,0.0004,"2d, Bromide",1.0,Pd(OAc)2,0.0625,AmPhos,0.125,Et3N,2.5,MeCN,42.87,9822723.0,,
4768,6-quinoline-boronic acid hydrochloride,"1e, 6-BOH2-Q",1.0,0.0004,"2d, Bromide",1.0,Pd(OAc)2,0.0625,P(Cy)3,0.125,Et3N,2.5,MeCN,14.21,2139756.0,,
4769,6-quinoline-boronic acid hydrochloride,"1e, 6-BOH2-Q",1.0,0.0004,"2d, Bromide",1.0,Pd(OAc)2,0.0625,P(o-Tol)3,0.125,Et3N,2.5,MeCN,15.39,2383001.25,,
4770,6-quinoline-boronic acid hydrochloride,"1e, 6-BOH2-Q",1.0,0.0004,"2d, Bromide",1.0,Pd(OAc)2,0.0625,CataCXium A,0.125,Et3N,2.5,MeCN,30.97,4829292.0,,
4771,6-quinoline-boronic acid hydrochloride,"1e, 6-BOH2-Q",1.0,0.0004,"2d, Bromide",1.0,Pd(OAc)2,0.0625,SPhos,0.125,Et3N,2.5,MeCN,0.0,1907262.0,,
4772,6-quinoline-boronic acid hydrochloride,"1e, 6-BOH2-Q",1.0,0.0004,"2d, Bromide",1.0,Pd(OAc)2,0.0625,dtbpf,0.125,Et3N,2.5,MeCN,0.0,1835471.5,,
4773,6-quinoline-boronic acid hydrochloride,"1e, 6-BOH2-Q",1.0,0.0004,"2d, Bromide",1.0,Pd(OAc)2,0.0625,XPhos,0.125,Et3N,2.5,MeCN,0.0,881851.44,,
4774,6-quinoline-boronic acid hydrochloride,"1e, 6-BOH2-Q",1.0,0.0004,"2d, Bromide",1.0,Pd(OAc)2,0.0625,dppf,0.125,Et3N,2.5,MeCN,0.0,1916431.25,,
4775,6-quinoline-boronic acid hydrochloride,"1e, 6-BOH2-Q",1.0,0.0004,"2d, Bromide",1.0,Pd(OAc)2,0.0625,Xantphos,0.125,Et3N,2.5,MeCN,0.0,365224.69,,
4776,6-quinoline-boronic acid hydrochloride,"1e, 6-BOH2-Q",1.0,0.0004,"2d, Bromide",1.0,Pd(OAc)2,0.0625,,,Et3N,2.5,MeCN,0.0,631423.25,,
4777,6-quinoline-boronic acid hydrochloride,"1e, 6-BOH2-Q",1.0,0.0004,"2d, Bromide",1.0,Pd(OAc)2,0.0625,P(tBu)3,0.125,CsF,2.5,MeCN,18.69,2973241.75,,
4778,6-quinoline-boronic acid hydrochloride,"1e, 6-BOH2-Q",1.0,0.0004,"2d, Bromide",1.0,Pd(OAc)2,0.0625,P(Ph)3 ,0.125,CsF,2.5,MeCN,23.55,4952932.5,,
4779,6-quinoline-boronic acid hydrochloride,"1e, 6-BOH2-Q",1.0,0.0004,"2d, Bromide",1.0,Pd(OAc)2,0.0625,AmPhos,0.125,CsF,2.5,MeCN,22.98,7291626.5,,
4780,6-quinoline-boronic acid hydrochloride,"1e, 6-BOH2-Q",1.0,0.0004,"2d, Bromide",1.0,Pd(OAc)2,0.0625,P(Cy)3,0.125,CsF,2.5,MeCN,14.45,2494721.0,,
4781,6-quinoline-boronic acid hydrochloride,"1e, 6-BOH2-Q",1.0,0.0004,"2d, Bromide",1.0,Pd(OAc)2,0.0625,P(o-Tol)3,0.125,CsF,2.5,MeCN,21.33,4077251.25,,
4782,6-quinoline-boronic acid hydrochloride,"1e, 6-BOH2-Q",1.0,0.0004,"2d, Bromide",1.0,Pd(OAc)2,0.0625,CataCXium A,0.125,CsF,2.5,MeCN,42.12,9074559.0,,
4783,6-quinoline-boronic acid hydrochloride,"1e, 6-BOH2-Q",1.0,0.0004,"2d, Bromide",1.0,Pd(OAc)2,0.0625,SPhos,0.125,CsF,2.5,MeCN,25.45,7303552.0,,
4784,6-quinoline-boronic acid hydrochloride,"1e, 6-BOH2-Q",1.0,0.0004,"2d, Bromide",1.0,Pd(OAc)2,0.0625,dtbpf,0.125,CsF,2.5,MeCN,27.58,6937823.0,,
4785,6-quinoline-boronic acid hydrochloride,"1e, 6-BOH2-Q",1.0,0.0004,"2d, Bromide",1.0,Pd(OAc)2,0.0625,XPhos,0.125,CsF,2.5,MeCN,23.45,5265958.5,,
4786,6-quinoline-boronic acid hydrochloride,"1e, 6-BOH2-Q",1.0,0.0004,"2d, Bromide",1.0,Pd(OAc)2,0.0625,dppf,0.125,CsF,2.5,MeCN,39.33,7050350.5,,
4787,6-quinoline-boronic acid hydrochloride,"1e, 6-BOH2-Q",1.0,0.0004,"2d, Bromide",1.0,Pd(OAc)2,0.0625,Xantphos,0.125,CsF,2.5,MeCN,0.0,756108.13,,
4788,6-quinoline-boronic acid hydrochloride,"1e, 6-BOH2-Q",1.0,0.0004,"2d, Bromide",1.0,Pd(OAc)2,0.0625,,,CsF,2.5,MeCN,24.45,7252179.5,,
4789,6-quinoline-boronic acid hydrochloride,"1e, 6-BOH2-Q",1.0,0.0004,"2d, Bromide",1.0,Pd(OAc)2,0.0625,P(tBu)3,0.125,K3PO4,2.5,MeCN,42.24,10851351.0,,
4790,6-quinoline-boronic acid hydrochloride,"1e, 6-BOH2-Q",1.0,0.0004,"2d, Bromide",1.0,Pd(OAc)2,0.0625,P(Ph)3 ,0.125,K3PO4,2.5,MeCN,40.89,9985291.0,,
4791,6-quinoline-boronic acid hydrochloride,"1e, 6-BOH2-Q",1.0,0.0004,"2d, Bromide",1.0,Pd(OAc)2,0.0625,AmPhos,0.125,K3PO4,2.5,MeCN,55.01,11979900.0,,
4792,6-quinoline-boronic acid hydrochloride,"1e, 6-BOH2-Q",1.0,0.0004,"2d, Bromide",1.0,Pd(OAc)2,0.0625,P(Cy)3,0.125,K3PO4,2.5,MeCN,34.0,9169411.0,,
4793,6-quinoline-boronic acid hydrochloride,"1e, 6-BOH2-Q",1.0,0.0004,"2d, Bromide",1.0,Pd(OAc)2,0.0625,P(o-Tol)3,0.125,K3PO4,2.5,MeCN,33.18,9639963.0,,
4794,6-quinoline-boronic acid hydrochloride,"1e, 6-BOH2-Q",1.0,0.0004,"2d, Bromide",1.0,Pd(OAc)2,0.0625,CataCXium A,0.125,K3PO4,2.5,MeCN,54.0,11413123.0,,
4795,6-quinoline-boronic acid hydrochloride,"1e, 6-BOH2-Q",1.0,0.0004,"2d, Bromide",1.0,Pd(OAc)2,0.0625,SPhos,0.125,K3PO4,2.5,MeCN,25.02,7328337.0,,
4796,6-quinoline-boronic acid hydrochloride,"1e, 6-BOH2-Q",1.0,0.0004,"2d, Bromide",1.0,Pd(OAc)2,0.0625,dtbpf,0.125,K3PO4,2.5,MeCN,29.8,8119450.0,,
4797,6-quinoline-boronic acid hydrochloride,"1e, 6-BOH2-Q",1.0,0.0004,"2d, Bromide",1.0,Pd(OAc)2,0.0625,XPhos,0.125,K3PO4,2.5,MeCN,28.48,8534112.0,,
4798,6-quinoline-boronic acid hydrochloride,"1e, 6-BOH2-Q",1.0,0.0004,"2d, Bromide",1.0,Pd(OAc)2,0.0625,dppf,0.125,K3PO4,2.5,MeCN,44.07,7687601.0,,
4799,6-quinoline-boronic acid hydrochloride,"1e, 6-BOH2-Q",1.0,0.0004,"2d, Bromide",1.0,Pd(OAc)2,0.0625,Xantphos,0.125,K3PO4,2.5,MeCN,0.0,976507.25,,
4800,6-quinoline-boronic acid hydrochloride,"1e, 6-BOH2-Q",1.0,0.0004,"2d, Bromide",1.0,Pd(OAc)2,0.0625,,,K3PO4,2.5,MeCN,21.14,5272909.5,,
4801,6-quinoline-boronic acid hydrochloride,"1e, 6-BOH2-Q",1.0,0.0004,"2d, Bromide",1.0,Pd(OAc)2,0.0625,P(tBu)3,0.125,,2.5,THF_V2,25.7,7357245.5,,
4802,6-quinoline-boronic acid hydrochloride,"1e, 6-BOH2-Q",1.0,0.0004,"2d, Bromide",1.0,Pd(OAc)2,0.0625,P(Ph)3 ,0.125,,2.5,THF_V2,25.74,7029538.5,,
4803,6-quinoline-boronic acid hydrochloride,"1e, 6-BOH2-Q",1.0,0.0004,"2d, Bromide",1.0,Pd(OAc)2,0.0625,AmPhos,0.125,,2.5,THF_V2,22.59,6318380.0,,
4804,6-quinoline-boronic acid hydrochloride,"1e, 6-BOH2-Q",1.0,0.0004,"2d, Bromide",1.0,Pd(OAc)2,0.0625,P(Cy)3,0.125,,2.5,THF_V2,0.0,327753.13,,
4805,6-quinoline-boronic acid hydrochloride,"1e, 6-BOH2-Q",1.0,0.0004,"2d, Bromide",1.0,Pd(OAc)2,0.0625,P(o-Tol)3,0.125,,2.5,THF_V2,0.0,1467820.13,,
4806,6-quinoline-boronic acid hydrochloride,"1e, 6-BOH2-Q",1.0,0.0004,"2d, Bromide",1.0,Pd(OAc)2,0.0625,CataCXium A,0.125,,2.5,THF_V2,0.0,1455692.88,,
4807,6-quinoline-boronic acid hydrochloride,"1e, 6-BOH2-Q",1.0,0.0004,"2d, Bromide",1.0,Pd(OAc)2,0.0625,SPhos,0.125,,2.5,THF_V2,0.0,805813.81,,
4808,6-quinoline-boronic acid hydrochloride,"1e, 6-BOH2-Q",1.0,0.0004,"2d, Bromide",1.0,Pd(OAc)2,0.0625,dtbpf,0.125,,2.5,THF_V2,18.97,2610106.5,,
4809,6-quinoline-boronic acid hydrochloride,"1e, 6-BOH2-Q",1.0,0.0004,"2d, Bromide",1.0,Pd(OAc)2,0.0625,XPhos,0.125,,2.5,THF_V2,15.86,2607028.25,,
4810,6-quinoline-boronic acid hydrochloride,"1e, 6-BOH2-Q",1.0,0.0004,"2d, Bromide",1.0,Pd(OAc)2,0.0625,dppf,0.125,,2.5,THF_V2,0.0,1060914.75,,
4811,6-quinoline-boronic acid hydrochloride,"1e, 6-BOH2-Q",1.0,0.0004,"2d, Bromide",1.0,Pd(OAc)2,0.0625,Xantphos,0.125,,2.5,THF_V2,0.0,526635.19,,
4812,6-quinoline-boronic acid hydrochloride,"1e, 6-BOH2-Q",1.0,0.0004,"2d, Bromide",1.0,Pd(OAc)2,0.0625,,,,2.5,THF_V2,0.0,305663.16,,
4813,6-quinoline-boronic acid hydrochloride,"1e, 6-BOH2-Q",1.0,0.0004,"2d, Bromide",1.0,Pd(OAc)2,0.0625,P(tBu)3,0.125,NaOH,2.5,THF_V2,30.13,6701751.0,,
4814,6-quinoline-boronic acid hydrochloride,"1e, 6-BOH2-Q",1.0,0.0004,"2d, Bromide",1.0,Pd(OAc)2,0.0625,P(Ph)3 ,0.125,NaOH,2.5,THF_V2,0.0,4382213.5,,
4815,6-quinoline-boronic acid hydrochloride,"1e, 6-BOH2-Q",1.0,0.0004,"2d, Bromide",1.0,Pd(OAc)2,0.0625,AmPhos,0.125,NaOH,2.5,THF_V2,28.49,7669980.5,,
4816,6-quinoline-boronic acid hydrochloride,"1e, 6-BOH2-Q",1.0,0.0004,"2d, Bromide",1.0,Pd(OAc)2,0.0625,P(Cy)3,0.125,NaOH,2.5,THF_V2,21.74,3723666.75,,
4817,6-quinoline-boronic acid hydrochloride,"1e, 6-BOH2-Q",1.0,0.0004,"2d, Bromide",1.0,Pd(OAc)2,0.0625,P(o-Tol)3,0.125,NaOH,2.5,THF_V2,27.66,6824577.0,,
4818,6-quinoline-boronic acid hydrochloride,"1e, 6-BOH2-Q",1.0,0.0004,"2d, Bromide",1.0,Pd(OAc)2,0.0625,CataCXium A,0.125,NaOH,2.5,THF_V2,35.76,8019313.0,,
4819,6-quinoline-boronic acid hydrochloride,"1e, 6-BOH2-Q",1.0,0.0004,"2d, Bromide",1.0,Pd(OAc)2,0.0625,SPhos,0.125,NaOH,2.5,THF_V2,30.24,8876706.0,,
4820,6-quinoline-boronic acid hydrochloride,"1e, 6-BOH2-Q",1.0,0.0004,"2d, Bromide",1.0,Pd(OAc)2,0.0625,dtbpf,0.125,NaOH,2.5,THF_V2,41.27,11511517.0,,
4821,6-quinoline-boronic acid hydrochloride,"1e, 6-BOH2-Q",1.0,0.0004,"2d, Bromide",1.0,Pd(OAc)2,0.0625,XPhos,0.125,NaOH,2.5,THF_V2,23.72,6735900.5,,
4822,6-quinoline-boronic acid hydrochloride,"1e, 6-BOH2-Q",1.0,0.0004,"2d, Bromide",1.0,Pd(OAc)2,0.0625,dppf,0.125,NaOH,2.5,THF_V2,0.0,1441354.5,,
4823,6-quinoline-boronic acid hydrochloride,"1e, 6-BOH2-Q",1.0,0.0004,"2d, Bromide",1.0,Pd(OAc)2,0.0625,Xantphos,0.125,NaOH,2.5,THF_V2,19.46,2621954.25,,
4824,6-quinoline-boronic acid hydrochloride,"1e, 6-BOH2-Q",1.0,0.0004,"2d, Bromide",1.0,Pd(OAc)2,0.0625,,,NaOH,2.5,THF_V2,26.62,5824435.0,,
4825,6-quinoline-boronic acid hydrochloride,"1e, 6-BOH2-Q",1.0,0.0004,"2d, Bromide",1.0,Pd(OAc)2,0.0625,P(tBu)3,0.125,KOH,2.5,THF_V2,0.0,5568543.0,,
4826,6-quinoline-boronic acid hydrochloride,"1e, 6-BOH2-Q",1.0,0.0004,"2d, Bromide",1.0,Pd(OAc)2,0.0625,P(Ph)3 ,0.125,KOH,2.5,THF_V2,44.95,7920439.5,,
4827,6-quinoline-boronic acid hydrochloride,"1e, 6-BOH2-Q",1.0,0.0004,"2d, Bromide",1.0,Pd(OAc)2,0.0625,AmPhos,0.125,KOH,2.5,THF_V2,41.87,12301752.0,,
4828,6-quinoline-boronic acid hydrochloride,"1e, 6-BOH2-Q",1.0,0.0004,"2d, Bromide",1.0,Pd(OAc)2,0.0625,P(Cy)3,0.125,KOH,2.5,THF_V2,30.94,5707116.0,,
4829,6-quinoline-boronic acid hydrochloride,"1e, 6-BOH2-Q",1.0,0.0004,"2d, Bromide",1.0,Pd(OAc)2,0.0625,P(o-Tol)3,0.125,KOH,2.5,THF_V2,0.0,5623960.0,,
4830,6-quinoline-boronic acid hydrochloride,"1e, 6-BOH2-Q",1.0,0.0004,"2d, Bromide",1.0,Pd(OAc)2,0.0625,CataCXium A,0.125,KOH,2.5,THF_V2,38.99,7287843.0,,
4831,6-quinoline-boronic acid hydrochloride,"1e, 6-BOH2-Q",1.0,0.0004,"2d, Bromide",1.0,Pd(OAc)2,0.0625,SPhos,0.125,KOH,2.5,THF_V2,38.2,7680240.0,,
4832,6-quinoline-boronic acid hydrochloride,"1e, 6-BOH2-Q",1.0,0.0004,"2d, Bromide",1.0,Pd(OAc)2,0.0625,dtbpf,0.125,KOH,2.5,THF_V2,49.97,10491121.0,,
4833,6-quinoline-boronic acid hydrochloride,"1e, 6-BOH2-Q",1.0,0.0004,"2d, Bromide",1.0,Pd(OAc)2,0.0625,XPhos,0.125,KOH,2.5,THF_V2,46.21,11704953.0,,
4834,6-quinoline-boronic acid hydrochloride,"1e, 6-BOH2-Q",1.0,0.0004,"2d, Bromide",1.0,Pd(OAc)2,0.0625,dppf,0.125,KOH,2.5,THF_V2,0.0,3690561.75,,
4835,6-quinoline-boronic acid hydrochloride,"1e, 6-BOH2-Q",1.0,0.0004,"2d, Bromide",1.0,Pd(OAc)2,0.0625,Xantphos,0.125,KOH,2.5,THF_V2,19.27,2270009.0,,
4836,6-quinoline-boronic acid hydrochloride,"1e, 6-BOH2-Q",1.0,0.0004,"2d, Bromide",1.0,Pd(OAc)2,0.0625,,,KOH,2.5,THF_V2,35.0,7316134.0,,
4837,6-quinoline-boronic acid hydrochloride,"1e, 6-BOH2-Q",1.0,0.0004,"2d, Bromide",1.0,Pd(OAc)2,0.0625,P(tBu)3,0.125,LiOtBu,2.5,THF_V2,52.47,10602398.0,,
4838,6-quinoline-boronic acid hydrochloride,"1e, 6-BOH2-Q",1.0,0.0004,"2d, Bromide",1.0,Pd(OAc)2,0.0625,P(Ph)3 ,0.125,LiOtBu,2.5,THF_V2,0.0,5811171.0,,
4839,6-quinoline-boronic acid hydrochloride,"1e, 6-BOH2-Q",1.0,0.0004,"2d, Bromide",1.0,Pd(OAc)2,0.0625,AmPhos,0.125,LiOtBu,2.5,THF_V2,0.0,8323791.5,,
4840,6-quinoline-boronic acid hydrochloride,"1e, 6-BOH2-Q",1.0,0.0004,"2d, Bromide",1.0,Pd(OAc)2,0.0625,P(Cy)3,0.125,LiOtBu,2.5,THF_V2,35.1,6463801.0,,
4841,6-quinoline-boronic acid hydrochloride,"1e, 6-BOH2-Q",1.0,0.0004,"2d, Bromide",1.0,Pd(OAc)2,0.0625,P(o-Tol)3,0.125,LiOtBu,2.5,THF_V2,40.69,10318980.0,,
4842,6-quinoline-boronic acid hydrochloride,"1e, 6-BOH2-Q",1.0,0.0004,"2d, Bromide",1.0,Pd(OAc)2,0.0625,CataCXium A,0.125,LiOtBu,2.5,THF_V2,0.0,3977211.0,,
4843,6-quinoline-boronic acid hydrochloride,"1e, 6-BOH2-Q",1.0,0.0004,"2d, Bromide",1.0,Pd(OAc)2,0.0625,SPhos,0.125,LiOtBu,2.5,THF_V2,35.22,7038869.5,,
4844,6-quinoline-boronic acid hydrochloride,"1e, 6-BOH2-Q",1.0,0.0004,"2d, Bromide",1.0,Pd(OAc)2,0.0625,dtbpf,0.125,LiOtBu,2.5,THF_V2,0.0,6460796.5,,
4845,6-quinoline-boronic acid hydrochloride,"1e, 6-BOH2-Q",1.0,0.0004,"2d, Bromide",1.0,Pd(OAc)2,0.0625,XPhos,0.125,LiOtBu,2.5,THF_V2,41.42,12761438.0,,
4846,6-quinoline-boronic acid hydrochloride,"1e, 6-BOH2-Q",1.0,0.0004,"2d, Bromide",1.0,Pd(OAc)2,0.0625,dppf,0.125,LiOtBu,2.5,THF_V2,23.77,2284292.25,,
4847,6-quinoline-boronic acid hydrochloride,"1e, 6-BOH2-Q",1.0,0.0004,"2d, Bromide",1.0,Pd(OAc)2,0.0625,Xantphos,0.125,LiOtBu,2.5,THF_V2,17.98,2712322.5,,
4848,6-quinoline-boronic acid hydrochloride,"1e, 6-BOH2-Q",1.0,0.0004,"2d, Bromide",1.0,Pd(OAc)2,0.0625,,,LiOtBu,2.5,THF_V2,0.0,5053243.5,,
4849,6-quinoline-boronic acid hydrochloride,"1e, 6-BOH2-Q",1.0,0.0004,"2d, Bromide",1.0,Pd(OAc)2,0.0625,P(tBu)3,0.125,NaHCO3,2.5,THF_V2,0.0,7315061.0,,
4850,6-quinoline-boronic acid hydrochloride,"1e, 6-BOH2-Q",1.0,0.0004,"2d, Bromide",1.0,Pd(OAc)2,0.0625,P(Ph)3 ,0.125,NaHCO3,2.5,THF_V2,65.69,9220190.0,,
4851,6-quinoline-boronic acid hydrochloride,"1e, 6-BOH2-Q",1.0,0.0004,"2d, Bromide",1.0,Pd(OAc)2,0.0625,AmPhos,0.125,NaHCO3,2.5,THF_V2,60.5,15462394.0,,
4852,6-quinoline-boronic acid hydrochloride,"1e, 6-BOH2-Q",1.0,0.0004,"2d, Bromide",1.0,Pd(OAc)2,0.0625,P(Cy)3,0.125,NaHCO3,2.5,THF_V2,26.66,5595432.5,,
4853,6-quinoline-boronic acid hydrochloride,"1e, 6-BOH2-Q",1.0,0.0004,"2d, Bromide",1.0,Pd(OAc)2,0.0625,P(o-Tol)3,0.125,NaHCO3,2.5,THF_V2,36.92,9138475.0,,
4854,6-quinoline-boronic acid hydrochloride,"1e, 6-BOH2-Q",1.0,0.0004,"2d, Bromide",1.0,Pd(OAc)2,0.0625,CataCXium A,0.125,NaHCO3,2.5,THF_V2,0.0,4692777.5,,
4855,6-quinoline-boronic acid hydrochloride,"1e, 6-BOH2-Q",1.0,0.0004,"2d, Bromide",1.0,Pd(OAc)2,0.0625,SPhos,0.125,NaHCO3,2.5,THF_V2,21.3,5354542.0,,
4856,6-quinoline-boronic acid hydrochloride,"1e, 6-BOH2-Q",1.0,0.0004,"2d, Bromide",1.0,Pd(OAc)2,0.0625,dtbpf,0.125,NaHCO3,2.5,THF_V2,50.18,12054744.0,,
4857,6-quinoline-boronic acid hydrochloride,"1e, 6-BOH2-Q",1.0,0.0004,"2d, Bromide",1.0,Pd(OAc)2,0.0625,XPhos,0.125,NaHCO3,2.5,THF_V2,42.18,10733496.0,,
4858,6-quinoline-boronic acid hydrochloride,"1e, 6-BOH2-Q",1.0,0.0004,"2d, Bromide",1.0,Pd(OAc)2,0.0625,dppf,0.125,NaHCO3,2.5,THF_V2,49.12,6791522.5,,
4859,6-quinoline-boronic acid hydrochloride,"1e, 6-BOH2-Q",1.0,0.0004,"2d, Bromide",1.0,Pd(OAc)2,0.0625,Xantphos,0.125,NaHCO3,2.5,THF_V2,0.0,0.0,,
4860,6-quinoline-boronic acid hydrochloride,"1e, 6-BOH2-Q",1.0,0.0004,"2d, Bromide",1.0,Pd(OAc)2,0.0625,,,NaHCO3,2.5,THF_V2,22.93,4974755.0,,
4861,6-quinoline-boronic acid hydrochloride,"1e, 6-BOH2-Q",1.0,0.0004,"2d, Bromide",1.0,Pd(OAc)2,0.0625,P(tBu)3,0.125,Et3N,2.5,THF_V2,38.9,9500675.0,,
4862,6-quinoline-boronic acid hydrochloride,"1e, 6-BOH2-Q",1.0,0.0004,"2d, Bromide",1.0,Pd(OAc)2,0.0625,P(Ph)3 ,0.125,Et3N,2.5,THF_V2,35.79,9804262.0,,
4863,6-quinoline-boronic acid hydrochloride,"1e, 6-BOH2-Q",1.0,0.0004,"2d, Bromide",1.0,Pd(OAc)2,0.0625,AmPhos,0.125,Et3N,2.5,THF_V2,35.74,8144652.0,,
4864,6-quinoline-boronic acid hydrochloride,"1e, 6-BOH2-Q",1.0,0.0004,"2d, Bromide",1.0,Pd(OAc)2,0.0625,P(Cy)3,0.125,Et3N,2.5,THF_V2,17.56,4291503.5,,
4865,6-quinoline-boronic acid hydrochloride,"1e, 6-BOH2-Q",1.0,0.0004,"2d, Bromide",1.0,Pd(OAc)2,0.0625,P(o-Tol)3,0.125,Et3N,2.5,THF_V2,0.0,3600579.75,,
4866,6-quinoline-boronic acid hydrochloride,"1e, 6-BOH2-Q",1.0,0.0004,"2d, Bromide",1.0,Pd(OAc)2,0.0625,CataCXium A,0.125,Et3N,2.5,THF_V2,32.05,6552852.5,,
4867,6-quinoline-boronic acid hydrochloride,"1e, 6-BOH2-Q",1.0,0.0004,"2d, Bromide",1.0,Pd(OAc)2,0.0625,SPhos,0.125,Et3N,2.5,THF_V2,19.25,4351218.0,,
4868,6-quinoline-boronic acid hydrochloride,"1e, 6-BOH2-Q",1.0,0.0004,"2d, Bromide",1.0,Pd(OAc)2,0.0625,dtbpf,0.125,Et3N,2.5,THF_V2,0.0,3602571.5,,
4869,6-quinoline-boronic acid hydrochloride,"1e, 6-BOH2-Q",1.0,0.0004,"2d, Bromide",1.0,Pd(OAc)2,0.0625,XPhos,0.125,Et3N,2.5,THF_V2,24.67,6327532.5,,
4870,6-quinoline-boronic acid hydrochloride,"1e, 6-BOH2-Q",1.0,0.0004,"2d, Bromide",1.0,Pd(OAc)2,0.0625,dppf,0.125,Et3N,2.5,THF_V2,27.87,2619269.25,,
4871,6-quinoline-boronic acid hydrochloride,"1e, 6-BOH2-Q",1.0,0.0004,"2d, Bromide",1.0,Pd(OAc)2,0.0625,Xantphos,0.125,Et3N,2.5,THF_V2,0.0,1212940.5,,
4872,6-quinoline-boronic acid hydrochloride,"1e, 6-BOH2-Q",1.0,0.0004,"2d, Bromide",1.0,Pd(OAc)2,0.0625,,,Et3N,2.5,THF_V2,0.0,1144886.13,,
4873,6-quinoline-boronic acid hydrochloride,"1e, 6-BOH2-Q",1.0,0.0004,"2d, Bromide",1.0,Pd(OAc)2,0.0625,P(tBu)3,0.125,CsF,2.5,THF_V2,25.71,7129826.5,,
4874,6-quinoline-boronic acid hydrochloride,"1e, 6-BOH2-Q",1.0,0.0004,"2d, Bromide",1.0,Pd(OAc)2,0.0625,P(Ph)3 ,0.125,CsF,2.5,THF_V2,36.75,10457276.0,,
4875,6-quinoline-boronic acid hydrochloride,"1e, 6-BOH2-Q",1.0,0.0004,"2d, Bromide",1.0,Pd(OAc)2,0.0625,AmPhos,0.125,CsF,2.5,THF_V2,44.52,13753513.0,,
4876,6-quinoline-boronic acid hydrochloride,"1e, 6-BOH2-Q",1.0,0.0004,"2d, Bromide",1.0,Pd(OAc)2,0.0625,P(Cy)3,0.125,CsF,2.5,THF_V2,0.0,795440.5,,
4877,6-quinoline-boronic acid hydrochloride,"1e, 6-BOH2-Q",1.0,0.0004,"2d, Bromide",1.0,Pd(OAc)2,0.0625,P(o-Tol)3,0.125,CsF,2.5,THF_V2,26.79,8200269.5,,
4878,6-quinoline-boronic acid hydrochloride,"1e, 6-BOH2-Q",1.0,0.0004,"2d, Bromide",1.0,Pd(OAc)2,0.0625,CataCXium A,0.125,CsF,2.5,THF_V2,36.74,5704838.5,,
4879,6-quinoline-boronic acid hydrochloride,"1e, 6-BOH2-Q",1.0,0.0004,"2d, Bromide",1.0,Pd(OAc)2,0.0625,SPhos,0.125,CsF,2.5,THF_V2,28.67,8921161.0,,
4880,6-quinoline-boronic acid hydrochloride,"1e, 6-BOH2-Q",1.0,0.0004,"2d, Bromide",1.0,Pd(OAc)2,0.0625,dtbpf,0.125,CsF,2.5,THF_V2,42.81,11233842.0,,
4881,6-quinoline-boronic acid hydrochloride,"1e, 6-BOH2-Q",1.0,0.0004,"2d, Bromide",1.0,Pd(OAc)2,0.0625,XPhos,0.125,CsF,2.5,THF_V2,15.2,3295471.25,,
4882,6-quinoline-boronic acid hydrochloride,"1e, 6-BOH2-Q",1.0,0.0004,"2d, Bromide",1.0,Pd(OAc)2,0.0625,dppf,0.125,CsF,2.5,THF_V2,37.13,5571631.5,,
4883,6-quinoline-boronic acid hydrochloride,"1e, 6-BOH2-Q",1.0,0.0004,"2d, Bromide",1.0,Pd(OAc)2,0.0625,Xantphos,0.125,CsF,2.5,THF_V2,0.0,594454.5,,
4884,6-quinoline-boronic acid hydrochloride,"1e, 6-BOH2-Q",1.0,0.0004,"2d, Bromide",1.0,Pd(OAc)2,0.0625,,,CsF,2.5,THF_V2,0.0,1845046.38,,
4885,6-quinoline-boronic acid hydrochloride,"1e, 6-BOH2-Q",1.0,0.0004,"2d, Bromide",1.0,Pd(OAc)2,0.0625,P(tBu)3,0.125,K3PO4,2.5,THF_V2,30.97,9199582.0,,
4886,6-quinoline-boronic acid hydrochloride,"1e, 6-BOH2-Q",1.0,0.0004,"2d, Bromide",1.0,Pd(OAc)2,0.0625,P(Ph)3 ,0.125,K3PO4,2.5,THF_V2,33.25,8064884.0,,
4887,6-quinoline-boronic acid hydrochloride,"1e, 6-BOH2-Q",1.0,0.0004,"2d, Bromide",1.0,Pd(OAc)2,0.0625,AmPhos,0.125,K3PO4,2.5,THF_V2,42.52,13373931.0,,
4888,6-quinoline-boronic acid hydrochloride,"1e, 6-BOH2-Q",1.0,0.0004,"2d, Bromide",1.0,Pd(OAc)2,0.0625,P(Cy)3,0.125,K3PO4,2.5,THF_V2,17.52,2734127.25,,
4889,6-quinoline-boronic acid hydrochloride,"1e, 6-BOH2-Q",1.0,0.0004,"2d, Bromide",1.0,Pd(OAc)2,0.0625,P(o-Tol)3,0.125,K3PO4,2.5,THF_V2,30.64,8697164.0,,
4890,6-quinoline-boronic acid hydrochloride,"1e, 6-BOH2-Q",1.0,0.0004,"2d, Bromide",1.0,Pd(OAc)2,0.0625,CataCXium A,0.125,K3PO4,2.5,THF_V2,39.73,9152354.0,,
4891,6-quinoline-boronic acid hydrochloride,"1e, 6-BOH2-Q",1.0,0.0004,"2d, Bromide",1.0,Pd(OAc)2,0.0625,SPhos,0.125,K3PO4,2.5,THF_V2,21.77,4894310.5,,
4892,6-quinoline-boronic acid hydrochloride,"1e, 6-BOH2-Q",1.0,0.0004,"2d, Bromide",1.0,Pd(OAc)2,0.0625,dtbpf,0.125,K3PO4,2.5,THF_V2,44.0,10127937.0,,
4893,6-quinoline-boronic acid hydrochloride,"1e, 6-BOH2-Q",1.0,0.0004,"2d, Bromide",1.0,Pd(OAc)2,0.0625,XPhos,0.125,K3PO4,2.5,THF_V2,33.33,10168310.0,,
4894,6-quinoline-boronic acid hydrochloride,"1e, 6-BOH2-Q",1.0,0.0004,"2d, Bromide",1.0,Pd(OAc)2,0.0625,dppf,0.125,K3PO4,2.5,THF_V2,34.51,3631840.0,,
4895,6-quinoline-boronic acid hydrochloride,"1e, 6-BOH2-Q",1.0,0.0004,"2d, Bromide",1.0,Pd(OAc)2,0.0625,Xantphos,0.125,K3PO4,2.5,THF_V2,0.0,1598689.5,,
4896,6-quinoline-boronic acid hydrochloride,"1e, 6-BOH2-Q",1.0,0.0004,"2d, Bromide",1.0,Pd(OAc)2,0.0625,,,K3PO4,2.5,THF_V2,19.15,4064074.25,,
4897,6-quinoline-boronic acid hydrochloride,"1e, 6-BOH2-Q",1.0,0.0004,"2d, Bromide",1.0,Pd(OAc)2,0.0625,P(tBu)3,0.125,,2.5,DMF,0.0,278584.88,,
4898,6-quinoline-boronic acid hydrochloride,"1e, 6-BOH2-Q",1.0,0.0004,"2d, Bromide",1.0,Pd(OAc)2,0.0625,P(Ph)3 ,0.125,,2.5,DMF,0.0,348097.16,,
4899,6-quinoline-boronic acid hydrochloride,"1e, 6-BOH2-Q",1.0,0.0004,"2d, Bromide",1.0,Pd(OAc)2,0.0625,AmPhos,0.125,,2.5,DMF,0.0,256376.47,,
4900,6-quinoline-boronic acid hydrochloride,"1e, 6-BOH2-Q",1.0,0.0004,"2d, Bromide",1.0,Pd(OAc)2,0.0625,P(Cy)3,0.125,,2.5,DMF,0.0,49168.34,,
4901,6-quinoline-boronic acid hydrochloride,"1e, 6-BOH2-Q",1.0,0.0004,"2d, Bromide",1.0,Pd(OAc)2,0.0625,P(o-Tol)3,0.125,,2.5,DMF,0.0,53674.13,,
4902,6-quinoline-boronic acid hydrochloride,"1e, 6-BOH2-Q",1.0,0.0004,"2d, Bromide",1.0,Pd(OAc)2,0.0625,CataCXium A,0.125,,2.5,DMF,0.0,37868.94,,
4903,6-quinoline-boronic acid hydrochloride,"1e, 6-BOH2-Q",1.0,0.0004,"2d, Bromide",1.0,Pd(OAc)2,0.0625,SPhos,0.125,,2.5,DMF,0.0,12057.94,,
4904,6-quinoline-boronic acid hydrochloride,"1e, 6-BOH2-Q",1.0,0.0004,"2d, Bromide",1.0,Pd(OAc)2,0.0625,dtbpf,0.125,,2.5,DMF,0.0,12944.78,,
4905,6-quinoline-boronic acid hydrochloride,"1e, 6-BOH2-Q",1.0,0.0004,"2d, Bromide",1.0,Pd(OAc)2,0.0625,XPhos,0.125,,2.5,DMF,0.0,15810.95,,
4906,6-quinoline-boronic acid hydrochloride,"1e, 6-BOH2-Q",1.0,0.0004,"2d, Bromide",1.0,Pd(OAc)2,0.0625,dppf,0.125,,2.5,DMF,0.0,0.0,,
4907,6-quinoline-boronic acid hydrochloride,"1e, 6-BOH2-Q",1.0,0.0004,"2d, Bromide",1.0,Pd(OAc)2,0.0625,Xantphos,0.125,,2.5,DMF,0.0,0.0,,
4908,6-quinoline-boronic acid hydrochloride,"1e, 6-BOH2-Q",1.0,0.0004,"2d, Bromide",1.0,Pd(OAc)2,0.0625,,,,2.5,DMF,0.0,0.0,,
4909,6-quinoline-boronic acid hydrochloride,"1e, 6-BOH2-Q",1.0,0.0004,"2d, Bromide",1.0,Pd(OAc)2,0.0625,P(tBu)3,0.125,NaOH,2.5,DMF,19.63,7233903.5,,
4910,6-quinoline-boronic acid hydrochloride,"1e, 6-BOH2-Q",1.0,0.0004,"2d, Bromide",1.0,Pd(OAc)2,0.0625,P(Ph)3 ,0.125,NaOH,2.5,DMF,58.22,17365620.0,,
4911,6-quinoline-boronic acid hydrochloride,"1e, 6-BOH2-Q",1.0,0.0004,"2d, Bromide",1.0,Pd(OAc)2,0.0625,AmPhos,0.125,NaOH,2.5,DMF,32.12,8555594.0,,
4912,6-quinoline-boronic acid hydrochloride,"1e, 6-BOH2-Q",1.0,0.0004,"2d, Bromide",1.0,Pd(OAc)2,0.0625,P(Cy)3,0.125,NaOH,2.5,DMF,35.02,10059871.0,,
4913,6-quinoline-boronic acid hydrochloride,"1e, 6-BOH2-Q",1.0,0.0004,"2d, Bromide",1.0,Pd(OAc)2,0.0625,P(o-Tol)3,0.125,NaOH,2.5,DMF,17.46,7119628.5,,
4914,6-quinoline-boronic acid hydrochloride,"1e, 6-BOH2-Q",1.0,0.0004,"2d, Bromide",1.0,Pd(OAc)2,0.0625,CataCXium A,0.125,NaOH,2.5,DMF,40.97,8785070.0,,
4915,6-quinoline-boronic acid hydrochloride,"1e, 6-BOH2-Q",1.0,0.0004,"2d, Bromide",1.0,Pd(OAc)2,0.0625,SPhos,0.125,NaOH,2.5,DMF,39.48,10554668.0,,
4916,6-quinoline-boronic acid hydrochloride,"1e, 6-BOH2-Q",1.0,0.0004,"2d, Bromide",1.0,Pd(OAc)2,0.0625,dtbpf,0.125,NaOH,2.5,DMF,55.75,17521516.0,,
4917,6-quinoline-boronic acid hydrochloride,"1e, 6-BOH2-Q",1.0,0.0004,"2d, Bromide",1.0,Pd(OAc)2,0.0625,XPhos,0.125,NaOH,2.5,DMF,33.67,8552843.0,,
4918,6-quinoline-boronic acid hydrochloride,"1e, 6-BOH2-Q",1.0,0.0004,"2d, Bromide",1.0,Pd(OAc)2,0.0625,dppf,0.125,NaOH,2.5,DMF,0.0,611040.75,,
4919,6-quinoline-boronic acid hydrochloride,"1e, 6-BOH2-Q",1.0,0.0004,"2d, Bromide",1.0,Pd(OAc)2,0.0625,Xantphos,0.125,NaOH,2.5,DMF,0.0,566151.06,,
4920,6-quinoline-boronic acid hydrochloride,"1e, 6-BOH2-Q",1.0,0.0004,"2d, Bromide",1.0,Pd(OAc)2,0.0625,,,NaOH,2.5,DMF,20.86,7216184.5,,
4921,6-quinoline-boronic acid hydrochloride,"1e, 6-BOH2-Q",1.0,0.0004,"2d, Bromide",1.0,Pd(OAc)2,0.0625,P(tBu)3,0.125,KOH,2.5,DMF,43.96,10304498.0,,
4922,6-quinoline-boronic acid hydrochloride,"1e, 6-BOH2-Q",1.0,0.0004,"2d, Bromide",1.0,Pd(OAc)2,0.0625,P(Ph)3 ,0.125,KOH,2.5,DMF,65.58,19845266.0,,
4923,6-quinoline-boronic acid hydrochloride,"1e, 6-BOH2-Q",1.0,0.0004,"2d, Bromide",1.0,Pd(OAc)2,0.0625,AmPhos,0.125,KOH,2.5,DMF,44.73,11763936.0,,
4924,6-quinoline-boronic acid hydrochloride,"1e, 6-BOH2-Q",1.0,0.0004,"2d, Bromide",1.0,Pd(OAc)2,0.0625,P(Cy)3,0.125,KOH,2.5,DMF,56.1,16968954.0,,
4925,6-quinoline-boronic acid hydrochloride,"1e, 6-BOH2-Q",1.0,0.0004,"2d, Bromide",1.0,Pd(OAc)2,0.0625,P(o-Tol)3,0.125,KOH,2.5,DMF,52.96,13786146.0,,
4926,6-quinoline-boronic acid hydrochloride,"1e, 6-BOH2-Q",1.0,0.0004,"2d, Bromide",1.0,Pd(OAc)2,0.0625,CataCXium A,0.125,KOH,2.5,DMF,56.93,12405818.0,,
4927,6-quinoline-boronic acid hydrochloride,"1e, 6-BOH2-Q",1.0,0.0004,"2d, Bromide",1.0,Pd(OAc)2,0.0625,SPhos,0.125,KOH,2.5,DMF,44.25,11761445.0,,
4928,6-quinoline-boronic acid hydrochloride,"1e, 6-BOH2-Q",1.0,0.0004,"2d, Bromide",1.0,Pd(OAc)2,0.0625,dtbpf,0.125,KOH,2.5,DMF,71.88,19795014.0,,
4929,6-quinoline-boronic acid hydrochloride,"1e, 6-BOH2-Q",1.0,0.0004,"2d, Bromide",1.0,Pd(OAc)2,0.0625,XPhos,0.125,KOH,2.5,DMF,54.95,14275464.0,,
4930,6-quinoline-boronic acid hydrochloride,"1e, 6-BOH2-Q",1.0,0.0004,"2d, Bromide",1.0,Pd(OAc)2,0.0625,dppf,0.125,KOH,2.5,DMF,0.0,705165.0,,
4931,6-quinoline-boronic acid hydrochloride,"1e, 6-BOH2-Q",1.0,0.0004,"2d, Bromide",1.0,Pd(OAc)2,0.0625,Xantphos,0.125,KOH,2.5,DMF,0.0,828475.19,,
4932,6-quinoline-boronic acid hydrochloride,"1e, 6-BOH2-Q",1.0,0.0004,"2d, Bromide",1.0,Pd(OAc)2,0.0625,,,KOH,2.5,DMF,28.94,10552053.0,,
4933,6-quinoline-boronic acid hydrochloride,"1e, 6-BOH2-Q",1.0,0.0004,"2d, Bromide",1.0,Pd(OAc)2,0.0625,P(tBu)3,0.125,LiOtBu,2.5,DMF,42.28,10751518.0,,
4934,6-quinoline-boronic acid hydrochloride,"1e, 6-BOH2-Q",1.0,0.0004,"2d, Bromide",1.0,Pd(OAc)2,0.0625,P(Ph)3 ,0.125,LiOtBu,2.5,DMF,65.0,19136036.0,,
4935,6-quinoline-boronic acid hydrochloride,"1e, 6-BOH2-Q",1.0,0.0004,"2d, Bromide",1.0,Pd(OAc)2,0.0625,AmPhos,0.125,LiOtBu,2.5,DMF,36.89,8684106.0,,
4936,6-quinoline-boronic acid hydrochloride,"1e, 6-BOH2-Q",1.0,0.0004,"2d, Bromide",1.0,Pd(OAc)2,0.0625,P(Cy)3,0.125,LiOtBu,2.5,DMF,37.37,11760826.0,,
4937,6-quinoline-boronic acid hydrochloride,"1e, 6-BOH2-Q",1.0,0.0004,"2d, Bromide",1.0,Pd(OAc)2,0.0625,P(o-Tol)3,0.125,LiOtBu,2.5,DMF,31.29,8684506.0,,
4938,6-quinoline-boronic acid hydrochloride,"1e, 6-BOH2-Q",1.0,0.0004,"2d, Bromide",1.0,Pd(OAc)2,0.0625,CataCXium A,0.125,LiOtBu,2.5,DMF,45.63,8171985.5,,
4939,6-quinoline-boronic acid hydrochloride,"1e, 6-BOH2-Q",1.0,0.0004,"2d, Bromide",1.0,Pd(OAc)2,0.0625,SPhos,0.125,LiOtBu,2.5,DMF,27.04,6644637.0,,
4940,6-quinoline-boronic acid hydrochloride,"1e, 6-BOH2-Q",1.0,0.0004,"2d, Bromide",1.0,Pd(OAc)2,0.0625,dtbpf,0.125,LiOtBu,2.5,DMF,64.13,17811052.0,,
4941,6-quinoline-boronic acid hydrochloride,"1e, 6-BOH2-Q",1.0,0.0004,"2d, Bromide",1.0,Pd(OAc)2,0.0625,XPhos,0.125,LiOtBu,2.5,DMF,30.97,8681947.0,,
4942,6-quinoline-boronic acid hydrochloride,"1e, 6-BOH2-Q",1.0,0.0004,"2d, Bromide",1.0,Pd(OAc)2,0.0625,dppf,0.125,LiOtBu,2.5,DMF,0.0,397854.72,,
4943,6-quinoline-boronic acid hydrochloride,"1e, 6-BOH2-Q",1.0,0.0004,"2d, Bromide",1.0,Pd(OAc)2,0.0625,Xantphos,0.125,LiOtBu,2.5,DMF,0.0,383057.09,,
4944,6-quinoline-boronic acid hydrochloride,"1e, 6-BOH2-Q",1.0,0.0004,"2d, Bromide",1.0,Pd(OAc)2,0.0625,,,LiOtBu,2.5,DMF,15.35,3434465.75,,
4945,6-quinoline-boronic acid hydrochloride,"1e, 6-BOH2-Q",1.0,0.0004,"2d, Bromide",1.0,Pd(OAc)2,0.0625,P(tBu)3,0.125,NaHCO3,2.5,DMF,23.35,5525853.0,,
4946,6-quinoline-boronic acid hydrochloride,"1e, 6-BOH2-Q",1.0,0.0004,"2d, Bromide",1.0,Pd(OAc)2,0.0625,P(Ph)3 ,0.125,NaHCO3,2.5,DMF,43.73,12607922.0,,
4947,6-quinoline-boronic acid hydrochloride,"1e, 6-BOH2-Q",1.0,0.0004,"2d, Bromide",1.0,Pd(OAc)2,0.0625,AmPhos,0.125,NaHCO3,2.5,DMF,24.67,5181369.0,,
4948,6-quinoline-boronic acid hydrochloride,"1e, 6-BOH2-Q",1.0,0.0004,"2d, Bromide",1.0,Pd(OAc)2,0.0625,P(Cy)3,0.125,NaHCO3,2.5,DMF,18.88,2845791.0,,
4949,6-quinoline-boronic acid hydrochloride,"1e, 6-BOH2-Q",1.0,0.0004,"2d, Bromide",1.0,Pd(OAc)2,0.0625,P(o-Tol)3,0.125,NaHCO3,2.5,DMF,21.35,3915052.25,,
4950,6-quinoline-boronic acid hydrochloride,"1e, 6-BOH2-Q",1.0,0.0004,"2d, Bromide",1.0,Pd(OAc)2,0.0625,CataCXium A,0.125,NaHCO3,2.5,DMF,26.69,4365961.5,,
4951,6-quinoline-boronic acid hydrochloride,"1e, 6-BOH2-Q",1.0,0.0004,"2d, Bromide",1.0,Pd(OAc)2,0.0625,SPhos,0.125,NaHCO3,2.5,DMF,27.57,4741604.0,,
4952,6-quinoline-boronic acid hydrochloride,"1e, 6-BOH2-Q",1.0,0.0004,"2d, Bromide",1.0,Pd(OAc)2,0.0625,dtbpf,0.125,NaHCO3,2.5,DMF,26.28,6165292.0,,
4953,6-quinoline-boronic acid hydrochloride,"1e, 6-BOH2-Q",1.0,0.0004,"2d, Bromide",1.0,Pd(OAc)2,0.0625,XPhos,0.125,NaHCO3,2.5,DMF,21.65,3844151.25,,
4954,6-quinoline-boronic acid hydrochloride,"1e, 6-BOH2-Q",1.0,0.0004,"2d, Bromide",1.0,Pd(OAc)2,0.0625,dppf,0.125,NaHCO3,2.5,DMF,33.46,3354504.75,,
4955,6-quinoline-boronic acid hydrochloride,"1e, 6-BOH2-Q",1.0,0.0004,"2d, Bromide",1.0,Pd(OAc)2,0.0625,Xantphos,0.125,NaHCO3,2.5,DMF,0.0,251866.27,,
4956,6-quinoline-boronic acid hydrochloride,"1e, 6-BOH2-Q",1.0,0.0004,"2d, Bromide",1.0,Pd(OAc)2,0.0625,,,NaHCO3,2.5,DMF,18.63,3012729.75,,
4957,6-quinoline-boronic acid hydrochloride,"1e, 6-BOH2-Q",1.0,0.0004,"2d, Bromide",1.0,Pd(OAc)2,0.0625,P(tBu)3,0.125,Et3N,2.5,DMF,23.61,3423385.5,,
4958,6-quinoline-boronic acid hydrochloride,"1e, 6-BOH2-Q",1.0,0.0004,"2d, Bromide",1.0,Pd(OAc)2,0.0625,P(Ph)3 ,0.125,Et3N,2.5,DMF,35.72,9754046.0,,
4959,6-quinoline-boronic acid hydrochloride,"1e, 6-BOH2-Q",1.0,0.0004,"2d, Bromide",1.0,Pd(OAc)2,0.0625,AmPhos,0.125,Et3N,2.5,DMF,22.9,6202123.0,,
4960,6-quinoline-boronic acid hydrochloride,"1e, 6-BOH2-Q",1.0,0.0004,"2d, Bromide",1.0,Pd(OAc)2,0.0625,P(Cy)3,0.125,Et3N,2.5,DMF,17.24,3810524.5,,
4961,6-quinoline-boronic acid hydrochloride,"1e, 6-BOH2-Q",1.0,0.0004,"2d, Bromide",1.0,Pd(OAc)2,0.0625,P(o-Tol)3,0.125,Et3N,2.5,DMF,20.16,2817517.5,,
4962,6-quinoline-boronic acid hydrochloride,"1e, 6-BOH2-Q",1.0,0.0004,"2d, Bromide",1.0,Pd(OAc)2,0.0625,CataCXium A,0.125,Et3N,2.5,DMF,21.28,3171060.0,,
4963,6-quinoline-boronic acid hydrochloride,"1e, 6-BOH2-Q",1.0,0.0004,"2d, Bromide",1.0,Pd(OAc)2,0.0625,SPhos,0.125,Et3N,2.5,DMF,0.0,701010.88,,
4964,6-quinoline-boronic acid hydrochloride,"1e, 6-BOH2-Q",1.0,0.0004,"2d, Bromide",1.0,Pd(OAc)2,0.0625,dtbpf,0.125,Et3N,2.5,DMF,0.0,1725566.13,,
4965,6-quinoline-boronic acid hydrochloride,"1e, 6-BOH2-Q",1.0,0.0004,"2d, Bromide",1.0,Pd(OAc)2,0.0625,XPhos,0.125,Et3N,2.5,DMF,0.0,469796.5,,
4966,6-quinoline-boronic acid hydrochloride,"1e, 6-BOH2-Q",1.0,0.0004,"2d, Bromide",1.0,Pd(OAc)2,0.0625,dppf,0.125,Et3N,2.5,DMF,0.0,872295.69,,
4967,6-quinoline-boronic acid hydrochloride,"1e, 6-BOH2-Q",1.0,0.0004,"2d, Bromide",1.0,Pd(OAc)2,0.0625,Xantphos,0.125,Et3N,2.5,DMF,0.0,47024.23,,
4968,6-quinoline-boronic acid hydrochloride,"1e, 6-BOH2-Q",1.0,0.0004,"2d, Bromide",1.0,Pd(OAc)2,0.0625,,,Et3N,2.5,DMF,0.0,75215.08,,
4969,6-quinoline-boronic acid hydrochloride,"1e, 6-BOH2-Q",1.0,0.0004,"2d, Bromide",1.0,Pd(OAc)2,0.0625,P(tBu)3,0.125,CsF,2.5,DMF,0.0,1940164.5,,
4970,6-quinoline-boronic acid hydrochloride,"1e, 6-BOH2-Q",1.0,0.0004,"2d, Bromide",1.0,Pd(OAc)2,0.0625,P(Ph)3 ,0.125,CsF,2.5,DMF,19.92,8983689.0,,
4971,6-quinoline-boronic acid hydrochloride,"1e, 6-BOH2-Q",1.0,0.0004,"2d, Bromide",1.0,Pd(OAc)2,0.0625,AmPhos,0.125,CsF,2.5,DMF,28.87,7719338.5,,
4972,6-quinoline-boronic acid hydrochloride,"1e, 6-BOH2-Q",1.0,0.0004,"2d, Bromide",1.0,Pd(OAc)2,0.0625,P(Cy)3,0.125,CsF,2.5,DMF,0.0,1767278.75,,
4973,6-quinoline-boronic acid hydrochloride,"1e, 6-BOH2-Q",1.0,0.0004,"2d, Bromide",1.0,Pd(OAc)2,0.0625,P(o-Tol)3,0.125,CsF,2.5,DMF,18.36,7161919.0,,
4974,6-quinoline-boronic acid hydrochloride,"1e, 6-BOH2-Q",1.0,0.0004,"2d, Bromide",1.0,Pd(OAc)2,0.0625,CataCXium A,0.125,CsF,2.5,DMF,45.11,9669825.0,,
4975,6-quinoline-boronic acid hydrochloride,"1e, 6-BOH2-Q",1.0,0.0004,"2d, Bromide",1.0,Pd(OAc)2,0.0625,SPhos,0.125,CsF,2.5,DMF,21.07,5163302.0,,
4976,6-quinoline-boronic acid hydrochloride,"1e, 6-BOH2-Q",1.0,0.0004,"2d, Bromide",1.0,Pd(OAc)2,0.0625,dtbpf,0.125,CsF,2.5,DMF,39.03,11002325.0,,
4977,6-quinoline-boronic acid hydrochloride,"1e, 6-BOH2-Q",1.0,0.0004,"2d, Bromide",1.0,Pd(OAc)2,0.0625,XPhos,0.125,CsF,2.5,DMF,16.23,3020594.0,,
4978,6-quinoline-boronic acid hydrochloride,"1e, 6-BOH2-Q",1.0,0.0004,"2d, Bromide",1.0,Pd(OAc)2,0.0625,dppf,0.125,CsF,2.5,DMF,39.71,7459098.0,,
4979,6-quinoline-boronic acid hydrochloride,"1e, 6-BOH2-Q",1.0,0.0004,"2d, Bromide",1.0,Pd(OAc)2,0.0625,Xantphos,0.125,CsF,2.5,DMF,0.0,432700.09,,
4980,6-quinoline-boronic acid hydrochloride,"1e, 6-BOH2-Q",1.0,0.0004,"2d, Bromide",1.0,Pd(OAc)2,0.0625,,,CsF,2.5,DMF,15.82,3093078.0,,
4981,6-quinoline-boronic acid hydrochloride,"1e, 6-BOH2-Q",1.0,0.0004,"2d, Bromide",1.0,Pd(OAc)2,0.0625,P(tBu)3,0.125,K3PO4,2.5,DMF,28.15,6452414.5,,
4982,6-quinoline-boronic acid hydrochloride,"1e, 6-BOH2-Q",1.0,0.0004,"2d, Bromide",1.0,Pd(OAc)2,0.0625,P(Ph)3 ,0.125,K3PO4,2.5,DMF,55.61,16818066.0,,
4983,6-quinoline-boronic acid hydrochloride,"1e, 6-BOH2-Q",1.0,0.0004,"2d, Bromide",1.0,Pd(OAc)2,0.0625,AmPhos,0.125,K3PO4,2.5,DMF,39.65,10443045.0,,
4984,6-quinoline-boronic acid hydrochloride,"1e, 6-BOH2-Q",1.0,0.0004,"2d, Bromide",1.0,Pd(OAc)2,0.0625,P(Cy)3,0.125,K3PO4,2.5,DMF,38.92,11553660.0,,
4985,6-quinoline-boronic acid hydrochloride,"1e, 6-BOH2-Q",1.0,0.0004,"2d, Bromide",1.0,Pd(OAc)2,0.0625,P(o-Tol)3,0.125,K3PO4,2.5,DMF,43.05,11210546.0,,
4986,6-quinoline-boronic acid hydrochloride,"1e, 6-BOH2-Q",1.0,0.0004,"2d, Bromide",1.0,Pd(OAc)2,0.0625,CataCXium A,0.125,K3PO4,2.5,DMF,55.97,11062006.0,,
4987,6-quinoline-boronic acid hydrochloride,"1e, 6-BOH2-Q",1.0,0.0004,"2d, Bromide",1.0,Pd(OAc)2,0.0625,SPhos,0.125,K3PO4,2.5,DMF,47.46,12305712.0,,
4988,6-quinoline-boronic acid hydrochloride,"1e, 6-BOH2-Q",1.0,0.0004,"2d, Bromide",1.0,Pd(OAc)2,0.0625,dtbpf,0.125,K3PO4,2.5,DMF,59.3,15764138.0,,
4989,6-quinoline-boronic acid hydrochloride,"1e, 6-BOH2-Q",1.0,0.0004,"2d, Bromide",1.0,Pd(OAc)2,0.0625,XPhos,0.125,K3PO4,2.5,DMF,44.4,11545166.0,,
4990,6-quinoline-boronic acid hydrochloride,"1e, 6-BOH2-Q",1.0,0.0004,"2d, Bromide",1.0,Pd(OAc)2,0.0625,dppf,0.125,K3PO4,2.5,DMF,29.02,3698116.25,,
4991,6-quinoline-boronic acid hydrochloride,"1e, 6-BOH2-Q",1.0,0.0004,"2d, Bromide",1.0,Pd(OAc)2,0.0625,Xantphos,0.125,K3PO4,2.5,DMF,0.0,1126702.0,,
4992,6-quinoline-boronic acid hydrochloride,"1e, 6-BOH2-Q",1.0,0.0004,"2d, Bromide",1.0,Pd(OAc)2,0.0625,,,K3PO4,2.5,DMF,43.61,12897571.0,,
4993,Potassium quinoline-6-trifluoroborate,"1g, 6-BF3K-Q",1.0,0.0004,"2d, Bromide",1.0,Pd(OAc)2,0.0625,P(tBu)3,0.125,,2.5,MeOH,32.08,7182190.0,,
4994,Potassium quinoline-6-trifluoroborate,"1g, 6-BF3K-Q",1.0,0.0004,"2d, Bromide",1.0,Pd(OAc)2,0.0625,P(Ph)3 ,0.125,,2.5,MeOH,36.19,8640696.0,,
4995,Potassium quinoline-6-trifluoroborate,"1g, 6-BF3K-Q",1.0,0.0004,"2d, Bromide",1.0,Pd(OAc)2,0.0625,AmPhos,0.125,,2.5,MeOH,36.07,7755538.5,,
4996,Potassium quinoline-6-trifluoroborate,"1g, 6-BF3K-Q",1.0,0.0004,"2d, Bromide",1.0,Pd(OAc)2,0.0625,P(Cy)3,0.125,,2.5,MeOH,24.73,4623540.0,,
4997,Potassium quinoline-6-trifluoroborate,"1g, 6-BF3K-Q",1.0,0.0004,"2d, Bromide",1.0,Pd(OAc)2,0.0625,P(o-Tol)3,0.125,,2.5,MeOH,44.17,9396139.0,,
4998,Potassium quinoline-6-trifluoroborate,"1g, 6-BF3K-Q",1.0,0.0004,"2d, Bromide",1.0,Pd(OAc)2,0.0625,CataCXium A,0.125,,2.5,MeOH,39.59,8767409.0,,
4999,Potassium quinoline-6-trifluoroborate,"1g, 6-BF3K-Q",1.0,0.0004,"2d, Bromide",1.0,Pd(OAc)2,0.0625,SPhos,0.125,,2.5,MeOH,23.6,2481579.0,,
5000,Potassium quinoline-6-trifluoroborate,"1g, 6-BF3K-Q",1.0,0.0004,"2d, Bromide",1.0,Pd(OAc)2,0.0625,dtbpf,0.125,,2.5,MeOH,22.31,3778511.75,,
5001,Potassium quinoline-6-trifluoroborate,"1g, 6-BF3K-Q",1.0,0.0004,"2d, Bromide",1.0,Pd(OAc)2,0.0625,XPhos,0.125,,2.5,MeOH,24.1,2814950.75,,
5002,Potassium quinoline-6-trifluoroborate,"1g, 6-BF3K-Q",1.0,0.0004,"2d, Bromide",1.0,Pd(OAc)2,0.0625,dppf,0.125,,2.5,MeOH,0.0,653998.06,,
5003,Potassium quinoline-6-trifluoroborate,"1g, 6-BF3K-Q",1.0,0.0004,"2d, Bromide",1.0,Pd(OAc)2,0.0625,Xantphos,0.125,,2.5,MeOH,0.0,326215.31,,
5004,Potassium quinoline-6-trifluoroborate,"1g, 6-BF3K-Q",1.0,0.0004,"2d, Bromide",1.0,Pd(OAc)2,0.0625,,,,2.5,MeOH,24.13,4587911.0,,
5005,Potassium quinoline-6-trifluoroborate,"1g, 6-BF3K-Q",1.0,0.0004,"2d, Bromide",1.0,Pd(OAc)2,0.0625,P(tBu)3,0.125,NaOH,2.5,MeOH,59.71,12393547.0,,
5006,Potassium quinoline-6-trifluoroborate,"1g, 6-BF3K-Q",1.0,0.0004,"2d, Bromide",1.0,Pd(OAc)2,0.0625,P(Ph)3 ,0.125,NaOH,2.5,MeOH,57.99,14194812.0,,
5007,Potassium quinoline-6-trifluoroborate,"1g, 6-BF3K-Q",1.0,0.0004,"2d, Bromide",1.0,Pd(OAc)2,0.0625,AmPhos,0.125,NaOH,2.5,MeOH,57.69,12989713.0,,
5008,Potassium quinoline-6-trifluoroborate,"1g, 6-BF3K-Q",1.0,0.0004,"2d, Bromide",1.0,Pd(OAc)2,0.0625,P(Cy)3,0.125,NaOH,2.5,MeOH,41.63,9928463.0,,
5009,Potassium quinoline-6-trifluoroborate,"1g, 6-BF3K-Q",1.0,0.0004,"2d, Bromide",1.0,Pd(OAc)2,0.0625,P(o-Tol)3,0.125,NaOH,2.5,MeOH,73.84,16740090.0,,
5010,Potassium quinoline-6-trifluoroborate,"1g, 6-BF3K-Q",1.0,0.0004,"2d, Bromide",1.0,Pd(OAc)2,0.0625,CataCXium A,0.125,NaOH,2.5,MeOH,60.25,10631439.0,,
5011,Potassium quinoline-6-trifluoroborate,"1g, 6-BF3K-Q",1.0,0.0004,"2d, Bromide",1.0,Pd(OAc)2,0.0625,SPhos,0.125,NaOH,2.5,MeOH,59.63,12924276.0,,
5012,Potassium quinoline-6-trifluoroborate,"1g, 6-BF3K-Q",1.0,0.0004,"2d, Bromide",1.0,Pd(OAc)2,0.0625,dtbpf,0.125,NaOH,2.5,MeOH,49.55,11141200.0,,
5013,Potassium quinoline-6-trifluoroborate,"1g, 6-BF3K-Q",1.0,0.0004,"2d, Bromide",1.0,Pd(OAc)2,0.0625,XPhos,0.125,NaOH,2.5,MeOH,67.79,14392013.0,,
5014,Potassium quinoline-6-trifluoroborate,"1g, 6-BF3K-Q",1.0,0.0004,"2d, Bromide",1.0,Pd(OAc)2,0.0625,dppf,0.125,NaOH,2.5,MeOH,68.58,16916976.0,,
5015,Potassium quinoline-6-trifluoroborate,"1g, 6-BF3K-Q",1.0,0.0004,"2d, Bromide",1.0,Pd(OAc)2,0.0625,Xantphos,0.125,NaOH,2.5,MeOH,33.88,6603691.0,,
5016,Potassium quinoline-6-trifluoroborate,"1g, 6-BF3K-Q",1.0,0.0004,"2d, Bromide",1.0,Pd(OAc)2,0.0625,,,NaOH,2.5,MeOH,50.94,14591443.0,,
5017,Potassium quinoline-6-trifluoroborate,"1g, 6-BF3K-Q",1.0,0.0004,"2d, Bromide",1.0,Pd(OAc)2,0.0625,P(tBu)3,0.125,KOH,2.5,MeOH,59.16,12711668.0,,
5018,Potassium quinoline-6-trifluoroborate,"1g, 6-BF3K-Q",1.0,0.0004,"2d, Bromide",1.0,Pd(OAc)2,0.0625,P(Ph)3 ,0.125,KOH,2.5,MeOH,64.59,15094433.0,,
5019,Potassium quinoline-6-trifluoroborate,"1g, 6-BF3K-Q",1.0,0.0004,"2d, Bromide",1.0,Pd(OAc)2,0.0625,AmPhos,0.125,KOH,2.5,MeOH,55.89,12408649.0,,
5020,Potassium quinoline-6-trifluoroborate,"1g, 6-BF3K-Q",1.0,0.0004,"2d, Bromide",1.0,Pd(OAc)2,0.0625,P(Cy)3,0.125,KOH,2.5,MeOH,50.79,11698236.0,,
5021,Potassium quinoline-6-trifluoroborate,"1g, 6-BF3K-Q",1.0,0.0004,"2d, Bromide",1.0,Pd(OAc)2,0.0625,P(o-Tol)3,0.125,KOH,2.5,MeOH,72.36,17006206.0,,
5022,Potassium quinoline-6-trifluoroborate,"1g, 6-BF3K-Q",1.0,0.0004,"2d, Bromide",1.0,Pd(OAc)2,0.0625,CataCXium A,0.125,KOH,2.5,MeOH,55.51,9228732.0,,
5023,Potassium quinoline-6-trifluoroborate,"1g, 6-BF3K-Q",1.0,0.0004,"2d, Bromide",1.0,Pd(OAc)2,0.0625,SPhos,0.125,KOH,2.5,MeOH,56.92,12398315.0,,
5024,Potassium quinoline-6-trifluoroborate,"1g, 6-BF3K-Q",1.0,0.0004,"2d, Bromide",1.0,Pd(OAc)2,0.0625,dtbpf,0.125,KOH,2.5,MeOH,55.6,12241132.0,,
5025,Potassium quinoline-6-trifluoroborate,"1g, 6-BF3K-Q",1.0,0.0004,"2d, Bromide",1.0,Pd(OAc)2,0.0625,XPhos,0.125,KOH,2.5,MeOH,62.14,14906445.0,,
5026,Potassium quinoline-6-trifluoroborate,"1g, 6-BF3K-Q",1.0,0.0004,"2d, Bromide",1.0,Pd(OAc)2,0.0625,dppf,0.125,KOH,2.5,MeOH,51.29,10155950.0,,
5027,Potassium quinoline-6-trifluoroborate,"1g, 6-BF3K-Q",1.0,0.0004,"2d, Bromide",1.0,Pd(OAc)2,0.0625,Xantphos,0.125,KOH,2.5,MeOH,32.32,6862890.0,,
5028,Potassium quinoline-6-trifluoroborate,"1g, 6-BF3K-Q",1.0,0.0004,"2d, Bromide",1.0,Pd(OAc)2,0.0625,,,KOH,2.5,MeOH,54.03,16260001.0,,
5029,Potassium quinoline-6-trifluoroborate,"1g, 6-BF3K-Q",1.0,0.0004,"2d, Bromide",1.0,Pd(OAc)2,0.0625,P(tBu)3,0.125,LiOtBu,2.5,MeOH,26.25,6286978.5,,
5030,Potassium quinoline-6-trifluoroborate,"1g, 6-BF3K-Q",1.0,0.0004,"2d, Bromide",1.0,Pd(OAc)2,0.0625,P(Ph)3 ,0.125,LiOtBu,2.5,MeOH,70.5,15088725.0,,
5031,Potassium quinoline-6-trifluoroborate,"1g, 6-BF3K-Q",1.0,0.0004,"2d, Bromide",1.0,Pd(OAc)2,0.0625,AmPhos,0.125,LiOtBu,2.5,MeOH,42.71,8531316.0,,
5032,Potassium quinoline-6-trifluoroborate,"1g, 6-BF3K-Q",1.0,0.0004,"2d, Bromide",1.0,Pd(OAc)2,0.0625,P(Cy)3,0.125,LiOtBu,2.5,MeOH,42.82,8728661.0,,
5033,Potassium quinoline-6-trifluoroborate,"1g, 6-BF3K-Q",1.0,0.0004,"2d, Bromide",1.0,Pd(OAc)2,0.0625,P(o-Tol)3,0.125,LiOtBu,2.5,MeOH,71.71,15269722.0,,
5034,Potassium quinoline-6-trifluoroborate,"1g, 6-BF3K-Q",1.0,0.0004,"2d, Bromide",1.0,Pd(OAc)2,0.0625,CataCXium A,0.125,LiOtBu,2.5,MeOH,46.49,5782907.0,,
5035,Potassium quinoline-6-trifluoroborate,"1g, 6-BF3K-Q",1.0,0.0004,"2d, Bromide",1.0,Pd(OAc)2,0.0625,SPhos,0.125,LiOtBu,2.5,MeOH,54.15,9589358.0,,
5036,Potassium quinoline-6-trifluoroborate,"1g, 6-BF3K-Q",1.0,0.0004,"2d, Bromide",1.0,Pd(OAc)2,0.0625,dtbpf,0.125,LiOtBu,2.5,MeOH,32.06,6034074.5,,
5037,Potassium quinoline-6-trifluoroborate,"1g, 6-BF3K-Q",1.0,0.0004,"2d, Bromide",1.0,Pd(OAc)2,0.0625,XPhos,0.125,LiOtBu,2.5,MeOH,75.31,15920435.0,,
5038,Potassium quinoline-6-trifluoroborate,"1g, 6-BF3K-Q",1.0,0.0004,"2d, Bromide",1.0,Pd(OAc)2,0.0625,dppf,0.125,LiOtBu,2.5,MeOH,26.6,4813679.0,,
5039,Potassium quinoline-6-trifluoroborate,"1g, 6-BF3K-Q",1.0,0.0004,"2d, Bromide",1.0,Pd(OAc)2,0.0625,Xantphos,0.125,LiOtBu,2.5,MeOH,22.21,2749829.25,,
5040,Potassium quinoline-6-trifluoroborate,"1g, 6-BF3K-Q",1.0,0.0004,"2d, Bromide",1.0,Pd(OAc)2,0.0625,,,LiOtBu,2.5,MeOH,52.98,12510790.0,,
5041,Potassium quinoline-6-trifluoroborate,"1g, 6-BF3K-Q",1.0,0.0004,"2d, Bromide",1.0,Pd(OAc)2,0.0625,P(tBu)3,0.125,NaHCO3,2.5,MeOH,45.24,9977857.0,,
5042,Potassium quinoline-6-trifluoroborate,"1g, 6-BF3K-Q",1.0,0.0004,"2d, Bromide",1.0,Pd(OAc)2,0.0625,P(Ph)3 ,0.125,NaHCO3,2.5,MeOH,64.81,14618906.0,,
5043,Potassium quinoline-6-trifluoroborate,"1g, 6-BF3K-Q",1.0,0.0004,"2d, Bromide",1.0,Pd(OAc)2,0.0625,AmPhos,0.125,NaHCO3,2.5,MeOH,30.56,7606487.0,,
5044,Potassium quinoline-6-trifluoroborate,"1g, 6-BF3K-Q",1.0,0.0004,"2d, Bromide",1.0,Pd(OAc)2,0.0625,P(Cy)3,0.125,NaHCO3,2.5,MeOH,27.41,5703282.0,,
5045,Potassium quinoline-6-trifluoroborate,"1g, 6-BF3K-Q",1.0,0.0004,"2d, Bromide",1.0,Pd(OAc)2,0.0625,P(o-Tol)3,0.125,NaHCO3,2.5,MeOH,62.75,13633646.0,,
5046,Potassium quinoline-6-trifluoroborate,"1g, 6-BF3K-Q",1.0,0.0004,"2d, Bromide",1.0,Pd(OAc)2,0.0625,CataCXium A,0.125,NaHCO3,2.5,MeOH,31.17,4117582.0,,
5047,Potassium quinoline-6-trifluoroborate,"1g, 6-BF3K-Q",1.0,0.0004,"2d, Bromide",1.0,Pd(OAc)2,0.0625,SPhos,0.125,NaHCO3,2.5,MeOH,35.43,7651745.5,,
5048,Potassium quinoline-6-trifluoroborate,"1g, 6-BF3K-Q",1.0,0.0004,"2d, Bromide",1.0,Pd(OAc)2,0.0625,dtbpf,0.125,NaHCO3,2.5,MeOH,24.17,5895659.0,,
5049,Potassium quinoline-6-trifluoroborate,"1g, 6-BF3K-Q",1.0,0.0004,"2d, Bromide",1.0,Pd(OAc)2,0.0625,XPhos,0.125,NaHCO3,2.5,MeOH,0.0,11074535.0,,
5050,Potassium quinoline-6-trifluoroborate,"1g, 6-BF3K-Q",1.0,0.0004,"2d, Bromide",1.0,Pd(OAc)2,0.0625,dppf,0.125,NaHCO3,2.5,MeOH,0.0,1247738.63,,
5051,Potassium quinoline-6-trifluoroborate,"1g, 6-BF3K-Q",1.0,0.0004,"2d, Bromide",1.0,Pd(OAc)2,0.0625,Xantphos,0.125,NaHCO3,2.5,MeOH,0.0,393973.13,,
5052,Potassium quinoline-6-trifluoroborate,"1g, 6-BF3K-Q",1.0,0.0004,"2d, Bromide",1.0,Pd(OAc)2,0.0625,,,NaHCO3,2.5,MeOH,32.33,9921206.0,,
5053,Potassium quinoline-6-trifluoroborate,"1g, 6-BF3K-Q",1.0,0.0004,"2d, Bromide",1.0,Pd(OAc)2,0.0625,P(tBu)3,0.125,Et3N,2.5,MeOH,50.08,10124797.0,,
5054,Potassium quinoline-6-trifluoroborate,"1g, 6-BF3K-Q",1.0,0.0004,"2d, Bromide",1.0,Pd(OAc)2,0.0625,P(Ph)3 ,0.125,Et3N,2.5,MeOH,49.1,10794933.0,,
5055,Potassium quinoline-6-trifluoroborate,"1g, 6-BF3K-Q",1.0,0.0004,"2d, Bromide",1.0,Pd(OAc)2,0.0625,AmPhos,0.125,Et3N,2.5,MeOH,37.8,7583070.5,,
5056,Potassium quinoline-6-trifluoroborate,"1g, 6-BF3K-Q",1.0,0.0004,"2d, Bromide",1.0,Pd(OAc)2,0.0625,P(Cy)3,0.125,Et3N,2.5,MeOH,29.76,5271589.5,,
5057,Potassium quinoline-6-trifluoroborate,"1g, 6-BF3K-Q",1.0,0.0004,"2d, Bromide",1.0,Pd(OAc)2,0.0625,P(o-Tol)3,0.125,Et3N,2.5,MeOH,70.07,13719683.0,,
5058,Potassium quinoline-6-trifluoroborate,"1g, 6-BF3K-Q",1.0,0.0004,"2d, Bromide",1.0,Pd(OAc)2,0.0625,CataCXium A,0.125,Et3N,2.5,MeOH,44.55,5944771.5,,
5059,Potassium quinoline-6-trifluoroborate,"1g, 6-BF3K-Q",1.0,0.0004,"2d, Bromide",1.0,Pd(OAc)2,0.0625,SPhos,0.125,Et3N,2.5,MeOH,26.66,3407944.5,,
5060,Potassium quinoline-6-trifluoroborate,"1g, 6-BF3K-Q",1.0,0.0004,"2d, Bromide",1.0,Pd(OAc)2,0.0625,dtbpf,0.125,Et3N,2.5,MeOH,28.73,4545321.0,,
5061,Potassium quinoline-6-trifluoroborate,"1g, 6-BF3K-Q",1.0,0.0004,"2d, Bromide",1.0,Pd(OAc)2,0.0625,XPhos,0.125,Et3N,2.5,MeOH,36.46,7584449.5,,
5062,Potassium quinoline-6-trifluoroborate,"1g, 6-BF3K-Q",1.0,0.0004,"2d, Bromide",1.0,Pd(OAc)2,0.0625,dppf,0.125,Et3N,2.5,MeOH,0.0,1724956.25,,
5063,Potassium quinoline-6-trifluoroborate,"1g, 6-BF3K-Q",1.0,0.0004,"2d, Bromide",1.0,Pd(OAc)2,0.0625,Xantphos,0.125,Et3N,2.5,MeOH,0.0,763240.38,,
5064,Potassium quinoline-6-trifluoroborate,"1g, 6-BF3K-Q",1.0,0.0004,"2d, Bromide",1.0,Pd(OAc)2,0.0625,,,Et3N,2.5,MeOH,32.31,7039398.5,,
5065,Potassium quinoline-6-trifluoroborate,"1g, 6-BF3K-Q",1.0,0.0004,"2d, Bromide",1.0,Pd(OAc)2,0.0625,P(tBu)3,0.125,CsF,2.5,MeOH,41.75,9348058.0,,
5066,Potassium quinoline-6-trifluoroborate,"1g, 6-BF3K-Q",1.0,0.0004,"2d, Bromide",1.0,Pd(OAc)2,0.0625,P(Ph)3 ,0.125,CsF,2.5,MeOH,46.12,10043650.0,,
5067,Potassium quinoline-6-trifluoroborate,"1g, 6-BF3K-Q",1.0,0.0004,"2d, Bromide",1.0,Pd(OAc)2,0.0625,AmPhos,0.125,CsF,2.5,MeOH,44.94,10202594.0,,
5068,Potassium quinoline-6-trifluoroborate,"1g, 6-BF3K-Q",1.0,0.0004,"2d, Bromide",1.0,Pd(OAc)2,0.0625,P(Cy)3,0.125,CsF,2.5,MeOH,28.52,5182617.0,,
5069,Potassium quinoline-6-trifluoroborate,"1g, 6-BF3K-Q",1.0,0.0004,"2d, Bromide",1.0,Pd(OAc)2,0.0625,P(o-Tol)3,0.125,CsF,2.5,MeOH,56.92,13156546.0,,
5070,Potassium quinoline-6-trifluoroborate,"1g, 6-BF3K-Q",1.0,0.0004,"2d, Bromide",1.0,Pd(OAc)2,0.0625,CataCXium A,0.125,CsF,2.5,MeOH,42.92,6966835.0,,
5071,Potassium quinoline-6-trifluoroborate,"1g, 6-BF3K-Q",1.0,0.0004,"2d, Bromide",1.0,Pd(OAc)2,0.0625,SPhos,0.125,CsF,2.5,MeOH,29.47,4949464.0,,
5072,Potassium quinoline-6-trifluoroborate,"1g, 6-BF3K-Q",1.0,0.0004,"2d, Bromide",1.0,Pd(OAc)2,0.0625,dtbpf,0.125,CsF,2.5,MeOH,27.67,5042006.0,,
5073,Potassium quinoline-6-trifluoroborate,"1g, 6-BF3K-Q",1.0,0.0004,"2d, Bromide",1.0,Pd(OAc)2,0.0625,XPhos,0.125,CsF,2.5,MeOH,31.0,6398721.5,,
5074,Potassium quinoline-6-trifluoroborate,"1g, 6-BF3K-Q",1.0,0.0004,"2d, Bromide",1.0,Pd(OAc)2,0.0625,dppf,0.125,CsF,2.5,MeOH,0.0,734997.94,,
5075,Potassium quinoline-6-trifluoroborate,"1g, 6-BF3K-Q",1.0,0.0004,"2d, Bromide",1.0,Pd(OAc)2,0.0625,Xantphos,0.125,CsF,2.5,MeOH,0.0,1251984.25,,
5076,Potassium quinoline-6-trifluoroborate,"1g, 6-BF3K-Q",1.0,0.0004,"2d, Bromide",1.0,Pd(OAc)2,0.0625,,,CsF,2.5,MeOH,30.13,6527668.5,,
5077,Potassium quinoline-6-trifluoroborate,"1g, 6-BF3K-Q",1.0,0.0004,"2d, Bromide",1.0,Pd(OAc)2,0.0625,P(tBu)3,0.125,K3PO4,2.5,MeOH,55.87,13141983.0,,
5078,Potassium quinoline-6-trifluoroborate,"1g, 6-BF3K-Q",1.0,0.0004,"2d, Bromide",1.0,Pd(OAc)2,0.0625,P(Ph)3 ,0.125,K3PO4,2.5,MeOH,64.98,14423276.0,,
5079,Potassium quinoline-6-trifluoroborate,"1g, 6-BF3K-Q",1.0,0.0004,"2d, Bromide",1.0,Pd(OAc)2,0.0625,AmPhos,0.125,K3PO4,2.5,MeOH,47.79,11021781.0,,
5080,Potassium quinoline-6-trifluoroborate,"1g, 6-BF3K-Q",1.0,0.0004,"2d, Bromide",1.0,Pd(OAc)2,0.0625,P(Cy)3,0.125,K3PO4,2.5,MeOH,51.47,11406777.0,,
5081,Potassium quinoline-6-trifluoroborate,"1g, 6-BF3K-Q",1.0,0.0004,"2d, Bromide",1.0,Pd(OAc)2,0.0625,P(o-Tol)3,0.125,K3PO4,2.5,MeOH,71.21,16459068.0,,
5082,Potassium quinoline-6-trifluoroborate,"1g, 6-BF3K-Q",1.0,0.0004,"2d, Bromide",1.0,Pd(OAc)2,0.0625,CataCXium A,0.125,K3PO4,2.5,MeOH,49.67,7367562.5,,
5083,Potassium quinoline-6-trifluoroborate,"1g, 6-BF3K-Q",1.0,0.0004,"2d, Bromide",1.0,Pd(OAc)2,0.0625,SPhos,0.125,K3PO4,2.5,MeOH,51.63,11996338.0,,
5084,Potassium quinoline-6-trifluoroborate,"1g, 6-BF3K-Q",1.0,0.0004,"2d, Bromide",1.0,Pd(OAc)2,0.0625,dtbpf,0.125,K3PO4,2.5,MeOH,42.84,9194918.0,,
5085,Potassium quinoline-6-trifluoroborate,"1g, 6-BF3K-Q",1.0,0.0004,"2d, Bromide",1.0,Pd(OAc)2,0.0625,XPhos,0.125,K3PO4,2.5,MeOH,71.67,16435746.0,,
5086,Potassium quinoline-6-trifluoroborate,"1g, 6-BF3K-Q",1.0,0.0004,"2d, Bromide",1.0,Pd(OAc)2,0.0625,dppf,0.125,K3PO4,2.5,MeOH,50.84,8399097.0,,
5087,Potassium quinoline-6-trifluoroborate,"1g, 6-BF3K-Q",1.0,0.0004,"2d, Bromide",1.0,Pd(OAc)2,0.0625,Xantphos,0.125,K3PO4,2.5,MeOH,26.33,4491671.0,,
5088,Potassium quinoline-6-trifluoroborate,"1g, 6-BF3K-Q",1.0,0.0004,"2d, Bromide",1.0,Pd(OAc)2,0.0625,,,K3PO4,2.5,MeOH,54.07,11691857.0,,
5089,Potassium quinoline-6-trifluoroborate,"1g, 6-BF3K-Q",1.0,0.0004,"2d, Bromide",1.0,Pd(OAc)2,0.0625,P(tBu)3,0.125,,2.5,MeCN,47.92,13029119.0,,
5090,Potassium quinoline-6-trifluoroborate,"1g, 6-BF3K-Q",1.0,0.0004,"2d, Bromide",1.0,Pd(OAc)2,0.0625,P(Ph)3 ,0.125,,2.5,MeCN,44.01,11459530.0,,
5091,Potassium quinoline-6-trifluoroborate,"1g, 6-BF3K-Q",1.0,0.0004,"2d, Bromide",1.0,Pd(OAc)2,0.0625,AmPhos,0.125,,2.5,MeCN,64.92,13074702.0,,
5092,Potassium quinoline-6-trifluoroborate,"1g, 6-BF3K-Q",1.0,0.0004,"2d, Bromide",1.0,Pd(OAc)2,0.0625,P(Cy)3,0.125,,2.5,MeCN,29.51,8609414.0,,
5093,Potassium quinoline-6-trifluoroborate,"1g, 6-BF3K-Q",1.0,0.0004,"2d, Bromide",1.0,Pd(OAc)2,0.0625,P(o-Tol)3,0.125,,2.5,MeCN,40.6,8198381.0,,
5094,Potassium quinoline-6-trifluoroborate,"1g, 6-BF3K-Q",1.0,0.0004,"2d, Bromide",1.0,Pd(OAc)2,0.0625,CataCXium A,0.125,,2.5,MeCN,56.29,9885947.0,,
5095,Potassium quinoline-6-trifluoroborate,"1g, 6-BF3K-Q",1.0,0.0004,"2d, Bromide",1.0,Pd(OAc)2,0.0625,SPhos,0.125,,2.5,MeCN,44.73,10088164.0,,
5096,Potassium quinoline-6-trifluoroborate,"1g, 6-BF3K-Q",1.0,0.0004,"2d, Bromide",1.0,Pd(OAc)2,0.0625,dtbpf,0.125,,2.5,MeCN,38.36,9596528.0,,
5097,Potassium quinoline-6-trifluoroborate,"1g, 6-BF3K-Q",1.0,0.0004,"2d, Bromide",1.0,Pd(OAc)2,0.0625,XPhos,0.125,,2.5,MeCN,0.0,7007619.0,,
5098,Potassium quinoline-6-trifluoroborate,"1g, 6-BF3K-Q",1.0,0.0004,"2d, Bromide",1.0,Pd(OAc)2,0.0625,dppf,0.125,,2.5,MeCN,37.04,6003689.0,,
5099,Potassium quinoline-6-trifluoroborate,"1g, 6-BF3K-Q",1.0,0.0004,"2d, Bromide",1.0,Pd(OAc)2,0.0625,Xantphos,0.125,,2.5,MeCN,0.0,964106.88,,
5100,Potassium quinoline-6-trifluoroborate,"1g, 6-BF3K-Q",1.0,0.0004,"2d, Bromide",1.0,Pd(OAc)2,0.0625,,,,2.5,MeCN,23.83,4574205.5,,
5101,Potassium quinoline-6-trifluoroborate,"1g, 6-BF3K-Q",1.0,0.0004,"2d, Bromide",1.0,Pd(OAc)2,0.0625,P(tBu)3,0.125,NaOH,2.5,MeCN,46.48,9617778.0,,
5102,Potassium quinoline-6-trifluoroborate,"1g, 6-BF3K-Q",1.0,0.0004,"2d, Bromide",1.0,Pd(OAc)2,0.0625,P(Ph)3 ,0.125,NaOH,2.5,MeCN,41.95,8207620.5,,
5103,Potassium quinoline-6-trifluoroborate,"1g, 6-BF3K-Q",1.0,0.0004,"2d, Bromide",1.0,Pd(OAc)2,0.0625,AmPhos,0.125,NaOH,2.5,MeCN,52.35,11278068.0,,
5104,Potassium quinoline-6-trifluoroborate,"1g, 6-BF3K-Q",1.0,0.0004,"2d, Bromide",1.0,Pd(OAc)2,0.0625,P(Cy)3,0.125,NaOH,2.5,MeCN,29.49,4768558.5,,
5105,Potassium quinoline-6-trifluoroborate,"1g, 6-BF3K-Q",1.0,0.0004,"2d, Bromide",1.0,Pd(OAc)2,0.0625,P(o-Tol)3,0.125,NaOH,2.5,MeCN,45.91,10164340.0,,
5106,Potassium quinoline-6-trifluoroborate,"1g, 6-BF3K-Q",1.0,0.0004,"2d, Bromide",1.0,Pd(OAc)2,0.0625,CataCXium A,0.125,NaOH,2.5,MeCN,59.21,8506288.0,,
5107,Potassium quinoline-6-trifluoroborate,"1g, 6-BF3K-Q",1.0,0.0004,"2d, Bromide",1.0,Pd(OAc)2,0.0625,SPhos,0.125,NaOH,2.5,MeCN,49.14,10727089.0,,
5108,Potassium quinoline-6-trifluoroborate,"1g, 6-BF3K-Q",1.0,0.0004,"2d, Bromide",1.0,Pd(OAc)2,0.0625,dtbpf,0.125,NaOH,2.5,MeCN,36.61,7178839.0,,
5109,Potassium quinoline-6-trifluoroborate,"1g, 6-BF3K-Q",1.0,0.0004,"2d, Bromide",1.0,Pd(OAc)2,0.0625,XPhos,0.125,NaOH,2.5,MeCN,49.53,10561966.0,,
5110,Potassium quinoline-6-trifluoroborate,"1g, 6-BF3K-Q",1.0,0.0004,"2d, Bromide",1.0,Pd(OAc)2,0.0625,dppf,0.125,NaOH,2.5,MeCN,0.0,710083.5,,
5111,Potassium quinoline-6-trifluoroborate,"1g, 6-BF3K-Q",1.0,0.0004,"2d, Bromide",1.0,Pd(OAc)2,0.0625,Xantphos,0.125,NaOH,2.5,MeCN,0.0,728171.0,,
5112,Potassium quinoline-6-trifluoroborate,"1g, 6-BF3K-Q",1.0,0.0004,"2d, Bromide",1.0,Pd(OAc)2,0.0625,,,NaOH,2.5,MeCN,37.43,11029533.0,,
5113,Potassium quinoline-6-trifluoroborate,"1g, 6-BF3K-Q",1.0,0.0004,"2d, Bromide",1.0,Pd(OAc)2,0.0625,P(tBu)3,0.125,KOH,2.5,MeCN,57.13,12741853.0,,
5114,Potassium quinoline-6-trifluoroborate,"1g, 6-BF3K-Q",1.0,0.0004,"2d, Bromide",1.0,Pd(OAc)2,0.0625,P(Ph)3 ,0.125,KOH,2.5,MeCN,47.15,12246564.0,,
5115,Potassium quinoline-6-trifluoroborate,"1g, 6-BF3K-Q",1.0,0.0004,"2d, Bromide",1.0,Pd(OAc)2,0.0625,AmPhos,0.125,KOH,2.5,MeCN,57.52,14369456.0,,
5116,Potassium quinoline-6-trifluoroborate,"1g, 6-BF3K-Q",1.0,0.0004,"2d, Bromide",1.0,Pd(OAc)2,0.0625,P(Cy)3,0.125,KOH,2.5,MeCN,48.36,9882903.0,,
5117,Potassium quinoline-6-trifluoroborate,"1g, 6-BF3K-Q",1.0,0.0004,"2d, Bromide",1.0,Pd(OAc)2,0.0625,P(o-Tol)3,0.125,KOH,2.5,MeCN,44.72,11116944.0,,
5118,Potassium quinoline-6-trifluoroborate,"1g, 6-BF3K-Q",1.0,0.0004,"2d, Bromide",1.0,Pd(OAc)2,0.0625,CataCXium A,0.125,KOH,2.5,MeCN,53.84,8343280.5,,
5119,Potassium quinoline-6-trifluoroborate,"1g, 6-BF3K-Q",1.0,0.0004,"2d, Bromide",1.0,Pd(OAc)2,0.0625,SPhos,0.125,KOH,2.5,MeCN,0.0,0.0,,
5120,Potassium quinoline-6-trifluoroborate,"1g, 6-BF3K-Q",1.0,0.0004,"2d, Bromide",1.0,Pd(OAc)2,0.0625,dtbpf,0.125,KOH,2.5,MeCN,35.64,9062481.0,,
5121,Potassium quinoline-6-trifluoroborate,"1g, 6-BF3K-Q",1.0,0.0004,"2d, Bromide",1.0,Pd(OAc)2,0.0625,XPhos,0.125,KOH,2.5,MeCN,51.29,12442083.0,,
5122,Potassium quinoline-6-trifluoroborate,"1g, 6-BF3K-Q",1.0,0.0004,"2d, Bromide",1.0,Pd(OAc)2,0.0625,dppf,0.125,KOH,2.5,MeCN,0.0,730928.69,,
5123,Potassium quinoline-6-trifluoroborate,"1g, 6-BF3K-Q",1.0,0.0004,"2d, Bromide",1.0,Pd(OAc)2,0.0625,Xantphos,0.125,KOH,2.5,MeCN,0.0,673463.31,,
5124,Potassium quinoline-6-trifluoroborate,"1g, 6-BF3K-Q",1.0,0.0004,"2d, Bromide",1.0,Pd(OAc)2,0.0625,,,KOH,2.5,MeCN,40.98,12870961.0,,
5125,Potassium quinoline-6-trifluoroborate,"1g, 6-BF3K-Q",1.0,0.0004,"2d, Bromide",1.0,Pd(OAc)2,0.0625,P(tBu)3,0.125,LiOtBu,2.5,MeCN,66.98,13756090.0,,
5126,Potassium quinoline-6-trifluoroborate,"1g, 6-BF3K-Q",1.0,0.0004,"2d, Bromide",1.0,Pd(OAc)2,0.0625,P(Ph)3 ,0.125,LiOtBu,2.5,MeCN,59.69,9267333.0,,
5127,Potassium quinoline-6-trifluoroborate,"1g, 6-BF3K-Q",1.0,0.0004,"2d, Bromide",1.0,Pd(OAc)2,0.0625,AmPhos,0.125,LiOtBu,2.5,MeCN,62.51,11982490.0,,
5128,Potassium quinoline-6-trifluoroborate,"1g, 6-BF3K-Q",1.0,0.0004,"2d, Bromide",1.0,Pd(OAc)2,0.0625,P(Cy)3,0.125,LiOtBu,2.5,MeCN,59.36,11379996.0,,
5129,Potassium quinoline-6-trifluoroborate,"1g, 6-BF3K-Q",1.0,0.0004,"2d, Bromide",1.0,Pd(OAc)2,0.0625,P(o-Tol)3,0.125,LiOtBu,2.5,MeCN,59.94,11643863.0,,
5130,Potassium quinoline-6-trifluoroborate,"1g, 6-BF3K-Q",1.0,0.0004,"2d, Bromide",1.0,Pd(OAc)2,0.0625,CataCXium A,0.125,LiOtBu,2.5,MeCN,60.61,6997000.0,,
5131,Potassium quinoline-6-trifluoroborate,"1g, 6-BF3K-Q",1.0,0.0004,"2d, Bromide",1.0,Pd(OAc)2,0.0625,SPhos,0.125,LiOtBu,2.5,MeCN,62.32,10969125.0,,
5132,Potassium quinoline-6-trifluoroborate,"1g, 6-BF3K-Q",1.0,0.0004,"2d, Bromide",1.0,Pd(OAc)2,0.0625,dtbpf,0.125,LiOtBu,2.5,MeCN,40.96,8451484.0,,
5133,Potassium quinoline-6-trifluoroborate,"1g, 6-BF3K-Q",1.0,0.0004,"2d, Bromide",1.0,Pd(OAc)2,0.0625,XPhos,0.125,LiOtBu,2.5,MeCN,59.45,11916497.0,,
5134,Potassium quinoline-6-trifluoroborate,"1g, 6-BF3K-Q",1.0,0.0004,"2d, Bromide",1.0,Pd(OAc)2,0.0625,dppf,0.125,LiOtBu,2.5,MeCN,0.0,687685.75,,
5135,Potassium quinoline-6-trifluoroborate,"1g, 6-BF3K-Q",1.0,0.0004,"2d, Bromide",1.0,Pd(OAc)2,0.0625,Xantphos,0.125,LiOtBu,2.5,MeCN,0.0,484255.25,,
5136,Potassium quinoline-6-trifluoroborate,"1g, 6-BF3K-Q",1.0,0.0004,"2d, Bromide",1.0,Pd(OAc)2,0.0625,,,LiOtBu,2.5,MeCN,38.51,10281655.0,,
5137,Potassium quinoline-6-trifluoroborate,"1g, 6-BF3K-Q",1.0,0.0004,"2d, Bromide",1.0,Pd(OAc)2,0.0625,P(tBu)3,0.125,NaHCO3,2.5,MeCN,66.84,14638774.0,,
5138,Potassium quinoline-6-trifluoroborate,"1g, 6-BF3K-Q",1.0,0.0004,"2d, Bromide",1.0,Pd(OAc)2,0.0625,P(Ph)3 ,0.125,NaHCO3,2.5,MeCN,63.33,11814584.0,,
5139,Potassium quinoline-6-trifluoroborate,"1g, 6-BF3K-Q",1.0,0.0004,"2d, Bromide",1.0,Pd(OAc)2,0.0625,AmPhos,0.125,NaHCO3,2.5,MeCN,72.0,11858595.0,,
5140,Potassium quinoline-6-trifluoroborate,"1g, 6-BF3K-Q",1.0,0.0004,"2d, Bromide",1.0,Pd(OAc)2,0.0625,P(Cy)3,0.125,NaHCO3,2.5,MeCN,56.66,9439268.0,,
5141,Potassium quinoline-6-trifluoroborate,"1g, 6-BF3K-Q",1.0,0.0004,"2d, Bromide",1.0,Pd(OAc)2,0.0625,P(o-Tol)3,0.125,NaHCO3,2.5,MeCN,54.84,10867444.0,,
5142,Potassium quinoline-6-trifluoroborate,"1g, 6-BF3K-Q",1.0,0.0004,"2d, Bromide",1.0,Pd(OAc)2,0.0625,CataCXium A,0.125,NaHCO3,2.5,MeCN,64.82,7253397.5,,
5143,Potassium quinoline-6-trifluoroborate,"1g, 6-BF3K-Q",1.0,0.0004,"2d, Bromide",1.0,Pd(OAc)2,0.0625,SPhos,0.125,NaHCO3,2.5,MeCN,81.82,10298772.0,,
5144,Potassium quinoline-6-trifluoroborate,"1g, 6-BF3K-Q",1.0,0.0004,"2d, Bromide",1.0,Pd(OAc)2,0.0625,dtbpf,0.125,NaHCO3,2.5,MeCN,32.76,7337200.5,,
5145,Potassium quinoline-6-trifluoroborate,"1g, 6-BF3K-Q",1.0,0.0004,"2d, Bromide",1.0,Pd(OAc)2,0.0625,XPhos,0.125,NaHCO3,2.5,MeCN,52.05,9314684.0,,
5146,Potassium quinoline-6-trifluoroborate,"1g, 6-BF3K-Q",1.0,0.0004,"2d, Bromide",1.0,Pd(OAc)2,0.0625,dppf,0.125,NaHCO3,2.5,MeCN,0.0,631332.94,,
5147,Potassium quinoline-6-trifluoroborate,"1g, 6-BF3K-Q",1.0,0.0004,"2d, Bromide",1.0,Pd(OAc)2,0.0625,Xantphos,0.125,NaHCO3,2.5,MeCN,0.0,898904.06,,
5148,Potassium quinoline-6-trifluoroborate,"1g, 6-BF3K-Q",1.0,0.0004,"2d, Bromide",1.0,Pd(OAc)2,0.0625,,,NaHCO3,2.5,MeCN,58.87,8212234.0,,
5149,Potassium quinoline-6-trifluoroborate,"1g, 6-BF3K-Q",1.0,0.0004,"2d, Bromide",1.0,Pd(OAc)2,0.0625,P(tBu)3,0.125,Et3N,2.5,MeCN,66.29,12262039.0,,
5150,Potassium quinoline-6-trifluoroborate,"1g, 6-BF3K-Q",1.0,0.0004,"2d, Bromide",1.0,Pd(OAc)2,0.0625,P(Ph)3 ,0.125,Et3N,2.5,MeCN,59.81,12420417.0,,
5151,Potassium quinoline-6-trifluoroborate,"1g, 6-BF3K-Q",1.0,0.0004,"2d, Bromide",1.0,Pd(OAc)2,0.0625,AmPhos,0.125,Et3N,2.5,MeCN,69.69,14341462.0,,
5152,Potassium quinoline-6-trifluoroborate,"1g, 6-BF3K-Q",1.0,0.0004,"2d, Bromide",1.0,Pd(OAc)2,0.0625,P(Cy)3,0.125,Et3N,2.5,MeCN,44.5,8264855.5,,
5153,Potassium quinoline-6-trifluoroborate,"1g, 6-BF3K-Q",1.0,0.0004,"2d, Bromide",1.0,Pd(OAc)2,0.0625,P(o-Tol)3,0.125,Et3N,2.5,MeCN,48.63,9305921.0,,
5154,Potassium quinoline-6-trifluoroborate,"1g, 6-BF3K-Q",1.0,0.0004,"2d, Bromide",1.0,Pd(OAc)2,0.0625,CataCXium A,0.125,Et3N,2.5,MeCN,58.3,6610203.5,,
5155,Potassium quinoline-6-trifluoroborate,"1g, 6-BF3K-Q",1.0,0.0004,"2d, Bromide",1.0,Pd(OAc)2,0.0625,SPhos,0.125,Et3N,2.5,MeCN,52.34,10696635.0,,
5156,Potassium quinoline-6-trifluoroborate,"1g, 6-BF3K-Q",1.0,0.0004,"2d, Bromide",1.0,Pd(OAc)2,0.0625,dtbpf,0.125,Et3N,2.5,MeCN,36.35,7054921.5,,
5157,Potassium quinoline-6-trifluoroborate,"1g, 6-BF3K-Q",1.0,0.0004,"2d, Bromide",1.0,Pd(OAc)2,0.0625,XPhos,0.125,Et3N,2.5,MeCN,39.49,7395826.5,,
5158,Potassium quinoline-6-trifluoroborate,"1g, 6-BF3K-Q",1.0,0.0004,"2d, Bromide",1.0,Pd(OAc)2,0.0625,dppf,0.125,Et3N,2.5,MeCN,33.13,2893816.25,,
5159,Potassium quinoline-6-trifluoroborate,"1g, 6-BF3K-Q",1.0,0.0004,"2d, Bromide",1.0,Pd(OAc)2,0.0625,Xantphos,0.125,Et3N,2.5,MeCN,0.0,871112.75,,
5160,Potassium quinoline-6-trifluoroborate,"1g, 6-BF3K-Q",1.0,0.0004,"2d, Bromide",1.0,Pd(OAc)2,0.0625,,,Et3N,2.5,MeCN,28.58,5384516.0,,
5161,Potassium quinoline-6-trifluoroborate,"1g, 6-BF3K-Q",1.0,0.0004,"2d, Bromide",1.0,Pd(OAc)2,0.0625,P(tBu)3,0.125,CsF,2.5,MeCN,47.75,9844690.0,,
5162,Potassium quinoline-6-trifluoroborate,"1g, 6-BF3K-Q",1.0,0.0004,"2d, Bromide",1.0,Pd(OAc)2,0.0625,P(Ph)3 ,0.125,CsF,2.5,MeCN,57.06,9390339.0,,
5163,Potassium quinoline-6-trifluoroborate,"1g, 6-BF3K-Q",1.0,0.0004,"2d, Bromide",1.0,Pd(OAc)2,0.0625,AmPhos,0.125,CsF,2.5,MeCN,63.33,13722896.0,,
5164,Potassium quinoline-6-trifluoroborate,"1g, 6-BF3K-Q",1.0,0.0004,"2d, Bromide",1.0,Pd(OAc)2,0.0625,P(Cy)3,0.125,CsF,2.5,MeCN,23.61,5852120.0,,
5165,Potassium quinoline-6-trifluoroborate,"1g, 6-BF3K-Q",1.0,0.0004,"2d, Bromide",1.0,Pd(OAc)2,0.0625,P(o-Tol)3,0.125,CsF,2.5,MeCN,46.95,10298215.0,,
5166,Potassium quinoline-6-trifluoroborate,"1g, 6-BF3K-Q",1.0,0.0004,"2d, Bromide",1.0,Pd(OAc)2,0.0625,CataCXium A,0.125,CsF,2.5,MeCN,62.58,9727806.0,,
5167,Potassium quinoline-6-trifluoroborate,"1g, 6-BF3K-Q",1.0,0.0004,"2d, Bromide",1.0,Pd(OAc)2,0.0625,SPhos,0.125,CsF,2.5,MeCN,46.87,9814719.0,,
5168,Potassium quinoline-6-trifluoroborate,"1g, 6-BF3K-Q",1.0,0.0004,"2d, Bromide",1.0,Pd(OAc)2,0.0625,dtbpf,0.125,CsF,2.5,MeCN,40.66,9688023.0,,
5169,Potassium quinoline-6-trifluoroborate,"1g, 6-BF3K-Q",1.0,0.0004,"2d, Bromide",1.0,Pd(OAc)2,0.0625,XPhos,0.125,CsF,2.5,MeCN,0.0,9395378.0,,
5170,Potassium quinoline-6-trifluoroborate,"1g, 6-BF3K-Q",1.0,0.0004,"2d, Bromide",1.0,Pd(OAc)2,0.0625,dppf,0.125,CsF,2.5,MeCN,0.0,649502.0,,
5171,Potassium quinoline-6-trifluoroborate,"1g, 6-BF3K-Q",1.0,0.0004,"2d, Bromide",1.0,Pd(OAc)2,0.0625,Xantphos,0.125,CsF,2.5,MeCN,0.0,585259.5,,
5172,Potassium quinoline-6-trifluoroborate,"1g, 6-BF3K-Q",1.0,0.0004,"2d, Bromide",1.0,Pd(OAc)2,0.0625,,,CsF,2.5,MeCN,21.94,4819122.0,,
5173,Potassium quinoline-6-trifluoroborate,"1g, 6-BF3K-Q",1.0,0.0004,"2d, Bromide",1.0,Pd(OAc)2,0.0625,P(tBu)3,0.125,K3PO4,2.5,MeCN,57.08,12850789.0,,
5174,Potassium quinoline-6-trifluoroborate,"1g, 6-BF3K-Q",1.0,0.0004,"2d, Bromide",1.0,Pd(OAc)2,0.0625,P(Ph)3 ,0.125,K3PO4,2.5,MeCN,55.83,11756526.0,,
5175,Potassium quinoline-6-trifluoroborate,"1g, 6-BF3K-Q",1.0,0.0004,"2d, Bromide",1.0,Pd(OAc)2,0.0625,AmPhos,0.125,K3PO4,2.5,MeCN,61.32,13408452.0,,
5176,Potassium quinoline-6-trifluoroborate,"1g, 6-BF3K-Q",1.0,0.0004,"2d, Bromide",1.0,Pd(OAc)2,0.0625,P(Cy)3,0.125,K3PO4,2.5,MeCN,0.0,3738022.0,,
5177,Potassium quinoline-6-trifluoroborate,"1g, 6-BF3K-Q",1.0,0.0004,"2d, Bromide",1.0,Pd(OAc)2,0.0625,P(o-Tol)3,0.125,K3PO4,2.5,MeCN,35.31,8623671.0,,
5178,Potassium quinoline-6-trifluoroborate,"1g, 6-BF3K-Q",1.0,0.0004,"2d, Bromide",1.0,Pd(OAc)2,0.0625,CataCXium A,0.125,K3PO4,2.5,MeCN,0.0,8439898.0,,
5179,Potassium quinoline-6-trifluoroborate,"1g, 6-BF3K-Q",1.0,0.0004,"2d, Bromide",1.0,Pd(OAc)2,0.0625,SPhos,0.125,K3PO4,2.5,MeCN,46.71,11411457.0,,
5180,Potassium quinoline-6-trifluoroborate,"1g, 6-BF3K-Q",1.0,0.0004,"2d, Bromide",1.0,Pd(OAc)2,0.0625,dtbpf,0.125,K3PO4,2.5,MeCN,0.0,4293847.5,,
5181,Potassium quinoline-6-trifluoroborate,"1g, 6-BF3K-Q",1.0,0.0004,"2d, Bromide",1.0,Pd(OAc)2,0.0625,XPhos,0.125,K3PO4,2.5,MeCN,0.0,7431450.0,,
5182,Potassium quinoline-6-trifluoroborate,"1g, 6-BF3K-Q",1.0,0.0004,"2d, Bromide",1.0,Pd(OAc)2,0.0625,dppf,0.125,K3PO4,2.5,MeCN,0.0,576868.44,,
5183,Potassium quinoline-6-trifluoroborate,"1g, 6-BF3K-Q",1.0,0.0004,"2d, Bromide",1.0,Pd(OAc)2,0.0625,Xantphos,0.125,K3PO4,2.5,MeCN,0.0,510423.81,,
5184,Potassium quinoline-6-trifluoroborate,"1g, 6-BF3K-Q",1.0,0.0004,"2d, Bromide",1.0,Pd(OAc)2,0.0625,,,K3PO4,2.5,MeCN,37.96,7790460.5,,
5185,Potassium quinoline-6-trifluoroborate,"1g, 6-BF3K-Q",1.0,0.0004,"2d, Bromide",1.0,Pd(OAc)2,0.0625,P(tBu)3,0.125,,2.5,THF,0.0,2385792.25,,
5186,Potassium quinoline-6-trifluoroborate,"1g, 6-BF3K-Q",1.0,0.0004,"2d, Bromide",1.0,Pd(OAc)2,0.0625,P(Ph)3 ,0.125,,2.5,THF,0.0,3123783.0,,
5187,Potassium quinoline-6-trifluoroborate,"1g, 6-BF3K-Q",1.0,0.0004,"2d, Bromide",1.0,Pd(OAc)2,0.0625,AmPhos,0.125,,2.5,THF,25.36,8235445.0,,
5188,Potassium quinoline-6-trifluoroborate,"1g, 6-BF3K-Q",1.0,0.0004,"2d, Bromide",1.0,Pd(OAc)2,0.0625,P(Cy)3,0.125,,2.5,THF,22.49,4406528.5,,
5189,Potassium quinoline-6-trifluoroborate,"1g, 6-BF3K-Q",1.0,0.0004,"2d, Bromide",1.0,Pd(OAc)2,0.0625,P(o-Tol)3,0.125,,2.5,THF,31.06,6783614.5,,
5190,Potassium quinoline-6-trifluoroborate,"1g, 6-BF3K-Q",1.0,0.0004,"2d, Bromide",1.0,Pd(OAc)2,0.0625,CataCXium A,0.125,,2.5,THF,53.2,4180841.5,,
5191,Potassium quinoline-6-trifluoroborate,"1g, 6-BF3K-Q",1.0,0.0004,"2d, Bromide",1.0,Pd(OAc)2,0.0625,SPhos,0.125,,2.5,THF,32.59,6813478.0,,
5192,Potassium quinoline-6-trifluoroborate,"1g, 6-BF3K-Q",1.0,0.0004,"2d, Bromide",1.0,Pd(OAc)2,0.0625,dtbpf,0.125,,2.5,THF,40.99,13924505.0,,
5193,Potassium quinoline-6-trifluoroborate,"1g, 6-BF3K-Q",1.0,0.0004,"2d, Bromide",1.0,Pd(OAc)2,0.0625,XPhos,0.125,,2.5,THF,26.97,6778120.0,,
5194,Potassium quinoline-6-trifluoroborate,"1g, 6-BF3K-Q",1.0,0.0004,"2d, Bromide",1.0,Pd(OAc)2,0.0625,dppf,0.125,,2.5,THF,30.62,5349060.5,,
5195,Potassium quinoline-6-trifluoroborate,"1g, 6-BF3K-Q",1.0,0.0004,"2d, Bromide",1.0,Pd(OAc)2,0.0625,Xantphos,0.125,,2.5,THF,0.0,904958.94,,
5196,Potassium quinoline-6-trifluoroborate,"1g, 6-BF3K-Q",1.0,0.0004,"2d, Bromide",1.0,Pd(OAc)2,0.0625,,,,2.5,THF,21.18,4832636.0,,
5197,Potassium quinoline-6-trifluoroborate,"1g, 6-BF3K-Q",1.0,0.0004,"2d, Bromide",1.0,Pd(OAc)2,0.0625,P(tBu)3,0.125,NaOH,2.5,THF,29.14,6520479.5,,
5198,Potassium quinoline-6-trifluoroborate,"1g, 6-BF3K-Q",1.0,0.0004,"2d, Bromide",1.0,Pd(OAc)2,0.0625,P(Ph)3 ,0.125,NaOH,2.5,THF,35.65,8783331.0,,
5199,Potassium quinoline-6-trifluoroborate,"1g, 6-BF3K-Q",1.0,0.0004,"2d, Bromide",1.0,Pd(OAc)2,0.0625,AmPhos,0.125,NaOH,2.5,THF,41.59,12154582.0,,
5200,Potassium quinoline-6-trifluoroborate,"1g, 6-BF3K-Q",1.0,0.0004,"2d, Bromide",1.0,Pd(OAc)2,0.0625,P(Cy)3,0.125,NaOH,2.5,THF,26.94,6797170.0,,
5201,Potassium quinoline-6-trifluoroborate,"1g, 6-BF3K-Q",1.0,0.0004,"2d, Bromide",1.0,Pd(OAc)2,0.0625,P(o-Tol)3,0.125,NaOH,2.5,THF,28.27,6284814.5,,
5202,Potassium quinoline-6-trifluoroborate,"1g, 6-BF3K-Q",1.0,0.0004,"2d, Bromide",1.0,Pd(OAc)2,0.0625,CataCXium A,0.125,NaOH,2.5,THF,39.48,7366154.5,,
5203,Potassium quinoline-6-trifluoroborate,"1g, 6-BF3K-Q",1.0,0.0004,"2d, Bromide",1.0,Pd(OAc)2,0.0625,SPhos,0.125,NaOH,2.5,THF,27.91,6864554.5,,
5204,Potassium quinoline-6-trifluoroborate,"1g, 6-BF3K-Q",1.0,0.0004,"2d, Bromide",1.0,Pd(OAc)2,0.0625,dtbpf,0.125,NaOH,2.5,THF,46.41,16425150.0,,
5205,Potassium quinoline-6-trifluoroborate,"1g, 6-BF3K-Q",1.0,0.0004,"2d, Bromide",1.0,Pd(OAc)2,0.0625,XPhos,0.125,NaOH,2.5,THF,0.0,0.0,,
5206,Potassium quinoline-6-trifluoroborate,"1g, 6-BF3K-Q",1.0,0.0004,"2d, Bromide",1.0,Pd(OAc)2,0.0625,dppf,0.125,NaOH,2.5,THF,28.01,3154651.25,,
5207,Potassium quinoline-6-trifluoroborate,"1g, 6-BF3K-Q",1.0,0.0004,"2d, Bromide",1.0,Pd(OAc)2,0.0625,Xantphos,0.125,NaOH,2.5,THF,0.0,678111.13,,
5208,Potassium quinoline-6-trifluoroborate,"1g, 6-BF3K-Q",1.0,0.0004,"2d, Bromide",1.0,Pd(OAc)2,0.0625,,,NaOH,2.5,THF,28.81,10330629.0,,
5209,Potassium quinoline-6-trifluoroborate,"1g, 6-BF3K-Q",1.0,0.0004,"2d, Bromide",1.0,Pd(OAc)2,0.0625,P(tBu)3,0.125,KOH,2.5,THF,42.23,11619626.0,,
5210,Potassium quinoline-6-trifluoroborate,"1g, 6-BF3K-Q",1.0,0.0004,"2d, Bromide",1.0,Pd(OAc)2,0.0625,P(Ph)3 ,0.125,KOH,2.5,THF,39.34,12790131.0,,
5211,Potassium quinoline-6-trifluoroborate,"1g, 6-BF3K-Q",1.0,0.0004,"2d, Bromide",1.0,Pd(OAc)2,0.0625,AmPhos,0.125,KOH,2.5,THF,33.06,9899353.0,,
5212,Potassium quinoline-6-trifluoroborate,"1g, 6-BF3K-Q",1.0,0.0004,"2d, Bromide",1.0,Pd(OAc)2,0.0625,P(Cy)3,0.125,KOH,2.5,THF,26.71,6219218.0,,
5213,Potassium quinoline-6-trifluoroborate,"1g, 6-BF3K-Q",1.0,0.0004,"2d, Bromide",1.0,Pd(OAc)2,0.0625,P(o-Tol)3,0.125,KOH,2.5,THF,33.41,9346873.0,,
5214,Potassium quinoline-6-trifluoroborate,"1g, 6-BF3K-Q",1.0,0.0004,"2d, Bromide",1.0,Pd(OAc)2,0.0625,CataCXium A,0.125,KOH,2.5,THF,47.95,11535932.0,,
5215,Potassium quinoline-6-trifluoroborate,"1g, 6-BF3K-Q",1.0,0.0004,"2d, Bromide",1.0,Pd(OAc)2,0.0625,SPhos,0.125,KOH,2.5,THF,34.32,9258670.0,,
5216,Potassium quinoline-6-trifluoroborate,"1g, 6-BF3K-Q",1.0,0.0004,"2d, Bromide",1.0,Pd(OAc)2,0.0625,dtbpf,0.125,KOH,2.5,THF,47.28,16547679.0,,
5217,Potassium quinoline-6-trifluoroborate,"1g, 6-BF3K-Q",1.0,0.0004,"2d, Bromide",1.0,Pd(OAc)2,0.0625,XPhos,0.125,KOH,2.5,THF,31.97,9259489.0,,
5218,Potassium quinoline-6-trifluoroborate,"1g, 6-BF3K-Q",1.0,0.0004,"2d, Bromide",1.0,Pd(OAc)2,0.0625,dppf,0.125,KOH,2.5,THF,30.57,4538812.0,,
5219,Potassium quinoline-6-trifluoroborate,"1g, 6-BF3K-Q",1.0,0.0004,"2d, Bromide",1.0,Pd(OAc)2,0.0625,Xantphos,0.125,KOH,2.5,THF,0.0,1544491.0,,
5220,Potassium quinoline-6-trifluoroborate,"1g, 6-BF3K-Q",1.0,0.0004,"2d, Bromide",1.0,Pd(OAc)2,0.0625,,,KOH,2.5,THF,28.57,9316859.0,,
5221,Potassium quinoline-6-trifluoroborate,"1g, 6-BF3K-Q",1.0,0.0004,"2d, Bromide",1.0,Pd(OAc)2,0.0625,P(tBu)3,0.125,LiOtBu,2.5,THF,44.13,11166273.0,,
5222,Potassium quinoline-6-trifluoroborate,"1g, 6-BF3K-Q",1.0,0.0004,"2d, Bromide",1.0,Pd(OAc)2,0.0625,P(Ph)3 ,0.125,LiOtBu,2.5,THF,38.91,11871404.0,,
5223,Potassium quinoline-6-trifluoroborate,"1g, 6-BF3K-Q",1.0,0.0004,"2d, Bromide",1.0,Pd(OAc)2,0.0625,AmPhos,0.125,LiOtBu,2.5,THF,40.14,11177458.0,,
5224,Potassium quinoline-6-trifluoroborate,"1g, 6-BF3K-Q",1.0,0.0004,"2d, Bromide",1.0,Pd(OAc)2,0.0625,P(Cy)3,0.125,LiOtBu,2.5,THF,29.24,9262372.0,,
5225,Potassium quinoline-6-trifluoroborate,"1g, 6-BF3K-Q",1.0,0.0004,"2d, Bromide",1.0,Pd(OAc)2,0.0625,P(o-Tol)3,0.125,LiOtBu,2.5,THF,34.85,10564831.0,,
5226,Potassium quinoline-6-trifluoroborate,"1g, 6-BF3K-Q",1.0,0.0004,"2d, Bromide",1.0,Pd(OAc)2,0.0625,CataCXium A,0.125,LiOtBu,2.5,THF,38.89,7997550.5,,
5227,Potassium quinoline-6-trifluoroborate,"1g, 6-BF3K-Q",1.0,0.0004,"2d, Bromide",1.0,Pd(OAc)2,0.0625,SPhos,0.125,LiOtBu,2.5,THF,24.73,7242678.5,,
5228,Potassium quinoline-6-trifluoroborate,"1g, 6-BF3K-Q",1.0,0.0004,"2d, Bromide",1.0,Pd(OAc)2,0.0625,dtbpf,0.125,LiOtBu,2.5,THF,42.82,15029124.0,,
5229,Potassium quinoline-6-trifluoroborate,"1g, 6-BF3K-Q",1.0,0.0004,"2d, Bromide",1.0,Pd(OAc)2,0.0625,XPhos,0.125,LiOtBu,2.5,THF,29.5,8974429.0,,
5230,Potassium quinoline-6-trifluoroborate,"1g, 6-BF3K-Q",1.0,0.0004,"2d, Bromide",1.0,Pd(OAc)2,0.0625,dppf,0.125,LiOtBu,2.5,THF,0.0,937826.69,,
5231,Potassium quinoline-6-trifluoroborate,"1g, 6-BF3K-Q",1.0,0.0004,"2d, Bromide",1.0,Pd(OAc)2,0.0625,Xantphos,0.125,LiOtBu,2.5,THF,0.0,311406.72,,
5232,Potassium quinoline-6-trifluoroborate,"1g, 6-BF3K-Q",1.0,0.0004,"2d, Bromide",1.0,Pd(OAc)2,0.0625,,,LiOtBu,2.5,THF,23.69,8988129.0,,
5233,Potassium quinoline-6-trifluoroborate,"1g, 6-BF3K-Q",1.0,0.0004,"2d, Bromide",1.0,Pd(OAc)2,0.0625,P(tBu)3,0.125,NaHCO3,2.5,THF,51.92,14005402.0,,
5234,Potassium quinoline-6-trifluoroborate,"1g, 6-BF3K-Q",1.0,0.0004,"2d, Bromide",1.0,Pd(OAc)2,0.0625,P(Ph)3 ,0.125,NaHCO3,2.5,THF,0.0,12140613.0,,
5235,Potassium quinoline-6-trifluoroborate,"1g, 6-BF3K-Q",1.0,0.0004,"2d, Bromide",1.0,Pd(OAc)2,0.0625,AmPhos,0.125,NaHCO3,2.5,THF,57.56,16152362.0,,
5236,Potassium quinoline-6-trifluoroborate,"1g, 6-BF3K-Q",1.0,0.0004,"2d, Bromide",1.0,Pd(OAc)2,0.0625,P(Cy)3,0.125,NaHCO3,2.5,THF,42.02,14765232.0,,
5237,Potassium quinoline-6-trifluoroborate,"1g, 6-BF3K-Q",1.0,0.0004,"2d, Bromide",1.0,Pd(OAc)2,0.0625,P(o-Tol)3,0.125,NaHCO3,2.5,THF,43.12,12212109.0,,
5238,Potassium quinoline-6-trifluoroborate,"1g, 6-BF3K-Q",1.0,0.0004,"2d, Bromide",1.0,Pd(OAc)2,0.0625,CataCXium A,0.125,NaHCO3,2.5,THF,59.2,15291847.0,,
5239,Potassium quinoline-6-trifluoroborate,"1g, 6-BF3K-Q",1.0,0.0004,"2d, Bromide",1.0,Pd(OAc)2,0.0625,SPhos,0.125,NaHCO3,2.5,THF,35.07,10252417.0,,
5240,Potassium quinoline-6-trifluoroborate,"1g, 6-BF3K-Q",1.0,0.0004,"2d, Bromide",1.0,Pd(OAc)2,0.0625,dtbpf,0.125,NaHCO3,2.5,THF,53.5,18200372.0,,
5241,Potassium quinoline-6-trifluoroborate,"1g, 6-BF3K-Q",1.0,0.0004,"2d, Bromide",1.0,Pd(OAc)2,0.0625,XPhos,0.125,NaHCO3,2.5,THF,32.64,8882097.0,,
5242,Potassium quinoline-6-trifluoroborate,"1g, 6-BF3K-Q",1.0,0.0004,"2d, Bromide",1.0,Pd(OAc)2,0.0625,dppf,0.125,NaHCO3,2.5,THF,42.5,8916631.0,,
5243,Potassium quinoline-6-trifluoroborate,"1g, 6-BF3K-Q",1.0,0.0004,"2d, Bromide",1.0,Pd(OAc)2,0.0625,Xantphos,0.125,NaHCO3,2.5,THF,0.0,788427.75,,
5244,Potassium quinoline-6-trifluoroborate,"1g, 6-BF3K-Q",1.0,0.0004,"2d, Bromide",1.0,Pd(OAc)2,0.0625,,,NaHCO3,2.5,THF,29.8,10290562.0,,
5245,Potassium quinoline-6-trifluoroborate,"1g, 6-BF3K-Q",1.0,0.0004,"2d, Bromide",1.0,Pd(OAc)2,0.0625,P(tBu)3,0.125,Et3N,2.5,THF,40.97,11177522.0,,
5246,Potassium quinoline-6-trifluoroborate,"1g, 6-BF3K-Q",1.0,0.0004,"2d, Bromide",1.0,Pd(OAc)2,0.0625,P(Ph)3 ,0.125,Et3N,2.5,THF,46.12,15351064.0,,
5247,Potassium quinoline-6-trifluoroborate,"1g, 6-BF3K-Q",1.0,0.0004,"2d, Bromide",1.0,Pd(OAc)2,0.0625,AmPhos,0.125,Et3N,2.5,THF,47.23,12931300.0,,
5248,Potassium quinoline-6-trifluoroborate,"1g, 6-BF3K-Q",1.0,0.0004,"2d, Bromide",1.0,Pd(OAc)2,0.0625,P(Cy)3,0.125,Et3N,2.5,THF,25.25,7296845.5,,
5249,Potassium quinoline-6-trifluoroborate,"1g, 6-BF3K-Q",1.0,0.0004,"2d, Bromide",1.0,Pd(OAc)2,0.0625,P(o-Tol)3,0.125,Et3N,2.5,THF,36.31,9577186.0,,
5250,Potassium quinoline-6-trifluoroborate,"1g, 6-BF3K-Q",1.0,0.0004,"2d, Bromide",1.0,Pd(OAc)2,0.0625,CataCXium A,0.125,Et3N,2.5,THF,52.61,11950452.0,,
5251,Potassium quinoline-6-trifluoroborate,"1g, 6-BF3K-Q",1.0,0.0004,"2d, Bromide",1.0,Pd(OAc)2,0.0625,SPhos,0.125,Et3N,2.5,THF,38.78,9155369.0,,
5252,Potassium quinoline-6-trifluoroborate,"1g, 6-BF3K-Q",1.0,0.0004,"2d, Bromide",1.0,Pd(OAc)2,0.0625,dtbpf,0.125,Et3N,2.5,THF,40.65,10407895.0,,
5253,Potassium quinoline-6-trifluoroborate,"1g, 6-BF3K-Q",1.0,0.0004,"2d, Bromide",1.0,Pd(OAc)2,0.0625,XPhos,0.125,Et3N,2.5,THF,33.41,9372062.0,,
5254,Potassium quinoline-6-trifluoroborate,"1g, 6-BF3K-Q",1.0,0.0004,"2d, Bromide",1.0,Pd(OAc)2,0.0625,dppf,0.125,Et3N,2.5,THF,38.7,8222867.5,,
5255,Potassium quinoline-6-trifluoroborate,"1g, 6-BF3K-Q",1.0,0.0004,"2d, Bromide",1.0,Pd(OAc)2,0.0625,Xantphos,0.125,Et3N,2.5,THF,0.0,392310.66,,
5256,Potassium quinoline-6-trifluoroborate,"1g, 6-BF3K-Q",1.0,0.0004,"2d, Bromide",1.0,Pd(OAc)2,0.0625,,,Et3N,2.5,THF,20.72,3351883.75,,
5257,Potassium quinoline-6-trifluoroborate,"1g, 6-BF3K-Q",1.0,0.0004,"2d, Bromide",1.0,Pd(OAc)2,0.0625,P(tBu)3,0.125,CsF,2.5,THF,33.83,8449610.0,,
5258,Potassium quinoline-6-trifluoroborate,"1g, 6-BF3K-Q",1.0,0.0004,"2d, Bromide",1.0,Pd(OAc)2,0.0625,P(Ph)3 ,0.125,CsF,2.5,THF,39.56,10251592.0,,
5259,Potassium quinoline-6-trifluoroborate,"1g, 6-BF3K-Q",1.0,0.0004,"2d, Bromide",1.0,Pd(OAc)2,0.0625,AmPhos,0.125,CsF,2.5,THF,46.25,12511143.0,,
5260,Potassium quinoline-6-trifluoroborate,"1g, 6-BF3K-Q",1.0,0.0004,"2d, Bromide",1.0,Pd(OAc)2,0.0625,P(Cy)3,0.125,CsF,2.5,THF,21.61,3075867.5,,
5261,Potassium quinoline-6-trifluoroborate,"1g, 6-BF3K-Q",1.0,0.0004,"2d, Bromide",1.0,Pd(OAc)2,0.0625,P(o-Tol)3,0.125,CsF,2.5,THF,28.14,4946949.5,,
5262,Potassium quinoline-6-trifluoroborate,"1g, 6-BF3K-Q",1.0,0.0004,"2d, Bromide",1.0,Pd(OAc)2,0.0625,CataCXium A,0.125,CsF,2.5,THF,45.11,10671695.0,,
5263,Potassium quinoline-6-trifluoroborate,"1g, 6-BF3K-Q",1.0,0.0004,"2d, Bromide",1.0,Pd(OAc)2,0.0625,SPhos,0.125,CsF,2.5,THF,33.79,7301735.0,,
5264,Potassium quinoline-6-trifluoroborate,"1g, 6-BF3K-Q",1.0,0.0004,"2d, Bromide",1.0,Pd(OAc)2,0.0625,dtbpf,0.125,CsF,2.5,THF,41.14,8703860.0,,
5265,Potassium quinoline-6-trifluoroborate,"1g, 6-BF3K-Q",1.0,0.0004,"2d, Bromide",1.0,Pd(OAc)2,0.0625,XPhos,0.125,CsF,2.5,THF,33.6,9230048.0,,
5266,Potassium quinoline-6-trifluoroborate,"1g, 6-BF3K-Q",1.0,0.0004,"2d, Bromide",1.0,Pd(OAc)2,0.0625,dppf,0.125,CsF,2.5,THF,34.53,4640937.5,,
5267,Potassium quinoline-6-trifluoroborate,"1g, 6-BF3K-Q",1.0,0.0004,"2d, Bromide",1.0,Pd(OAc)2,0.0625,Xantphos,0.125,CsF,2.5,THF,0.0,1670591.0,,
5268,Potassium quinoline-6-trifluoroborate,"1g, 6-BF3K-Q",1.0,0.0004,"2d, Bromide",1.0,Pd(OAc)2,0.0625,,,CsF,2.5,THF,27.0,5517673.5,,
5269,Potassium quinoline-6-trifluoroborate,"1g, 6-BF3K-Q",1.0,0.0004,"2d, Bromide",1.0,Pd(OAc)2,0.0625,P(tBu)3,0.125,K3PO4,2.5,THF,41.74,10361245.0,,
5270,Potassium quinoline-6-trifluoroborate,"1g, 6-BF3K-Q",1.0,0.0004,"2d, Bromide",1.0,Pd(OAc)2,0.0625,P(Ph)3 ,0.125,K3PO4,2.5,THF,0.0,4004314.25,,
5271,Potassium quinoline-6-trifluoroborate,"1g, 6-BF3K-Q",1.0,0.0004,"2d, Bromide",1.0,Pd(OAc)2,0.0625,AmPhos,0.125,K3PO4,2.5,THF,39.66,8841333.0,,
5272,Potassium quinoline-6-trifluoroborate,"1g, 6-BF3K-Q",1.0,0.0004,"2d, Bromide",1.0,Pd(OAc)2,0.0625,P(Cy)3,0.125,K3PO4,2.5,THF,30.66,6125082.5,,
5273,Potassium quinoline-6-trifluoroborate,"1g, 6-BF3K-Q",1.0,0.0004,"2d, Bromide",1.0,Pd(OAc)2,0.0625,P(o-Tol)3,0.125,K3PO4,2.5,THF,38.58,12099824.0,,
5274,Potassium quinoline-6-trifluoroborate,"1g, 6-BF3K-Q",1.0,0.0004,"2d, Bromide",1.0,Pd(OAc)2,0.0625,CataCXium A,0.125,K3PO4,2.5,THF,50.82,2511028.0,,
5275,Potassium quinoline-6-trifluoroborate,"1g, 6-BF3K-Q",1.0,0.0004,"2d, Bromide",1.0,Pd(OAc)2,0.0625,SPhos,0.125,K3PO4,2.5,THF,23.92,2488949.0,,
5276,Potassium quinoline-6-trifluoroborate,"1g, 6-BF3K-Q",1.0,0.0004,"2d, Bromide",1.0,Pd(OAc)2,0.0625,dtbpf,0.125,K3PO4,2.5,THF,43.42,10099290.0,,
5277,Potassium quinoline-6-trifluoroborate,"1g, 6-BF3K-Q",1.0,0.0004,"2d, Bromide",1.0,Pd(OAc)2,0.0625,XPhos,0.125,K3PO4,2.5,THF,37.61,11873032.0,,
5278,Potassium quinoline-6-trifluoroborate,"1g, 6-BF3K-Q",1.0,0.0004,"2d, Bromide",1.0,Pd(OAc)2,0.0625,dppf,0.125,K3PO4,2.5,THF,36.4,7410442.5,,
5279,Potassium quinoline-6-trifluoroborate,"1g, 6-BF3K-Q",1.0,0.0004,"2d, Bromide",1.0,Pd(OAc)2,0.0625,Xantphos,0.125,K3PO4,2.5,THF,0.0,1193618.38,,
5280,Potassium quinoline-6-trifluoroborate,"1g, 6-BF3K-Q",1.0,0.0004,"2d, Bromide",1.0,Pd(OAc)2,0.0625,,,K3PO4,2.5,THF,19.98,2745189.25,,
5281,Potassium quinoline-6-trifluoroborate,"1g, 6-BF3K-Q",1.0,0.0004,"2d, Bromide",1.0,Pd(OAc)2,0.0625,P(tBu)3,0.125,,2.5,DMF,33.79,7138271.0,,
5282,Potassium quinoline-6-trifluoroborate,"1g, 6-BF3K-Q",1.0,0.0004,"2d, Bromide",1.0,Pd(OAc)2,0.0625,P(Ph)3 ,0.125,,2.5,DMF,54.43,14205624.0,,
5283,Potassium quinoline-6-trifluoroborate,"1g, 6-BF3K-Q",1.0,0.0004,"2d, Bromide",1.0,Pd(OAc)2,0.0625,AmPhos,0.125,,2.5,DMF,49.35,11781180.0,,
5284,Potassium quinoline-6-trifluoroborate,"1g, 6-BF3K-Q",1.0,0.0004,"2d, Bromide",1.0,Pd(OAc)2,0.0625,P(Cy)3,0.125,,2.5,DMF,29.27,5943891.0,,
5285,Potassium quinoline-6-trifluoroborate,"1g, 6-BF3K-Q",1.0,0.0004,"2d, Bromide",1.0,Pd(OAc)2,0.0625,P(o-Tol)3,0.125,,2.5,DMF,25.05,8030733.5,,
5286,Potassium quinoline-6-trifluoroborate,"1g, 6-BF3K-Q",1.0,0.0004,"2d, Bromide",1.0,Pd(OAc)2,0.0625,CataCXium A,0.125,,2.5,DMF,58.9,10365332.0,,
5287,Potassium quinoline-6-trifluoroborate,"1g, 6-BF3K-Q",1.0,0.0004,"2d, Bromide",1.0,Pd(OAc)2,0.0625,SPhos,0.125,,2.5,DMF,0.0,4315422.5,,
5288,Potassium quinoline-6-trifluoroborate,"1g, 6-BF3K-Q",1.0,0.0004,"2d, Bromide",1.0,Pd(OAc)2,0.0625,dtbpf,0.125,,2.5,DMF,47.98,11991210.0,,
5289,Potassium quinoline-6-trifluoroborate,"1g, 6-BF3K-Q",1.0,0.0004,"2d, Bromide",1.0,Pd(OAc)2,0.0625,XPhos,0.125,,2.5,DMF,0.0,4112719.25,,
5290,Potassium quinoline-6-trifluoroborate,"1g, 6-BF3K-Q",1.0,0.0004,"2d, Bromide",1.0,Pd(OAc)2,0.0625,dppf,0.125,,2.5,DMF,0.0,138286.84,,
5291,Potassium quinoline-6-trifluoroborate,"1g, 6-BF3K-Q",1.0,0.0004,"2d, Bromide",1.0,Pd(OAc)2,0.0625,Xantphos,0.125,,2.5,DMF,0.0,622325.56,,
5292,Potassium quinoline-6-trifluoroborate,"1g, 6-BF3K-Q",1.0,0.0004,"2d, Bromide",1.0,Pd(OAc)2,0.0625,,,,2.5,DMF,14.27,4019668.25,,
5293,Potassium quinoline-6-trifluoroborate,"1g, 6-BF3K-Q",1.0,0.0004,"2d, Bromide",1.0,Pd(OAc)2,0.0625,P(tBu)3,0.125,NaOH,2.5,DMF,0.0,3642242.25,,
5294,Potassium quinoline-6-trifluoroborate,"1g, 6-BF3K-Q",1.0,0.0004,"2d, Bromide",1.0,Pd(OAc)2,0.0625,P(Ph)3 ,0.125,NaOH,2.5,DMF,0.0,3335035.0,,
5295,Potassium quinoline-6-trifluoroborate,"1g, 6-BF3K-Q",1.0,0.0004,"2d, Bromide",1.0,Pd(OAc)2,0.0625,AmPhos,0.125,NaOH,2.5,DMF,25.47,8700017.0,,
5296,Potassium quinoline-6-trifluoroborate,"1g, 6-BF3K-Q",1.0,0.0004,"2d, Bromide",1.0,Pd(OAc)2,0.0625,P(Cy)3,0.125,NaOH,2.5,DMF,0.0,5540805.5,,
5297,Potassium quinoline-6-trifluoroborate,"1g, 6-BF3K-Q",1.0,0.0004,"2d, Bromide",1.0,Pd(OAc)2,0.0625,P(o-Tol)3,0.125,NaOH,2.5,DMF,0.0,5280289.5,,
5298,Potassium quinoline-6-trifluoroborate,"1g, 6-BF3K-Q",1.0,0.0004,"2d, Bromide",1.0,Pd(OAc)2,0.0625,CataCXium A,0.125,NaOH,2.5,DMF,0.0,2087568.88,,
5299,Potassium quinoline-6-trifluoroborate,"1g, 6-BF3K-Q",1.0,0.0004,"2d, Bromide",1.0,Pd(OAc)2,0.0625,SPhos,0.125,NaOH,2.5,DMF,43.83,10301012.0,,
5300,Potassium quinoline-6-trifluoroborate,"1g, 6-BF3K-Q",1.0,0.0004,"2d, Bromide",1.0,Pd(OAc)2,0.0625,dtbpf,0.125,NaOH,2.5,DMF,49.89,12095240.0,,
5301,Potassium quinoline-6-trifluoroborate,"1g, 6-BF3K-Q",1.0,0.0004,"2d, Bromide",1.0,Pd(OAc)2,0.0625,XPhos,0.125,NaOH,2.5,DMF,0.0,225665.34,,
5302,Potassium quinoline-6-trifluoroborate,"1g, 6-BF3K-Q",1.0,0.0004,"2d, Bromide",1.0,Pd(OAc)2,0.0625,dppf,0.125,NaOH,2.5,DMF,0.0,145421.42,,
5303,Potassium quinoline-6-trifluoroborate,"1g, 6-BF3K-Q",1.0,0.0004,"2d, Bromide",1.0,Pd(OAc)2,0.0625,Xantphos,0.125,NaOH,2.5,DMF,0.0,96733.53,,
5304,Potassium quinoline-6-trifluoroborate,"1g, 6-BF3K-Q",1.0,0.0004,"2d, Bromide",1.0,Pd(OAc)2,0.0625,,,NaOH,2.5,DMF,0.0,389002.19,,
5305,Potassium quinoline-6-trifluoroborate,"1g, 6-BF3K-Q",1.0,0.0004,"2d, Bromide",1.0,Pd(OAc)2,0.0625,P(tBu)3,0.125,KOH,2.5,DMF,0.0,353866.03,,
5306,Potassium quinoline-6-trifluoroborate,"1g, 6-BF3K-Q",1.0,0.0004,"2d, Bromide",1.0,Pd(OAc)2,0.0625,P(Ph)3 ,0.125,KOH,2.5,DMF,52.94,4414638.0,,
5307,Potassium quinoline-6-trifluoroborate,"1g, 6-BF3K-Q",1.0,0.0004,"2d, Bromide",1.0,Pd(OAc)2,0.0625,AmPhos,0.125,KOH,2.5,DMF,0.0,2115571.5,,
5308,Potassium quinoline-6-trifluoroborate,"1g, 6-BF3K-Q",1.0,0.0004,"2d, Bromide",1.0,Pd(OAc)2,0.0625,P(Cy)3,0.125,KOH,2.5,DMF,0.0,5664494.5,,
5309,Potassium quinoline-6-trifluoroborate,"1g, 6-BF3K-Q",1.0,0.0004,"2d, Bromide",1.0,Pd(OAc)2,0.0625,P(o-Tol)3,0.125,KOH,2.5,DMF,47.43,11212296.0,,
5310,Potassium quinoline-6-trifluoroborate,"1g, 6-BF3K-Q",1.0,0.0004,"2d, Bromide",1.0,Pd(OAc)2,0.0625,CataCXium A,0.125,KOH,2.5,DMF,0.0,2531855.0,,
5311,Potassium quinoline-6-trifluoroborate,"1g, 6-BF3K-Q",1.0,0.0004,"2d, Bromide",1.0,Pd(OAc)2,0.0625,SPhos,0.125,KOH,2.5,DMF,0.0,2665204.25,,
5312,Potassium quinoline-6-trifluoroborate,"1g, 6-BF3K-Q",1.0,0.0004,"2d, Bromide",1.0,Pd(OAc)2,0.0625,dtbpf,0.125,KOH,2.5,DMF,0.0,5040916.5,,
5313,Potassium quinoline-6-trifluoroborate,"1g, 6-BF3K-Q",1.0,0.0004,"2d, Bromide",1.0,Pd(OAc)2,0.0625,XPhos,0.125,KOH,2.5,DMF,0.0,132542.8,,
5314,Potassium quinoline-6-trifluoroborate,"1g, 6-BF3K-Q",1.0,0.0004,"2d, Bromide",1.0,Pd(OAc)2,0.0625,dppf,0.125,KOH,2.5,DMF,0.0,257184.39,,
5315,Potassium quinoline-6-trifluoroborate,"1g, 6-BF3K-Q",1.0,0.0004,"2d, Bromide",1.0,Pd(OAc)2,0.0625,Xantphos,0.125,KOH,2.5,DMF,0.0,209058.48,,
5316,Potassium quinoline-6-trifluoroborate,"1g, 6-BF3K-Q",1.0,0.0004,"2d, Bromide",1.0,Pd(OAc)2,0.0625,,,KOH,2.5,DMF,22.69,9708617.0,,
5317,Potassium quinoline-6-trifluoroborate,"1g, 6-BF3K-Q",1.0,0.0004,"2d, Bromide",1.0,Pd(OAc)2,0.0625,P(tBu)3,0.125,LiOtBu,2.5,DMF,27.87,6279264.0,,
5318,Potassium quinoline-6-trifluoroborate,"1g, 6-BF3K-Q",1.0,0.0004,"2d, Bromide",1.0,Pd(OAc)2,0.0625,P(Ph)3 ,0.125,LiOtBu,2.5,DMF,23.0,6076423.5,,
5319,Potassium quinoline-6-trifluoroborate,"1g, 6-BF3K-Q",1.0,0.0004,"2d, Bromide",1.0,Pd(OAc)2,0.0625,AmPhos,0.125,LiOtBu,2.5,DMF,18.55,6527385.5,,
5320,Potassium quinoline-6-trifluoroborate,"1g, 6-BF3K-Q",1.0,0.0004,"2d, Bromide",1.0,Pd(OAc)2,0.0625,P(Cy)3,0.125,LiOtBu,2.5,DMF,25.37,5876713.5,,
5321,Potassium quinoline-6-trifluoroborate,"1g, 6-BF3K-Q",1.0,0.0004,"2d, Bromide",1.0,Pd(OAc)2,0.0625,P(o-Tol)3,0.125,LiOtBu,2.5,DMF,38.4,9643882.0,,
5322,Potassium quinoline-6-trifluoroborate,"1g, 6-BF3K-Q",1.0,0.0004,"2d, Bromide",1.0,Pd(OAc)2,0.0625,CataCXium A,0.125,LiOtBu,2.5,DMF,32.91,3897238.5,,
5323,Potassium quinoline-6-trifluoroborate,"1g, 6-BF3K-Q",1.0,0.0004,"2d, Bromide",1.0,Pd(OAc)2,0.0625,SPhos,0.125,LiOtBu,2.5,DMF,0.0,1009647.81,,
5324,Potassium quinoline-6-trifluoroborate,"1g, 6-BF3K-Q",1.0,0.0004,"2d, Bromide",1.0,Pd(OAc)2,0.0625,dtbpf,0.125,LiOtBu,2.5,DMF,42.35,8597097.0,,
5325,Potassium quinoline-6-trifluoroborate,"1g, 6-BF3K-Q",1.0,0.0004,"2d, Bromide",1.0,Pd(OAc)2,0.0625,XPhos,0.125,LiOtBu,2.5,DMF,91.28,9110363.0,,
5326,Potassium quinoline-6-trifluoroborate,"1g, 6-BF3K-Q",1.0,0.0004,"2d, Bromide",1.0,Pd(OAc)2,0.0625,dppf,0.125,LiOtBu,2.5,DMF,0.0,274657.41,,
5327,Potassium quinoline-6-trifluoroborate,"1g, 6-BF3K-Q",1.0,0.0004,"2d, Bromide",1.0,Pd(OAc)2,0.0625,Xantphos,0.125,LiOtBu,2.5,DMF,0.0,297222.09,,
5328,Potassium quinoline-6-trifluoroborate,"1g, 6-BF3K-Q",1.0,0.0004,"2d, Bromide",1.0,Pd(OAc)2,0.0625,,,LiOtBu,2.5,DMF,0.0,1361070.88,,
5329,Potassium quinoline-6-trifluoroborate,"1g, 6-BF3K-Q",1.0,0.0004,"2d, Bromide",1.0,Pd(OAc)2,0.0625,P(tBu)3,0.125,NaHCO3,2.5,DMF,0.0,1967354.5,,
5330,Potassium quinoline-6-trifluoroborate,"1g, 6-BF3K-Q",1.0,0.0004,"2d, Bromide",1.0,Pd(OAc)2,0.0625,P(Ph)3 ,0.125,NaHCO3,2.5,DMF,54.48,13704093.0,,
5331,Potassium quinoline-6-trifluoroborate,"1g, 6-BF3K-Q",1.0,0.0004,"2d, Bromide",1.0,Pd(OAc)2,0.0625,AmPhos,0.125,NaHCO3,2.5,DMF,0.0,1088047.25,,
5332,Potassium quinoline-6-trifluoroborate,"1g, 6-BF3K-Q",1.0,0.0004,"2d, Bromide",1.0,Pd(OAc)2,0.0625,P(Cy)3,0.125,NaHCO3,2.5,DMF,0.0,356678.94,,
5333,Potassium quinoline-6-trifluoroborate,"1g, 6-BF3K-Q",1.0,0.0004,"2d, Bromide",1.0,Pd(OAc)2,0.0625,P(o-Tol)3,0.125,NaHCO3,2.5,DMF,0.0,704295.0,,
5334,Potassium quinoline-6-trifluoroborate,"1g, 6-BF3K-Q",1.0,0.0004,"2d, Bromide",1.0,Pd(OAc)2,0.0625,CataCXium A,0.125,NaHCO3,2.5,DMF,0.0,234000.19,,
5335,Potassium quinoline-6-trifluoroborate,"1g, 6-BF3K-Q",1.0,0.0004,"2d, Bromide",1.0,Pd(OAc)2,0.0625,SPhos,0.125,NaHCO3,2.5,DMF,0.0,768682.25,,
5336,Potassium quinoline-6-trifluoroborate,"1g, 6-BF3K-Q",1.0,0.0004,"2d, Bromide",1.0,Pd(OAc)2,0.0625,dtbpf,0.125,NaHCO3,2.5,DMF,0.0,143574.77,,
5337,Potassium quinoline-6-trifluoroborate,"1g, 6-BF3K-Q",1.0,0.0004,"2d, Bromide",1.0,Pd(OAc)2,0.0625,XPhos,0.125,NaHCO3,2.5,DMF,0.0,13571.6,,
5338,Potassium quinoline-6-trifluoroborate,"1g, 6-BF3K-Q",1.0,0.0004,"2d, Bromide",1.0,Pd(OAc)2,0.0625,dppf,0.125,NaHCO3,2.5,DMF,0.0,13038.7,,
5339,Potassium quinoline-6-trifluoroborate,"1g, 6-BF3K-Q",1.0,0.0004,"2d, Bromide",1.0,Pd(OAc)2,0.0625,Xantphos,0.125,NaHCO3,2.5,DMF,0.0,35994.71,,
5340,Potassium quinoline-6-trifluoroborate,"1g, 6-BF3K-Q",1.0,0.0004,"2d, Bromide",1.0,Pd(OAc)2,0.0625,,,NaHCO3,2.5,DMF,0.0,232783.75,,
5341,Potassium quinoline-6-trifluoroborate,"1g, 6-BF3K-Q",1.0,0.0004,"2d, Bromide",1.0,Pd(OAc)2,0.0625,P(tBu)3,0.125,Et3N,2.5,DMF,26.86,4798012.5,,
5342,Potassium quinoline-6-trifluoroborate,"1g, 6-BF3K-Q",1.0,0.0004,"2d, Bromide",1.0,Pd(OAc)2,0.0625,P(Ph)3 ,0.125,Et3N,2.5,DMF,50.12,11539803.0,,
5343,Potassium quinoline-6-trifluoroborate,"1g, 6-BF3K-Q",1.0,0.0004,"2d, Bromide",1.0,Pd(OAc)2,0.0625,AmPhos,0.125,Et3N,2.5,DMF,0.0,1210337.5,,
5344,Potassium quinoline-6-trifluoroborate,"1g, 6-BF3K-Q",1.0,0.0004,"2d, Bromide",1.0,Pd(OAc)2,0.0625,P(Cy)3,0.125,Et3N,2.5,DMF,18.63,4169637.5,,
5345,Potassium quinoline-6-trifluoroborate,"1g, 6-BF3K-Q",1.0,0.0004,"2d, Bromide",1.0,Pd(OAc)2,0.0625,P(o-Tol)3,0.125,Et3N,2.5,DMF,41.57,9597887.0,,
5346,Potassium quinoline-6-trifluoroborate,"1g, 6-BF3K-Q",1.0,0.0004,"2d, Bromide",1.0,Pd(OAc)2,0.0625,CataCXium A,0.125,Et3N,2.5,DMF,33.16,4292497.5,,
5347,Potassium quinoline-6-trifluoroborate,"1g, 6-BF3K-Q",1.0,0.0004,"2d, Bromide",1.0,Pd(OAc)2,0.0625,SPhos,0.125,Et3N,2.5,DMF,23.13,5245311.5,,
5348,Potassium quinoline-6-trifluoroborate,"1g, 6-BF3K-Q",1.0,0.0004,"2d, Bromide",1.0,Pd(OAc)2,0.0625,dtbpf,0.125,Et3N,2.5,DMF,37.36,7485330.0,,
5349,Potassium quinoline-6-trifluoroborate,"1g, 6-BF3K-Q",1.0,0.0004,"2d, Bromide",1.0,Pd(OAc)2,0.0625,XPhos,0.125,Et3N,2.5,DMF,33.27,6554453.5,,
5350,Potassium quinoline-6-trifluoroborate,"1g, 6-BF3K-Q",1.0,0.0004,"2d, Bromide",1.0,Pd(OAc)2,0.0625,dppf,0.125,Et3N,2.5,DMF,0.0,175234.09,,
5351,Potassium quinoline-6-trifluoroborate,"1g, 6-BF3K-Q",1.0,0.0004,"2d, Bromide",1.0,Pd(OAc)2,0.0625,Xantphos,0.125,Et3N,2.5,DMF,0.0,278610.38,,
5352,Potassium quinoline-6-trifluoroborate,"1g, 6-BF3K-Q",1.0,0.0004,"2d, Bromide",1.0,Pd(OAc)2,0.0625,,,Et3N,2.5,DMF,21.67,2387308.25,,
5353,Potassium quinoline-6-trifluoroborate,"1g, 6-BF3K-Q",1.0,0.0004,"2d, Bromide",1.0,Pd(OAc)2,0.0625,P(tBu)3,0.125,CsF,2.5,DMF,29.77,5995937.0,,
5354,Potassium quinoline-6-trifluoroborate,"1g, 6-BF3K-Q",1.0,0.0004,"2d, Bromide",1.0,Pd(OAc)2,0.0625,P(Ph)3 ,0.125,CsF,2.5,DMF,0.0,6511252.5,,
5355,Potassium quinoline-6-trifluoroborate,"1g, 6-BF3K-Q",1.0,0.0004,"2d, Bromide",1.0,Pd(OAc)2,0.0625,AmPhos,0.125,CsF,2.5,DMF,0.0,3614427.75,,
5356,Potassium quinoline-6-trifluoroborate,"1g, 6-BF3K-Q",1.0,0.0004,"2d, Bromide",1.0,Pd(OAc)2,0.0625,P(Cy)3,0.125,CsF,2.5,DMF,0.0,435042.03,,
5357,Potassium quinoline-6-trifluoroborate,"1g, 6-BF3K-Q",1.0,0.0004,"2d, Bromide",1.0,Pd(OAc)2,0.0625,P(o-Tol)3,0.125,CsF,2.5,DMF,46.64,10770865.0,,
5358,Potassium quinoline-6-trifluoroborate,"1g, 6-BF3K-Q",1.0,0.0004,"2d, Bromide",1.0,Pd(OAc)2,0.0625,CataCXium A,0.125,CsF,2.5,DMF,49.68,8002252.0,,
5359,Potassium quinoline-6-trifluoroborate,"1g, 6-BF3K-Q",1.0,0.0004,"2d, Bromide",1.0,Pd(OAc)2,0.0625,SPhos,0.125,CsF,2.5,DMF,38.22,8626809.0,,
5360,Potassium quinoline-6-trifluoroborate,"1g, 6-BF3K-Q",1.0,0.0004,"2d, Bromide",1.0,Pd(OAc)2,0.0625,dtbpf,0.125,CsF,2.5,DMF,38.71,8962313.0,,
5361,Potassium quinoline-6-trifluoroborate,"1g, 6-BF3K-Q",1.0,0.0004,"2d, Bromide",1.0,Pd(OAc)2,0.0625,XPhos,0.125,CsF,2.5,DMF,0.0,3104284.25,,
5362,Potassium quinoline-6-trifluoroborate,"1g, 6-BF3K-Q",1.0,0.0004,"2d, Bromide",1.0,Pd(OAc)2,0.0625,dppf,0.125,CsF,2.5,DMF,0.0,310372.63,,
5363,Potassium quinoline-6-trifluoroborate,"1g, 6-BF3K-Q",1.0,0.0004,"2d, Bromide",1.0,Pd(OAc)2,0.0625,Xantphos,0.125,CsF,2.5,DMF,0.0,114504.14,,
5364,Potassium quinoline-6-trifluoroborate,"1g, 6-BF3K-Q",1.0,0.0004,"2d, Bromide",1.0,Pd(OAc)2,0.0625,,,CsF,2.5,DMF,0.0,428829.63,,
5365,Potassium quinoline-6-trifluoroborate,"1g, 6-BF3K-Q",1.0,0.0004,"2d, Bromide",1.0,Pd(OAc)2,0.0625,P(tBu)3,0.125,K3PO4,2.5,DMF,0.0,1684298.75,,
5366,Potassium quinoline-6-trifluoroborate,"1g, 6-BF3K-Q",1.0,0.0004,"2d, Bromide",1.0,Pd(OAc)2,0.0625,P(Ph)3 ,0.125,K3PO4,2.5,DMF,61.04,13380333.0,,
5367,Potassium quinoline-6-trifluoroborate,"1g, 6-BF3K-Q",1.0,0.0004,"2d, Bromide",1.0,Pd(OAc)2,0.0625,AmPhos,0.125,K3PO4,2.5,DMF,29.53,7086051.5,,
5368,Potassium quinoline-6-trifluoroborate,"1g, 6-BF3K-Q",1.0,0.0004,"2d, Bromide",1.0,Pd(OAc)2,0.0625,P(Cy)3,0.125,K3PO4,2.5,DMF,44.91,11049873.0,,
5369,Potassium quinoline-6-trifluoroborate,"1g, 6-BF3K-Q",1.0,0.0004,"2d, Bromide",1.0,Pd(OAc)2,0.0625,P(o-Tol)3,0.125,K3PO4,2.5,DMF,53.93,12537171.0,,
5370,Potassium quinoline-6-trifluoroborate,"1g, 6-BF3K-Q",1.0,0.0004,"2d, Bromide",1.0,Pd(OAc)2,0.0625,CataCXium A,0.125,K3PO4,2.5,DMF,0.0,2864806.25,,
5371,Potassium quinoline-6-trifluoroborate,"1g, 6-BF3K-Q",1.0,0.0004,"2d, Bromide",1.0,Pd(OAc)2,0.0625,SPhos,0.125,K3PO4,2.5,DMF,53.92,13313189.0,,
5372,Potassium quinoline-6-trifluoroborate,"1g, 6-BF3K-Q",1.0,0.0004,"2d, Bromide",1.0,Pd(OAc)2,0.0625,dtbpf,0.125,K3PO4,2.5,DMF,0.0,5167298.5,,
5373,Potassium quinoline-6-trifluoroborate,"1g, 6-BF3K-Q",1.0,0.0004,"2d, Bromide",1.0,Pd(OAc)2,0.0625,XPhos,0.125,K3PO4,2.5,DMF,0.0,7332763.0,,
5374,Potassium quinoline-6-trifluoroborate,"1g, 6-BF3K-Q",1.0,0.0004,"2d, Bromide",1.0,Pd(OAc)2,0.0625,dppf,0.125,K3PO4,2.5,DMF,0.0,193740.08,,
5375,Potassium quinoline-6-trifluoroborate,"1g, 6-BF3K-Q",1.0,0.0004,"2d, Bromide",1.0,Pd(OAc)2,0.0625,Xantphos,0.125,K3PO4,2.5,DMF,0.0,154154.42,,
5376,Potassium quinoline-6-trifluoroborate,"1g, 6-BF3K-Q",1.0,0.0004,"2d, Bromide",1.0,Pd(OAc)2,0.0625,,,K3PO4,2.5,DMF,0.0,1119802.63,,
5377,6-Quinolineboronic acid pinacol ester,"1f, 6-BPin-Q",1.0,0.0004,"2d, Bromide",1.0,Pd(OAc)2,0.0625,P(tBu)3,0.125,,2.5,MeOH,24.84,5036939.0,,
5378,6-Quinolineboronic acid pinacol ester,"1f, 6-BPin-Q",1.0,0.0004,"2d, Bromide",1.0,Pd(OAc)2,0.0625,P(Ph)3 ,0.125,,2.5,MeOH,18.36,7556060.5,,
5379,6-Quinolineboronic acid pinacol ester,"1f, 6-BPin-Q",1.0,0.0004,"2d, Bromide",1.0,Pd(OAc)2,0.0625,AmPhos,0.125,,2.5,MeOH,20.64,5889742.0,,
5380,6-Quinolineboronic acid pinacol ester,"1f, 6-BPin-Q",1.0,0.0004,"2d, Bromide",1.0,Pd(OAc)2,0.0625,P(Cy)3,0.125,,2.5,MeOH,18.55,3359025.25,,
5381,6-Quinolineboronic acid pinacol ester,"1f, 6-BPin-Q",1.0,0.0004,"2d, Bromide",1.0,Pd(OAc)2,0.0625,P(o-Tol)3,0.125,,2.5,MeOH,37.07,8574848.0,,
5382,6-Quinolineboronic acid pinacol ester,"1f, 6-BPin-Q",1.0,0.0004,"2d, Bromide",1.0,Pd(OAc)2,0.0625,CataCXium A,0.125,,2.5,MeOH,27.14,5333705.5,,
5383,6-Quinolineboronic acid pinacol ester,"1f, 6-BPin-Q",1.0,0.0004,"2d, Bromide",1.0,Pd(OAc)2,0.0625,SPhos,0.125,,2.5,MeOH,0.0,1994153.63,,
5384,6-Quinolineboronic acid pinacol ester,"1f, 6-BPin-Q",1.0,0.0004,"2d, Bromide",1.0,Pd(OAc)2,0.0625,dtbpf,0.125,,2.5,MeOH,0.0,1901022.25,,
5385,6-Quinolineboronic acid pinacol ester,"1f, 6-BPin-Q",1.0,0.0004,"2d, Bromide",1.0,Pd(OAc)2,0.0625,XPhos,0.125,,2.5,MeOH,0.0,574325.0,,
5386,6-Quinolineboronic acid pinacol ester,"1f, 6-BPin-Q",1.0,0.0004,"2d, Bromide",1.0,Pd(OAc)2,0.0625,dppf,0.125,,2.5,MeOH,0.0,141843.53,,
5387,6-Quinolineboronic acid pinacol ester,"1f, 6-BPin-Q",1.0,0.0004,"2d, Bromide",1.0,Pd(OAc)2,0.0625,Xantphos,0.125,,2.5,MeOH,0.0,380397.78,,
5388,6-Quinolineboronic acid pinacol ester,"1f, 6-BPin-Q",1.0,0.0004,"2d, Bromide",1.0,Pd(OAc)2,0.0625,,,,2.5,MeOH,20.49,4170258.75,,
5389,6-Quinolineboronic acid pinacol ester,"1f, 6-BPin-Q",1.0,0.0004,"2d, Bromide",1.0,Pd(OAc)2,0.0625,P(tBu)3,0.125,NaOH,2.5,MeOH,28.88,5324264.0,,
5390,6-Quinolineboronic acid pinacol ester,"1f, 6-BPin-Q",1.0,0.0004,"2d, Bromide",1.0,Pd(OAc)2,0.0625,P(Ph)3 ,0.125,NaOH,2.5,MeOH,66.53,20579806.0,,
5391,6-Quinolineboronic acid pinacol ester,"1f, 6-BPin-Q",1.0,0.0004,"2d, Bromide",1.0,Pd(OAc)2,0.0625,AmPhos,0.125,NaOH,2.5,MeOH,38.22,8772744.0,,
5392,6-Quinolineboronic acid pinacol ester,"1f, 6-BPin-Q",1.0,0.0004,"2d, Bromide",1.0,Pd(OAc)2,0.0625,P(Cy)3,0.125,NaOH,2.5,MeOH,47.34,13829915.0,,
5393,6-Quinolineboronic acid pinacol ester,"1f, 6-BPin-Q",1.0,0.0004,"2d, Bromide",1.0,Pd(OAc)2,0.0625,P(o-Tol)3,0.125,NaOH,2.5,MeOH,73.08,16291124.0,,
5394,6-Quinolineboronic acid pinacol ester,"1f, 6-BPin-Q",1.0,0.0004,"2d, Bromide",1.0,Pd(OAc)2,0.0625,CataCXium A,0.125,NaOH,2.5,MeOH,40.75,6893417.5,,
5395,6-Quinolineboronic acid pinacol ester,"1f, 6-BPin-Q",1.0,0.0004,"2d, Bromide",1.0,Pd(OAc)2,0.0625,SPhos,0.125,NaOH,2.5,MeOH,53.93,11683549.0,,
5396,6-Quinolineboronic acid pinacol ester,"1f, 6-BPin-Q",1.0,0.0004,"2d, Bromide",1.0,Pd(OAc)2,0.0625,dtbpf,0.125,NaOH,2.5,MeOH,24.19,4903888.0,,
5397,6-Quinolineboronic acid pinacol ester,"1f, 6-BPin-Q",1.0,0.0004,"2d, Bromide",1.0,Pd(OAc)2,0.0625,XPhos,0.125,NaOH,2.5,MeOH,71.18,17608660.0,,
5398,6-Quinolineboronic acid pinacol ester,"1f, 6-BPin-Q",1.0,0.0004,"2d, Bromide",1.0,Pd(OAc)2,0.0625,dppf,0.125,NaOH,2.5,MeOH,52.87,12673781.0,,
5399,6-Quinolineboronic acid pinacol ester,"1f, 6-BPin-Q",1.0,0.0004,"2d, Bromide",1.0,Pd(OAc)2,0.0625,Xantphos,0.125,NaOH,2.5,MeOH,23.67,2822784.75,,
5400,6-Quinolineboronic acid pinacol ester,"1f, 6-BPin-Q",1.0,0.0004,"2d, Bromide",1.0,Pd(OAc)2,0.0625,,,NaOH,2.5,MeOH,53.83,18522574.0,,
5401,6-Quinolineboronic acid pinacol ester,"1f, 6-BPin-Q",1.0,0.0004,"2d, Bromide",1.0,Pd(OAc)2,0.0625,P(tBu)3,0.125,KOH,2.5,MeOH,29.52,5798271.0,,
5402,6-Quinolineboronic acid pinacol ester,"1f, 6-BPin-Q",1.0,0.0004,"2d, Bromide",1.0,Pd(OAc)2,0.0625,P(Ph)3 ,0.125,KOH,2.5,MeOH,71.31,18063844.0,,
5403,6-Quinolineboronic acid pinacol ester,"1f, 6-BPin-Q",1.0,0.0004,"2d, Bromide",1.0,Pd(OAc)2,0.0625,AmPhos,0.125,KOH,2.5,MeOH,23.16,8165530.0,,
5404,6-Quinolineboronic acid pinacol ester,"1f, 6-BPin-Q",1.0,0.0004,"2d, Bromide",1.0,Pd(OAc)2,0.0625,P(Cy)3,0.125,KOH,2.5,MeOH,45.18,11608936.0,,
5405,6-Quinolineboronic acid pinacol ester,"1f, 6-BPin-Q",1.0,0.0004,"2d, Bromide",1.0,Pd(OAc)2,0.0625,P(o-Tol)3,0.125,KOH,2.5,MeOH,75.97,18967944.0,,
5406,6-Quinolineboronic acid pinacol ester,"1f, 6-BPin-Q",1.0,0.0004,"2d, Bromide",1.0,Pd(OAc)2,0.0625,CataCXium A,0.125,KOH,2.5,MeOH,43.33,7165222.5,,
5407,6-Quinolineboronic acid pinacol ester,"1f, 6-BPin-Q",1.0,0.0004,"2d, Bromide",1.0,Pd(OAc)2,0.0625,SPhos,0.125,KOH,2.5,MeOH,49.88,10614984.0,,
5408,6-Quinolineboronic acid pinacol ester,"1f, 6-BPin-Q",1.0,0.0004,"2d, Bromide",1.0,Pd(OAc)2,0.0625,dtbpf,0.125,KOH,2.5,MeOH,26.71,5945466.0,,
5409,6-Quinolineboronic acid pinacol ester,"1f, 6-BPin-Q",1.0,0.0004,"2d, Bromide",1.0,Pd(OAc)2,0.0625,XPhos,0.125,KOH,2.5,MeOH,75.77,17382604.0,,
5410,6-Quinolineboronic acid pinacol ester,"1f, 6-BPin-Q",1.0,0.0004,"2d, Bromide",1.0,Pd(OAc)2,0.0625,dppf,0.125,KOH,2.5,MeOH,59.78,15843741.0,,
5411,6-Quinolineboronic acid pinacol ester,"1f, 6-BPin-Q",1.0,0.0004,"2d, Bromide",1.0,Pd(OAc)2,0.0625,Xantphos,0.125,KOH,2.5,MeOH,0.0,0.0,,
5412,6-Quinolineboronic acid pinacol ester,"1f, 6-BPin-Q",1.0,0.0004,"2d, Bromide",1.0,Pd(OAc)2,0.0625,,,KOH,2.5,MeOH,52.4,16414341.0,,
5413,6-Quinolineboronic acid pinacol ester,"1f, 6-BPin-Q",1.0,0.0004,"2d, Bromide",1.0,Pd(OAc)2,0.0625,P(tBu)3,0.125,LiOtBu,2.5,MeOH,27.41,4460721.5,,
5414,6-Quinolineboronic acid pinacol ester,"1f, 6-BPin-Q",1.0,0.0004,"2d, Bromide",1.0,Pd(OAc)2,0.0625,P(Ph)3 ,0.125,LiOtBu,2.5,MeOH,77.14,18470584.0,,
5415,6-Quinolineboronic acid pinacol ester,"1f, 6-BPin-Q",1.0,0.0004,"2d, Bromide",1.0,Pd(OAc)2,0.0625,AmPhos,0.125,LiOtBu,2.5,MeOH,30.72,6036727.5,,
5416,6-Quinolineboronic acid pinacol ester,"1f, 6-BPin-Q",1.0,0.0004,"2d, Bromide",1.0,Pd(OAc)2,0.0625,P(Cy)3,0.125,LiOtBu,2.5,MeOH,41.5,9553919.0,,
5417,6-Quinolineboronic acid pinacol ester,"1f, 6-BPin-Q",1.0,0.0004,"2d, Bromide",1.0,Pd(OAc)2,0.0625,P(o-Tol)3,0.125,LiOtBu,2.5,MeOH,66.05,14134903.0,,
5418,6-Quinolineboronic acid pinacol ester,"1f, 6-BPin-Q",1.0,0.0004,"2d, Bromide",1.0,Pd(OAc)2,0.0625,CataCXium A,0.125,LiOtBu,2.5,MeOH,23.97,5338356.0,,
5419,6-Quinolineboronic acid pinacol ester,"1f, 6-BPin-Q",1.0,0.0004,"2d, Bromide",1.0,Pd(OAc)2,0.0625,SPhos,0.125,LiOtBu,2.5,MeOH,48.7,10578919.0,,
5420,6-Quinolineboronic acid pinacol ester,"1f, 6-BPin-Q",1.0,0.0004,"2d, Bromide",1.0,Pd(OAc)2,0.0625,dtbpf,0.125,LiOtBu,2.5,MeOH,22.81,3148791.5,,
5421,6-Quinolineboronic acid pinacol ester,"1f, 6-BPin-Q",1.0,0.0004,"2d, Bromide",1.0,Pd(OAc)2,0.0625,XPhos,0.125,LiOtBu,2.5,MeOH,0.0,14576542.0,,
5422,6-Quinolineboronic acid pinacol ester,"1f, 6-BPin-Q",1.0,0.0004,"2d, Bromide",1.0,Pd(OAc)2,0.0625,dppf,0.125,LiOtBu,2.5,MeOH,44.94,9618206.0,,
5423,6-Quinolineboronic acid pinacol ester,"1f, 6-BPin-Q",1.0,0.0004,"2d, Bromide",1.0,Pd(OAc)2,0.0625,Xantphos,0.125,LiOtBu,2.5,MeOH,22.64,2934914.25,,
5424,6-Quinolineboronic acid pinacol ester,"1f, 6-BPin-Q",1.0,0.0004,"2d, Bromide",1.0,Pd(OAc)2,0.0625,,,LiOtBu,2.5,MeOH,48.09,14031003.0,,
5425,6-Quinolineboronic acid pinacol ester,"1f, 6-BPin-Q",1.0,0.0004,"2d, Bromide",1.0,Pd(OAc)2,0.0625,P(tBu)3,0.125,NaHCO3,2.5,MeOH,31.53,6405287.0,,
5426,6-Quinolineboronic acid pinacol ester,"1f, 6-BPin-Q",1.0,0.0004,"2d, Bromide",1.0,Pd(OAc)2,0.0625,P(Ph)3 ,0.125,NaHCO3,2.5,MeOH,61.67,16833202.0,,
5427,6-Quinolineboronic acid pinacol ester,"1f, 6-BPin-Q",1.0,0.0004,"2d, Bromide",1.0,Pd(OAc)2,0.0625,AmPhos,0.125,NaHCO3,2.5,MeOH,39.82,9421431.0,,
5428,6-Quinolineboronic acid pinacol ester,"1f, 6-BPin-Q",1.0,0.0004,"2d, Bromide",1.0,Pd(OAc)2,0.0625,P(Cy)3,0.125,NaHCO3,2.5,MeOH,38.43,9172048.0,,
5429,6-Quinolineboronic acid pinacol ester,"1f, 6-BPin-Q",1.0,0.0004,"2d, Bromide",1.0,Pd(OAc)2,0.0625,P(o-Tol)3,0.125,NaHCO3,2.5,MeOH,77.94,16984424.0,,
5430,6-Quinolineboronic acid pinacol ester,"1f, 6-BPin-Q",1.0,0.0004,"2d, Bromide",1.0,Pd(OAc)2,0.0625,CataCXium A,0.125,NaHCO3,2.5,MeOH,39.31,6262218.5,,
5431,6-Quinolineboronic acid pinacol ester,"1f, 6-BPin-Q",1.0,0.0004,"2d, Bromide",1.0,Pd(OAc)2,0.0625,SPhos,0.125,NaHCO3,2.5,MeOH,51.97,12361343.0,,
5432,6-Quinolineboronic acid pinacol ester,"1f, 6-BPin-Q",1.0,0.0004,"2d, Bromide",1.0,Pd(OAc)2,0.0625,dtbpf,0.125,NaHCO3,2.5,MeOH,27.06,5588235.5,,
5433,6-Quinolineboronic acid pinacol ester,"1f, 6-BPin-Q",1.0,0.0004,"2d, Bromide",1.0,Pd(OAc)2,0.0625,XPhos,0.125,NaHCO3,2.5,MeOH,55.15,14465991.0,,
5434,6-Quinolineboronic acid pinacol ester,"1f, 6-BPin-Q",1.0,0.0004,"2d, Bromide",1.0,Pd(OAc)2,0.0625,dppf,0.125,NaHCO3,2.5,MeOH,0.0,1384693.13,,
5435,6-Quinolineboronic acid pinacol ester,"1f, 6-BPin-Q",1.0,0.0004,"2d, Bromide",1.0,Pd(OAc)2,0.0625,Xantphos,0.125,NaHCO3,2.5,MeOH,23.24,3962174.75,,
5436,6-Quinolineboronic acid pinacol ester,"1f, 6-BPin-Q",1.0,0.0004,"2d, Bromide",1.0,Pd(OAc)2,0.0625,,,NaHCO3,2.5,MeOH,42.14,13274571.0,,
5437,6-Quinolineboronic acid pinacol ester,"1f, 6-BPin-Q",1.0,0.0004,"2d, Bromide",1.0,Pd(OAc)2,0.0625,P(tBu)3,0.125,Et3N,2.5,MeOH,0.0,7310361.5,,
5438,6-Quinolineboronic acid pinacol ester,"1f, 6-BPin-Q",1.0,0.0004,"2d, Bromide",1.0,Pd(OAc)2,0.0625,P(Ph)3 ,0.125,Et3N,2.5,MeOH,0.0,12271177.0,,
5439,6-Quinolineboronic acid pinacol ester,"1f, 6-BPin-Q",1.0,0.0004,"2d, Bromide",1.0,Pd(OAc)2,0.0625,AmPhos,0.125,Et3N,2.5,MeOH,0.0,5744240.0,,
5440,6-Quinolineboronic acid pinacol ester,"1f, 6-BPin-Q",1.0,0.0004,"2d, Bromide",1.0,Pd(OAc)2,0.0625,P(Cy)3,0.125,Et3N,2.5,MeOH,18.1,6992754.0,,
5441,6-Quinolineboronic acid pinacol ester,"1f, 6-BPin-Q",1.0,0.0004,"2d, Bromide",1.0,Pd(OAc)2,0.0625,P(o-Tol)3,0.125,Et3N,2.5,MeOH,0.0,15255291.0,,
5442,6-Quinolineboronic acid pinacol ester,"1f, 6-BPin-Q",1.0,0.0004,"2d, Bromide",1.0,Pd(OAc)2,0.0625,CataCXium A,0.125,Et3N,2.5,MeOH,0.0,4317743.5,,
5443,6-Quinolineboronic acid pinacol ester,"1f, 6-BPin-Q",1.0,0.0004,"2d, Bromide",1.0,Pd(OAc)2,0.0625,SPhos,0.125,Et3N,2.5,MeOH,0.0,5952260.0,,
5444,6-Quinolineboronic acid pinacol ester,"1f, 6-BPin-Q",1.0,0.0004,"2d, Bromide",1.0,Pd(OAc)2,0.0625,dtbpf,0.125,Et3N,2.5,MeOH,0.0,3926019.75,,
5445,6-Quinolineboronic acid pinacol ester,"1f, 6-BPin-Q",1.0,0.0004,"2d, Bromide",1.0,Pd(OAc)2,0.0625,XPhos,0.125,Et3N,2.5,MeOH,0.0,9002066.0,,
5446,6-Quinolineboronic acid pinacol ester,"1f, 6-BPin-Q",1.0,0.0004,"2d, Bromide",1.0,Pd(OAc)2,0.0625,dppf,0.125,Et3N,2.5,MeOH,21.5,2536203.25,,
5447,6-Quinolineboronic acid pinacol ester,"1f, 6-BPin-Q",1.0,0.0004,"2d, Bromide",1.0,Pd(OAc)2,0.0625,Xantphos,0.125,Et3N,2.5,MeOH,0.0,1351239.63,,
5448,6-Quinolineboronic acid pinacol ester,"1f, 6-BPin-Q",1.0,0.0004,"2d, Bromide",1.0,Pd(OAc)2,0.0625,,,Et3N,2.5,MeOH,18.23,9521740.0,,
5449,6-Quinolineboronic acid pinacol ester,"1f, 6-BPin-Q",1.0,0.0004,"2d, Bromide",1.0,Pd(OAc)2,0.0625,P(tBu)3,0.125,CsF,2.5,MeOH,20.19,8128764.0,,
5450,6-Quinolineboronic acid pinacol ester,"1f, 6-BPin-Q",1.0,0.0004,"2d, Bromide",1.0,Pd(OAc)2,0.0625,P(Ph)3 ,0.125,CsF,2.5,MeOH,46.94,11781461.0,,
5451,6-Quinolineboronic acid pinacol ester,"1f, 6-BPin-Q",1.0,0.0004,"2d, Bromide",1.0,Pd(OAc)2,0.0625,AmPhos,0.125,CsF,2.5,MeOH,21.65,7883028.5,,
5452,6-Quinolineboronic acid pinacol ester,"1f, 6-BPin-Q",1.0,0.0004,"2d, Bromide",1.0,Pd(OAc)2,0.0625,P(Cy)3,0.125,CsF,2.5,MeOH,11.53,5576128.0,,
5453,6-Quinolineboronic acid pinacol ester,"1f, 6-BPin-Q",1.0,0.0004,"2d, Bromide",1.0,Pd(OAc)2,0.0625,P(o-Tol)3,0.125,CsF,2.5,MeOH,60.59,14692574.0,,
5454,6-Quinolineboronic acid pinacol ester,"1f, 6-BPin-Q",1.0,0.0004,"2d, Bromide",1.0,Pd(OAc)2,0.0625,CataCXium A,0.125,CsF,2.5,MeOH,43.34,6929089.5,,
5455,6-Quinolineboronic acid pinacol ester,"1f, 6-BPin-Q",1.0,0.0004,"2d, Bromide",1.0,Pd(OAc)2,0.0625,SPhos,0.125,CsF,2.5,MeOH,16.64,6783534.5,,
5456,6-Quinolineboronic acid pinacol ester,"1f, 6-BPin-Q",1.0,0.0004,"2d, Bromide",1.0,Pd(OAc)2,0.0625,dtbpf,0.125,CsF,2.5,MeOH,11.74,5494466.0,,
5457,6-Quinolineboronic acid pinacol ester,"1f, 6-BPin-Q",1.0,0.0004,"2d, Bromide",1.0,Pd(OAc)2,0.0625,XPhos,0.125,CsF,2.5,MeOH,23.77,9137352.0,,
5458,6-Quinolineboronic acid pinacol ester,"1f, 6-BPin-Q",1.0,0.0004,"2d, Bromide",1.0,Pd(OAc)2,0.0625,dppf,0.125,CsF,2.5,MeOH,22.54,3214163.5,,
5459,6-Quinolineboronic acid pinacol ester,"1f, 6-BPin-Q",1.0,0.0004,"2d, Bromide",1.0,Pd(OAc)2,0.0625,Xantphos,0.125,CsF,2.5,MeOH,22.2,3222684.75,,
5460,6-Quinolineboronic acid pinacol ester,"1f, 6-BPin-Q",1.0,0.0004,"2d, Bromide",1.0,Pd(OAc)2,0.0625,,,CsF,2.5,MeOH,21.28,10881378.0,,
5461,6-Quinolineboronic acid pinacol ester,"1f, 6-BPin-Q",1.0,0.0004,"2d, Bromide",1.0,Pd(OAc)2,0.0625,P(tBu)3,0.125,K3PO4,2.5,MeOH,15.43,6966141.0,,
5462,6-Quinolineboronic acid pinacol ester,"1f, 6-BPin-Q",1.0,0.0004,"2d, Bromide",1.0,Pd(OAc)2,0.0625,P(Ph)3 ,0.125,K3PO4,2.5,MeOH,75.5,18418186.0,,
5463,6-Quinolineboronic acid pinacol ester,"1f, 6-BPin-Q",1.0,0.0004,"2d, Bromide",1.0,Pd(OAc)2,0.0625,AmPhos,0.125,K3PO4,2.5,MeOH,28.06,9038224.0,,
5464,6-Quinolineboronic acid pinacol ester,"1f, 6-BPin-Q",1.0,0.0004,"2d, Bromide",1.0,Pd(OAc)2,0.0625,P(Cy)3,0.125,K3PO4,2.5,MeOH,46.53,11146657.0,,
5465,6-Quinolineboronic acid pinacol ester,"1f, 6-BPin-Q",1.0,0.0004,"2d, Bromide",1.0,Pd(OAc)2,0.0625,P(o-Tol)3,0.125,K3PO4,2.5,MeOH,76.26,18155762.0,,
5466,6-Quinolineboronic acid pinacol ester,"1f, 6-BPin-Q",1.0,0.0004,"2d, Bromide",1.0,Pd(OAc)2,0.0625,CataCXium A,0.125,K3PO4,2.5,MeOH,44.45,6915390.0,,
5467,6-Quinolineboronic acid pinacol ester,"1f, 6-BPin-Q",1.0,0.0004,"2d, Bromide",1.0,Pd(OAc)2,0.0625,SPhos,0.125,K3PO4,2.5,MeOH,62.98,13898592.0,,
5468,6-Quinolineboronic acid pinacol ester,"1f, 6-BPin-Q",1.0,0.0004,"2d, Bromide",1.0,Pd(OAc)2,0.0625,dtbpf,0.125,K3PO4,2.5,MeOH,9.19,4525493.5,,
5469,6-Quinolineboronic acid pinacol ester,"1f, 6-BPin-Q",1.0,0.0004,"2d, Bromide",1.0,Pd(OAc)2,0.0625,XPhos,0.125,K3PO4,2.5,MeOH,80.4,18712254.0,,
5470,6-Quinolineboronic acid pinacol ester,"1f, 6-BPin-Q",1.0,0.0004,"2d, Bromide",1.0,Pd(OAc)2,0.0625,dppf,0.125,K3PO4,2.5,MeOH,41.36,7829057.5,,
5471,6-Quinolineboronic acid pinacol ester,"1f, 6-BPin-Q",1.0,0.0004,"2d, Bromide",1.0,Pd(OAc)2,0.0625,Xantphos,0.125,K3PO4,2.5,MeOH,22.57,3081806.25,,
5472,6-Quinolineboronic acid pinacol ester,"1f, 6-BPin-Q",1.0,0.0004,"2d, Bromide",1.0,Pd(OAc)2,0.0625,,,K3PO4,2.5,MeOH,61.15,14799149.0,,
5473,6-Quinolineboronic acid pinacol ester,"1f, 6-BPin-Q",1.0,0.0004,"2d, Bromide",1.0,Pd(OAc)2,0.0625,P(tBu)3,0.125,,2.5,MeCN,31.48,7754564.5,,
5474,6-Quinolineboronic acid pinacol ester,"1f, 6-BPin-Q",1.0,0.0004,"2d, Bromide",1.0,Pd(OAc)2,0.0625,P(Ph)3 ,0.125,,2.5,MeCN,20.98,6258806.0,,
5475,6-Quinolineboronic acid pinacol ester,"1f, 6-BPin-Q",1.0,0.0004,"2d, Bromide",1.0,Pd(OAc)2,0.0625,AmPhos,0.125,,2.5,MeCN,38.9,8569165.0,,
5476,6-Quinolineboronic acid pinacol ester,"1f, 6-BPin-Q",1.0,0.0004,"2d, Bromide",1.0,Pd(OAc)2,0.0625,P(Cy)3,0.125,,2.5,MeCN,18.65,2422580.75,,
5477,6-Quinolineboronic acid pinacol ester,"1f, 6-BPin-Q",1.0,0.0004,"2d, Bromide",1.0,Pd(OAc)2,0.0625,P(o-Tol)3,0.125,,2.5,MeCN,23.43,4444896.0,,
5478,6-Quinolineboronic acid pinacol ester,"1f, 6-BPin-Q",1.0,0.0004,"2d, Bromide",1.0,Pd(OAc)2,0.0625,CataCXium A,0.125,,2.5,MeCN,37.87,5678114.0,,
5479,6-Quinolineboronic acid pinacol ester,"1f, 6-BPin-Q",1.0,0.0004,"2d, Bromide",1.0,Pd(OAc)2,0.0625,SPhos,0.125,,2.5,MeCN,22.72,3707341.5,,
5480,6-Quinolineboronic acid pinacol ester,"1f, 6-BPin-Q",1.0,0.0004,"2d, Bromide",1.0,Pd(OAc)2,0.0625,dtbpf,0.125,,2.5,MeCN,23.02,4489072.0,,
5481,6-Quinolineboronic acid pinacol ester,"1f, 6-BPin-Q",1.0,0.0004,"2d, Bromide",1.0,Pd(OAc)2,0.0625,XPhos,0.125,,2.5,MeCN,19.74,2262784.75,,
5482,6-Quinolineboronic acid pinacol ester,"1f, 6-BPin-Q",1.0,0.0004,"2d, Bromide",1.0,Pd(OAc)2,0.0625,dppf,0.125,,2.5,MeCN,0.0,1866561.75,,
5483,6-Quinolineboronic acid pinacol ester,"1f, 6-BPin-Q",1.0,0.0004,"2d, Bromide",1.0,Pd(OAc)2,0.0625,Xantphos,0.125,,2.5,MeCN,0.0,563587.13,,
5484,6-Quinolineboronic acid pinacol ester,"1f, 6-BPin-Q",1.0,0.0004,"2d, Bromide",1.0,Pd(OAc)2,0.0625,,,,2.5,MeCN,19.52,2062927.38,,
5485,6-Quinolineboronic acid pinacol ester,"1f, 6-BPin-Q",1.0,0.0004,"2d, Bromide",1.0,Pd(OAc)2,0.0625,P(tBu)3,0.125,NaOH,2.5,MeCN,58.96,12564797.0,,
5486,6-Quinolineboronic acid pinacol ester,"1f, 6-BPin-Q",1.0,0.0004,"2d, Bromide",1.0,Pd(OAc)2,0.0625,P(Ph)3 ,0.125,NaOH,2.5,MeCN,61.14,13593693.0,,
5487,6-Quinolineboronic acid pinacol ester,"1f, 6-BPin-Q",1.0,0.0004,"2d, Bromide",1.0,Pd(OAc)2,0.0625,AmPhos,0.125,NaOH,2.5,MeCN,61.93,14987859.0,,
5488,6-Quinolineboronic acid pinacol ester,"1f, 6-BPin-Q",1.0,0.0004,"2d, Bromide",1.0,Pd(OAc)2,0.0625,P(Cy)3,0.125,NaOH,2.5,MeCN,35.74,6959004.0,,
5489,6-Quinolineboronic acid pinacol ester,"1f, 6-BPin-Q",1.0,0.0004,"2d, Bromide",1.0,Pd(OAc)2,0.0625,P(o-Tol)3,0.125,NaOH,2.5,MeCN,47.41,12149435.0,,
5490,6-Quinolineboronic acid pinacol ester,"1f, 6-BPin-Q",1.0,0.0004,"2d, Bromide",1.0,Pd(OAc)2,0.0625,CataCXium A,0.125,NaOH,2.5,MeCN,55.25,9116231.0,,
5491,6-Quinolineboronic acid pinacol ester,"1f, 6-BPin-Q",1.0,0.0004,"2d, Bromide",1.0,Pd(OAc)2,0.0625,SPhos,0.125,NaOH,2.5,MeCN,60.2,13828262.0,,
5492,6-Quinolineboronic acid pinacol ester,"1f, 6-BPin-Q",1.0,0.0004,"2d, Bromide",1.0,Pd(OAc)2,0.0625,dtbpf,0.125,NaOH,2.5,MeCN,29.28,5916541.5,,
5493,6-Quinolineboronic acid pinacol ester,"1f, 6-BPin-Q",1.0,0.0004,"2d, Bromide",1.0,Pd(OAc)2,0.0625,XPhos,0.125,NaOH,2.5,MeCN,54.57,13817691.0,,
5494,6-Quinolineboronic acid pinacol ester,"1f, 6-BPin-Q",1.0,0.0004,"2d, Bromide",1.0,Pd(OAc)2,0.0625,dppf,0.125,NaOH,2.5,MeCN,0.0,936683.63,,
5495,6-Quinolineboronic acid pinacol ester,"1f, 6-BPin-Q",1.0,0.0004,"2d, Bromide",1.0,Pd(OAc)2,0.0625,Xantphos,0.125,NaOH,2.5,MeCN,0.0,918385.19,,
5496,6-Quinolineboronic acid pinacol ester,"1f, 6-BPin-Q",1.0,0.0004,"2d, Bromide",1.0,Pd(OAc)2,0.0625,,,NaOH,2.5,MeCN,53.49,15794103.0,,
5497,6-Quinolineboronic acid pinacol ester,"1f, 6-BPin-Q",1.0,0.0004,"2d, Bromide",1.0,Pd(OAc)2,0.0625,P(tBu)3,0.125,KOH,2.5,MeCN,79.01,17581786.0,,
5498,6-Quinolineboronic acid pinacol ester,"1f, 6-BPin-Q",1.0,0.0004,"2d, Bromide",1.0,Pd(OAc)2,0.0625,P(Ph)3 ,0.125,KOH,2.5,MeCN,65.06,13030976.0,,
5499,6-Quinolineboronic acid pinacol ester,"1f, 6-BPin-Q",1.0,0.0004,"2d, Bromide",1.0,Pd(OAc)2,0.0625,AmPhos,0.125,KOH,2.5,MeCN,77.78,18652642.0,,
5500,6-Quinolineboronic acid pinacol ester,"1f, 6-BPin-Q",1.0,0.0004,"2d, Bromide",1.0,Pd(OAc)2,0.0625,P(Cy)3,0.125,KOH,2.5,MeCN,69.46,15660429.0,,
5501,6-Quinolineboronic acid pinacol ester,"1f, 6-BPin-Q",1.0,0.0004,"2d, Bromide",1.0,Pd(OAc)2,0.0625,P(o-Tol)3,0.125,KOH,2.5,MeCN,54.98,12750200.0,,
5502,6-Quinolineboronic acid pinacol ester,"1f, 6-BPin-Q",1.0,0.0004,"2d, Bromide",1.0,Pd(OAc)2,0.0625,CataCXium A,0.125,KOH,2.5,MeCN,51.75,7098801.0,,
5503,6-Quinolineboronic acid pinacol ester,"1f, 6-BPin-Q",1.0,0.0004,"2d, Bromide",1.0,Pd(OAc)2,0.0625,SPhos,0.125,KOH,2.5,MeCN,49.69,11740769.0,,
5504,6-Quinolineboronic acid pinacol ester,"1f, 6-BPin-Q",1.0,0.0004,"2d, Bromide",1.0,Pd(OAc)2,0.0625,dtbpf,0.125,KOH,2.5,MeCN,33.59,6743757.5,,
5505,6-Quinolineboronic acid pinacol ester,"1f, 6-BPin-Q",1.0,0.0004,"2d, Bromide",1.0,Pd(OAc)2,0.0625,XPhos,0.125,KOH,2.5,MeCN,58.81,13684820.0,,
5506,6-Quinolineboronic acid pinacol ester,"1f, 6-BPin-Q",1.0,0.0004,"2d, Bromide",1.0,Pd(OAc)2,0.0625,dppf,0.125,KOH,2.5,MeCN,0.0,615805.75,,
5507,6-Quinolineboronic acid pinacol ester,"1f, 6-BPin-Q",1.0,0.0004,"2d, Bromide",1.0,Pd(OAc)2,0.0625,Xantphos,0.125,KOH,2.5,MeCN,0.0,336637.03,,
5508,6-Quinolineboronic acid pinacol ester,"1f, 6-BPin-Q",1.0,0.0004,"2d, Bromide",1.0,Pd(OAc)2,0.0625,,,KOH,2.5,MeCN,39.22,11638056.0,,
5509,6-Quinolineboronic acid pinacol ester,"1f, 6-BPin-Q",1.0,0.0004,"2d, Bromide",1.0,Pd(OAc)2,0.0625,P(tBu)3,0.125,LiOtBu,2.5,MeCN,75.27,15363268.0,,
5510,6-Quinolineboronic acid pinacol ester,"1f, 6-BPin-Q",1.0,0.0004,"2d, Bromide",1.0,Pd(OAc)2,0.0625,P(Ph)3 ,0.125,LiOtBu,2.5,MeCN,60.28,11290943.0,,
5511,6-Quinolineboronic acid pinacol ester,"1f, 6-BPin-Q",1.0,0.0004,"2d, Bromide",1.0,Pd(OAc)2,0.0625,AmPhos,0.125,LiOtBu,2.5,MeCN,59.88,13114933.0,,
5512,6-Quinolineboronic acid pinacol ester,"1f, 6-BPin-Q",1.0,0.0004,"2d, Bromide",1.0,Pd(OAc)2,0.0625,P(Cy)3,0.125,LiOtBu,2.5,MeCN,33.92,6530970.0,,
5513,6-Quinolineboronic acid pinacol ester,"1f, 6-BPin-Q",1.0,0.0004,"2d, Bromide",1.0,Pd(OAc)2,0.0625,P(o-Tol)3,0.125,LiOtBu,2.5,MeCN,46.4,10650648.0,,
5514,6-Quinolineboronic acid pinacol ester,"1f, 6-BPin-Q",1.0,0.0004,"2d, Bromide",1.0,Pd(OAc)2,0.0625,CataCXium A,0.125,LiOtBu,2.5,MeCN,56.51,7950128.0,,
5515,6-Quinolineboronic acid pinacol ester,"1f, 6-BPin-Q",1.0,0.0004,"2d, Bromide",1.0,Pd(OAc)2,0.0625,SPhos,0.125,LiOtBu,2.5,MeCN,50.71,11869593.0,,
5516,6-Quinolineboronic acid pinacol ester,"1f, 6-BPin-Q",1.0,0.0004,"2d, Bromide",1.0,Pd(OAc)2,0.0625,dtbpf,0.125,LiOtBu,2.5,MeCN,25.78,4403626.5,,
5517,6-Quinolineboronic acid pinacol ester,"1f, 6-BPin-Q",1.0,0.0004,"2d, Bromide",1.0,Pd(OAc)2,0.0625,XPhos,0.125,LiOtBu,2.5,MeCN,44.72,11875207.0,,
5518,6-Quinolineboronic acid pinacol ester,"1f, 6-BPin-Q",1.0,0.0004,"2d, Bromide",1.0,Pd(OAc)2,0.0625,dppf,0.125,LiOtBu,2.5,MeCN,0.0,783652.88,,
5519,6-Quinolineboronic acid pinacol ester,"1f, 6-BPin-Q",1.0,0.0004,"2d, Bromide",1.0,Pd(OAc)2,0.0625,Xantphos,0.125,LiOtBu,2.5,MeCN,0.0,417231.09,,
5520,6-Quinolineboronic acid pinacol ester,"1f, 6-BPin-Q",1.0,0.0004,"2d, Bromide",1.0,Pd(OAc)2,0.0625,,,LiOtBu,2.5,MeCN,51.33,14980278.0,,
5521,6-Quinolineboronic acid pinacol ester,"1f, 6-BPin-Q",1.0,0.0004,"2d, Bromide",1.0,Pd(OAc)2,0.0625,P(tBu)3,0.125,NaHCO3,2.5,MeCN,88.22,19003122.0,,
5522,6-Quinolineboronic acid pinacol ester,"1f, 6-BPin-Q",1.0,0.0004,"2d, Bromide",1.0,Pd(OAc)2,0.0625,P(Ph)3 ,0.125,NaHCO3,2.5,MeCN,75.14,15757298.0,,
5523,6-Quinolineboronic acid pinacol ester,"1f, 6-BPin-Q",1.0,0.0004,"2d, Bromide",1.0,Pd(OAc)2,0.0625,AmPhos,0.125,NaHCO3,2.5,MeCN,81.94,18581650.0,,
5524,6-Quinolineboronic acid pinacol ester,"1f, 6-BPin-Q",1.0,0.0004,"2d, Bromide",1.0,Pd(OAc)2,0.0625,P(Cy)3,0.125,NaHCO3,2.5,MeCN,61.38,11750183.0,,
5525,6-Quinolineboronic acid pinacol ester,"1f, 6-BPin-Q",1.0,0.0004,"2d, Bromide",1.0,Pd(OAc)2,0.0625,P(o-Tol)3,0.125,NaHCO3,2.5,MeCN,56.12,12195946.0,,
5526,6-Quinolineboronic acid pinacol ester,"1f, 6-BPin-Q",1.0,0.0004,"2d, Bromide",1.0,Pd(OAc)2,0.0625,CataCXium A,0.125,NaHCO3,2.5,MeCN,61.75,7832740.0,,
5527,6-Quinolineboronic acid pinacol ester,"1f, 6-BPin-Q",1.0,0.0004,"2d, Bromide",1.0,Pd(OAc)2,0.0625,SPhos,0.125,NaHCO3,2.5,MeCN,48.41,13607133.0,,
5528,6-Quinolineboronic acid pinacol ester,"1f, 6-BPin-Q",1.0,0.0004,"2d, Bromide",1.0,Pd(OAc)2,0.0625,dtbpf,0.125,NaHCO3,2.5,MeCN,29.17,5130854.0,,
5529,6-Quinolineboronic acid pinacol ester,"1f, 6-BPin-Q",1.0,0.0004,"2d, Bromide",1.0,Pd(OAc)2,0.0625,XPhos,0.125,NaHCO3,2.5,MeCN,54.61,10272918.0,,
5530,6-Quinolineboronic acid pinacol ester,"1f, 6-BPin-Q",1.0,0.0004,"2d, Bromide",1.0,Pd(OAc)2,0.0625,dppf,0.125,NaHCO3,2.5,MeCN,28.48,5405125.5,,
5531,6-Quinolineboronic acid pinacol ester,"1f, 6-BPin-Q",1.0,0.0004,"2d, Bromide",1.0,Pd(OAc)2,0.0625,Xantphos,0.125,NaHCO3,2.5,MeCN,0.0,1183529.5,,
5532,6-Quinolineboronic acid pinacol ester,"1f, 6-BPin-Q",1.0,0.0004,"2d, Bromide",1.0,Pd(OAc)2,0.0625,,,NaHCO3,2.5,MeCN,40.64,12302769.0,,
5533,6-Quinolineboronic acid pinacol ester,"1f, 6-BPin-Q",1.0,0.0004,"2d, Bromide",1.0,Pd(OAc)2,0.0625,P(tBu)3,0.125,Et3N,2.5,MeCN,64.23,16013559.0,,
5534,6-Quinolineboronic acid pinacol ester,"1f, 6-BPin-Q",1.0,0.0004,"2d, Bromide",1.0,Pd(OAc)2,0.0625,P(Ph)3 ,0.125,Et3N,2.5,MeCN,57.06,10843225.0,,
5535,6-Quinolineboronic acid pinacol ester,"1f, 6-BPin-Q",1.0,0.0004,"2d, Bromide",1.0,Pd(OAc)2,0.0625,AmPhos,0.125,Et3N,2.5,MeCN,70.11,16051965.0,,
5536,6-Quinolineboronic acid pinacol ester,"1f, 6-BPin-Q",1.0,0.0004,"2d, Bromide",1.0,Pd(OAc)2,0.0625,P(Cy)3,0.125,Et3N,2.5,MeCN,38.21,7716455.0,,
5537,6-Quinolineboronic acid pinacol ester,"1f, 6-BPin-Q",1.0,0.0004,"2d, Bromide",1.0,Pd(OAc)2,0.0625,P(o-Tol)3,0.125,Et3N,2.5,MeCN,45.26,10963087.0,,
5538,6-Quinolineboronic acid pinacol ester,"1f, 6-BPin-Q",1.0,0.0004,"2d, Bromide",1.0,Pd(OAc)2,0.0625,CataCXium A,0.125,Et3N,2.5,MeCN,59.73,8386134.5,,
5539,6-Quinolineboronic acid pinacol ester,"1f, 6-BPin-Q",1.0,0.0004,"2d, Bromide",1.0,Pd(OAc)2,0.0625,SPhos,0.125,Et3N,2.5,MeCN,39.87,8581313.0,,
5540,6-Quinolineboronic acid pinacol ester,"1f, 6-BPin-Q",1.0,0.0004,"2d, Bromide",1.0,Pd(OAc)2,0.0625,dtbpf,0.125,Et3N,2.5,MeCN,20.72,6751857.0,,
5541,6-Quinolineboronic acid pinacol ester,"1f, 6-BPin-Q",1.0,0.0004,"2d, Bromide",1.0,Pd(OAc)2,0.0625,XPhos,0.125,Et3N,2.5,MeCN,35.99,8697849.0,,
5542,6-Quinolineboronic acid pinacol ester,"1f, 6-BPin-Q",1.0,0.0004,"2d, Bromide",1.0,Pd(OAc)2,0.0625,dppf,0.125,Et3N,2.5,MeCN,27.96,4509714.5,,
5543,6-Quinolineboronic acid pinacol ester,"1f, 6-BPin-Q",1.0,0.0004,"2d, Bromide",1.0,Pd(OAc)2,0.0625,Xantphos,0.125,Et3N,2.5,MeCN,0.0,710653.69,,
5544,6-Quinolineboronic acid pinacol ester,"1f, 6-BPin-Q",1.0,0.0004,"2d, Bromide",1.0,Pd(OAc)2,0.0625,,,Et3N,2.5,MeCN,28.37,7325518.5,,
5545,6-Quinolineboronic acid pinacol ester,"1f, 6-BPin-Q",1.0,0.0004,"2d, Bromide",1.0,Pd(OAc)2,0.0625,P(tBu)3,0.125,CsF,2.5,MeCN,54.83,11324527.0,,
5546,6-Quinolineboronic acid pinacol ester,"1f, 6-BPin-Q",1.0,0.0004,"2d, Bromide",1.0,Pd(OAc)2,0.0625,P(Ph)3 ,0.125,CsF,2.5,MeCN,52.13,11766144.0,,
5547,6-Quinolineboronic acid pinacol ester,"1f, 6-BPin-Q",1.0,0.0004,"2d, Bromide",1.0,Pd(OAc)2,0.0625,AmPhos,0.125,CsF,2.5,MeCN,62.47,13942814.0,,
5548,6-Quinolineboronic acid pinacol ester,"1f, 6-BPin-Q",1.0,0.0004,"2d, Bromide",1.0,Pd(OAc)2,0.0625,P(Cy)3,0.125,CsF,2.5,MeCN,40.56,8330084.5,,
5549,6-Quinolineboronic acid pinacol ester,"1f, 6-BPin-Q",1.0,0.0004,"2d, Bromide",1.0,Pd(OAc)2,0.0625,P(o-Tol)3,0.125,CsF,2.5,MeCN,58.36,13008030.0,,
5550,6-Quinolineboronic acid pinacol ester,"1f, 6-BPin-Q",1.0,0.0004,"2d, Bromide",1.0,Pd(OAc)2,0.0625,CataCXium A,0.125,CsF,2.5,MeCN,65.79,10655535.0,,
5551,6-Quinolineboronic acid pinacol ester,"1f, 6-BPin-Q",1.0,0.0004,"2d, Bromide",1.0,Pd(OAc)2,0.0625,SPhos,0.125,CsF,2.5,MeCN,58.47,13540413.0,,
5552,6-Quinolineboronic acid pinacol ester,"1f, 6-BPin-Q",1.0,0.0004,"2d, Bromide",1.0,Pd(OAc)2,0.0625,dtbpf,0.125,CsF,2.5,MeCN,36.57,7726123.0,,
5553,6-Quinolineboronic acid pinacol ester,"1f, 6-BPin-Q",1.0,0.0004,"2d, Bromide",1.0,Pd(OAc)2,0.0625,XPhos,0.125,CsF,2.5,MeCN,68.95,16168456.0,,
5554,6-Quinolineboronic acid pinacol ester,"1f, 6-BPin-Q",1.0,0.0004,"2d, Bromide",1.0,Pd(OAc)2,0.0625,dppf,0.125,CsF,2.5,MeCN,43.84,7817258.5,,
5555,6-Quinolineboronic acid pinacol ester,"1f, 6-BPin-Q",1.0,0.0004,"2d, Bromide",1.0,Pd(OAc)2,0.0625,Xantphos,0.125,CsF,2.5,MeCN,0.0,1218890.0,,
5556,6-Quinolineboronic acid pinacol ester,"1f, 6-BPin-Q",1.0,0.0004,"2d, Bromide",1.0,Pd(OAc)2,0.0625,,,CsF,2.5,MeCN,44.43,12058399.0,,
5557,6-Quinolineboronic acid pinacol ester,"1f, 6-BPin-Q",1.0,0.0004,"2d, Bromide",1.0,Pd(OAc)2,0.0625,P(tBu)3,0.125,K3PO4,2.5,MeCN,80.57,17744734.0,,
5558,6-Quinolineboronic acid pinacol ester,"1f, 6-BPin-Q",1.0,0.0004,"2d, Bromide",1.0,Pd(OAc)2,0.0625,P(Ph)3 ,0.125,K3PO4,2.5,MeCN,70.58,18086554.0,,
5559,6-Quinolineboronic acid pinacol ester,"1f, 6-BPin-Q",1.0,0.0004,"2d, Bromide",1.0,Pd(OAc)2,0.0625,AmPhos,0.125,K3PO4,2.5,MeCN,81.51,16692293.0,,
5560,6-Quinolineboronic acid pinacol ester,"1f, 6-BPin-Q",1.0,0.0004,"2d, Bromide",1.0,Pd(OAc)2,0.0625,P(Cy)3,0.125,K3PO4,2.5,MeCN,44.07,7009126.5,,
5561,6-Quinolineboronic acid pinacol ester,"1f, 6-BPin-Q",1.0,0.0004,"2d, Bromide",1.0,Pd(OAc)2,0.0625,P(o-Tol)3,0.125,K3PO4,2.5,MeCN,67.88,18906012.0,,
5562,6-Quinolineboronic acid pinacol ester,"1f, 6-BPin-Q",1.0,0.0004,"2d, Bromide",1.0,Pd(OAc)2,0.0625,CataCXium A,0.125,K3PO4,2.5,MeCN,74.73,13904015.0,,
5563,6-Quinolineboronic acid pinacol ester,"1f, 6-BPin-Q",1.0,0.0004,"2d, Bromide",1.0,Pd(OAc)2,0.0625,SPhos,0.125,K3PO4,2.5,MeCN,67.83,16445683.0,,
5564,6-Quinolineboronic acid pinacol ester,"1f, 6-BPin-Q",1.0,0.0004,"2d, Bromide",1.0,Pd(OAc)2,0.0625,dtbpf,0.125,K3PO4,2.5,MeCN,0.0,5789540.0,,
5565,6-Quinolineboronic acid pinacol ester,"1f, 6-BPin-Q",1.0,0.0004,"2d, Bromide",1.0,Pd(OAc)2,0.0625,XPhos,0.125,K3PO4,2.5,MeCN,71.05,21182632.0,,
5566,6-Quinolineboronic acid pinacol ester,"1f, 6-BPin-Q",1.0,0.0004,"2d, Bromide",1.0,Pd(OAc)2,0.0625,dppf,0.125,K3PO4,2.5,MeCN,36.47,6910642.5,,
5567,6-Quinolineboronic acid pinacol ester,"1f, 6-BPin-Q",1.0,0.0004,"2d, Bromide",1.0,Pd(OAc)2,0.0625,Xantphos,0.125,K3PO4,2.5,MeCN,0.0,1368429.38,,
5568,6-Quinolineboronic acid pinacol ester,"1f, 6-BPin-Q",1.0,0.0004,"2d, Bromide",1.0,Pd(OAc)2,0.0625,,,K3PO4,2.5,MeCN,52.2,11700997.0,,
5569,6-Quinolineboronic acid pinacol ester,"1f, 6-BPin-Q",1.0,0.0004,"2d, Bromide",1.0,Pd(OAc)2,0.0625,P(tBu)3,0.125,,2.5,THF,70.3,21378738.0,,
5570,6-Quinolineboronic acid pinacol ester,"1f, 6-BPin-Q",1.0,0.0004,"2d, Bromide",1.0,Pd(OAc)2,0.0625,P(Ph)3 ,0.125,,2.5,THF,56.03,14463990.0,,
5571,6-Quinolineboronic acid pinacol ester,"1f, 6-BPin-Q",1.0,0.0004,"2d, Bromide",1.0,Pd(OAc)2,0.0625,AmPhos,0.125,,2.5,THF,50.41,14677406.0,,
5572,6-Quinolineboronic acid pinacol ester,"1f, 6-BPin-Q",1.0,0.0004,"2d, Bromide",1.0,Pd(OAc)2,0.0625,P(Cy)3,0.125,,2.5,THF,37.81,10260810.0,,
5573,6-Quinolineboronic acid pinacol ester,"1f, 6-BPin-Q",1.0,0.0004,"2d, Bromide",1.0,Pd(OAc)2,0.0625,P(o-Tol)3,0.125,,2.5,THF,50.04,14185505.0,,
5574,6-Quinolineboronic acid pinacol ester,"1f, 6-BPin-Q",1.0,0.0004,"2d, Bromide",1.0,Pd(OAc)2,0.0625,CataCXium A,0.125,,2.5,THF,56.72,10566554.0,,
5575,6-Quinolineboronic acid pinacol ester,"1f, 6-BPin-Q",1.0,0.0004,"2d, Bromide",1.0,Pd(OAc)2,0.0625,SPhos,0.125,,2.5,THF,35.86,10124548.0,,
5576,6-Quinolineboronic acid pinacol ester,"1f, 6-BPin-Q",1.0,0.0004,"2d, Bromide",1.0,Pd(OAc)2,0.0625,dtbpf,0.125,,2.5,THF,47.13,13147141.0,,
5577,6-Quinolineboronic acid pinacol ester,"1f, 6-BPin-Q",1.0,0.0004,"2d, Bromide",1.0,Pd(OAc)2,0.0625,XPhos,0.125,,2.5,THF,35.79,10918850.0,,
5578,6-Quinolineboronic acid pinacol ester,"1f, 6-BPin-Q",1.0,0.0004,"2d, Bromide",1.0,Pd(OAc)2,0.0625,dppf,0.125,,2.5,THF,27.77,3508956.0,,
5579,6-Quinolineboronic acid pinacol ester,"1f, 6-BPin-Q",1.0,0.0004,"2d, Bromide",1.0,Pd(OAc)2,0.0625,Xantphos,0.125,,2.5,THF,19.12,2680592.5,,
5580,6-Quinolineboronic acid pinacol ester,"1f, 6-BPin-Q",1.0,0.0004,"2d, Bromide",1.0,Pd(OAc)2,0.0625,,,,2.5,THF,30.25,9226752.0,,
5581,6-Quinolineboronic acid pinacol ester,"1f, 6-BPin-Q",1.0,0.0004,"2d, Bromide",1.0,Pd(OAc)2,0.0625,P(tBu)3,0.125,NaOH,2.5,THF,67.5,17029712.0,,
5582,6-Quinolineboronic acid pinacol ester,"1f, 6-BPin-Q",1.0,0.0004,"2d, Bromide",1.0,Pd(OAc)2,0.0625,P(Ph)3 ,0.125,NaOH,2.5,THF,64.14,15928607.0,,
5583,6-Quinolineboronic acid pinacol ester,"1f, 6-BPin-Q",1.0,0.0004,"2d, Bromide",1.0,Pd(OAc)2,0.0625,AmPhos,0.125,NaOH,2.5,THF,47.92,13022397.0,,
5584,6-Quinolineboronic acid pinacol ester,"1f, 6-BPin-Q",1.0,0.0004,"2d, Bromide",1.0,Pd(OAc)2,0.0625,P(Cy)3,0.125,NaOH,2.5,THF,35.4,8772945.0,,
5585,6-Quinolineboronic acid pinacol ester,"1f, 6-BPin-Q",1.0,0.0004,"2d, Bromide",1.0,Pd(OAc)2,0.0625,P(o-Tol)3,0.125,NaOH,2.5,THF,61.33,17008014.0,,
5586,6-Quinolineboronic acid pinacol ester,"1f, 6-BPin-Q",1.0,0.0004,"2d, Bromide",1.0,Pd(OAc)2,0.0625,CataCXium A,0.125,NaOH,2.5,THF,56.06,9820263.0,,
5587,6-Quinolineboronic acid pinacol ester,"1f, 6-BPin-Q",1.0,0.0004,"2d, Bromide",1.0,Pd(OAc)2,0.0625,SPhos,0.125,NaOH,2.5,THF,57.78,15979451.0,,
5588,6-Quinolineboronic acid pinacol ester,"1f, 6-BPin-Q",1.0,0.0004,"2d, Bromide",1.0,Pd(OAc)2,0.0625,dtbpf,0.125,NaOH,2.5,THF,60.18,14901375.0,,
5589,6-Quinolineboronic acid pinacol ester,"1f, 6-BPin-Q",1.0,0.0004,"2d, Bromide",1.0,Pd(OAc)2,0.0625,XPhos,0.125,NaOH,2.5,THF,63.08,19084818.0,,
5590,6-Quinolineboronic acid pinacol ester,"1f, 6-BPin-Q",1.0,0.0004,"2d, Bromide",1.0,Pd(OAc)2,0.0625,dppf,0.125,NaOH,2.5,THF,0.0,936341.38,,
5591,6-Quinolineboronic acid pinacol ester,"1f, 6-BPin-Q",1.0,0.0004,"2d, Bromide",1.0,Pd(OAc)2,0.0625,Xantphos,0.125,NaOH,2.5,THF,0.0,1158269.88,,
5592,6-Quinolineboronic acid pinacol ester,"1f, 6-BPin-Q",1.0,0.0004,"2d, Bromide",1.0,Pd(OAc)2,0.0625,,,NaOH,2.5,THF,54.3,17335842.0,,
5593,6-Quinolineboronic acid pinacol ester,"1f, 6-BPin-Q",1.0,0.0004,"2d, Bromide",1.0,Pd(OAc)2,0.0625,P(tBu)3,0.125,KOH,2.5,THF,77.79,21479738.0,,
5594,6-Quinolineboronic acid pinacol ester,"1f, 6-BPin-Q",1.0,0.0004,"2d, Bromide",1.0,Pd(OAc)2,0.0625,P(Ph)3 ,0.125,KOH,2.5,THF,63.19,15442739.0,,
5595,6-Quinolineboronic acid pinacol ester,"1f, 6-BPin-Q",1.0,0.0004,"2d, Bromide",1.0,Pd(OAc)2,0.0625,AmPhos,0.125,KOH,2.5,THF,36.75,10200750.0,,
5596,6-Quinolineboronic acid pinacol ester,"1f, 6-BPin-Q",1.0,0.0004,"2d, Bromide",1.0,Pd(OAc)2,0.0625,P(Cy)3,0.125,KOH,2.5,THF,38.1,10388796.0,,
5597,6-Quinolineboronic acid pinacol ester,"1f, 6-BPin-Q",1.0,0.0004,"2d, Bromide",1.0,Pd(OAc)2,0.0625,P(o-Tol)3,0.125,KOH,2.5,THF,71.56,20904276.0,,
5598,6-Quinolineboronic acid pinacol ester,"1f, 6-BPin-Q",1.0,0.0004,"2d, Bromide",1.0,Pd(OAc)2,0.0625,CataCXium A,0.125,KOH,2.5,THF,53.83,8873977.0,,
5599,6-Quinolineboronic acid pinacol ester,"1f, 6-BPin-Q",1.0,0.0004,"2d, Bromide",1.0,Pd(OAc)2,0.0625,SPhos,0.125,KOH,2.5,THF,50.1,13273034.0,,
5600,6-Quinolineboronic acid pinacol ester,"1f, 6-BPin-Q",1.0,0.0004,"2d, Bromide",1.0,Pd(OAc)2,0.0625,dtbpf,0.125,KOH,2.5,THF,57.93,15202583.0,,
5601,6-Quinolineboronic acid pinacol ester,"1f, 6-BPin-Q",1.0,0.0004,"2d, Bromide",1.0,Pd(OAc)2,0.0625,XPhos,0.125,KOH,2.5,THF,70.59,20149660.0,,
5602,6-Quinolineboronic acid pinacol ester,"1f, 6-BPin-Q",1.0,0.0004,"2d, Bromide",1.0,Pd(OAc)2,0.0625,dppf,0.125,KOH,2.5,THF,0.0,1849340.63,,
5603,6-Quinolineboronic acid pinacol ester,"1f, 6-BPin-Q",1.0,0.0004,"2d, Bromide",1.0,Pd(OAc)2,0.0625,Xantphos,0.125,KOH,2.5,THF,0.0,1119926.38,,
5604,6-Quinolineboronic acid pinacol ester,"1f, 6-BPin-Q",1.0,0.0004,"2d, Bromide",1.0,Pd(OAc)2,0.0625,,,KOH,2.5,THF,56.93,19116682.0,,
5605,6-Quinolineboronic acid pinacol ester,"1f, 6-BPin-Q",1.0,0.0004,"2d, Bromide",1.0,Pd(OAc)2,0.0625,P(tBu)3,0.125,LiOtBu,2.5,THF,70.29,17226844.0,,
5606,6-Quinolineboronic acid pinacol ester,"1f, 6-BPin-Q",1.0,0.0004,"2d, Bromide",1.0,Pd(OAc)2,0.0625,P(Ph)3 ,0.125,LiOtBu,2.5,THF,68.35,18090170.0,,
5607,6-Quinolineboronic acid pinacol ester,"1f, 6-BPin-Q",1.0,0.0004,"2d, Bromide",1.0,Pd(OAc)2,0.0625,AmPhos,0.125,LiOtBu,2.5,THF,38.8,9916547.0,,
5608,6-Quinolineboronic acid pinacol ester,"1f, 6-BPin-Q",1.0,0.0004,"2d, Bromide",1.0,Pd(OAc)2,0.0625,P(Cy)3,0.125,LiOtBu,2.5,THF,28.76,5005046.0,,
5609,6-Quinolineboronic acid pinacol ester,"1f, 6-BPin-Q",1.0,0.0004,"2d, Bromide",1.0,Pd(OAc)2,0.0625,P(o-Tol)3,0.125,LiOtBu,2.5,THF,62.66,16497188.0,,
5610,6-Quinolineboronic acid pinacol ester,"1f, 6-BPin-Q",1.0,0.0004,"2d, Bromide",1.0,Pd(OAc)2,0.0625,CataCXium A,0.125,LiOtBu,2.5,THF,47.87,5977132.5,,
5611,6-Quinolineboronic acid pinacol ester,"1f, 6-BPin-Q",1.0,0.0004,"2d, Bromide",1.0,Pd(OAc)2,0.0625,SPhos,0.125,LiOtBu,2.5,THF,48.33,12804056.0,,
5612,6-Quinolineboronic acid pinacol ester,"1f, 6-BPin-Q",1.0,0.0004,"2d, Bromide",1.0,Pd(OAc)2,0.0625,dtbpf,0.125,LiOtBu,2.5,THF,43.17,10250960.0,,
5613,6-Quinolineboronic acid pinacol ester,"1f, 6-BPin-Q",1.0,0.0004,"2d, Bromide",1.0,Pd(OAc)2,0.0625,XPhos,0.125,LiOtBu,2.5,THF,58.61,15908210.0,,
5614,6-Quinolineboronic acid pinacol ester,"1f, 6-BPin-Q",1.0,0.0004,"2d, Bromide",1.0,Pd(OAc)2,0.0625,dppf,0.125,LiOtBu,2.5,THF,0.0,565208.63,,
5615,6-Quinolineboronic acid pinacol ester,"1f, 6-BPin-Q",1.0,0.0004,"2d, Bromide",1.0,Pd(OAc)2,0.0625,Xantphos,0.125,LiOtBu,2.5,THF,0.0,1759536.38,,
5616,6-Quinolineboronic acid pinacol ester,"1f, 6-BPin-Q",1.0,0.0004,"2d, Bromide",1.0,Pd(OAc)2,0.0625,,,LiOtBu,2.5,THF,40.55,11089488.0,,
5617,6-Quinolineboronic acid pinacol ester,"1f, 6-BPin-Q",1.0,0.0004,"2d, Bromide",1.0,Pd(OAc)2,0.0625,P(tBu)3,0.125,NaHCO3,2.5,THF,77.35,19464796.0,,
5618,6-Quinolineboronic acid pinacol ester,"1f, 6-BPin-Q",1.0,0.0004,"2d, Bromide",1.0,Pd(OAc)2,0.0625,P(Ph)3 ,0.125,NaHCO3,2.5,THF,79.12,18840626.0,,
5619,6-Quinolineboronic acid pinacol ester,"1f, 6-BPin-Q",1.0,0.0004,"2d, Bromide",1.0,Pd(OAc)2,0.0625,AmPhos,0.125,NaHCO3,2.5,THF,53.53,14446346.0,,
5620,6-Quinolineboronic acid pinacol ester,"1f, 6-BPin-Q",1.0,0.0004,"2d, Bromide",1.0,Pd(OAc)2,0.0625,P(Cy)3,0.125,NaHCO3,2.5,THF,58.56,15136830.0,,
5621,6-Quinolineboronic acid pinacol ester,"1f, 6-BPin-Q",1.0,0.0004,"2d, Bromide",1.0,Pd(OAc)2,0.0625,P(o-Tol)3,0.125,NaHCO3,2.5,THF,80.27,21346318.0,,
5622,6-Quinolineboronic acid pinacol ester,"1f, 6-BPin-Q",1.0,0.0004,"2d, Bromide",1.0,Pd(OAc)2,0.0625,CataCXium A,0.125,NaHCO3,2.5,THF,70.18,11810454.0,,
5623,6-Quinolineboronic acid pinacol ester,"1f, 6-BPin-Q",1.0,0.0004,"2d, Bromide",1.0,Pd(OAc)2,0.0625,SPhos,0.125,NaHCO3,2.5,THF,65.05,18577058.0,,
5624,6-Quinolineboronic acid pinacol ester,"1f, 6-BPin-Q",1.0,0.0004,"2d, Bromide",1.0,Pd(OAc)2,0.0625,dtbpf,0.125,NaHCO3,2.5,THF,64.85,16870576.0,,
5625,6-Quinolineboronic acid pinacol ester,"1f, 6-BPin-Q",1.0,0.0004,"2d, Bromide",1.0,Pd(OAc)2,0.0625,XPhos,0.125,NaHCO3,2.5,THF,71.14,19400192.0,,
5626,6-Quinolineboronic acid pinacol ester,"1f, 6-BPin-Q",1.0,0.0004,"2d, Bromide",1.0,Pd(OAc)2,0.0625,dppf,0.125,NaHCO3,2.5,THF,24.66,2380783.0,,
5627,6-Quinolineboronic acid pinacol ester,"1f, 6-BPin-Q",1.0,0.0004,"2d, Bromide",1.0,Pd(OAc)2,0.0625,Xantphos,0.125,NaHCO3,2.5,THF,0.0,1013813.63,,
5628,6-Quinolineboronic acid pinacol ester,"1f, 6-BPin-Q",1.0,0.0004,"2d, Bromide",1.0,Pd(OAc)2,0.0625,,,NaHCO3,2.5,THF,42.49,12918883.0,,
5629,6-Quinolineboronic acid pinacol ester,"1f, 6-BPin-Q",1.0,0.0004,"2d, Bromide",1.0,Pd(OAc)2,0.0625,P(tBu)3,0.125,Et3N,2.5,THF,68.21,17134320.0,,
5630,6-Quinolineboronic acid pinacol ester,"1f, 6-BPin-Q",1.0,0.0004,"2d, Bromide",1.0,Pd(OAc)2,0.0625,P(Ph)3 ,0.125,Et3N,2.5,THF,72.72,16560847.0,,
5631,6-Quinolineboronic acid pinacol ester,"1f, 6-BPin-Q",1.0,0.0004,"2d, Bromide",1.0,Pd(OAc)2,0.0625,AmPhos,0.125,Et3N,2.5,THF,0.0,13399985.0,,
5632,6-Quinolineboronic acid pinacol ester,"1f, 6-BPin-Q",1.0,0.0004,"2d, Bromide",1.0,Pd(OAc)2,0.0625,P(Cy)3,0.125,Et3N,2.5,THF,40.13,9276137.0,,
5633,6-Quinolineboronic acid pinacol ester,"1f, 6-BPin-Q",1.0,0.0004,"2d, Bromide",1.0,Pd(OAc)2,0.0625,P(o-Tol)3,0.125,Et3N,2.5,THF,68.72,16665387.0,,
5634,6-Quinolineboronic acid pinacol ester,"1f, 6-BPin-Q",1.0,0.0004,"2d, Bromide",1.0,Pd(OAc)2,0.0625,CataCXium A,0.125,Et3N,2.5,THF,60.6,2610991.25,,
5635,6-Quinolineboronic acid pinacol ester,"1f, 6-BPin-Q",1.0,0.0004,"2d, Bromide",1.0,Pd(OAc)2,0.0625,SPhos,0.125,Et3N,2.5,THF,42.02,11398275.0,,
5636,6-Quinolineboronic acid pinacol ester,"1f, 6-BPin-Q",1.0,0.0004,"2d, Bromide",1.0,Pd(OAc)2,0.0625,dtbpf,0.125,Et3N,2.5,THF,48.34,11111876.0,,
5637,6-Quinolineboronic acid pinacol ester,"1f, 6-BPin-Q",1.0,0.0004,"2d, Bromide",1.0,Pd(OAc)2,0.0625,XPhos,0.125,Et3N,2.5,THF,53.77,15122047.0,,
5638,6-Quinolineboronic acid pinacol ester,"1f, 6-BPin-Q",1.0,0.0004,"2d, Bromide",1.0,Pd(OAc)2,0.0625,dppf,0.125,Et3N,2.5,THF,0.0,1941079.5,,
5639,6-Quinolineboronic acid pinacol ester,"1f, 6-BPin-Q",1.0,0.0004,"2d, Bromide",1.0,Pd(OAc)2,0.0625,Xantphos,0.125,Et3N,2.5,THF,0.0,1735861.5,,
5640,6-Quinolineboronic acid pinacol ester,"1f, 6-BPin-Q",1.0,0.0004,"2d, Bromide",1.0,Pd(OAc)2,0.0625,,,Et3N,2.5,THF,35.32,9699371.0,,
5641,6-Quinolineboronic acid pinacol ester,"1f, 6-BPin-Q",1.0,0.0004,"2d, Bromide",1.0,Pd(OAc)2,0.0625,P(tBu)3,0.125,CsF,2.5,THF,60.89,16723324.0,,
5642,6-Quinolineboronic acid pinacol ester,"1f, 6-BPin-Q",1.0,0.0004,"2d, Bromide",1.0,Pd(OAc)2,0.0625,P(Ph)3 ,0.125,CsF,2.5,THF,59.89,14302213.0,,
5643,6-Quinolineboronic acid pinacol ester,"1f, 6-BPin-Q",1.0,0.0004,"2d, Bromide",1.0,Pd(OAc)2,0.0625,AmPhos,0.125,CsF,2.5,THF,54.91,15685736.0,,
5644,6-Quinolineboronic acid pinacol ester,"1f, 6-BPin-Q",1.0,0.0004,"2d, Bromide",1.0,Pd(OAc)2,0.0625,P(Cy)3,0.125,CsF,2.5,THF,37.76,8854978.0,,
5645,6-Quinolineboronic acid pinacol ester,"1f, 6-BPin-Q",1.0,0.0004,"2d, Bromide",1.0,Pd(OAc)2,0.0625,P(o-Tol)3,0.125,CsF,2.5,THF,52.34,15249376.0,,
5646,6-Quinolineboronic acid pinacol ester,"1f, 6-BPin-Q",1.0,0.0004,"2d, Bromide",1.0,Pd(OAc)2,0.0625,CataCXium A,0.125,CsF,2.5,THF,60.06,12830829.0,,
5647,6-Quinolineboronic acid pinacol ester,"1f, 6-BPin-Q",1.0,0.0004,"2d, Bromide",1.0,Pd(OAc)2,0.0625,SPhos,0.125,CsF,2.5,THF,36.73,11197510.0,,
5648,6-Quinolineboronic acid pinacol ester,"1f, 6-BPin-Q",1.0,0.0004,"2d, Bromide",1.0,Pd(OAc)2,0.0625,dtbpf,0.125,CsF,2.5,THF,46.51,12958817.0,,
5649,6-Quinolineboronic acid pinacol ester,"1f, 6-BPin-Q",1.0,0.0004,"2d, Bromide",1.0,Pd(OAc)2,0.0625,XPhos,0.125,CsF,2.5,THF,40.86,12120256.0,,
5650,6-Quinolineboronic acid pinacol ester,"1f, 6-BPin-Q",1.0,0.0004,"2d, Bromide",1.0,Pd(OAc)2,0.0625,dppf,0.125,CsF,2.5,THF,0.0,1797803.38,,
5651,6-Quinolineboronic acid pinacol ester,"1f, 6-BPin-Q",1.0,0.0004,"2d, Bromide",1.0,Pd(OAc)2,0.0625,Xantphos,0.125,CsF,2.5,THF,0.0,1050604.75,,
5652,6-Quinolineboronic acid pinacol ester,"1f, 6-BPin-Q",1.0,0.0004,"2d, Bromide",1.0,Pd(OAc)2,0.0625,,,CsF,2.5,THF,33.46,10466803.0,,
5653,6-Quinolineboronic acid pinacol ester,"1f, 6-BPin-Q",1.0,0.0004,"2d, Bromide",1.0,Pd(OAc)2,0.0625,P(tBu)3,0.125,K3PO4,2.5,THF,61.3,16117734.0,,
5654,6-Quinolineboronic acid pinacol ester,"1f, 6-BPin-Q",1.0,0.0004,"2d, Bromide",1.0,Pd(OAc)2,0.0625,P(Ph)3 ,0.125,K3PO4,2.5,THF,57.17,16027261.0,,
5655,6-Quinolineboronic acid pinacol ester,"1f, 6-BPin-Q",1.0,0.0004,"2d, Bromide",1.0,Pd(OAc)2,0.0625,AmPhos,0.125,K3PO4,2.5,THF,51.19,15652559.0,,
5656,6-Quinolineboronic acid pinacol ester,"1f, 6-BPin-Q",1.0,0.0004,"2d, Bromide",1.0,Pd(OAc)2,0.0625,P(Cy)3,0.125,K3PO4,2.5,THF,35.39,9763014.0,,
5657,6-Quinolineboronic acid pinacol ester,"1f, 6-BPin-Q",1.0,0.0004,"2d, Bromide",1.0,Pd(OAc)2,0.0625,P(o-Tol)3,0.125,K3PO4,2.5,THF,55.48,16612524.0,,
5658,6-Quinolineboronic acid pinacol ester,"1f, 6-BPin-Q",1.0,0.0004,"2d, Bromide",1.0,Pd(OAc)2,0.0625,CataCXium A,0.125,K3PO4,2.5,THF,50.59,9637017.0,,
5659,6-Quinolineboronic acid pinacol ester,"1f, 6-BPin-Q",1.0,0.0004,"2d, Bromide",1.0,Pd(OAc)2,0.0625,SPhos,0.125,K3PO4,2.5,THF,45.98,14509485.0,,
5660,6-Quinolineboronic acid pinacol ester,"1f, 6-BPin-Q",1.0,0.0004,"2d, Bromide",1.0,Pd(OAc)2,0.0625,dtbpf,0.125,K3PO4,2.5,THF,58.39,16146329.0,,
5661,6-Quinolineboronic acid pinacol ester,"1f, 6-BPin-Q",1.0,0.0004,"2d, Bromide",1.0,Pd(OAc)2,0.0625,XPhos,0.125,K3PO4,2.5,THF,49.51,15905224.0,,
5662,6-Quinolineboronic acid pinacol ester,"1f, 6-BPin-Q",1.0,0.0004,"2d, Bromide",1.0,Pd(OAc)2,0.0625,dppf,0.125,K3PO4,2.5,THF,0.0,1223778.5,,
5663,6-Quinolineboronic acid pinacol ester,"1f, 6-BPin-Q",1.0,0.0004,"2d, Bromide",1.0,Pd(OAc)2,0.0625,Xantphos,0.125,K3PO4,2.5,THF,0.0,845348.31,,
5664,6-Quinolineboronic acid pinacol ester,"1f, 6-BPin-Q",1.0,0.0004,"2d, Bromide",1.0,Pd(OAc)2,0.0625,,,K3PO4,2.5,THF,44.92,13407706.0,,
5665,6-Quinolineboronic acid pinacol ester,"1f, 6-BPin-Q",1.0,0.0004,"2d, Bromide",1.0,Pd(OAc)2,0.0625,P(tBu)3,0.125,,2.5,DMF,42.35,11109215.0,,
5666,6-Quinolineboronic acid pinacol ester,"1f, 6-BPin-Q",1.0,0.0004,"2d, Bromide",1.0,Pd(OAc)2,0.0625,P(Ph)3 ,0.125,,2.5,DMF,46.48,13663059.0,,
5667,6-Quinolineboronic acid pinacol ester,"1f, 6-BPin-Q",1.0,0.0004,"2d, Bromide",1.0,Pd(OAc)2,0.0625,AmPhos,0.125,,2.5,DMF,52.33,12271644.0,,
5668,6-Quinolineboronic acid pinacol ester,"1f, 6-BPin-Q",1.0,0.0004,"2d, Bromide",1.0,Pd(OAc)2,0.0625,P(Cy)3,0.125,,2.5,DMF,34.29,11157060.0,,
5669,6-Quinolineboronic acid pinacol ester,"1f, 6-BPin-Q",1.0,0.0004,"2d, Bromide",1.0,Pd(OAc)2,0.0625,P(o-Tol)3,0.125,,2.5,DMF,37.85,10330081.0,,
5670,6-Quinolineboronic acid pinacol ester,"1f, 6-BPin-Q",1.0,0.0004,"2d, Bromide",1.0,Pd(OAc)2,0.0625,CataCXium A,0.125,,2.5,DMF,51.01,11076456.0,,
5671,6-Quinolineboronic acid pinacol ester,"1f, 6-BPin-Q",1.0,0.0004,"2d, Bromide",1.0,Pd(OAc)2,0.0625,SPhos,0.125,,2.5,DMF,30.04,7741030.0,,
5672,6-Quinolineboronic acid pinacol ester,"1f, 6-BPin-Q",1.0,0.0004,"2d, Bromide",1.0,Pd(OAc)2,0.0625,dtbpf,0.125,,2.5,DMF,33.37,9259050.0,,
5673,6-Quinolineboronic acid pinacol ester,"1f, 6-BPin-Q",1.0,0.0004,"2d, Bromide",1.0,Pd(OAc)2,0.0625,XPhos,0.125,,2.5,DMF,29.8,8763483.0,,
5674,6-Quinolineboronic acid pinacol ester,"1f, 6-BPin-Q",1.0,0.0004,"2d, Bromide",1.0,Pd(OAc)2,0.0625,dppf,0.125,,2.5,DMF,34.27,6516000.5,,
5675,6-Quinolineboronic acid pinacol ester,"1f, 6-BPin-Q",1.0,0.0004,"2d, Bromide",1.0,Pd(OAc)2,0.0625,Xantphos,0.125,,2.5,DMF,0.0,553014.13,,
5676,6-Quinolineboronic acid pinacol ester,"1f, 6-BPin-Q",1.0,0.0004,"2d, Bromide",1.0,Pd(OAc)2,0.0625,,,,2.5,DMF,20.97,5006998.5,,
5677,6-Quinolineboronic acid pinacol ester,"1f, 6-BPin-Q",1.0,0.0004,"2d, Bromide",1.0,Pd(OAc)2,0.0625,P(tBu)3,0.125,NaOH,2.5,DMF,29.76,7631051.0,,
5678,6-Quinolineboronic acid pinacol ester,"1f, 6-BPin-Q",1.0,0.0004,"2d, Bromide",1.0,Pd(OAc)2,0.0625,P(Ph)3 ,0.125,NaOH,2.5,DMF,62.19,15516686.0,,
5679,6-Quinolineboronic acid pinacol ester,"1f, 6-BPin-Q",1.0,0.0004,"2d, Bromide",1.0,Pd(OAc)2,0.0625,AmPhos,0.125,NaOH,2.5,DMF,33.13,8757722.0,,
5680,6-Quinolineboronic acid pinacol ester,"1f, 6-BPin-Q",1.0,0.0004,"2d, Bromide",1.0,Pd(OAc)2,0.0625,P(Cy)3,0.125,NaOH,2.5,DMF,33.22,10057182.0,,
5681,6-Quinolineboronic acid pinacol ester,"1f, 6-BPin-Q",1.0,0.0004,"2d, Bromide",1.0,Pd(OAc)2,0.0625,P(o-Tol)3,0.125,NaOH,2.5,DMF,30.33,8598900.0,,
5682,6-Quinolineboronic acid pinacol ester,"1f, 6-BPin-Q",1.0,0.0004,"2d, Bromide",1.0,Pd(OAc)2,0.0625,CataCXium A,0.125,NaOH,2.5,DMF,31.9,5678671.0,,
5683,6-Quinolineboronic acid pinacol ester,"1f, 6-BPin-Q",1.0,0.0004,"2d, Bromide",1.0,Pd(OAc)2,0.0625,SPhos,0.125,NaOH,2.5,DMF,33.21,9142072.0,,
5684,6-Quinolineboronic acid pinacol ester,"1f, 6-BPin-Q",1.0,0.0004,"2d, Bromide",1.0,Pd(OAc)2,0.0625,dtbpf,0.125,NaOH,2.5,DMF,27.97,7951611.5,,
5685,6-Quinolineboronic acid pinacol ester,"1f, 6-BPin-Q",1.0,0.0004,"2d, Bromide",1.0,Pd(OAc)2,0.0625,XPhos,0.125,NaOH,2.5,DMF,15.2,7263431.0,,
5686,6-Quinolineboronic acid pinacol ester,"1f, 6-BPin-Q",1.0,0.0004,"2d, Bromide",1.0,Pd(OAc)2,0.0625,dppf,0.125,NaOH,2.5,DMF,0.0,389126.94,,
5687,6-Quinolineboronic acid pinacol ester,"1f, 6-BPin-Q",1.0,0.0004,"2d, Bromide",1.0,Pd(OAc)2,0.0625,Xantphos,0.125,NaOH,2.5,DMF,0.0,554068.63,,
5688,6-Quinolineboronic acid pinacol ester,"1f, 6-BPin-Q",1.0,0.0004,"2d, Bromide",1.0,Pd(OAc)2,0.0625,,,NaOH,2.5,DMF,8.67,6366196.5,,
5689,6-Quinolineboronic acid pinacol ester,"1f, 6-BPin-Q",1.0,0.0004,"2d, Bromide",1.0,Pd(OAc)2,0.0625,P(tBu)3,0.125,KOH,2.5,DMF,9.42,4712890.0,,
5690,6-Quinolineboronic acid pinacol ester,"1f, 6-BPin-Q",1.0,0.0004,"2d, Bromide",1.0,Pd(OAc)2,0.0625,P(Ph)3 ,0.125,KOH,2.5,DMF,46.09,12119781.0,,
5691,6-Quinolineboronic acid pinacol ester,"1f, 6-BPin-Q",1.0,0.0004,"2d, Bromide",1.0,Pd(OAc)2,0.0625,AmPhos,0.125,KOH,2.5,DMF,13.98,6837874.0,,
5692,6-Quinolineboronic acid pinacol ester,"1f, 6-BPin-Q",1.0,0.0004,"2d, Bromide",1.0,Pd(OAc)2,0.0625,P(Cy)3,0.125,KOH,2.5,DMF,45.45,13182912.0,,
5693,6-Quinolineboronic acid pinacol ester,"1f, 6-BPin-Q",1.0,0.0004,"2d, Bromide",1.0,Pd(OAc)2,0.0625,P(o-Tol)3,0.125,KOH,2.5,DMF,35.42,9258402.0,,
5694,6-Quinolineboronic acid pinacol ester,"1f, 6-BPin-Q",1.0,0.0004,"2d, Bromide",1.0,Pd(OAc)2,0.0625,CataCXium A,0.125,KOH,2.5,DMF,24.84,3629268.75,,
5695,6-Quinolineboronic acid pinacol ester,"1f, 6-BPin-Q",1.0,0.0004,"2d, Bromide",1.0,Pd(OAc)2,0.0625,SPhos,0.125,KOH,2.5,DMF,28.43,7267257.5,,
5696,6-Quinolineboronic acid pinacol ester,"1f, 6-BPin-Q",1.0,0.0004,"2d, Bromide",1.0,Pd(OAc)2,0.0625,dtbpf,0.125,KOH,2.5,DMF,27.48,7931613.0,,
5697,6-Quinolineboronic acid pinacol ester,"1f, 6-BPin-Q",1.0,0.0004,"2d, Bromide",1.0,Pd(OAc)2,0.0625,XPhos,0.125,KOH,2.5,DMF,45.67,12466799.0,,
5698,6-Quinolineboronic acid pinacol ester,"1f, 6-BPin-Q",1.0,0.0004,"2d, Bromide",1.0,Pd(OAc)2,0.0625,dppf,0.125,KOH,2.5,DMF,0.0,517462.34,,
5699,6-Quinolineboronic acid pinacol ester,"1f, 6-BPin-Q",1.0,0.0004,"2d, Bromide",1.0,Pd(OAc)2,0.0625,Xantphos,0.125,KOH,2.5,DMF,0.0,536120.38,,
5700,6-Quinolineboronic acid pinacol ester,"1f, 6-BPin-Q",1.0,0.0004,"2d, Bromide",1.0,Pd(OAc)2,0.0625,,,KOH,2.5,DMF,17.12,4498562.5,,
5701,6-Quinolineboronic acid pinacol ester,"1f, 6-BPin-Q",1.0,0.0004,"2d, Bromide",1.0,Pd(OAc)2,0.0625,P(tBu)3,0.125,LiOtBu,2.5,DMF,33.69,8938558.0,,
5702,6-Quinolineboronic acid pinacol ester,"1f, 6-BPin-Q",1.0,0.0004,"2d, Bromide",1.0,Pd(OAc)2,0.0625,P(Ph)3 ,0.125,LiOtBu,2.5,DMF,57.78,14614744.0,,
5703,6-Quinolineboronic acid pinacol ester,"1f, 6-BPin-Q",1.0,0.0004,"2d, Bromide",1.0,Pd(OAc)2,0.0625,AmPhos,0.125,LiOtBu,2.5,DMF,0.0,7330217.5,,
5704,6-Quinolineboronic acid pinacol ester,"1f, 6-BPin-Q",1.0,0.0004,"2d, Bromide",1.0,Pd(OAc)2,0.0625,P(Cy)3,0.125,LiOtBu,2.5,DMF,30.26,8850636.0,,
5705,6-Quinolineboronic acid pinacol ester,"1f, 6-BPin-Q",1.0,0.0004,"2d, Bromide",1.0,Pd(OAc)2,0.0625,P(o-Tol)3,0.125,LiOtBu,2.5,DMF,48.56,12839182.0,,
5706,6-Quinolineboronic acid pinacol ester,"1f, 6-BPin-Q",1.0,0.0004,"2d, Bromide",1.0,Pd(OAc)2,0.0625,CataCXium A,0.125,LiOtBu,2.5,DMF,36.03,6138029.0,,
5707,6-Quinolineboronic acid pinacol ester,"1f, 6-BPin-Q",1.0,0.0004,"2d, Bromide",1.0,Pd(OAc)2,0.0625,SPhos,0.125,LiOtBu,2.5,DMF,0.0,10019385.0,,
5708,6-Quinolineboronic acid pinacol ester,"1f, 6-BPin-Q",1.0,0.0004,"2d, Bromide",1.0,Pd(OAc)2,0.0625,dtbpf,0.125,LiOtBu,2.5,DMF,29.98,7879798.0,,
5709,6-Quinolineboronic acid pinacol ester,"1f, 6-BPin-Q",1.0,0.0004,"2d, Bromide",1.0,Pd(OAc)2,0.0625,XPhos,0.125,LiOtBu,2.5,DMF,39.58,10199265.0,,
5710,6-Quinolineboronic acid pinacol ester,"1f, 6-BPin-Q",1.0,0.0004,"2d, Bromide",1.0,Pd(OAc)2,0.0625,dppf,0.125,LiOtBu,2.5,DMF,0.0,259458.53,,
5711,6-Quinolineboronic acid pinacol ester,"1f, 6-BPin-Q",1.0,0.0004,"2d, Bromide",1.0,Pd(OAc)2,0.0625,Xantphos,0.125,LiOtBu,2.5,DMF,0.0,634400.38,,
5712,6-Quinolineboronic acid pinacol ester,"1f, 6-BPin-Q",1.0,0.0004,"2d, Bromide",1.0,Pd(OAc)2,0.0625,,,LiOtBu,2.5,DMF,9.18,6270664.0,,
5713,6-Quinolineboronic acid pinacol ester,"1f, 6-BPin-Q",1.0,0.0004,"2d, Bromide",1.0,Pd(OAc)2,0.0625,P(tBu)3,0.125,NaHCO3,2.5,DMF,11.36,6514133.5,,
5714,6-Quinolineboronic acid pinacol ester,"1f, 6-BPin-Q",1.0,0.0004,"2d, Bromide",1.0,Pd(OAc)2,0.0625,P(Ph)3 ,0.125,NaHCO3,2.5,DMF,77.29,19668578.0,,
5715,6-Quinolineboronic acid pinacol ester,"1f, 6-BPin-Q",1.0,0.0004,"2d, Bromide",1.0,Pd(OAc)2,0.0625,AmPhos,0.125,NaHCO3,2.5,DMF,44.64,11476683.0,,
5716,6-Quinolineboronic acid pinacol ester,"1f, 6-BPin-Q",1.0,0.0004,"2d, Bromide",1.0,Pd(OAc)2,0.0625,P(Cy)3,0.125,NaHCO3,2.5,DMF,44.53,12596220.0,,
5717,6-Quinolineboronic acid pinacol ester,"1f, 6-BPin-Q",1.0,0.0004,"2d, Bromide",1.0,Pd(OAc)2,0.0625,P(o-Tol)3,0.125,NaHCO3,2.5,DMF,50.26,13134160.0,,
5718,6-Quinolineboronic acid pinacol ester,"1f, 6-BPin-Q",1.0,0.0004,"2d, Bromide",1.0,Pd(OAc)2,0.0625,CataCXium A,0.125,NaHCO3,2.5,DMF,35.65,6370185.0,,
5719,6-Quinolineboronic acid pinacol ester,"1f, 6-BPin-Q",1.0,0.0004,"2d, Bromide",1.0,Pd(OAc)2,0.0625,SPhos,0.125,NaHCO3,2.5,DMF,0.0,13066206.0,,
5720,6-Quinolineboronic acid pinacol ester,"1f, 6-BPin-Q",1.0,0.0004,"2d, Bromide",1.0,Pd(OAc)2,0.0625,dtbpf,0.125,NaHCO3,2.5,DMF,15.8,2985091.0,,
5721,6-Quinolineboronic acid pinacol ester,"1f, 6-BPin-Q",1.0,0.0004,"2d, Bromide",1.0,Pd(OAc)2,0.0625,XPhos,0.125,NaHCO3,2.5,DMF,56.16,13882214.0,,
5722,6-Quinolineboronic acid pinacol ester,"1f, 6-BPin-Q",1.0,0.0004,"2d, Bromide",1.0,Pd(OAc)2,0.0625,dppf,0.125,NaHCO3,2.5,DMF,0.0,620551.06,,
5723,6-Quinolineboronic acid pinacol ester,"1f, 6-BPin-Q",1.0,0.0004,"2d, Bromide",1.0,Pd(OAc)2,0.0625,Xantphos,0.125,NaHCO3,2.5,DMF,0.0,748381.44,,
5724,6-Quinolineboronic acid pinacol ester,"1f, 6-BPin-Q",1.0,0.0004,"2d, Bromide",1.0,Pd(OAc)2,0.0625,,,NaHCO3,2.5,DMF,31.26,10313827.0,,
5725,6-Quinolineboronic acid pinacol ester,"1f, 6-BPin-Q",1.0,0.0004,"2d, Bromide",1.0,Pd(OAc)2,0.0625,P(tBu)3,0.125,Et3N,2.5,DMF,38.15,10611507.0,,
5726,6-Quinolineboronic acid pinacol ester,"1f, 6-BPin-Q",1.0,0.0004,"2d, Bromide",1.0,Pd(OAc)2,0.0625,P(Ph)3 ,0.125,Et3N,2.5,DMF,51.86,14108559.0,,
5727,6-Quinolineboronic acid pinacol ester,"1f, 6-BPin-Q",1.0,0.0004,"2d, Bromide",1.0,Pd(OAc)2,0.0625,AmPhos,0.125,Et3N,2.5,DMF,48.4,12947690.0,,
5728,6-Quinolineboronic acid pinacol ester,"1f, 6-BPin-Q",1.0,0.0004,"2d, Bromide",1.0,Pd(OAc)2,0.0625,P(Cy)3,0.125,Et3N,2.5,DMF,46.73,13873999.0,,
5729,6-Quinolineboronic acid pinacol ester,"1f, 6-BPin-Q",1.0,0.0004,"2d, Bromide",1.0,Pd(OAc)2,0.0625,P(o-Tol)3,0.125,Et3N,2.5,DMF,49.52,12481361.0,,
5730,6-Quinolineboronic acid pinacol ester,"1f, 6-BPin-Q",1.0,0.0004,"2d, Bromide",1.0,Pd(OAc)2,0.0625,CataCXium A,0.125,Et3N,2.5,DMF,53.74,10570492.0,,
5731,6-Quinolineboronic acid pinacol ester,"1f, 6-BPin-Q",1.0,0.0004,"2d, Bromide",1.0,Pd(OAc)2,0.0625,SPhos,0.125,Et3N,2.5,DMF,38.04,9719667.0,,
5732,6-Quinolineboronic acid pinacol ester,"1f, 6-BPin-Q",1.0,0.0004,"2d, Bromide",1.0,Pd(OAc)2,0.0625,dtbpf,0.125,Et3N,2.5,DMF,25.79,7623856.0,,
5733,6-Quinolineboronic acid pinacol ester,"1f, 6-BPin-Q",1.0,0.0004,"2d, Bromide",1.0,Pd(OAc)2,0.0625,XPhos,0.125,Et3N,2.5,DMF,44.82,11640761.0,,
5734,6-Quinolineboronic acid pinacol ester,"1f, 6-BPin-Q",1.0,0.0004,"2d, Bromide",1.0,Pd(OAc)2,0.0625,dppf,0.125,Et3N,2.5,DMF,13.26,4573920.0,,
5735,6-Quinolineboronic acid pinacol ester,"1f, 6-BPin-Q",1.0,0.0004,"2d, Bromide",1.0,Pd(OAc)2,0.0625,Xantphos,0.125,Et3N,2.5,DMF,0.0,662736.56,,
5736,6-Quinolineboronic acid pinacol ester,"1f, 6-BPin-Q",1.0,0.0004,"2d, Bromide",1.0,Pd(OAc)2,0.0625,,,Et3N,2.5,DMF,11.64,7516696.5,,
5737,6-Quinolineboronic acid pinacol ester,"1f, 6-BPin-Q",1.0,0.0004,"2d, Bromide",1.0,Pd(OAc)2,0.0625,P(tBu)3,0.125,CsF,2.5,DMF,0.0,4850247.5,,
5738,6-Quinolineboronic acid pinacol ester,"1f, 6-BPin-Q",1.0,0.0004,"2d, Bromide",1.0,Pd(OAc)2,0.0625,P(Ph)3 ,0.125,CsF,2.5,DMF,59.89,15694732.0,,
5739,6-Quinolineboronic acid pinacol ester,"1f, 6-BPin-Q",1.0,0.0004,"2d, Bromide",1.0,Pd(OAc)2,0.0625,AmPhos,0.125,CsF,2.5,DMF,0.0,5958540.5,,
5740,6-Quinolineboronic acid pinacol ester,"1f, 6-BPin-Q",1.0,0.0004,"2d, Bromide",1.0,Pd(OAc)2,0.0625,P(Cy)3,0.125,CsF,2.5,DMF,29.49,8814969.0,,
5741,6-Quinolineboronic acid pinacol ester,"1f, 6-BPin-Q",1.0,0.0004,"2d, Bromide",1.0,Pd(OAc)2,0.0625,P(o-Tol)3,0.125,CsF,2.5,DMF,45.67,12557904.0,,
5742,6-Quinolineboronic acid pinacol ester,"1f, 6-BPin-Q",1.0,0.0004,"2d, Bromide",1.0,Pd(OAc)2,0.0625,CataCXium A,0.125,CsF,2.5,DMF,31.55,5495822.0,,
5743,6-Quinolineboronic acid pinacol ester,"1f, 6-BPin-Q",1.0,0.0004,"2d, Bromide",1.0,Pd(OAc)2,0.0625,SPhos,0.125,CsF,2.5,DMF,35.63,9248879.0,,
5744,6-Quinolineboronic acid pinacol ester,"1f, 6-BPin-Q",1.0,0.0004,"2d, Bromide",1.0,Pd(OAc)2,0.0625,dtbpf,0.125,CsF,2.5,DMF,5.36,3256977.25,,
5745,6-Quinolineboronic acid pinacol ester,"1f, 6-BPin-Q",1.0,0.0004,"2d, Bromide",1.0,Pd(OAc)2,0.0625,XPhos,0.125,CsF,2.5,DMF,48.47,12646416.0,,
5746,6-Quinolineboronic acid pinacol ester,"1f, 6-BPin-Q",1.0,0.0004,"2d, Bromide",1.0,Pd(OAc)2,0.0625,dppf,0.125,CsF,2.5,DMF,54.32,10086792.0,,
5747,6-Quinolineboronic acid pinacol ester,"1f, 6-BPin-Q",1.0,0.0004,"2d, Bromide",1.0,Pd(OAc)2,0.0625,Xantphos,0.125,CsF,2.5,DMF,0.0,830610.88,,
5748,6-Quinolineboronic acid pinacol ester,"1f, 6-BPin-Q",1.0,0.0004,"2d, Bromide",1.0,Pd(OAc)2,0.0625,,,CsF,2.5,DMF,29.84,9624825.0,,
5749,6-Quinolineboronic acid pinacol ester,"1f, 6-BPin-Q",1.0,0.0004,"2d, Bromide",1.0,Pd(OAc)2,0.0625,P(tBu)3,0.125,K3PO4,2.5,DMF,0.0,9414610.0,,
5750,6-Quinolineboronic acid pinacol ester,"1f, 6-BPin-Q",1.0,0.0004,"2d, Bromide",1.0,Pd(OAc)2,0.0625,P(Ph)3 ,0.125,K3PO4,2.5,DMF,77.47,20941444.0,,
5751,6-Quinolineboronic acid pinacol ester,"1f, 6-BPin-Q",1.0,0.0004,"2d, Bromide",1.0,Pd(OAc)2,0.0625,AmPhos,0.125,K3PO4,2.5,DMF,55.98,14908254.0,,
5752,6-Quinolineboronic acid pinacol ester,"1f, 6-BPin-Q",1.0,0.0004,"2d, Bromide",1.0,Pd(OAc)2,0.0625,P(Cy)3,0.125,K3PO4,2.5,DMF,51.74,14598558.0,,
5753,6-Quinolineboronic acid pinacol ester,"1f, 6-BPin-Q",1.0,0.0004,"2d, Bromide",1.0,Pd(OAc)2,0.0625,P(o-Tol)3,0.125,K3PO4,2.5,DMF,63.38,16427579.0,,
5754,6-Quinolineboronic acid pinacol ester,"1f, 6-BPin-Q",1.0,0.0004,"2d, Bromide",1.0,Pd(OAc)2,0.0625,CataCXium A,0.125,K3PO4,2.5,DMF,56.84,10933180.0,,
5755,6-Quinolineboronic acid pinacol ester,"1f, 6-BPin-Q",1.0,0.0004,"2d, Bromide",1.0,Pd(OAc)2,0.0625,SPhos,0.125,K3PO4,2.5,DMF,69.71,17515112.0,,
5756,6-Quinolineboronic acid pinacol ester,"1f, 6-BPin-Q",1.0,0.0004,"2d, Bromide",1.0,Pd(OAc)2,0.0625,dtbpf,0.125,K3PO4,2.5,DMF,47.21,11649235.0,,
5757,6-Quinolineboronic acid pinacol ester,"1f, 6-BPin-Q",1.0,0.0004,"2d, Bromide",1.0,Pd(OAc)2,0.0625,XPhos,0.125,K3PO4,2.5,DMF,0.0,14735630.0,,
5758,6-Quinolineboronic acid pinacol ester,"1f, 6-BPin-Q",1.0,0.0004,"2d, Bromide",1.0,Pd(OAc)2,0.0625,dppf,0.125,K3PO4,2.5,DMF,31.44,4665383.0,,
5759,6-Quinolineboronic acid pinacol ester,"1f, 6-BPin-Q",1.0,0.0004,"2d, Bromide",1.0,Pd(OAc)2,0.0625,Xantphos,0.125,K3PO4,2.5,DMF,0.0,1335187.38,,
5760,6-Quinolineboronic acid pinacol ester,"1f, 6-BPin-Q",1.0,0.0004,"2d, Bromide",1.0,Pd(OAc)2,0.0625,,,K3PO4,2.5,DMF,54.2,16030396.0,,
